Generation,Hunting Strategy,Speed,Stealth,Stamina,Sense,Hunting Outcome,Prey Type
0.0,ambush,29.0,59.0,41.0,92.0,1.0,Bird
0.0,ambush,61.0,23.0,8.0,49.0,0.0,Bird
0.0,ambush,68.0,63.0,32.0,65.0,1.0,Bird
0.0,ambush,95.0,8.0,34.0,53.0,0.0,Bird
0.0,ambush,58.0,89.0,92.0,57.0,1.0,Bird
0.0,ambush,5.0,92.0,22.0,31.0,0.0,Bird
0.0,ambush,62.0,69.0,43.0,80.0,1.0,Bird
0.0,ambush,73.0,52.0,43.0,4.0,0.0,Bird
0.0,ambush,58.0,39.0,52.0,15.0,0.0,Bird
0.0,ambush,84.0,87.0,5.0,100.0,0.0,Bird
0.0,ambush,15.0,89.0,19.0,34.0,1.0,Bird
0.0,ambush,94.0,67.0,70.0,56.0,0.0,Bird
0.0,ambush,78.0,56.0,72.0,54.0,1.0,Bird
0.0,ambush,98.0,70.0,83.0,50.0,1.0,Bird
0.0,ambush,46.0,5.0,92.0,71.0,1.0,Bird
0.0,ambush,21.0,83.0,9.0,1.0,0.0,Bird
0.0,ambush,66.0,76.0,60.0,55.0,1.0,Bird
0.0,ambush,100.0,6.0,38.0,83.0,1.0,Bird
0.0,ambush,72.0,96.0,14.0,37.0,0.0,Bird
0.0,ambush,100.0,65.0,21.0,41.0,0.0,Bird
0.0,ambush,76.0,13.0,53.0,71.0,0.0,Bird
0.0,ambush,49.0,42.0,88.0,15.0,1.0,Bird
0.0,ambush,44.0,83.0,35.0,20.0,0.0,Bird
0.0,ambush,85.0,71.0,79.0,53.0,0.0,Bird
0.0,ambush,100.0,49.0,86.0,54.0,1.0,Bird
0.0,ambush,96.0,45.0,14.0,3.0,0.0,Bird
0.0,ambush,49.0,9.0,82.0,8.0,0.0,Bird
0.0,ambush,86.0,45.0,3.0,44.0,0.0,Bird
0.0,ambush,16.0,31.0,70.0,62.0,0.0,Bird
0.0,ambush,49.0,95.0,37.0,14.0,0.0,Bird
0.0,ambush,55.0,95.0,69.0,8.0,0.0,Bird
0.0,ambush,13.0,70.0,19.0,47.0,0.0,Bird
0.0,ambush,43.0,33.0,90.0,24.0,0.0,Bird
0.0,ambush,92.0,91.0,85.0,37.0,0.0,Bird
0.0,ambush,77.0,48.0,78.0,1.0,0.0,Bird
0.0,ambush,34.0,3.0,71.0,31.0,0.0,Bird
0.0,ambush,77.0,69.0,62.0,32.0,1.0,Bird
0.0,ambush,22.0,31.0,49.0,80.0,0.0,Bird
0.0,ambush,36.0,69.0,94.0,76.0,1.0,Bird
0.0,ambush,37.0,77.0,25.0,96.0,1.0,Bird
0.0,ambush,63.0,95.0,14.0,55.0,1.0,Bird
0.0,ambush,71.0,93.0,9.0,3.0,0.0,Bird
0.0,ambush,71.0,21.0,97.0,37.0,1.0,Bird
0.0,ambush,54.0,65.0,21.0,54.0,0.0,Bird
0.0,ambush,28.0,12.0,39.0,50.0,0.0,Bird
0.0,ambush,58.0,75.0,67.0,95.0,1.0,Bird
0.0,ambush,21.0,26.0,26.0,91.0,0.0,Bird
0.0,ambush,11.0,88.0,81.0,31.0,0.0,Bird
0.0,ambush,16.0,18.0,78.0,74.0,0.0,Bird
0.0,ambush,31.0,82.0,60.0,39.0,1.0,Bird
0.0,ambush,21.0,16.0,63.0,66.0,0.0,Bird
0.0,ambush,18.0,8.0,31.0,13.0,1.0,Bird
0.0,ambush,22.0,22.0,62.0,25.0,0.0,Bird
0.0,ambush,94.0,94.0,4.0,71.0,0.0,Bird
0.0,ambush,59.0,68.0,10.0,61.0,1.0,Bird
0.0,ambush,80.0,7.0,4.0,24.0,0.0,Bird
0.0,ambush,64.0,70.0,31.0,30.0,1.0,Bird
0.0,ambush,64.0,55.0,57.0,86.0,1.0,Bird
0.0,ambush,45.0,69.0,75.0,38.0,1.0,Bird
0.0,ambush,85.0,24.0,38.0,98.0,0.0,Bird
0.0,ambush,38.0,56.0,91.0,62.0,1.0,Bird
0.0,ambush,4.0,85.0,65.0,24.0,0.0,Bird
0.0,ambush,45.0,4.0,52.0,74.0,0.0,Bird
0.0,ambush,72.0,24.0,15.0,98.0,0.0,Bird
0.0,ambush,12.0,44.0,52.0,83.0,0.0,Bird
0.0,ambush,68.0,47.0,7.0,66.0,0.0,Bird
0.0,ambush,90.0,27.0,63.0,11.0,0.0,Bird
0.0,ambush,48.0,18.0,82.0,33.0,0.0,Bird
0.0,ambush,53.0,77.0,69.0,33.0,1.0,Bird
0.0,ambush,24.0,41.0,43.0,6.0,0.0,Bird
0.0,ambush,48.0,53.0,29.0,4.0,0.0,Bird
0.0,ambush,40.0,92.0,11.0,90.0,0.0,Bird
0.0,ambush,44.0,39.0,29.0,78.0,0.0,Bird
0.0,ambush,5.0,10.0,72.0,4.0,0.0,Bird
0.0,ambush,90.0,84.0,1.0,49.0,1.0,Bird
0.0,ambush,11.0,72.0,37.0,64.0,0.0,Bird
0.0,ambush,27.0,42.0,94.0,2.0,0.0,Bird
0.0,ambush,4.0,80.0,78.0,53.0,0.0,Bird
0.0,ambush,83.0,7.0,61.0,67.0,1.0,Bird
0.0,ambush,21.0,62.0,67.0,47.0,1.0,Bird
0.0,ambush,60.0,45.0,6.0,93.0,1.0,Bird
0.0,ambush,8.0,45.0,64.0,79.0,0.0,Bird
0.0,ambush,77.0,82.0,95.0,88.0,1.0,Bird
0.0,ambush,54.0,46.0,90.0,89.0,1.0,Bird
0.0,ambush,12.0,79.0,50.0,62.0,0.0,Bird
0.0,ambush,32.0,52.0,60.0,56.0,0.0,Bird
0.0,ambush,41.0,97.0,79.0,5.0,0.0,Bird
0.0,ambush,19.0,93.0,76.0,61.0,0.0,Bird
0.0,ambush,89.0,91.0,42.0,21.0,1.0,Bird
0.0,ambush,60.0,23.0,36.0,28.0,1.0,Bird
0.0,ambush,67.0,59.0,75.0,42.0,1.0,Bird
0.0,ambush,11.0,3.0,41.0,43.0,0.0,Bird
0.0,ambush,53.0,64.0,60.0,3.0,0.0,Bird
0.0,ambush,42.0,82.0,69.0,82.0,0.0,Bird
0.0,ambush,33.0,68.0,76.0,62.0,1.0,Bird
0.0,ambush,71.0,27.0,5.0,77.0,0.0,Bird
0.0,ambush,75.0,95.0,32.0,71.0,1.0,Bird
0.0,ambush,45.0,26.0,61.0,82.0,1.0,Bird
0.0,ambush,47.0,9.0,24.0,20.0,0.0,Bird
0.0,ambush,94.0,10.0,72.0,72.0,1.0,Bird
0.0,ambush,63.0,88.0,67.0,25.0,0.0,Bird
0.0,ambush,100.0,91.0,39.0,88.0,0.0,Bird
0.0,ambush,9.0,94.0,21.0,10.0,0.0,Bird
0.0,ambush,60.0,53.0,58.0,39.0,1.0,Bird
0.0,ambush,41.0,36.0,41.0,48.0,0.0,Bird
0.0,ambush,68.0,52.0,99.0,2.0,0.0,Bird
0.0,ambush,42.0,78.0,20.0,100.0,1.0,Bird
0.0,ambush,75.0,69.0,43.0,97.0,1.0,Bird
0.0,ambush,66.0,92.0,34.0,66.0,0.0,Bird
0.0,ambush,36.0,8.0,100.0,70.0,0.0,Bird
0.0,ambush,85.0,34.0,28.0,59.0,0.0,Bird
0.0,ambush,42.0,28.0,59.0,46.0,0.0,Bird
0.0,ambush,60.0,50.0,2.0,24.0,0.0,Bird
0.0,ambush,23.0,39.0,40.0,85.0,0.0,Bird
0.0,ambush,59.0,32.0,19.0,86.0,0.0,Bird
0.0,ambush,72.0,27.0,19.0,23.0,0.0,Bird
0.0,ambush,20.0,40.0,8.0,84.0,0.0,Bird
0.0,ambush,51.0,12.0,6.0,27.0,0.0,Bird
0.0,ambush,51.0,62.0,37.0,50.0,1.0,Bird
0.0,ambush,6.0,7.0,41.0,92.0,0.0,Bird
0.0,ambush,29.0,6.0,52.0,2.0,0.0,Bird
0.0,ambush,49.0,91.0,19.0,58.0,1.0,Bird
0.0,ambush,48.0,95.0,87.0,32.0,1.0,Bird
0.0,ambush,62.0,96.0,17.0,42.0,0.0,Bird
0.0,ambush,68.0,50.0,28.0,37.0,0.0,Bird
0.0,ambush,64.0,84.0,19.0,70.0,1.0,Bird
0.0,ambush,77.0,25.0,88.0,17.0,0.0,Bird
0.0,ambush,26.0,100.0,45.0,44.0,0.0,Bird
0.0,ambush,23.0,29.0,16.0,24.0,0.0,Bird
0.0,ambush,54.0,22.0,69.0,32.0,1.0,Bird
0.0,ambush,29.0,39.0,9.0,52.0,0.0,Bird
0.0,ambush,38.0,30.0,65.0,12.0,0.0,Bird
0.0,ambush,22.0,18.0,90.0,26.0,0.0,Bird
0.0,ambush,12.0,82.0,42.0,80.0,1.0,Bird
0.0,ambush,53.0,68.0,24.0,64.0,0.0,Bird
0.0,ambush,46.0,48.0,85.0,54.0,1.0,Bird
0.0,ambush,86.0,75.0,16.0,60.0,0.0,Bird
0.0,ambush,87.0,10.0,67.0,73.0,1.0,Bird
0.0,ambush,89.0,85.0,52.0,25.0,1.0,Bird
0.0,ambush,38.0,52.0,56.0,60.0,0.0,Bird
0.0,ambush,53.0,54.0,91.0,9.0,0.0,Bird
0.0,ambush,71.0,32.0,19.0,74.0,1.0,Bird
0.0,ambush,39.0,81.0,56.0,30.0,0.0,Bird
0.0,ambush,100.0,83.0,5.0,57.0,0.0,Bird
0.0,ambush,92.0,89.0,69.0,31.0,0.0,Bird
0.0,ambush,81.0,57.0,14.0,93.0,1.0,Bird
0.0,ambush,72.0,73.0,2.0,15.0,1.0,Bird
0.0,ambush,52.0,10.0,50.0,83.0,0.0,Bird
0.0,ambush,3.0,32.0,80.0,10.0,0.0,Bird
0.0,ambush,36.0,36.0,70.0,58.0,0.0,Bird
0.0,ambush,75.0,28.0,63.0,98.0,0.0,Bird
0.0,ambush,28.0,15.0,70.0,95.0,0.0,Bird
0.0,ambush,26.0,15.0,60.0,100.0,0.0,Bird
0.0,ambush,77.0,36.0,27.0,29.0,1.0,Bird
0.0,ambush,41.0,61.0,56.0,49.0,0.0,Bird
0.0,ambush,96.0,84.0,56.0,12.0,0.0,Bird
0.0,ambush,1.0,24.0,23.0,10.0,0.0,Bird
0.0,ambush,81.0,20.0,34.0,21.0,0.0,Bird
0.0,ambush,65.0,35.0,84.0,69.0,1.0,Bird
0.0,ambush,4.0,6.0,83.0,3.0,0.0,Bird
0.0,ambush,98.0,12.0,30.0,76.0,0.0,Bird
0.0,ambush,17.0,88.0,69.0,60.0,0.0,Bird
0.0,ambush,11.0,54.0,48.0,73.0,0.0,Bird
0.0,ambush,56.0,93.0,68.0,78.0,1.0,Bird
0.0,ambush,79.0,77.0,14.0,9.0,0.0,Bird
0.0,ambush,56.0,72.0,61.0,99.0,0.0,Bird
0.0,ambush,44.0,19.0,67.0,11.0,0.0,Bird
0.0,ambush,55.0,16.0,30.0,12.0,0.0,Bird
0.0,ambush,15.0,33.0,34.0,22.0,0.0,Bird
0.0,ambush,63.0,99.0,62.0,94.0,1.0,Bird
0.0,ambush,80.0,73.0,7.0,9.0,0.0,Bird
0.0,ambush,63.0,3.0,43.0,42.0,0.0,Bird
0.0,ambush,50.0,35.0,40.0,86.0,1.0,Bird
0.0,ambush,28.0,78.0,4.0,44.0,1.0,Bird
0.0,ambush,93.0,79.0,13.0,17.0,0.0,Bird
0.0,ambush,61.0,90.0,10.0,35.0,0.0,Bird
0.0,ambush,61.0,77.0,96.0,56.0,1.0,Bird
0.0,ambush,53.0,79.0,19.0,33.0,0.0,Bird
0.0,ambush,24.0,52.0,43.0,81.0,1.0,Bird
0.0,ambush,13.0,21.0,71.0,40.0,0.0,Bird
0.0,ambush,50.0,98.0,92.0,91.0,0.0,Bird
0.0,ambush,37.0,71.0,14.0,48.0,0.0,Bird
0.0,ambush,30.0,28.0,58.0,36.0,1.0,Bird
0.0,ambush,50.0,19.0,75.0,36.0,1.0,Bird
0.0,ambush,77.0,96.0,31.0,47.0,0.0,Bird
0.0,ambush,93.0,1.0,45.0,94.0,0.0,Bird
0.0,ambush,12.0,54.0,50.0,99.0,1.0,Bird
0.0,ambush,6.0,54.0,44.0,9.0,0.0,Bird
0.0,ambush,22.0,66.0,94.0,91.0,0.0,Bird
0.0,ambush,2.0,50.0,31.0,79.0,0.0,Bird
0.0,ambush,14.0,84.0,9.0,82.0,0.0,Bird
0.0,ambush,21.0,43.0,72.0,16.0,0.0,Bird
0.0,ambush,51.0,93.0,32.0,35.0,1.0,Bird
0.0,ambush,81.0,41.0,44.0,81.0,0.0,Bird
0.0,ambush,33.0,19.0,99.0,7.0,0.0,Bird
0.0,ambush,60.0,53.0,98.0,6.0,1.0,Bird
0.0,ambush,98.0,100.0,7.0,50.0,0.0,Bird
0.0,ambush,18.0,12.0,17.0,89.0,0.0,Bird
0.0,ambush,77.0,8.0,41.0,23.0,0.0,Bird
0.0,ambush,8.0,86.0,15.0,50.0,0.0,Bird
0.0,ambush,92.0,87.0,11.0,4.0,0.0,Bird
0.0,ambush,67.0,53.0,96.0,73.0,0.0,Bird
0.0,ambush,60.0,95.0,65.0,13.0,0.0,Bird
0.0,ambush,36.0,88.0,65.0,98.0,0.0,Bird
0.0,ambush,89.0,28.0,1.0,9.0,0.0,Bird
0.0,ambush,48.0,22.0,18.0,95.0,0.0,Bird
0.0,ambush,53.0,7.0,92.0,67.0,1.0,Bird
0.0,ambush,23.0,88.0,35.0,1.0,0.0,Bird
0.0,ambush,18.0,27.0,63.0,63.0,0.0,Bird
0.0,ambush,14.0,3.0,98.0,68.0,0.0,Bird
0.0,ambush,81.0,9.0,84.0,43.0,1.0,Bird
0.0,ambush,50.0,75.0,82.0,53.0,1.0,Bird
0.0,ambush,21.0,1.0,68.0,68.0,1.0,Bird
0.0,ambush,70.0,91.0,59.0,11.0,0.0,Bird
0.0,ambush,99.0,22.0,4.0,3.0,0.0,Bird
0.0,ambush,26.0,5.0,8.0,34.0,1.0,Bird
0.0,ambush,63.0,83.0,97.0,66.0,0.0,Bird
0.0,ambush,36.0,80.0,27.0,28.0,0.0,Bird
0.0,ambush,100.0,96.0,53.0,57.0,1.0,Bird
0.0,ambush,78.0,87.0,1.0,61.0,1.0,Bird
0.0,ambush,71.0,73.0,46.0,15.0,0.0,Bird
0.0,ambush,91.0,74.0,2.0,34.0,1.0,Bird
0.0,ambush,24.0,68.0,85.0,32.0,1.0,Bird
0.0,ambush,26.0,50.0,85.0,34.0,0.0,Bird
0.0,ambush,89.0,57.0,54.0,11.0,0.0,Bird
0.0,ambush,36.0,93.0,59.0,46.0,0.0,Bird
0.0,ambush,18.0,47.0,88.0,60.0,0.0,Bird
0.0,ambush,1.0,26.0,30.0,59.0,0.0,Bird
0.0,ambush,86.0,81.0,39.0,62.0,1.0,Bird
0.0,ambush,71.0,86.0,34.0,76.0,0.0,Bird
0.0,ambush,93.0,83.0,75.0,96.0,0.0,Bird
0.0,ambush,31.0,2.0,49.0,65.0,0.0,Bird
0.0,ambush,78.0,15.0,43.0,68.0,0.0,Bird
0.0,ambush,12.0,39.0,95.0,94.0,0.0,Bird
0.0,ambush,59.0,40.0,62.0,30.0,1.0,Bird
0.0,ambush,27.0,86.0,91.0,38.0,0.0,Bird
0.0,ambush,70.0,35.0,21.0,15.0,1.0,Bird
0.0,ambush,36.0,35.0,77.0,69.0,0.0,Bird
0.0,ambush,17.0,58.0,56.0,36.0,0.0,Bird
0.0,ambush,53.0,44.0,80.0,44.0,1.0,Bird
0.0,ambush,49.0,98.0,18.0,22.0,0.0,Bird
0.0,ambush,80.0,45.0,20.0,11.0,0.0,Bird
0.0,ambush,71.0,38.0,8.0,92.0,0.0,Bird
0.0,ambush,79.0,72.0,2.0,58.0,0.0,Bird
0.0,ambush,30.0,26.0,21.0,48.0,0.0,Bird
0.0,ambush,39.0,26.0,80.0,50.0,0.0,Bird
0.0,ambush,5.0,30.0,16.0,61.0,0.0,Bird
0.0,ambush,26.0,28.0,60.0,18.0,0.0,Bird
0.0,ambush,35.0,74.0,24.0,57.0,1.0,Bird
0.0,ambush,1.0,31.0,15.0,22.0,0.0,Bird
0.0,ambush,10.0,25.0,7.0,28.0,1.0,Bird
0.0,ambush,90.0,36.0,13.0,65.0,0.0,Bird
0.0,ambush,35.0,89.0,25.0,59.0,1.0,Bird
0.0,ambush,3.0,22.0,11.0,55.0,0.0,Bird
0.0,ambush,40.0,96.0,56.0,91.0,0.0,Bird
0.0,ambush,18.0,18.0,21.0,43.0,0.0,Bird
0.0,ambush,32.0,48.0,2.0,72.0,0.0,Bird
0.0,ambush,89.0,70.0,67.0,34.0,1.0,Bird
0.0,ambush,45.0,82.0,73.0,52.0,1.0,Bird
0.0,ambush,35.0,9.0,81.0,50.0,0.0,Bird
0.0,ambush,100.0,26.0,52.0,85.0,0.0,Bird
0.0,ambush,1.0,74.0,97.0,52.0,0.0,Bird
0.0,ambush,61.0,58.0,33.0,63.0,0.0,Bird
0.0,ambush,16.0,49.0,7.0,83.0,0.0,Bird
0.0,ambush,30.0,37.0,53.0,40.0,0.0,Bird
0.0,ambush,93.0,76.0,57.0,90.0,0.0,Bird
0.0,ambush,10.0,46.0,14.0,55.0,1.0,Bird
0.0,ambush,19.0,23.0,55.0,39.0,1.0,Bird
0.0,ambush,43.0,27.0,66.0,50.0,0.0,Bird
0.0,ambush,26.0,84.0,17.0,96.0,0.0,Bird
0.0,ambush,98.0,72.0,58.0,14.0,1.0,Bird
0.0,ambush,40.0,25.0,1.0,67.0,0.0,Bird
0.0,ambush,44.0,43.0,34.0,96.0,0.0,Bird
0.0,ambush,41.0,86.0,92.0,94.0,1.0,Bird
0.0,ambush,37.0,70.0,25.0,81.0,1.0,Bird
0.0,ambush,94.0,35.0,52.0,88.0,1.0,Bird
0.0,ambush,68.0,10.0,94.0,78.0,0.0,Bird
0.0,ambush,5.0,45.0,60.0,33.0,1.0,Bird
0.0,ambush,16.0,10.0,88.0,94.0,0.0,Bird
0.0,ambush,48.0,46.0,2.0,48.0,1.0,Bird
0.0,ambush,9.0,91.0,99.0,93.0,1.0,Bird
0.0,ambush,98.0,64.0,46.0,61.0,1.0,Bird
0.0,ambush,76.0,55.0,59.0,54.0,1.0,Bird
0.0,ambush,34.0,55.0,93.0,93.0,0.0,Bird
0.0,ambush,26.0,92.0,52.0,96.0,1.0,Bird
0.0,ambush,37.0,1.0,50.0,2.0,0.0,Bird
0.0,ambush,63.0,79.0,21.0,100.0,1.0,Bird
0.0,ambush,28.0,67.0,21.0,9.0,0.0,Bird
0.0,ambush,13.0,12.0,3.0,15.0,0.0,Bird
0.0,ambush,35.0,37.0,75.0,47.0,0.0,Bird
0.0,ambush,61.0,68.0,58.0,64.0,1.0,Bird
0.0,ambush,12.0,25.0,80.0,98.0,0.0,Bird
0.0,ambush,93.0,95.0,94.0,89.0,0.0,Bird
0.0,ambush,67.0,39.0,7.0,51.0,0.0,Bird
0.0,ambush,94.0,87.0,72.0,25.0,0.0,Bird
0.0,ambush,54.0,60.0,82.0,75.0,0.0,Bird
0.0,ambush,38.0,1.0,48.0,87.0,0.0,Bird
0.0,ambush,1.0,27.0,65.0,10.0,0.0,Bird
0.0,ambush,86.0,77.0,100.0,30.0,0.0,Bird
0.0,ambush,79.0,16.0,59.0,3.0,0.0,Bird
0.0,ambush,3.0,61.0,11.0,55.0,0.0,Bird
0.0,ambush,64.0,86.0,36.0,48.0,1.0,Bird
0.0,ambush,7.0,98.0,46.0,26.0,0.0,Bird
0.0,ambush,97.0,41.0,41.0,47.0,0.0,Bird
0.0,ambush,24.0,37.0,57.0,37.0,0.0,Bird
0.0,ambush,39.0,71.0,100.0,47.0,0.0,Bird
0.0,ambush,32.0,58.0,84.0,32.0,1.0,Bird
0.0,ambush,55.0,88.0,48.0,37.0,1.0,Bird
0.0,ambush,67.0,31.0,34.0,16.0,0.0,Bird
0.0,ambush,64.0,67.0,19.0,31.0,1.0,Bird
0.0,ambush,78.0,93.0,77.0,4.0,0.0,Bird
0.0,ambush,64.0,41.0,21.0,31.0,0.0,Bird
0.0,ambush,55.0,74.0,43.0,20.0,1.0,Bird
0.0,ambush,76.0,20.0,25.0,88.0,1.0,Bird
0.0,ambush,70.0,8.0,82.0,75.0,0.0,Bird
0.0,ambush,21.0,17.0,46.0,42.0,0.0,Bird
0.0,ambush,30.0,33.0,44.0,93.0,1.0,Bird
0.0,ambush,7.0,50.0,16.0,100.0,1.0,Bird
0.0,ambush,56.0,80.0,86.0,27.0,1.0,Bird
0.0,ambush,97.0,97.0,83.0,52.0,0.0,Bird
0.0,ambush,97.0,50.0,77.0,79.0,1.0,Bird
0.0,ambush,90.0,11.0,50.0,77.0,0.0,Bird
0.0,ambush,74.0,4.0,20.0,47.0,0.0,Bird
0.0,ambush,56.0,46.0,24.0,68.0,0.0,Bird
0.0,ambush,59.0,70.0,92.0,43.0,0.0,Bird
0.0,ambush,20.0,16.0,64.0,23.0,0.0,Bird
0.0,ambush,57.0,73.0,68.0,47.0,1.0,Bird
0.0,ambush,16.0,25.0,53.0,46.0,0.0,Bird
0.0,ambush,61.0,42.0,58.0,88.0,0.0,Bird
0.0,ambush,12.0,58.0,86.0,49.0,0.0,Bird
0.0,ambush,78.0,59.0,7.0,12.0,0.0,Bird
0.0,ambush,57.0,86.0,19.0,92.0,0.0,Bird
0.0,ambush,53.0,2.0,50.0,8.0,0.0,Bird
0.0,ambush,47.0,89.0,69.0,30.0,1.0,Bird
0.0,ambush,37.0,23.0,98.0,100.0,0.0,Bird
0.0,ambush,97.0,89.0,70.0,57.0,1.0,Bird
0.0,ambush,33.0,43.0,16.0,46.0,0.0,Bird
0.0,ambush,94.0,83.0,34.0,71.0,1.0,Bird
0.0,ambush,91.0,31.0,79.0,13.0,0.0,Bird
0.0,ambush,41.0,38.0,13.0,23.0,0.0,Bird
0.0,ambush,90.0,38.0,6.0,32.0,1.0,Bird
0.0,ambush,12.0,52.0,54.0,34.0,1.0,Bird
0.0,ambush,1.0,73.0,86.0,50.0,0.0,Bird
0.0,ambush,42.0,44.0,95.0,25.0,0.0,Bird
0.0,ambush,24.0,89.0,72.0,14.0,0.0,Bird
0.0,ambush,22.0,51.0,84.0,86.0,1.0,Bird
0.0,ambush,24.0,25.0,48.0,39.0,1.0,Bird
0.0,ambush,10.0,13.0,75.0,86.0,0.0,Bird
0.0,ambush,90.0,7.0,50.0,98.0,0.0,Bird
0.0,ambush,94.0,49.0,45.0,21.0,0.0,Bird
0.0,ambush,11.0,64.0,68.0,58.0,1.0,Bird
0.0,ambush,53.0,52.0,51.0,57.0,0.0,Bird
0.0,ambush,87.0,18.0,99.0,62.0,0.0,Bird
0.0,ambush,12.0,51.0,18.0,5.0,0.0,Bird
0.0,ambush,77.0,72.0,79.0,53.0,1.0,Bird
0.0,ambush,65.0,17.0,53.0,67.0,0.0,Bird
0.0,ambush,78.0,12.0,36.0,53.0,0.0,Bird
0.0,ambush,90.0,44.0,10.0,63.0,0.0,Bird
0.0,ambush,36.0,55.0,79.0,13.0,0.0,Bird
0.0,ambush,86.0,7.0,50.0,49.0,0.0,Bird
0.0,ambush,100.0,16.0,70.0,26.0,0.0,Bird
0.0,ambush,56.0,64.0,2.0,13.0,0.0,Bird
0.0,ambush,72.0,49.0,77.0,19.0,0.0,Bird
0.0,ambush,43.0,88.0,52.0,43.0,0.0,Bird
0.0,ambush,84.0,100.0,98.0,64.0,1.0,Bird
0.0,ambush,23.0,52.0,68.0,79.0,0.0,Bird
0.0,ambush,15.0,73.0,97.0,73.0,0.0,Bird
0.0,ambush,89.0,99.0,43.0,39.0,0.0,Bird
0.0,ambush,92.0,77.0,52.0,90.0,0.0,Bird
0.0,ambush,56.0,71.0,44.0,22.0,1.0,Bird
0.0,ambush,41.0,85.0,3.0,55.0,0.0,Bird
0.0,ambush,1.0,98.0,63.0,40.0,0.0,Bird
0.0,ambush,45.0,68.0,71.0,55.0,0.0,Bird
0.0,ambush,63.0,59.0,84.0,32.0,1.0,Bird
0.0,ambush,83.0,89.0,47.0,70.0,0.0,Bird
0.0,ambush,31.0,11.0,2.0,86.0,0.0,Bird
0.0,ambush,25.0,7.0,44.0,63.0,0.0,Bird
0.0,ambush,81.0,8.0,10.0,13.0,0.0,Bird
0.0,ambush,60.0,94.0,2.0,1.0,0.0,Bird
0.0,ambush,58.0,62.0,17.0,56.0,0.0,Bird
0.0,ambush,81.0,45.0,95.0,2.0,0.0,Bird
0.0,ambush,7.0,49.0,18.0,95.0,0.0,Bird
0.0,ambush,83.0,80.0,48.0,29.0,0.0,Bird
0.0,ambush,48.0,67.0,82.0,16.0,1.0,Bird
0.0,ambush,51.0,98.0,49.0,7.0,1.0,Bird
0.0,ambush,77.0,92.0,19.0,31.0,1.0,Bird
0.0,ambush,72.0,16.0,35.0,89.0,0.0,Bird
0.0,ambush,81.0,81.0,53.0,100.0,0.0,Bird
0.0,ambush,6.0,62.0,94.0,51.0,0.0,Bird
0.0,ambush,13.0,15.0,59.0,25.0,0.0,Bird
0.0,ambush,66.0,92.0,54.0,16.0,0.0,Bird
0.0,ambush,77.0,38.0,58.0,62.0,1.0,Bird
0.0,ambush,92.0,82.0,30.0,49.0,1.0,Bird
0.0,ambush,71.0,21.0,23.0,1.0,0.0,Bird
0.0,ambush,57.0,52.0,24.0,2.0,0.0,Bird
0.0,ambush,45.0,96.0,24.0,20.0,0.0,Bird
0.0,ambush,59.0,61.0,79.0,84.0,1.0,Bird
0.0,ambush,65.0,75.0,3.0,79.0,1.0,Bird
0.0,ambush,60.0,73.0,72.0,29.0,0.0,Bird
0.0,ambush,97.0,97.0,50.0,22.0,1.0,Bird
0.0,ambush,20.0,32.0,64.0,39.0,0.0,Bird
0.0,ambush,30.0,55.0,62.0,82.0,0.0,Bird
0.0,ambush,73.0,34.0,22.0,66.0,0.0,Bird
0.0,ambush,14.0,62.0,10.0,65.0,0.0,Bird
0.0,ambush,32.0,33.0,15.0,100.0,0.0,Bird
0.0,ambush,85.0,75.0,20.0,72.0,1.0,Bird
0.0,ambush,48.0,26.0,28.0,29.0,1.0,Bird
0.0,ambush,79.0,76.0,99.0,73.0,1.0,Bird
0.0,ambush,38.0,68.0,44.0,93.0,1.0,Bird
0.0,ambush,79.0,24.0,45.0,91.0,1.0,Bird
0.0,ambush,56.0,31.0,8.0,62.0,1.0,Bird
0.0,ambush,36.0,47.0,64.0,1.0,0.0,Bird
0.0,ambush,29.0,35.0,28.0,98.0,0.0,Bird
0.0,ambush,81.0,88.0,8.0,68.0,0.0,Bird
0.0,ambush,40.0,79.0,66.0,48.0,1.0,Bird
0.0,ambush,5.0,99.0,2.0,8.0,0.0,Bird
0.0,ambush,86.0,92.0,24.0,73.0,0.0,Bird
0.0,ambush,74.0,93.0,31.0,52.0,0.0,Bird
0.0,ambush,73.0,56.0,51.0,71.0,0.0,Bird
0.0,ambush,72.0,27.0,29.0,8.0,0.0,Bird
0.0,ambush,25.0,31.0,83.0,81.0,0.0,Bird
0.0,ambush,64.0,43.0,80.0,38.0,1.0,Bird
0.0,ambush,46.0,64.0,66.0,49.0,1.0,Bird
0.0,ambush,56.0,57.0,60.0,42.0,1.0,Bird
0.0,ambush,35.0,98.0,85.0,84.0,1.0,Bird
0.0,ambush,70.0,49.0,30.0,89.0,0.0,Bird
0.0,ambush,68.0,9.0,4.0,68.0,1.0,Bird
0.0,ambush,77.0,48.0,90.0,52.0,1.0,Bird
0.0,ambush,34.0,88.0,8.0,92.0,1.0,Bird
0.0,ambush,15.0,23.0,36.0,31.0,0.0,Bird
0.0,ambush,100.0,67.0,8.0,64.0,0.0,Bird
0.0,ambush,81.0,1.0,27.0,89.0,1.0,Bird
0.0,ambush,71.0,15.0,31.0,7.0,0.0,Bird
0.0,ambush,84.0,5.0,57.0,5.0,0.0,Bird
0.0,ambush,73.0,29.0,69.0,57.0,0.0,Bird
0.0,ambush,72.0,64.0,70.0,12.0,0.0,Bird
0.0,ambush,98.0,8.0,7.0,36.0,0.0,Bird
0.0,ambush,12.0,10.0,98.0,45.0,0.0,Bird
0.0,ambush,2.0,24.0,43.0,43.0,0.0,Bird
0.0,ambush,9.0,66.0,89.0,18.0,1.0,Bird
0.0,ambush,35.0,40.0,17.0,71.0,0.0,Bird
0.0,ambush,23.0,73.0,18.0,72.0,0.0,Bird
0.0,ambush,78.0,80.0,59.0,10.0,1.0,Bird
0.0,ambush,80.0,5.0,25.0,30.0,0.0,Bird
0.0,ambush,81.0,25.0,27.0,90.0,0.0,Bird
0.0,ambush,11.0,47.0,72.0,94.0,0.0,Bird
0.0,ambush,63.0,82.0,76.0,61.0,1.0,Bird
0.0,ambush,35.0,85.0,29.0,46.0,1.0,Bird
0.0,ambush,67.0,2.0,2.0,5.0,0.0,Bird
0.0,ambush,68.0,41.0,60.0,89.0,1.0,Bird
0.0,ambush,21.0,4.0,11.0,92.0,0.0,Bird
0.0,ambush,18.0,70.0,38.0,28.0,0.0,Bird
0.0,ambush,50.0,24.0,83.0,86.0,0.0,Bird
0.0,ambush,16.0,44.0,79.0,90.0,0.0,Bird
0.0,ambush,95.0,81.0,83.0,35.0,1.0,Bird
0.0,ambush,81.0,71.0,60.0,13.0,0.0,Bird
0.0,ambush,31.0,57.0,25.0,68.0,1.0,Bird
0.0,ambush,95.0,28.0,92.0,33.0,0.0,Bird
0.0,ambush,50.0,95.0,84.0,91.0,0.0,Bird
0.0,ambush,45.0,48.0,22.0,93.0,1.0,Bird
0.0,ambush,52.0,5.0,86.0,23.0,1.0,Bird
0.0,ambush,38.0,21.0,47.0,17.0,0.0,Bird
0.0,ambush,79.0,90.0,28.0,38.0,1.0,Bird
0.0,ambush,57.0,46.0,10.0,13.0,0.0,Bird
0.0,ambush,16.0,19.0,87.0,10.0,0.0,Bird
0.0,ambush,29.0,63.0,54.0,50.0,1.0,Bird
0.0,ambush,49.0,73.0,70.0,67.0,1.0,Bird
0.0,ambush,33.0,20.0,23.0,94.0,0.0,Bird
0.0,ambush,41.0,64.0,28.0,46.0,0.0,Bird
0.0,ambush,37.0,29.0,58.0,86.0,0.0,Bird
0.0,ambush,24.0,55.0,54.0,79.0,0.0,Bird
0.0,ambush,63.0,36.0,3.0,96.0,1.0,Bird
0.0,ambush,15.0,70.0,22.0,19.0,0.0,Bird
0.0,ambush,18.0,90.0,92.0,41.0,0.0,Bird
0.0,ambush,91.0,51.0,93.0,78.0,1.0,Bird
0.0,ambush,22.0,13.0,57.0,19.0,0.0,Bird
0.0,ambush,36.0,57.0,85.0,89.0,0.0,Bird
0.0,ambush,74.0,35.0,6.0,37.0,1.0,Bird
0.0,ambush,68.0,61.0,74.0,40.0,0.0,Bird
0.0,ambush,79.0,96.0,2.0,65.0,1.0,Bird
0.0,ambush,40.0,23.0,90.0,19.0,0.0,Bird
0.0,ambush,4.0,9.0,38.0,95.0,0.0,Bird
0.0,ambush,19.0,78.0,24.0,82.0,0.0,Bird
0.0,ambush,69.0,70.0,75.0,64.0,1.0,Bird
0.0,ambush,15.0,42.0,89.0,95.0,0.0,Bird
0.0,ambush,37.0,62.0,2.0,65.0,0.0,Bird
0.0,ambush,42.0,6.0,59.0,66.0,0.0,Bird
0.0,ambush,32.0,77.0,33.0,12.0,0.0,Bird
0.0,ambush,1.0,71.0,16.0,7.0,0.0,Bird
0.0,ambush,64.0,6.0,44.0,9.0,0.0,Bird
0.0,ambush,5.0,73.0,22.0,97.0,1.0,Bird
0.0,ambush,61.0,67.0,70.0,59.0,0.0,Bird
0.0,ambush,93.0,70.0,27.0,29.0,0.0,Bird
0.0,ambush,67.0,44.0,9.0,15.0,0.0,Bird
0.0,ambush,31.0,12.0,49.0,89.0,0.0,Bird
0.0,ambush,43.0,13.0,95.0,44.0,1.0,Bird
0.0,ambush,8.0,32.0,13.0,100.0,0.0,Bird
0.0,ambush,84.0,45.0,88.0,61.0,1.0,Bird
0.0,ambush,60.0,43.0,9.0,28.0,0.0,Bird
0.0,ambush,35.0,88.0,10.0,84.0,1.0,Bird
0.0,ambush,83.0,32.0,57.0,88.0,1.0,Bird
0.0,ambush,68.0,91.0,17.0,32.0,1.0,Bird
0.0,ambush,47.0,29.0,94.0,2.0,0.0,Bird
0.0,ambush,85.0,5.0,84.0,21.0,0.0,Bird
0.0,ambush,9.0,95.0,9.0,3.0,0.0,Bird
0.0,ambush,46.0,13.0,37.0,32.0,1.0,Bird
0.0,ambush,38.0,72.0,78.0,10.0,0.0,Bird
0.0,ambush,19.0,90.0,41.0,75.0,1.0,Bird
0.0,ambush,7.0,62.0,82.0,57.0,0.0,Bird
0.0,ambush,36.0,68.0,68.0,67.0,0.0,Bird
0.0,ambush,17.0,90.0,45.0,23.0,0.0,Bird
0.0,ambush,85.0,72.0,100.0,48.0,1.0,Bird
0.0,ambush,47.0,77.0,91.0,9.0,0.0,Bird
0.0,ambush,23.0,18.0,25.0,72.0,0.0,Bird
0.0,ambush,13.0,14.0,4.0,44.0,0.0,Bird
0.0,ambush,34.0,67.0,16.0,8.0,0.0,Bird
0.0,ambush,83.0,30.0,40.0,84.0,0.0,Bird
0.0,ambush,14.0,74.0,5.0,70.0,1.0,Bird
0.0,ambush,73.0,74.0,1.0,62.0,1.0,Bird
0.0,ambush,90.0,36.0,46.0,30.0,0.0,Bird
0.0,ambush,18.0,84.0,31.0,26.0,0.0,Bird
0.0,ambush,81.0,25.0,77.0,91.0,0.0,Bird
0.0,ambush,43.0,8.0,51.0,88.0,0.0,Bird
0.0,ambush,51.0,63.0,72.0,35.0,1.0,Bird
0.0,ambush,33.0,59.0,45.0,86.0,1.0,Bird
0.0,ambush,27.0,24.0,8.0,58.0,0.0,Bird
0.0,ambush,3.0,55.0,94.0,3.0,0.0,Bird
0.0,ambush,39.0,95.0,76.0,55.0,1.0,Bird
0.0,ambush,87.0,68.0,100.0,40.0,1.0,Bird
0.0,ambush,27.0,8.0,77.0,43.0,0.0,Bird
0.0,ambush,15.0,73.0,63.0,15.0,0.0,Bird
0.0,ambush,83.0,83.0,32.0,60.0,1.0,Bird
0.0,ambush,75.0,64.0,84.0,11.0,0.0,Bird
0.0,ambush,97.0,66.0,72.0,10.0,0.0,Bird
0.0,ambush,98.0,16.0,90.0,66.0,0.0,Bird
0.0,ambush,68.0,20.0,12.0,12.0,0.0,Bird
0.0,ambush,100.0,63.0,93.0,91.0,1.0,Bird
0.0,ambush,50.0,88.0,75.0,41.0,1.0,Bird
0.0,ambush,86.0,48.0,86.0,10.0,0.0,Bird
0.0,ambush,86.0,40.0,56.0,46.0,0.0,Bird
0.0,ambush,98.0,35.0,81.0,41.0,1.0,Bird
0.0,ambush,58.0,41.0,23.0,67.0,1.0,Bird
0.0,ambush,26.0,42.0,36.0,60.0,0.0,Bird
0.0,ambush,67.0,47.0,53.0,29.0,1.0,Bird
0.0,ambush,99.0,43.0,30.0,68.0,0.0,Bird
0.0,ambush,73.0,33.0,13.0,14.0,0.0,Bird
0.0,ambush,33.0,21.0,3.0,80.0,0.0,Bird
0.0,ambush,55.0,92.0,9.0,66.0,0.0,Bird
0.0,ambush,95.0,29.0,46.0,56.0,0.0,Bird
0.0,ambush,92.0,78.0,64.0,95.0,0.0,Bird
0.0,ambush,7.0,31.0,24.0,86.0,0.0,Bird
0.0,ambush,46.0,72.0,53.0,74.0,1.0,Bird
0.0,ambush,47.0,98.0,68.0,70.0,1.0,Bird
0.0,ambush,37.0,88.0,69.0,15.0,0.0,Bird
0.0,ambush,56.0,52.0,68.0,1.0,0.0,Bird
0.0,ambush,1.0,44.0,79.0,40.0,1.0,Bird
0.0,ambush,65.0,88.0,12.0,37.0,1.0,Bird
0.0,ambush,41.0,80.0,20.0,28.0,0.0,Bird
0.0,ambush,3.0,93.0,60.0,36.0,0.0,Bird
0.0,ambush,81.0,55.0,48.0,22.0,0.0,Bird
0.0,ambush,75.0,93.0,46.0,35.0,1.0,Bird
0.0,ambush,77.0,71.0,2.0,39.0,0.0,Bird
0.0,ambush,43.0,15.0,71.0,70.0,0.0,Bird
0.0,ambush,55.0,59.0,53.0,7.0,0.0,Bird
0.0,ambush,71.0,74.0,87.0,38.0,0.0,Bird
0.0,ambush,1.0,65.0,13.0,40.0,0.0,Bird
0.0,ambush,21.0,17.0,81.0,85.0,1.0,Bird
0.0,ambush,15.0,47.0,11.0,21.0,0.0,Bird
0.0,ambush,33.0,76.0,74.0,45.0,1.0,Bird
0.0,ambush,18.0,64.0,16.0,49.0,1.0,Bird
0.0,ambush,88.0,27.0,82.0,47.0,1.0,Bird
0.0,ambush,97.0,64.0,2.0,9.0,0.0,Bird
0.0,ambush,42.0,37.0,41.0,39.0,1.0,Bird
0.0,ambush,100.0,22.0,22.0,33.0,0.0,Bird
0.0,ambush,28.0,1.0,14.0,99.0,0.0,Bird
0.0,ambush,34.0,14.0,18.0,8.0,0.0,Bird
0.0,ambush,73.0,90.0,49.0,33.0,0.0,Bird
0.0,ambush,66.0,39.0,65.0,59.0,1.0,Bird
0.0,ambush,99.0,44.0,43.0,97.0,0.0,Bird
0.0,ambush,53.0,56.0,85.0,8.0,0.0,Bird
0.0,ambush,2.0,84.0,33.0,17.0,0.0,Bird
0.0,ambush,78.0,53.0,75.0,99.0,0.0,Bird
0.0,ambush,17.0,56.0,36.0,3.0,0.0,Bird
0.0,ambush,90.0,55.0,28.0,36.0,0.0,Bird
0.0,ambush,11.0,93.0,11.0,47.0,0.0,Bird
0.0,ambush,8.0,70.0,2.0,78.0,0.0,Bird
0.0,ambush,9.0,62.0,54.0,62.0,0.0,Bird
0.0,ambush,50.0,65.0,62.0,16.0,1.0,Bird
0.0,ambush,43.0,68.0,26.0,87.0,1.0,Bird
0.0,ambush,96.0,58.0,50.0,54.0,1.0,Bird
0.0,ambush,78.0,15.0,67.0,78.0,0.0,Bird
0.0,ambush,49.0,66.0,6.0,100.0,1.0,Bird
0.0,ambush,61.0,74.0,98.0,46.0,1.0,Bird
0.0,ambush,81.0,45.0,94.0,1.0,0.0,Bird
0.0,ambush,88.0,52.0,87.0,26.0,1.0,Bird
0.0,ambush,54.0,17.0,76.0,41.0,1.0,Bird
0.0,ambush,37.0,89.0,31.0,79.0,0.0,Bird
0.0,ambush,80.0,4.0,95.0,84.0,0.0,Bird
0.0,ambush,32.0,8.0,27.0,28.0,0.0,Bird
0.0,ambush,81.0,46.0,59.0,31.0,0.0,Bird
0.0,ambush,26.0,31.0,80.0,28.0,1.0,Bird
0.0,ambush,62.0,40.0,95.0,77.0,1.0,Bird
0.0,ambush,14.0,92.0,69.0,49.0,0.0,Bird
0.0,ambush,37.0,19.0,46.0,45.0,0.0,Bird
0.0,ambush,58.0,77.0,35.0,65.0,1.0,Bird
0.0,ambush,65.0,73.0,90.0,69.0,1.0,Bird
0.0,ambush,60.0,25.0,95.0,33.0,1.0,Bird
0.0,ambush,27.0,94.0,70.0,32.0,0.0,Bird
0.0,ambush,56.0,40.0,15.0,24.0,0.0,Bird
0.0,ambush,100.0,100.0,42.0,47.0,1.0,Bird
0.0,ambush,15.0,77.0,27.0,21.0,0.0,Bird
0.0,ambush,19.0,62.0,67.0,62.0,0.0,Bird
0.0,ambush,96.0,3.0,1.0,85.0,0.0,Bird
0.0,ambush,22.0,76.0,80.0,21.0,0.0,Bird
0.0,ambush,41.0,47.0,34.0,27.0,1.0,Bird
0.0,ambush,45.0,86.0,5.0,17.0,1.0,Bird
0.0,ambush,98.0,80.0,67.0,29.0,1.0,Bird
0.0,ambush,18.0,51.0,8.0,18.0,0.0,Bird
0.0,ambush,58.0,37.0,77.0,52.0,0.0,Bird
0.0,ambush,16.0,64.0,68.0,47.0,0.0,Bird
0.0,ambush,23.0,73.0,5.0,91.0,0.0,Bird
0.0,ambush,88.0,88.0,37.0,82.0,1.0,Bird
0.0,ambush,100.0,73.0,23.0,9.0,0.0,Bird
0.0,ambush,67.0,74.0,77.0,37.0,0.0,Bird
0.0,ambush,12.0,95.0,31.0,45.0,0.0,Bird
0.0,ambush,20.0,71.0,12.0,66.0,0.0,Bird
0.0,ambush,56.0,95.0,91.0,41.0,1.0,Bird
0.0,ambush,39.0,35.0,4.0,85.0,0.0,Bird
0.0,ambush,13.0,46.0,81.0,34.0,1.0,Bird
0.0,ambush,30.0,88.0,92.0,99.0,1.0,Bird
0.0,ambush,88.0,20.0,92.0,16.0,0.0,Bird
0.0,ambush,24.0,73.0,91.0,81.0,1.0,Bird
0.0,ambush,37.0,67.0,12.0,69.0,1.0,Bird
0.0,ambush,81.0,85.0,61.0,40.0,1.0,Bird
0.0,ambush,62.0,22.0,18.0,100.0,1.0,Bird
0.0,ambush,54.0,62.0,20.0,84.0,1.0,Bird
0.0,ambush,31.0,11.0,51.0,73.0,0.0,Bird
0.0,ambush,22.0,49.0,97.0,57.0,0.0,Bird
0.0,ambush,53.0,11.0,98.0,16.0,0.0,Bird
0.0,ambush,33.0,62.0,29.0,33.0,0.0,Bird
0.0,ambush,88.0,45.0,74.0,92.0,1.0,Bird
0.0,ambush,60.0,65.0,62.0,24.0,1.0,Bird
0.0,ambush,64.0,23.0,29.0,47.0,1.0,Bird
0.0,ambush,7.0,93.0,62.0,77.0,0.0,Bird
0.0,ambush,39.0,72.0,10.0,90.0,1.0,Bird
0.0,ambush,3.0,61.0,93.0,90.0,0.0,Bird
0.0,ambush,43.0,55.0,52.0,59.0,1.0,Bird
0.0,ambush,39.0,14.0,12.0,64.0,0.0,Bird
0.0,ambush,38.0,14.0,91.0,92.0,0.0,Bird
0.0,ambush,57.0,92.0,91.0,75.0,0.0,Bird
0.0,ambush,32.0,35.0,75.0,98.0,0.0,Bird
0.0,ambush,83.0,40.0,92.0,12.0,0.0,Bird
0.0,ambush,36.0,51.0,99.0,76.0,0.0,Bird
0.0,ambush,15.0,53.0,2.0,9.0,0.0,Bird
0.0,ambush,6.0,84.0,26.0,83.0,1.0,Bird
0.0,ambush,85.0,50.0,61.0,30.0,1.0,Bird
0.0,ambush,98.0,17.0,41.0,3.0,0.0,Bird
0.0,ambush,10.0,14.0,22.0,32.0,1.0,Bird
0.0,ambush,87.0,48.0,70.0,49.0,0.0,Bird
0.0,ambush,30.0,49.0,17.0,42.0,0.0,Bird
0.0,ambush,87.0,30.0,78.0,88.0,1.0,Bird
0.0,ambush,57.0,50.0,89.0,85.0,0.0,Bird
0.0,ambush,61.0,66.0,40.0,38.0,1.0,Bird
0.0,ambush,15.0,28.0,10.0,6.0,0.0,Bird
0.0,ambush,23.0,55.0,54.0,49.0,1.0,Bird
0.0,ambush,26.0,71.0,97.0,6.0,0.0,Bird
0.0,ambush,52.0,98.0,39.0,93.0,0.0,Bird
0.0,ambush,77.0,62.0,57.0,68.0,0.0,Bird
0.0,ambush,64.0,56.0,22.0,33.0,0.0,Bird
0.0,ambush,91.0,72.0,85.0,57.0,1.0,Bird
0.0,ambush,38.0,2.0,6.0,5.0,0.0,Bird
0.0,ambush,51.0,55.0,4.0,2.0,0.0,Bird
0.0,ambush,71.0,94.0,19.0,74.0,0.0,Bird
0.0,ambush,1.0,99.0,51.0,66.0,0.0,Bird
0.0,ambush,46.0,12.0,58.0,5.0,0.0,Bird
0.0,ambush,47.0,26.0,66.0,86.0,1.0,Bird
0.0,ambush,32.0,59.0,60.0,62.0,0.0,Bird
0.0,ambush,81.0,51.0,62.0,74.0,1.0,Bird
0.0,ambush,46.0,52.0,37.0,64.0,1.0,Bird
0.0,ambush,25.0,40.0,83.0,94.0,0.0,Bird
0.0,ambush,39.0,13.0,51.0,9.0,0.0,Bird
0.0,ambush,13.0,4.0,89.0,100.0,0.0,Bird
0.0,ambush,33.0,43.0,28.0,85.0,0.0,Bird
0.0,ambush,81.0,21.0,91.0,16.0,0.0,Bird
0.0,ambush,78.0,55.0,56.0,11.0,0.0,Bird
0.0,ambush,66.0,46.0,95.0,10.0,0.0,Bird
0.0,ambush,6.0,82.0,57.0,87.0,0.0,Bird
0.0,ambush,18.0,79.0,25.0,65.0,0.0,Bird
0.0,ambush,36.0,69.0,27.0,12.0,1.0,Bird
0.0,ambush,45.0,95.0,56.0,47.0,1.0,Bird
0.0,ambush,57.0,41.0,87.0,95.0,0.0,Bird
0.0,ambush,35.0,8.0,14.0,85.0,0.0,Bird
0.0,ambush,9.0,21.0,95.0,53.0,0.0,Bird
0.0,ambush,72.0,93.0,20.0,69.0,1.0,Bird
0.0,ambush,97.0,67.0,70.0,27.0,0.0,Bird
0.0,ambush,48.0,88.0,5.0,69.0,0.0,Bird
0.0,ambush,53.0,79.0,79.0,76.0,0.0,Bird
0.0,ambush,66.0,59.0,14.0,76.0,0.0,Bird
0.0,ambush,29.0,83.0,21.0,67.0,0.0,Bird
0.0,ambush,41.0,72.0,1.0,25.0,0.0,Bird
0.0,ambush,36.0,32.0,20.0,97.0,1.0,Bird
0.0,ambush,100.0,93.0,73.0,5.0,0.0,Bird
0.0,ambush,66.0,11.0,37.0,27.0,0.0,Bird
0.0,ambush,17.0,71.0,17.0,94.0,1.0,Bird
0.0,ambush,85.0,9.0,89.0,72.0,0.0,Bird
0.0,ambush,44.0,10.0,66.0,96.0,0.0,Bird
0.0,ambush,96.0,94.0,18.0,49.0,0.0,Bird
0.0,ambush,6.0,53.0,6.0,41.0,0.0,Bird
0.0,ambush,52.0,5.0,5.0,33.0,1.0,Bird
0.0,ambush,21.0,1.0,61.0,70.0,0.0,Bird
0.0,ambush,7.0,85.0,37.0,81.0,1.0,Bird
0.0,ambush,53.0,47.0,80.0,33.0,1.0,Bird
0.0,ambush,64.0,74.0,46.0,89.0,0.0,Bird
0.0,ambush,38.0,21.0,81.0,56.0,0.0,Bird
0.0,ambush,24.0,22.0,39.0,88.0,0.0,Bird
0.0,ambush,81.0,53.0,72.0,82.0,1.0,Bird
0.0,ambush,59.0,50.0,44.0,57.0,0.0,Bird
0.0,ambush,61.0,51.0,37.0,72.0,1.0,Bird
0.0,ambush,41.0,23.0,60.0,17.0,1.0,Bird
0.0,ambush,73.0,9.0,53.0,90.0,0.0,Bird
0.0,ambush,1.0,23.0,31.0,2.0,0.0,Bird
0.0,ambush,23.0,52.0,36.0,69.0,0.0,Bird
0.0,ambush,65.0,45.0,42.0,91.0,0.0,Bird
0.0,ambush,1.0,69.0,92.0,75.0,0.0,Bird
0.0,ambush,40.0,19.0,86.0,86.0,0.0,Bird
0.0,ambush,12.0,12.0,57.0,99.0,0.0,Bird
0.0,ambush,51.0,96.0,11.0,52.0,0.0,Bird
0.0,ambush,30.0,99.0,44.0,37.0,1.0,Bird
0.0,ambush,80.0,63.0,98.0,78.0,1.0,Bird
0.0,ambush,59.0,14.0,61.0,28.0,0.0,Bird
0.0,ambush,28.0,19.0,95.0,18.0,0.0,Bird
0.0,ambush,13.0,92.0,38.0,68.0,1.0,Bird
0.0,ambush,77.0,10.0,65.0,62.0,0.0,Bird
0.0,ambush,83.0,21.0,30.0,72.0,1.0,Bird
0.0,ambush,46.0,94.0,2.0,20.0,1.0,Bird
0.0,ambush,13.0,63.0,56.0,67.0,0.0,Bird
0.0,ambush,11.0,100.0,44.0,24.0,0.0,Bird
0.0,ambush,6.0,79.0,40.0,31.0,1.0,Bird
0.0,ambush,31.0,49.0,72.0,4.0,0.0,Bird
0.0,ambush,91.0,34.0,60.0,32.0,0.0,Bird
0.0,ambush,53.0,48.0,61.0,68.0,0.0,Bird
0.0,ambush,74.0,28.0,12.0,74.0,0.0,Bird
0.0,ambush,20.0,84.0,53.0,15.0,0.0,Bird
0.0,ambush,45.0,16.0,18.0,84.0,1.0,Bird
0.0,ambush,37.0,15.0,2.0,56.0,0.0,Bird
0.0,ambush,92.0,36.0,43.0,80.0,0.0,Bird
0.0,ambush,46.0,23.0,77.0,73.0,0.0,Bird
0.0,ambush,18.0,75.0,4.0,24.0,1.0,Bird
0.0,ambush,38.0,60.0,66.0,64.0,0.0,Bird
0.0,ambush,59.0,92.0,49.0,69.0,0.0,Bird
0.0,ambush,29.0,80.0,10.0,39.0,1.0,Bird
0.0,ambush,2.0,80.0,43.0,71.0,0.0,Bird
0.0,ambush,37.0,29.0,48.0,56.0,0.0,Bird
0.0,ambush,54.0,41.0,78.0,67.0,1.0,Bird
0.0,ambush,94.0,72.0,59.0,26.0,0.0,Bird
0.0,ambush,100.0,10.0,50.0,28.0,0.0,Bird
0.0,ambush,23.0,8.0,19.0,73.0,0.0,Bird
0.0,ambush,93.0,78.0,66.0,59.0,1.0,Bird
0.0,ambush,2.0,50.0,84.0,16.0,0.0,Bird
0.0,ambush,87.0,3.0,76.0,58.0,0.0,Bird
0.0,ambush,75.0,84.0,3.0,91.0,0.0,Bird
0.0,ambush,98.0,93.0,45.0,37.0,0.0,Bird
0.0,ambush,29.0,23.0,90.0,4.0,1.0,Bird
0.0,ambush,12.0,70.0,40.0,65.0,0.0,Bird
0.0,ambush,87.0,36.0,7.0,92.0,0.0,Bird
0.0,ambush,14.0,18.0,36.0,84.0,0.0,Bird
0.0,ambush,81.0,6.0,76.0,95.0,1.0,Bird
0.0,ambush,76.0,23.0,60.0,58.0,1.0,Bird
0.0,ambush,22.0,70.0,86.0,2.0,0.0,Bird
0.0,ambush,99.0,93.0,55.0,83.0,1.0,Bird
0.0,ambush,4.0,45.0,85.0,17.0,0.0,Bird
0.0,ambush,15.0,32.0,27.0,21.0,0.0,Bird
0.0,ambush,71.0,86.0,8.0,8.0,1.0,Bird
0.0,ambush,26.0,53.0,4.0,57.0,0.0,Bird
0.0,ambush,61.0,30.0,39.0,88.0,0.0,Bird
0.0,ambush,94.0,94.0,7.0,81.0,0.0,Bird
0.0,ambush,7.0,51.0,92.0,69.0,0.0,Bird
0.0,ambush,6.0,96.0,58.0,52.0,0.0,Bird
0.0,ambush,89.0,11.0,97.0,48.0,1.0,Bird
0.0,ambush,85.0,90.0,53.0,68.0,1.0,Bird
0.0,ambush,100.0,75.0,92.0,97.0,0.0,Bird
0.0,ambush,42.0,52.0,78.0,85.0,0.0,Bird
0.0,ambush,82.0,100.0,51.0,65.0,1.0,Bird
0.0,ambush,95.0,43.0,60.0,40.0,1.0,Bird
0.0,ambush,19.0,2.0,86.0,33.0,0.0,Bird
0.0,ambush,89.0,85.0,21.0,27.0,1.0,Bird
0.0,ambush,12.0,23.0,80.0,51.0,0.0,Bird
0.0,ambush,73.0,93.0,73.0,66.0,0.0,Bird
0.0,ambush,20.0,86.0,63.0,34.0,0.0,Bird
0.0,ambush,100.0,81.0,87.0,76.0,1.0,Bird
0.0,ambush,10.0,22.0,49.0,50.0,0.0,Bird
0.0,ambush,48.0,92.0,9.0,47.0,1.0,Bird
0.0,ambush,29.0,81.0,31.0,56.0,0.0,Bird
0.0,ambush,61.0,6.0,73.0,5.0,0.0,Bird
0.0,ambush,44.0,71.0,79.0,37.0,0.0,Bird
0.0,ambush,36.0,75.0,53.0,56.0,0.0,Bird
0.0,ambush,96.0,17.0,98.0,31.0,1.0,Bird
0.0,ambush,26.0,72.0,100.0,30.0,0.0,Bird
0.0,ambush,94.0,2.0,92.0,44.0,0.0,Bird
0.0,ambush,70.0,21.0,87.0,5.0,0.0,Bird
0.0,ambush,98.0,4.0,10.0,82.0,1.0,Bird
0.0,ambush,29.0,59.0,92.0,23.0,1.0,Bird
0.0,ambush,38.0,3.0,8.0,42.0,0.0,Bird
0.0,ambush,78.0,77.0,72.0,83.0,0.0,Bird
0.0,ambush,2.0,71.0,68.0,66.0,0.0,Bird
0.0,ambush,1.0,95.0,51.0,7.0,0.0,Bird
0.0,ambush,94.0,95.0,3.0,69.0,1.0,Bird
0.0,ambush,30.0,22.0,46.0,13.0,0.0,Bird
0.0,ambush,31.0,93.0,45.0,13.0,0.0,Bird
0.0,ambush,33.0,60.0,44.0,97.0,1.0,Bird
0.0,ambush,64.0,84.0,66.0,28.0,0.0,Bird
0.0,ambush,46.0,27.0,98.0,94.0,0.0,Bird
0.0,ambush,88.0,77.0,65.0,6.0,0.0,Bird
0.0,ambush,44.0,15.0,42.0,18.0,0.0,Bird
0.0,ambush,11.0,40.0,12.0,60.0,0.0,Bird
0.0,ambush,4.0,14.0,13.0,83.0,0.0,Bird
0.0,ambush,65.0,82.0,99.0,6.0,0.0,Bird
0.0,ambush,18.0,61.0,14.0,6.0,0.0,Bird
0.0,ambush,96.0,54.0,40.0,19.0,0.0,Bird
0.0,ambush,26.0,39.0,12.0,24.0,0.0,Bird
0.0,ambush,38.0,29.0,23.0,39.0,1.0,Bird
0.0,ambush,12.0,98.0,78.0,16.0,1.0,Bird
0.0,ambush,45.0,24.0,32.0,31.0,1.0,Bird
0.0,ambush,47.0,16.0,35.0,89.0,0.0,Bird
0.0,ambush,78.0,65.0,51.0,74.0,0.0,Bird
0.0,ambush,38.0,60.0,17.0,90.0,1.0,Bird
0.0,ambush,29.0,34.0,53.0,19.0,0.0,Bird
0.0,ambush,80.0,75.0,25.0,51.0,1.0,Bird
0.0,ambush,24.0,93.0,92.0,48.0,1.0,Bird
0.0,ambush,36.0,19.0,60.0,87.0,0.0,Bird
0.0,ambush,70.0,75.0,99.0,64.0,1.0,Bird
0.0,ambush,21.0,72.0,54.0,42.0,1.0,Bird
0.0,ambush,67.0,41.0,80.0,48.0,1.0,Bird
0.0,ambush,59.0,68.0,85.0,26.0,1.0,Bird
0.0,ambush,31.0,63.0,82.0,52.0,0.0,Bird
0.0,ambush,47.0,88.0,42.0,15.0,1.0,Bird
0.0,ambush,74.0,56.0,46.0,53.0,1.0,Bird
0.0,ambush,35.0,98.0,66.0,18.0,0.0,Bird
0.0,ambush,87.0,70.0,60.0,93.0,0.0,Bird
0.0,ambush,18.0,86.0,43.0,47.0,1.0,Bird
0.0,ambush,91.0,3.0,91.0,21.0,0.0,Bird
0.0,ambush,91.0,52.0,75.0,83.0,1.0,Bird
0.0,ambush,5.0,84.0,23.0,95.0,0.0,Bird
0.0,ambush,12.0,79.0,64.0,93.0,1.0,Bird
0.0,ambush,35.0,25.0,47.0,24.0,1.0,Bird
0.0,ambush,97.0,93.0,6.0,24.0,0.0,Bird
0.0,ambush,73.0,28.0,72.0,5.0,0.0,Bird
0.0,ambush,48.0,48.0,71.0,89.0,0.0,Bird
0.0,ambush,72.0,91.0,13.0,78.0,1.0,Bird
0.0,ambush,74.0,80.0,23.0,64.0,0.0,Bird
0.0,ambush,49.0,45.0,71.0,50.0,1.0,Bird
0.0,ambush,72.0,58.0,10.0,13.0,0.0,Bird
0.0,ambush,39.0,53.0,77.0,41.0,0.0,Bird
0.0,ambush,74.0,97.0,47.0,99.0,0.0,Bird
0.0,ambush,74.0,86.0,63.0,65.0,1.0,Bird
0.0,ambush,43.0,17.0,26.0,42.0,0.0,Bird
0.0,ambush,52.0,73.0,57.0,42.0,1.0,Bird
0.0,ambush,94.0,26.0,26.0,90.0,1.0,Bird
0.0,ambush,52.0,94.0,83.0,26.0,1.0,Bird
0.0,ambush,13.0,93.0,14.0,100.0,0.0,Bird
0.0,ambush,99.0,74.0,34.0,71.0,1.0,Bird
0.0,ambush,71.0,63.0,51.0,73.0,1.0,Bird
0.0,ambush,67.0,37.0,89.0,70.0,1.0,Bird
0.0,ambush,29.0,49.0,57.0,2.0,0.0,Bird
0.0,ambush,84.0,93.0,62.0,39.0,1.0,Bird
0.0,ambush,35.0,4.0,36.0,65.0,0.0,Bird
0.0,ambush,13.0,13.0,50.0,88.0,0.0,Bird
0.0,ambush,50.0,82.0,35.0,82.0,1.0,Bird
0.0,ambush,97.0,26.0,57.0,80.0,1.0,Bird
0.0,ambush,34.0,73.0,15.0,82.0,1.0,Bird
0.0,ambush,48.0,26.0,57.0,98.0,1.0,Bird
0.0,ambush,69.0,87.0,72.0,68.0,1.0,Bird
0.0,ambush,27.0,18.0,92.0,36.0,1.0,Bird
0.0,ambush,64.0,47.0,52.0,15.0,1.0,Bird
0.0,ambush,27.0,61.0,66.0,21.0,1.0,Bird
0.0,ambush,7.0,98.0,75.0,72.0,0.0,Bird
0.0,ambush,96.0,80.0,29.0,91.0,0.0,Bird
0.0,ambush,14.0,14.0,91.0,13.0,0.0,Bird
0.0,ambush,19.0,71.0,51.0,80.0,1.0,Bird
0.0,ambush,10.0,18.0,93.0,31.0,0.0,Bird
0.0,ambush,2.0,23.0,25.0,66.0,0.0,Bird
0.0,ambush,56.0,31.0,53.0,95.0,1.0,Bird
0.0,ambush,3.0,39.0,98.0,75.0,0.0,Bird
0.0,ambush,62.0,61.0,94.0,3.0,0.0,Bird
0.0,ambush,85.0,63.0,87.0,43.0,0.0,Bird
0.0,ambush,70.0,13.0,69.0,40.0,0.0,Bird
0.0,ambush,69.0,5.0,83.0,10.0,1.0,Bird
0.0,ambush,81.0,76.0,37.0,1.0,0.0,Bird
0.0,ambush,75.0,54.0,97.0,32.0,0.0,Bird
0.0,ambush,7.0,7.0,78.0,57.0,0.0,Bird
0.0,ambush,87.0,1.0,95.0,3.0,0.0,Bird
0.0,ambush,93.0,72.0,26.0,36.0,1.0,Bird
0.0,ambush,46.0,53.0,44.0,35.0,0.0,Bird
0.0,ambush,99.0,47.0,24.0,46.0,1.0,Bird
0.0,ambush,44.0,57.0,26.0,66.0,1.0,Bird
0.0,ambush,72.0,71.0,3.0,69.0,1.0,Bird
0.0,ambush,64.0,86.0,68.0,51.0,1.0,Bird
0.0,ambush,21.0,24.0,47.0,87.0,0.0,Bird
0.0,ambush,71.0,87.0,21.0,30.0,0.0,Bird
0.0,ambush,29.0,42.0,12.0,62.0,1.0,Bird
0.0,ambush,76.0,17.0,29.0,5.0,0.0,Bird
0.0,ambush,74.0,33.0,98.0,88.0,1.0,Bird
0.0,ambush,6.0,89.0,2.0,82.0,0.0,Bird
0.0,ambush,16.0,97.0,43.0,26.0,0.0,Bird
0.0,ambush,24.0,25.0,32.0,45.0,0.0,Bird
0.0,ambush,66.0,55.0,64.0,92.0,1.0,Bird
0.0,ambush,32.0,69.0,1.0,3.0,0.0,Bird
0.0,ambush,25.0,54.0,11.0,66.0,0.0,Bird
0.0,ambush,36.0,63.0,1.0,50.0,0.0,Bird
0.0,ambush,34.0,77.0,61.0,6.0,0.0,Bird
0.0,ambush,35.0,6.0,51.0,71.0,0.0,Bird
0.0,ambush,76.0,55.0,16.0,44.0,1.0,Bird
0.0,ambush,45.0,5.0,55.0,27.0,0.0,Bird
0.0,ambush,30.0,48.0,59.0,87.0,0.0,Bird
0.0,ambush,51.0,7.0,27.0,27.0,0.0,Bird
0.0,ambush,61.0,1.0,44.0,20.0,0.0,Bird
0.0,ambush,4.0,32.0,31.0,100.0,0.0,Bird
0.0,ambush,14.0,94.0,67.0,86.0,1.0,Bird
0.0,ambush,71.0,25.0,39.0,69.0,1.0,Bird
0.0,ambush,73.0,72.0,89.0,48.0,1.0,Bird
0.0,ambush,76.0,96.0,73.0,20.0,0.0,Bird
0.0,ambush,36.0,60.0,71.0,32.0,0.0,Bird
0.0,ambush,29.0,12.0,47.0,56.0,0.0,Bird
0.0,ambush,25.0,88.0,46.0,13.0,0.0,Bird
0.0,ambush,79.0,8.0,48.0,17.0,0.0,Bird
0.0,ambush,12.0,66.0,86.0,4.0,0.0,Bird
0.0,ambush,33.0,2.0,60.0,53.0,0.0,Bird
0.0,ambush,31.0,26.0,72.0,74.0,1.0,Bird
0.0,ambush,21.0,81.0,43.0,32.0,0.0,Bird
0.0,ambush,23.0,29.0,95.0,39.0,0.0,Bird
0.0,ambush,78.0,63.0,37.0,71.0,1.0,Bird
0.0,ambush,34.0,89.0,20.0,89.0,1.0,Bird
0.0,ambush,100.0,71.0,56.0,54.0,0.0,Bird
0.0,ambush,46.0,53.0,76.0,76.0,1.0,Bird
0.0,ambush,61.0,69.0,95.0,36.0,1.0,Bird
0.0,ambush,11.0,26.0,52.0,78.0,0.0,Bird
0.0,ambush,13.0,86.0,91.0,48.0,1.0,Bird
0.0,ambush,74.0,9.0,80.0,22.0,0.0,Bird
0.0,ambush,18.0,57.0,100.0,31.0,1.0,Bird
0.0,ambush,71.0,43.0,37.0,55.0,1.0,Bird
0.0,ambush,77.0,95.0,40.0,98.0,0.0,Bird
0.0,ambush,60.0,3.0,28.0,30.0,0.0,Bird
0.0,ambush,71.0,19.0,86.0,10.0,0.0,Bird
0.0,ambush,28.0,77.0,1.0,96.0,0.0,Bird
0.0,ambush,57.0,98.0,91.0,82.0,0.0,Bird
0.0,ambush,4.0,36.0,15.0,3.0,0.0,Bird
0.0,ambush,84.0,79.0,56.0,61.0,0.0,Bird
0.0,ambush,49.0,71.0,83.0,52.0,1.0,Bird
0.0,ambush,62.0,36.0,77.0,63.0,1.0,Bird
0.0,ambush,23.0,35.0,10.0,61.0,0.0,Bird
0.0,ambush,3.0,47.0,53.0,69.0,0.0,Bird
0.0,ambush,43.0,26.0,82.0,56.0,0.0,Bird
0.0,ambush,18.0,17.0,65.0,48.0,0.0,Bird
0.0,ambush,7.0,30.0,55.0,86.0,0.0,Bird
0.0,ambush,2.0,87.0,44.0,59.0,0.0,Bird
0.0,ambush,53.0,90.0,94.0,23.0,0.0,Bird
0.0,ambush,58.0,71.0,7.0,1.0,0.0,Bird
0.0,ambush,16.0,43.0,26.0,75.0,0.0,Bird
0.0,ambush,27.0,34.0,40.0,72.0,0.0,Bird
0.0,ambush,21.0,41.0,47.0,75.0,0.0,Bird
0.0,ambush,91.0,43.0,19.0,12.0,0.0,Bird
0.0,ambush,99.0,90.0,5.0,29.0,0.0,Bird
0.0,ambush,19.0,80.0,63.0,19.0,1.0,Bird
0.0,ambush,54.0,87.0,28.0,55.0,0.0,Bird
0.0,ambush,75.0,62.0,59.0,68.0,0.0,Bird
0.0,ambush,38.0,81.0,91.0,97.0,1.0,Bird
0.0,ambush,87.0,1.0,81.0,25.0,0.0,Bird
0.0,ambush,39.0,10.0,30.0,60.0,0.0,Bird
0.0,ambush,97.0,88.0,62.0,83.0,1.0,Bird
0.0,ambush,24.0,95.0,98.0,72.0,1.0,Bird
0.0,ambush,32.0,13.0,40.0,19.0,1.0,Bird
0.0,ambush,71.0,68.0,49.0,75.0,1.0,Bird
0.0,ambush,17.0,5.0,24.0,88.0,0.0,Bird
0.0,ambush,52.0,22.0,48.0,50.0,1.0,Bird
0.0,ambush,45.0,94.0,54.0,55.0,0.0,Bird
0.0,ambush,61.0,54.0,89.0,90.0,1.0,Bird
0.0,ambush,62.0,75.0,3.0,43.0,0.0,Bird
0.0,ambush,15.0,74.0,96.0,18.0,0.0,Bird
0.0,ambush,26.0,42.0,38.0,70.0,1.0,Bird
0.0,ambush,6.0,6.0,11.0,19.0,0.0,Bird
0.0,ambush,21.0,31.0,35.0,37.0,0.0,Bird
0.0,ambush,63.0,18.0,79.0,30.0,0.0,Bird
0.0,ambush,18.0,49.0,5.0,76.0,0.0,Bird
0.0,ambush,80.0,87.0,2.0,78.0,0.0,Bird
0.0,ambush,24.0,74.0,88.0,80.0,1.0,Bird
0.0,ambush,31.0,46.0,32.0,5.0,0.0,Bird
0.0,ambush,18.0,62.0,71.0,26.0,1.0,Bird
0.0,ambush,80.0,84.0,70.0,28.0,0.0,Bird
0.0,ambush,50.0,92.0,10.0,36.0,1.0,Bird
0.0,ambush,50.0,65.0,3.0,84.0,0.0,Bird
0.0,ambush,65.0,78.0,27.0,98.0,0.0,Bird
0.0,ambush,76.0,67.0,76.0,43.0,1.0,Bird
0.0,ambush,40.0,57.0,23.0,73.0,0.0,Bird
0.0,ambush,88.0,25.0,67.0,93.0,1.0,Bird
0.0,ambush,32.0,28.0,11.0,64.0,0.0,Bird
0.0,ambush,17.0,55.0,46.0,36.0,1.0,Bird
0.0,ambush,83.0,3.0,86.0,57.0,0.0,Bird
0.0,ambush,92.0,74.0,69.0,96.0,0.0,Bird
0.0,ambush,4.0,35.0,79.0,75.0,0.0,Bird
0.0,ambush,61.0,5.0,92.0,80.0,0.0,Bird
1.0,ambush,68.0,63.0,32.0,65.0,1.0,Bird
1.0,ambush,58.0,89.0,92.0,57.0,1.0,Bird
1.0,ambush,58.0,89.0,92.0,57.0,1.0,Bird
1.0,ambush,15.0,89.0,19.0,34.0,0.0,Bird
1.0,ambush,58.0,89.0,92.0,57.0,1.0,Bird
1.0,ambush,98.0,70.0,83.0,50.0,1.0,Bird
1.0,ambush,15.0,89.0,19.0,34.0,0.0,Bird
1.0,ambush,15.0,89.0,19.0,34.0,0.0,Bird
1.0,ambush,66.0,76.0,60.0,55.0,1.0,Bird
1.0,ambush,66.0,76.0,60.0,55.0,1.0,Bird
1.0,ambush,66.0,76.0,60.0,55.0,1.0,Bird
1.0,ambush,78.0,56.0,72.0,54.0,1.0,Bird
1.0,ambush,62.0,69.0,43.0,80.0,0.0,Bird
1.0,ambush,100.0,49.0,86.0,54.0,1.0,Bird
1.0,ambush,29.0,59.0,41.0,92.0,0.0,Bird
1.0,ambush,100.0,49.0,86.0,54.0,1.0,Bird
1.0,ambush,100.0,6.0,38.0,83.0,1.0,Bird
1.0,ambush,49.0,42.0,88.0,15.0,0.0,Bird
1.0,ambush,77.0,69.0,62.0,32.0,1.0,Bird
1.0,ambush,77.0,69.0,62.0,32.0,1.0,Bird
1.0,ambush,49.0,42.0,91.0,16.0,0.0,Bird
1.0,ambush,77.0,69.0,62.0,32.0,0.0,Bird
1.0,ambush,37.0,77.0,25.0,96.0,1.0,Bird
1.0,ambush,63.0,95.0,14.0,55.0,0.0,Bird
1.0,ambush,63.0,95.0,14.0,55.0,0.0,Bird
1.0,ambush,71.0,21.0,97.0,37.0,0.0,Bird
1.0,ambush,37.0,77.0,25.0,96.0,1.0,Bird
1.0,ambush,31.0,82.0,60.0,39.0,1.0,Bird
1.0,ambush,29.0,59.0,41.0,92.0,0.0,Bird
1.0,ambush,58.0,75.0,67.0,95.0,1.0,Bird
1.0,ambush,31.0,82.0,60.0,39.0,0.0,Bird
1.0,ambush,31.0,82.0,60.0,38.0,1.0,Bird
1.0,ambush,36.0,69.0,94.0,76.0,0.0,Bird
1.0,ambush,59.0,68.0,10.0,61.0,1.0,Bird
1.0,ambush,59.0,68.0,10.0,61.0,1.0,Bird
1.0,ambush,64.0,70.0,31.0,30.0,0.0,Bird
1.0,ambush,36.0,69.0,94.0,76.0,0.0,Bird
1.0,ambush,59.0,68.0,10.0,61.0,0.0,Bird
1.0,ambush,18.0,8.0,31.0,13.0,0.0,Bird
1.0,ambush,45.0,69.0,75.0,38.0,0.0,Bird
1.0,ambush,45.0,69.0,75.0,38.0,1.0,Bird
1.0,ambush,38.0,56.0,91.0,62.0,1.0,Bird
1.0,ambush,43.0,69.0,75.0,38.0,0.0,Bird
1.0,ambush,38.0,56.0,91.0,62.0,1.0,Bird
1.0,ambush,53.0,77.0,69.0,33.0,0.0,Bird
1.0,ambush,64.0,55.0,57.0,86.0,0.0,Bird
1.0,ambush,90.0,84.0,1.0,49.0,0.0,Bird
1.0,ambush,90.0,84.0,1.0,49.0,0.0,Bird
1.0,ambush,68.0,55.0,57.0,86.0,0.0,Bird
1.0,ambush,83.0,7.0,61.0,67.0,1.0,Bird
1.0,ambush,60.0,45.0,6.0,93.0,1.0,Bird
1.0,ambush,38.0,56.0,91.0,62.0,0.0,Bird
1.0,ambush,21.0,62.0,67.0,47.0,0.0,Bird
1.0,ambush,77.0,82.0,95.0,88.0,1.0,Bird
1.0,ambush,21.0,62.0,67.0,47.0,0.0,Bird
1.0,ambush,46.0,5.0,92.0,71.0,0.0,Bird
1.0,ambush,54.0,46.0,90.0,89.0,1.0,Bird
1.0,ambush,77.0,82.0,95.0,88.0,1.0,Bird
1.0,ambush,89.0,91.0,42.0,21.0,0.0,Bird
1.0,ambush,60.0,45.0,6.0,93.0,1.0,Bird
1.0,ambush,89.0,91.0,42.0,24.0,1.0,Bird
1.0,ambush,67.0,59.0,75.0,42.0,1.0,Bird
1.0,ambush,60.0,23.0,36.0,28.0,0.0,Bird
1.0,ambush,60.0,45.0,6.0,93.0,0.0,Bird
1.0,ambush,89.0,91.0,42.0,21.0,0.0,Bird
1.0,ambush,60.0,23.0,36.0,28.0,1.0,Bird
1.0,ambush,83.0,7.0,61.0,67.0,0.0,Bird
1.0,ambush,33.0,68.0,76.0,62.0,1.0,Bird
1.0,ambush,67.0,59.0,75.0,42.0,1.0,Bird
1.0,ambush,60.0,23.0,36.0,28.0,0.0,Bird
1.0,ambush,45.0,26.0,61.0,82.0,0.0,Bird
1.0,ambush,54.0,46.0,90.0,89.0,1.0,Bird
1.0,ambush,75.0,95.0,32.0,71.0,0.0,Bird
1.0,ambush,33.0,68.0,76.0,62.0,0.0,Bird
1.0,ambush,60.0,53.0,58.0,39.0,1.0,Bird
1.0,ambush,75.0,95.0,32.0,71.0,1.0,Bird
1.0,ambush,33.0,68.0,76.0,62.0,0.0,Bird
1.0,ambush,42.0,78.0,20.0,100.0,1.0,Bird
1.0,ambush,51.0,62.0,37.0,50.0,1.0,Bird
1.0,ambush,48.0,95.0,87.0,32.0,1.0,Bird
1.0,ambush,75.0,69.0,43.0,97.0,1.0,Bird
1.0,ambush,45.0,26.0,61.0,82.0,1.0,Bird
1.0,ambush,48.0,95.0,87.0,32.0,1.0,Bird
1.0,ambush,49.0,91.0,19.0,58.0,0.0,Bird
1.0,ambush,51.0,62.0,37.0,50.0,1.0,Bird
1.0,ambush,64.0,84.0,19.0,70.0,1.0,Bird
1.0,ambush,54.0,22.0,69.0,32.0,1.0,Bird
1.0,ambush,45.0,26.0,61.0,82.0,0.0,Bird
1.0,ambush,64.0,84.0,19.0,70.0,1.0,Bird
1.0,ambush,46.0,48.0,85.0,54.0,1.0,Bird
1.0,ambush,54.0,22.0,69.0,32.0,1.0,Bird
1.0,ambush,54.0,22.0,69.0,32.0,1.0,Bird
1.0,ambush,12.0,82.0,42.0,80.0,1.0,Bird
1.0,ambush,12.0,82.0,42.0,80.0,1.0,Bird
1.0,ambush,89.0,85.0,52.0,25.0,0.0,Bird
1.0,ambush,89.0,85.0,52.0,25.0,0.0,Bird
1.0,ambush,89.0,85.0,52.0,25.0,0.0,Bird
1.0,ambush,12.0,82.0,42.0,80.0,0.0,Bird
1.0,ambush,72.0,73.0,2.0,15.0,0.0,Bird
1.0,ambush,71.0,32.0,19.0,74.0,1.0,Bird
1.0,ambush,87.0,10.0,67.0,73.0,1.0,Bird
1.0,ambush,71.0,32.0,19.0,74.0,1.0,Bird
1.0,ambush,77.0,36.0,27.0,29.0,0.0,Bird
1.0,ambush,81.0,57.0,14.0,93.0,1.0,Bird
1.0,ambush,77.0,35.0,27.0,25.0,0.0,Bird
1.0,ambush,65.0,35.0,84.0,69.0,1.0,Bird
1.0,ambush,56.0,93.0,68.0,78.0,1.0,Bird
1.0,ambush,56.0,93.0,68.0,78.0,1.0,Bird
1.0,ambush,87.0,10.0,67.0,73.0,0.0,Bird
1.0,ambush,56.0,93.0,68.0,78.0,0.0,Bird
1.0,ambush,63.0,99.0,62.0,94.0,1.0,Bird
1.0,ambush,50.0,35.0,40.0,86.0,1.0,Bird
1.0,ambush,63.0,99.0,62.0,94.0,0.0,Bird
1.0,ambush,63.0,99.0,59.0,94.0,0.0,Bird
1.0,ambush,94.0,10.0,72.0,72.0,0.0,Bird
1.0,ambush,28.0,78.0,4.0,44.0,0.0,Bird
1.0,ambush,24.0,52.0,43.0,81.0,1.0,Bird
1.0,ambush,87.0,10.0,67.0,73.0,0.0,Bird
1.0,ambush,50.0,35.0,40.0,86.0,1.0,Bird
1.0,ambush,24.0,52.0,43.0,81.0,1.0,Bird
1.0,ambush,50.0,19.0,75.0,36.0,0.0,Bird
1.0,ambush,28.0,78.0,4.0,44.0,0.0,Bird
1.0,ambush,50.0,19.0,75.0,36.0,0.0,Bird
1.0,ambush,50.0,19.0,75.0,36.0,1.0,Bird
1.0,ambush,30.0,28.0,58.0,36.0,0.0,Bird
1.0,ambush,12.0,54.0,50.0,99.0,0.0,Bird
1.0,ambush,51.0,93.0,32.0,35.0,0.0,Bird
1.0,ambush,51.0,93.0,32.0,35.0,1.0,Bird
1.0,ambush,81.0,9.0,84.0,43.0,0.0,Bird
1.0,ambush,60.0,53.0,98.0,6.0,0.0,Bird
1.0,ambush,60.0,53.0,98.0,6.0,0.0,Bird
1.0,ambush,53.0,7.0,92.0,67.0,1.0,Bird
1.0,ambush,12.0,54.0,50.0,99.0,1.0,Bird
1.0,ambush,81.0,9.0,84.0,43.0,0.0,Bird
1.0,ambush,50.0,75.0,82.0,53.0,1.0,Bird
1.0,ambush,81.0,9.0,84.0,43.0,1.0,Bird
1.0,ambush,50.0,75.0,82.0,53.0,1.0,Bird
1.0,ambush,61.0,77.0,96.0,56.0,0.0,Bird
1.0,ambush,50.0,75.0,82.0,53.0,0.0,Bird
1.0,ambush,26.0,5.0,8.0,34.0,0.0,Bird
1.0,ambush,100.0,96.0,53.0,57.0,0.0,Bird
1.0,ambush,100.0,96.0,53.0,57.0,0.0,Bird
1.0,ambush,50.0,35.0,40.0,86.0,0.0,Bird
1.0,ambush,100.0,96.0,53.0,57.0,0.0,Bird
1.0,ambush,26.0,5.0,8.0,34.0,0.0,Bird
1.0,ambush,78.0,87.0,1.0,61.0,1.0,Bird
1.0,ambush,91.0,74.0,2.0,34.0,1.0,Bird
1.0,ambush,78.0,87.0,1.0,61.0,1.0,Bird
1.0,ambush,86.0,81.0,39.0,62.0,1.0,Bird
1.0,ambush,78.0,87.0,1.0,61.0,0.0,Bird
1.0,ambush,65.0,35.0,84.0,69.0,0.0,Bird
1.0,ambush,24.0,68.0,85.0,32.0,0.0,Bird
1.0,ambush,24.0,68.0,85.0,32.0,0.0,Bird
1.0,ambush,59.0,40.0,62.0,30.0,1.0,Bird
1.0,ambush,86.0,81.0,39.0,62.0,0.0,Bird
1.0,ambush,70.0,35.0,21.0,15.0,1.0,Bird
1.0,ambush,70.0,35.0,21.0,15.0,0.0,Bird
1.0,ambush,59.0,40.0,62.0,30.0,0.0,Bird
1.0,ambush,59.0,40.0,62.0,30.0,1.0,Bird
1.0,ambush,10.0,25.0,7.0,28.0,0.0,Bird
1.0,ambush,35.0,74.0,24.0,57.0,1.0,Bird
1.0,ambush,53.0,44.0,80.0,44.0,0.0,Bird
1.0,ambush,35.0,89.0,25.0,59.0,1.0,Bird
1.0,ambush,35.0,89.0,25.0,59.0,1.0,Bird
1.0,ambush,10.0,25.0,7.0,28.0,0.0,Bird
1.0,ambush,89.0,70.0,67.0,34.0,1.0,Bird
1.0,ambush,89.0,70.0,67.0,34.0,1.0,Bird
1.0,ambush,89.0,70.0,67.0,34.0,0.0,Bird
1.0,ambush,35.0,89.0,25.0,59.0,0.0,Bird
1.0,ambush,45.0,82.0,73.0,52.0,1.0,Bird
1.0,ambush,45.0,82.0,73.0,52.0,1.0,Bird
1.0,ambush,35.0,74.0,24.0,57.0,0.0,Bird
1.0,ambush,45.0,82.0,73.0,52.0,0.0,Bird
1.0,ambush,98.0,72.0,58.0,14.0,0.0,Bird
1.0,ambush,98.0,72.0,58.0,14.0,0.0,Bird
1.0,ambush,98.0,72.0,58.0,14.0,1.0,Bird
1.0,ambush,19.0,23.0,55.0,39.0,1.0,Bird
1.0,ambush,10.0,46.0,14.0,55.0,0.0,Bird
1.0,ambush,10.0,46.0,14.0,55.0,0.0,Bird
1.0,ambush,37.0,70.0,25.0,81.0,1.0,Bird
1.0,ambush,21.0,1.0,68.0,68.0,0.0,Bird
1.0,ambush,41.0,86.0,92.0,94.0,1.0,Bird
1.0,ambush,41.0,86.0,92.0,94.0,1.0,Bird
1.0,ambush,5.0,45.0,60.0,33.0,1.0,Bird
1.0,ambush,94.0,35.0,52.0,88.0,1.0,Bird
1.0,ambush,21.0,1.0,68.0,68.0,0.0,Bird
1.0,ambush,48.0,46.0,2.0,48.0,1.0,Bird
1.0,ambush,48.0,46.0,2.0,48.0,1.0,Bird
1.0,ambush,41.0,86.0,92.0,94.0,0.0,Bird
1.0,ambush,8.0,45.0,60.0,33.0,0.0,Bird
1.0,ambush,48.0,46.0,2.0,48.0,0.0,Bird
1.0,ambush,76.0,55.0,59.0,54.0,1.0,Bird
1.0,ambush,98.0,64.0,46.0,61.0,1.0,Bird
1.0,ambush,5.0,45.0,60.0,33.0,0.0,Bird
1.0,ambush,94.0,35.0,52.0,88.0,0.0,Bird
1.0,ambush,98.0,64.0,46.0,61.0,0.0,Bird
1.0,ambush,9.0,91.0,99.0,93.0,1.0,Bird
1.0,ambush,76.0,55.0,59.0,54.0,1.0,Bird
1.0,ambush,63.0,79.0,21.0,100.0,1.0,Bird
1.0,ambush,63.0,68.0,58.0,65.0,1.0,Bird
1.0,ambush,68.0,86.0,36.0,48.0,1.0,Bird
1.0,ambush,64.0,86.0,36.0,48.0,0.0,Bird
1.0,ambush,61.0,68.0,58.0,64.0,1.0,Bird
1.0,ambush,61.0,68.0,58.0,64.0,1.0,Bird
1.0,ambush,26.0,92.0,52.0,96.0,0.0,Bird
1.0,ambush,64.0,67.0,19.0,31.0,1.0,Bird
1.0,ambush,64.0,67.0,19.0,31.0,1.0,Bird
1.0,ambush,55.0,88.0,48.0,37.0,1.0,Bird
1.0,ambush,64.0,67.0,19.0,31.0,1.0,Bird
1.0,ambush,55.0,88.0,48.0,37.0,0.0,Bird
1.0,ambush,32.0,58.0,84.0,32.0,0.0,Bird
1.0,ambush,55.0,74.0,43.0,20.0,1.0,Bird
1.0,ambush,55.0,74.0,43.0,20.0,0.0,Bird
1.0,ambush,32.0,58.0,84.0,32.0,0.0,Bird
1.0,ambush,55.0,74.0,43.0,20.0,0.0,Bird
1.0,ambush,32.0,58.0,84.0,32.0,0.0,Bird
1.0,ambush,30.0,33.0,44.0,93.0,1.0,Bird
1.0,ambush,56.0,80.0,86.0,27.0,1.0,Bird
1.0,ambush,76.0,20.0,25.0,88.0,0.0,Bird
1.0,ambush,56.0,80.0,86.0,27.0,1.0,Bird
1.0,ambush,7.0,50.0,16.0,100.0,0.0,Bird
1.0,ambush,7.0,50.0,16.0,100.0,1.0,Bird
1.0,ambush,57.0,73.0,68.0,47.0,1.0,Bird
1.0,ambush,57.0,73.0,68.0,47.0,1.0,Bird
1.0,ambush,7.0,50.0,15.0,100.0,0.0,Bird
1.0,ambush,47.0,89.0,69.0,30.0,1.0,Bird
1.0,ambush,47.0,89.0,69.0,30.0,1.0,Bird
1.0,ambush,47.0,89.0,69.0,30.0,1.0,Bird
1.0,ambush,30.0,33.0,44.0,93.0,0.0,Bird
1.0,ambush,97.0,89.0,70.0,57.0,0.0,Bird
1.0,ambush,94.0,83.0,34.0,71.0,1.0,Bird
1.0,ambush,90.0,38.0,6.0,32.0,0.0,Bird
1.0,ambush,92.0,81.0,34.0,71.0,1.0,Bird
1.0,ambush,97.0,50.0,77.0,79.0,0.0,Bird
1.0,ambush,94.0,83.0,34.0,71.0,0.0,Bird
1.0,ambush,12.0,52.0,54.0,34.0,0.0,Bird
1.0,ambush,21.0,1.0,66.0,68.0,0.0,Bird
1.0,ambush,11.0,64.0,68.0,58.0,0.0,Bird
1.0,ambush,24.0,25.0,48.0,39.0,0.0,Bird
1.0,ambush,24.0,25.0,48.0,39.0,0.0,Bird
1.0,ambush,11.0,64.0,68.0,58.0,0.0,Bird
1.0,ambush,84.0,100.0,98.0,64.0,1.0,Bird
1.0,ambush,11.0,64.0,68.0,58.0,1.0,Bird
1.0,ambush,56.0,71.0,44.0,22.0,1.0,Bird
1.0,ambush,56.0,71.0,44.0,22.0,1.0,Bird
1.0,ambush,77.0,72.0,79.0,53.0,0.0,Bird
1.0,ambush,84.0,100.0,98.0,64.0,0.0,Bird
1.0,ambush,63.0,59.0,84.0,32.0,0.0,Bird
1.0,ambush,22.0,51.0,84.0,86.0,0.0,Bird
1.0,ambush,63.0,59.0,84.0,32.0,0.0,Bird
1.0,ambush,48.0,67.0,82.0,16.0,1.0,Bird
1.0,ambush,51.0,98.0,49.0,7.0,0.0,Bird
1.0,ambush,51.0,98.0,49.0,7.0,0.0,Bird
1.0,ambush,48.0,67.0,82.0,16.0,0.0,Bird
1.0,ambush,51.0,98.0,49.0,7.0,0.0,Bird
1.0,ambush,48.0,67.0,82.0,16.0,0.0,Bird
1.0,ambush,77.0,92.0,19.0,31.0,0.0,Bird
1.0,ambush,77.0,92.0,19.0,31.0,0.0,Bird
1.0,ambush,92.0,82.0,30.0,49.0,1.0,Bird
1.0,ambush,92.0,82.0,30.0,49.0,0.0,Bird
1.0,ambush,92.0,82.0,30.0,49.0,0.0,Bird
1.0,ambush,97.0,97.0,50.0,22.0,1.0,Bird
1.0,ambush,59.0,61.0,79.0,84.0,1.0,Bird
1.0,ambush,24.0,25.0,48.0,39.0,1.0,Bird
1.0,ambush,77.0,38.0,58.0,62.0,0.0,Bird
1.0,ambush,59.0,61.0,79.0,84.0,1.0,Bird
1.0,ambush,48.0,26.0,28.0,29.0,1.0,Bird
1.0,ambush,79.0,76.0,99.0,73.0,1.0,Bird
1.0,ambush,65.0,75.0,3.0,79.0,0.0,Bird
1.0,ambush,85.0,75.0,20.0,72.0,1.0,Bird
1.0,ambush,79.0,76.0,99.0,73.0,1.0,Bird
1.0,ambush,79.0,76.0,99.0,73.0,1.0,Bird
1.0,ambush,30.0,33.0,44.0,93.0,0.0,Bird
1.0,ambush,40.0,79.0,66.0,48.0,1.0,Bird
1.0,ambush,40.0,79.0,66.0,48.0,1.0,Bird
1.0,ambush,79.0,24.0,45.0,91.0,1.0,Bird
1.0,ambush,38.0,68.0,44.0,93.0,0.0,Bird
1.0,ambush,64.0,43.0,80.0,38.0,1.0,Bird
1.0,ambush,46.0,64.0,66.0,49.0,1.0,Bird
1.0,ambush,56.0,31.0,8.0,62.0,0.0,Bird
1.0,ambush,56.0,31.0,8.0,62.0,0.0,Bird
1.0,ambush,64.0,43.0,80.0,38.0,1.0,Bird
1.0,ambush,40.0,79.0,66.0,48.0,0.0,Bird
1.0,ambush,56.0,57.0,60.0,42.0,1.0,Bird
1.0,ambush,35.0,98.0,85.0,84.0,1.0,Bird
1.0,ambush,22.0,51.0,84.0,86.0,0.0,Bird
1.0,ambush,46.0,64.0,66.0,49.0,0.0,Bird
1.0,ambush,35.0,98.0,85.0,84.0,1.0,Bird
1.0,ambush,68.0,9.0,4.0,68.0,0.0,Bird
1.0,ambush,64.0,43.0,85.0,38.0,0.0,Bird
1.0,ambush,34.0,88.0,8.0,92.0,1.0,Bird
1.0,ambush,78.0,80.0,59.0,10.0,1.0,Bird
1.0,ambush,68.0,9.0,4.0,68.0,1.0,Bird
1.0,ambush,78.0,80.0,53.0,10.0,0.0,Bird
1.0,ambush,38.0,68.0,44.0,93.0,0.0,Bird
1.0,ambush,77.0,48.0,90.0,52.0,0.0,Bird
1.0,ambush,35.0,85.0,29.0,46.0,1.0,Bird
1.0,ambush,63.0,82.0,76.0,61.0,1.0,Bird
1.0,ambush,95.0,81.0,83.0,35.0,1.0,Bird
1.0,ambush,68.0,9.0,4.0,68.0,0.0,Bird
1.0,ambush,9.0,66.0,89.0,18.0,0.0,Bird
1.0,ambush,9.0,66.0,89.0,18.0,0.0,Bird
1.0,ambush,35.0,85.0,29.0,46.0,0.0,Bird
1.0,ambush,63.0,82.0,76.0,61.0,0.0,Bird
1.0,ambush,79.0,90.0,28.0,38.0,0.0,Bird
1.0,ambush,45.0,48.0,22.0,93.0,1.0,Bird
1.0,ambush,79.0,90.0,28.0,38.0,0.0,Bird
1.0,ambush,31.0,57.0,25.0,68.0,0.0,Bird
1.0,ambush,91.0,51.0,93.0,78.0,1.0,Bird
1.0,ambush,49.0,73.0,70.0,67.0,1.0,Bird
1.0,ambush,74.0,35.0,6.0,37.0,1.0,Bird
1.0,ambush,29.0,63.0,54.0,50.0,0.0,Bird
1.0,ambush,79.0,96.0,2.0,65.0,1.0,Bird
1.0,ambush,52.0,5.0,86.0,23.0,0.0,Bird
1.0,ambush,68.0,41.0,60.0,89.0,0.0,Bird
1.0,ambush,31.0,57.0,25.0,68.0,0.0,Bird
1.0,ambush,63.0,36.0,3.0,96.0,1.0,Bird
1.0,ambush,91.0,51.0,93.0,78.0,0.0,Bird
1.0,ambush,69.0,70.0,75.0,64.0,1.0,Bird
1.0,ambush,78.0,35.0,3.0,37.0,0.0,Bird
1.0,ambush,79.0,96.0,2.0,65.0,0.0,Bird
1.0,ambush,43.0,13.0,95.0,44.0,0.0,Bird
1.0,ambush,81.0,1.0,27.0,89.0,0.0,Bird
1.0,ambush,69.0,70.0,75.0,64.0,0.0,Bird
1.0,ambush,43.0,13.0,95.0,44.0,0.0,Bird
1.0,ambush,69.0,70.0,75.0,64.0,0.0,Bird
1.0,ambush,5.0,73.0,22.0,97.0,0.0,Bird
1.0,ambush,84.0,45.0,88.0,61.0,1.0,Bird
1.0,ambush,68.0,91.0,17.0,32.0,1.0,Bird
1.0,ambush,84.0,45.0,88.0,61.0,1.0,Bird
1.0,ambush,68.0,91.0,17.0,32.0,0.0,Bird
1.0,ambush,84.0,45.0,88.0,61.0,0.0,Bird
1.0,ambush,68.0,91.0,17.0,32.0,1.0,Bird
1.0,ambush,35.0,88.0,10.0,84.0,0.0,Bird
1.0,ambush,19.0,90.0,41.0,75.0,1.0,Bird
1.0,ambush,43.0,13.0,95.0,44.0,0.0,Bird
1.0,ambush,19.0,90.0,41.0,75.0,1.0,Bird
1.0,ambush,85.0,72.0,100.0,48.0,1.0,Bird
1.0,ambush,46.0,13.0,37.0,32.0,0.0,Bird
1.0,ambush,83.0,32.0,57.0,88.0,1.0,Bird
1.0,ambush,73.0,74.0,1.0,62.0,1.0,Bird
1.0,ambush,73.0,74.0,1.0,62.0,1.0,Bird
1.0,ambush,85.0,72.0,100.0,48.0,0.0,Bird
1.0,ambush,51.0,63.0,72.0,35.0,1.0,Bird
1.0,ambush,51.0,63.0,72.0,35.0,1.0,Bird
1.0,ambush,19.0,90.0,41.0,75.0,0.0,Bird
1.0,ambush,87.0,68.0,100.0,40.0,1.0,Bird
1.0,ambush,73.0,74.0,1.0,62.0,0.0,Bird
1.0,ambush,35.0,88.0,10.0,84.0,0.0,Bird
1.0,ambush,83.0,83.0,32.0,60.0,1.0,Bird
1.0,ambush,14.0,74.0,5.0,70.0,0.0,Bird
1.0,ambush,39.0,95.0,76.0,55.0,0.0,Bird
1.0,ambush,50.0,88.0,75.0,41.0,1.0,Bird
1.0,ambush,33.0,59.0,45.0,86.0,1.0,Bird
1.0,ambush,83.0,83.0,32.0,60.0,0.0,Bird
1.0,ambush,50.0,88.0,75.0,41.0,1.0,Bird
1.0,ambush,50.0,88.0,75.0,41.0,1.0,Bird
1.0,ambush,46.0,72.0,53.0,74.0,1.0,Bird
1.0,ambush,100.0,63.0,93.0,91.0,1.0,Bird
1.0,ambush,98.0,35.0,81.0,41.0,1.0,Bird
1.0,ambush,35.0,88.0,10.0,84.0,0.0,Bird
1.0,ambush,98.0,35.0,81.0,41.0,1.0,Bird
1.0,ambush,47.0,98.0,68.0,70.0,1.0,Bird
1.0,ambush,67.0,47.0,53.0,29.0,0.0,Bird
1.0,ambush,46.0,72.0,53.0,74.0,1.0,Bird
1.0,ambush,65.0,88.0,12.0,37.0,1.0,Bird
1.0,ambush,47.0,98.0,68.0,70.0,0.0,Bird
1.0,ambush,47.0,98.0,68.0,70.0,0.0,Bird
1.0,ambush,58.0,41.0,23.0,67.0,0.0,Bird
1.0,ambush,75.0,93.0,46.0,35.0,1.0,Bird
1.0,ambush,75.0,93.0,46.0,35.0,0.0,Bird
1.0,ambush,75.0,93.0,46.0,35.0,0.0,Bird
1.0,ambush,1.0,44.0,79.0,40.0,0.0,Bird
1.0,ambush,46.0,72.0,53.0,74.0,0.0,Bird
1.0,ambush,1.0,44.0,79.0,40.0,0.0,Bird
1.0,ambush,33.0,76.0,74.0,45.0,0.0,Bird
1.0,ambush,88.0,27.0,82.0,47.0,1.0,Bird
1.0,ambush,18.0,64.0,16.0,49.0,0.0,Bird
1.0,ambush,33.0,76.0,74.0,45.0,0.0,Bird
1.0,ambush,50.0,65.0,62.0,16.0,0.0,Bird
1.0,ambush,66.0,39.0,65.0,59.0,1.0,Bird
1.0,ambush,66.0,39.0,65.0,59.0,1.0,Bird
1.0,ambush,21.0,17.0,81.0,85.0,0.0,Bird
1.0,ambush,50.0,65.0,62.0,16.0,0.0,Bird
1.0,ambush,50.0,65.0,62.0,16.0,0.0,Bird
1.0,ambush,66.0,39.0,65.0,59.0,0.0,Bird
1.0,ambush,96.0,58.0,50.0,54.0,1.0,Bird
1.0,ambush,96.0,58.0,50.0,54.0,1.0,Bird
1.0,ambush,43.0,68.0,26.0,87.0,1.0,Bird
1.0,ambush,49.0,66.0,6.0,100.0,1.0,Bird
1.0,ambush,43.0,68.0,26.0,87.0,0.0,Bird
1.0,ambush,49.0,66.0,6.0,100.0,1.0,Bird
1.0,ambush,33.0,59.0,45.0,86.0,0.0,Bird
1.0,ambush,42.0,37.0,41.0,39.0,0.0,Bird
1.0,ambush,96.0,58.0,50.0,54.0,0.0,Bird
1.0,ambush,61.0,74.0,98.0,46.0,1.0,Bird
1.0,ambush,88.0,52.0,87.0,26.0,1.0,Bird
1.0,ambush,26.0,31.0,80.0,28.0,1.0,Bird
1.0,ambush,61.0,74.0,98.0,46.0,0.0,Bird
1.0,ambush,61.0,74.0,98.0,46.0,0.0,Bird
1.0,ambush,21.0,17.0,81.0,85.0,0.0,Bird
1.0,ambush,58.0,77.0,35.0,65.0,1.0,Bird
1.0,ambush,54.0,17.0,76.0,41.0,0.0,Bird
1.0,ambush,65.0,73.0,90.0,69.0,1.0,Bird
1.0,ambush,62.0,40.0,95.0,77.0,0.0,Bird
1.0,ambush,62.0,40.0,95.0,77.0,1.0,Bird
1.0,ambush,43.0,68.0,26.0,87.0,0.0,Bird
1.0,ambush,100.0,100.0,42.0,47.0,0.0,Bird
1.0,ambush,100.0,100.0,42.0,47.0,1.0,Bird
1.0,ambush,60.0,25.0,95.0,33.0,1.0,Bird
1.0,ambush,65.0,73.0,90.0,69.0,0.0,Bird
1.0,ambush,65.0,73.0,90.0,69.0,0.0,Bird
1.0,ambush,60.0,25.0,95.0,33.0,0.0,Bird
1.0,ambush,100.0,100.0,42.0,47.0,0.0,Bird
1.0,ambush,60.0,25.0,95.0,33.0,0.0,Bird
1.0,ambush,45.0,86.0,5.0,17.0,0.0,Bird
1.0,ambush,98.0,80.0,67.0,29.0,1.0,Bird
1.0,ambush,88.0,88.0,37.0,82.0,1.0,Bird
1.0,ambush,45.0,86.0,5.0,17.0,0.0,Bird
1.0,ambush,49.0,66.0,6.0,100.0,0.0,Bird
1.0,ambush,98.0,80.0,67.0,29.0,0.0,Bird
1.0,ambush,41.0,47.0,34.0,27.0,0.0,Bird
1.0,ambush,41.0,47.0,34.0,27.0,0.0,Bird
1.0,ambush,56.0,95.0,91.0,41.0,1.0,Bird
1.0,ambush,56.0,95.0,91.0,41.0,1.0,Bird
1.0,ambush,30.0,88.0,92.0,99.0,1.0,Bird
1.0,ambush,81.0,85.0,61.0,40.0,0.0,Bird
1.0,ambush,81.0,85.0,61.0,40.0,1.0,Bird
1.0,ambush,30.0,88.0,92.0,99.0,1.0,Bird
1.0,ambush,24.0,73.0,91.0,81.0,1.0,Bird
1.0,ambush,81.0,85.0,61.0,40.0,1.0,Bird
1.0,ambush,37.0,67.0,12.0,69.0,0.0,Bird
1.0,ambush,54.0,62.0,20.0,84.0,1.0,Bird
1.0,ambush,13.0,46.0,81.0,34.0,0.0,Bird
1.0,ambush,54.0,62.0,20.0,84.0,1.0,Bird
1.0,ambush,41.0,47.0,34.0,27.0,0.0,Bird
1.0,ambush,54.0,62.0,20.0,84.0,1.0,Bird
1.0,ambush,88.0,45.0,74.0,92.0,1.0,Bird
1.0,ambush,62.0,22.0,18.0,100.0,1.0,Bird
1.0,ambush,60.0,65.0,62.0,24.0,0.0,Bird
1.0,ambush,43.0,55.0,52.0,59.0,1.0,Bird
1.0,ambush,62.0,40.0,95.0,77.0,1.0,Bird
1.0,ambush,88.0,45.0,74.0,92.0,0.0,Bird
1.0,ambush,39.0,72.0,10.0,90.0,1.0,Bird
1.0,ambush,35.0,73.0,10.0,90.0,0.0,Bird
1.0,ambush,64.0,23.0,29.0,47.0,0.0,Bird
1.0,ambush,88.0,45.0,74.0,92.0,0.0,Bird
1.0,ambush,6.0,84.0,26.0,83.0,0.0,Bird
1.0,ambush,85.0,50.0,61.0,30.0,0.0,Bird
1.0,ambush,10.0,14.0,22.0,32.0,0.0,Bird
1.0,ambush,61.0,66.0,40.0,38.0,1.0,Bird
1.0,ambush,61.0,66.0,40.0,38.0,1.0,Bird
1.0,ambush,61.0,66.0,40.0,38.0,1.0,Bird
1.0,ambush,39.0,72.0,10.0,90.0,0.0,Bird
1.0,ambush,6.0,84.0,26.0,83.0,0.0,Bird
1.0,ambush,91.0,72.0,85.0,57.0,1.0,Bird
1.0,ambush,87.0,30.0,78.0,88.0,1.0,Bird
1.0,ambush,91.0,72.0,85.0,57.0,0.0,Bird
1.0,ambush,23.0,55.0,54.0,49.0,1.0,Bird
1.0,ambush,10.0,14.0,22.0,32.0,0.0,Bird
1.0,ambush,81.0,51.0,62.0,74.0,1.0,Bird
1.0,ambush,81.0,51.0,62.0,74.0,1.0,Bird
1.0,ambush,10.0,14.0,22.0,32.0,0.0,Bird
1.0,ambush,36.0,69.0,27.0,12.0,0.0,Bird
1.0,ambush,45.0,95.0,56.0,47.0,1.0,Bird
1.0,ambush,81.0,51.0,62.0,74.0,0.0,Bird
1.0,ambush,46.0,52.0,37.0,64.0,1.0,Bird
1.0,ambush,72.0,93.0,20.0,69.0,0.0,Bird
1.0,ambush,87.0,30.0,78.0,88.0,0.0,Bird
1.0,ambush,36.0,32.0,20.0,97.0,0.0,Bird
1.0,ambush,17.0,71.0,17.0,94.0,1.0,Bird
1.0,ambush,52.0,6.0,5.0,33.0,0.0,Bird
1.0,ambush,52.0,5.0,5.0,33.0,0.0,Bird
1.0,ambush,17.0,71.0,17.0,94.0,1.0,Bird
1.0,ambush,53.0,47.0,80.0,33.0,0.0,Bird
1.0,ambush,7.0,85.0,37.0,81.0,0.0,Bird
1.0,ambush,53.0,47.0,80.0,33.0,0.0,Bird
1.0,ambush,81.0,53.0,72.0,82.0,1.0,Bird
1.0,ambush,36.0,32.0,20.0,97.0,0.0,Bird
1.0,ambush,81.0,53.0,72.0,82.0,1.0,Bird
1.0,ambush,61.0,51.0,37.0,72.0,0.0,Bird
1.0,ambush,41.0,23.0,60.0,17.0,0.0,Bird
1.0,ambush,61.0,51.0,37.0,72.0,0.0,Bird
1.0,ambush,30.0,99.0,44.0,37.0,0.0,Bird
1.0,ambush,30.0,99.0,44.0,37.0,0.0,Bird
1.0,ambush,13.0,92.0,38.0,68.0,1.0,Bird
1.0,ambush,81.0,53.0,72.0,82.0,0.0,Bird
1.0,ambush,80.0,63.0,98.0,78.0,0.0,Bird
1.0,ambush,46.0,94.0,2.0,20.0,1.0,Bird
1.0,ambush,17.0,71.0,17.0,94.0,0.0,Bird
1.0,ambush,41.0,23.0,60.0,17.0,1.0,Bird
1.0,ambush,18.0,75.0,4.0,24.0,0.0,Bird
1.0,ambush,6.0,79.0,40.0,31.0,0.0,Bird
1.0,ambush,83.0,21.0,30.0,72.0,1.0,Bird
1.0,ambush,18.0,75.0,4.0,24.0,1.0,Bird
1.0,ambush,18.0,75.0,4.0,24.0,0.0,Bird
1.0,ambush,61.0,51.0,37.0,72.0,0.0,Bird
1.0,ambush,29.0,80.0,10.0,39.0,1.0,Bird
1.0,ambush,29.0,80.0,10.0,39.0,1.0,Bird
1.0,ambush,29.0,80.0,10.0,39.0,1.0,Bird
1.0,ambush,93.0,78.0,66.0,59.0,0.0,Bird
1.0,ambush,45.0,16.0,18.0,84.0,1.0,Bird
1.0,ambush,54.0,41.0,78.0,67.0,0.0,Bird
1.0,ambush,54.0,41.0,78.0,67.0,0.0,Bird
1.0,ambush,81.0,6.0,76.0,95.0,1.0,Bird
1.0,ambush,29.0,23.0,90.0,4.0,0.0,Bird
1.0,ambush,29.0,23.0,90.0,4.0,0.0,Bird
1.0,ambush,29.0,23.0,90.0,4.0,0.0,Bird
1.0,ambush,76.0,23.0,60.0,58.0,1.0,Bird
1.0,ambush,99.0,93.0,55.0,83.0,1.0,Bird
1.0,ambush,81.0,6.0,76.0,95.0,0.0,Bird
1.0,ambush,71.0,86.0,8.0,8.0,0.0,Bird
1.0,ambush,71.0,86.0,8.0,8.0,0.0,Bird
1.0,ambush,71.0,86.0,8.0,8.0,0.0,Bird
1.0,ambush,99.0,93.0,55.0,83.0,0.0,Bird
1.0,ambush,99.0,93.0,55.0,83.0,0.0,Bird
1.0,ambush,82.0,100.0,51.0,65.0,1.0,Bird
1.0,ambush,81.0,6.0,76.0,95.0,0.0,Bird
1.0,ambush,95.0,43.0,60.0,40.0,1.0,Bird
1.0,ambush,89.0,11.0,97.0,48.0,1.0,Bird
1.0,ambush,89.0,11.0,97.0,48.0,0.0,Bird
1.0,ambush,89.0,85.0,21.0,27.0,1.0,Bird
1.0,ambush,85.0,90.0,53.0,68.0,0.0,Bird
1.0,ambush,47.0,26.0,66.0,86.0,0.0,Bird
1.0,ambush,100.0,81.0,87.0,76.0,1.0,Bird
1.0,ambush,95.0,43.0,60.0,40.0,0.0,Bird
1.0,ambush,89.0,85.0,21.0,27.0,0.0,Bird
1.0,ambush,82.0,100.0,51.0,65.0,0.0,Bird
1.0,ambush,29.0,59.0,92.0,23.0,1.0,Bird
1.0,ambush,83.0,21.0,30.0,72.0,0.0,Bird
1.0,ambush,98.0,4.0,10.0,82.0,0.0,Bird
1.0,ambush,48.0,92.0,9.0,47.0,0.0,Bird
1.0,ambush,94.0,95.0,3.0,69.0,0.0,Bird
1.0,ambush,100.0,81.0,87.0,76.0,0.0,Bird
1.0,ambush,96.0,17.0,98.0,31.0,0.0,Bird
1.0,ambush,94.0,95.0,3.0,69.0,0.0,Bird
1.0,ambush,12.0,98.0,78.0,16.0,0.0,Bird
1.0,ambush,12.0,98.0,76.0,16.0,0.0,Bird
1.0,ambush,12.0,98.0,78.0,16.0,0.0,Bird
1.0,ambush,45.0,24.0,32.0,31.0,1.0,Bird
1.0,ambush,38.0,29.0,23.0,39.0,0.0,Bird
1.0,ambush,33.0,60.0,44.0,97.0,1.0,Bird
1.0,ambush,80.0,75.0,25.0,51.0,1.0,Bird
1.0,ambush,80.0,75.0,25.0,51.0,1.0,Bird
1.0,ambush,45.0,24.0,32.0,31.0,0.0,Bird
1.0,ambush,70.0,75.0,99.0,64.0,1.0,Bird
1.0,ambush,45.0,24.0,32.0,31.0,0.0,Bird
1.0,ambush,21.0,72.0,54.0,42.0,1.0,Bird
1.0,ambush,24.0,93.0,92.0,48.0,0.0,Bird
1.0,ambush,38.0,60.0,17.0,90.0,0.0,Bird
1.0,ambush,38.0,31.0,23.0,39.0,0.0,Bird
1.0,ambush,96.0,17.0,98.0,31.0,0.0,Bird
1.0,ambush,21.0,72.0,54.0,42.0,1.0,Bird
1.0,ambush,74.0,56.0,46.0,53.0,1.0,Bird
1.0,ambush,38.0,29.0,23.0,39.0,0.0,Bird
1.0,ambush,47.0,88.0,42.0,15.0,0.0,Bird
1.0,ambush,67.0,41.0,80.0,48.0,1.0,Bird
1.0,ambush,59.0,68.0,85.0,26.0,0.0,Bird
1.0,ambush,18.0,86.0,43.0,47.0,1.0,Bird
1.0,ambush,70.0,75.0,99.0,64.0,1.0,Bird
1.0,ambush,74.0,56.0,46.0,53.0,0.0,Bird
1.0,ambush,18.0,86.0,43.0,47.0,0.0,Bird
1.0,ambush,74.0,56.0,46.0,53.0,0.0,Bird
1.0,ambush,12.0,79.0,64.0,93.0,1.0,Bird
1.0,ambush,35.0,25.0,47.0,24.0,1.0,Bird
1.0,ambush,72.0,91.0,13.0,78.0,1.0,Bird
1.0,ambush,40.0,25.0,47.0,24.0,0.0,Bird
1.0,ambush,91.0,52.0,75.0,83.0,0.0,Bird
1.0,ambush,12.0,78.0,64.0,93.0,0.0,Bird
1.0,ambush,91.0,52.0,75.0,83.0,0.0,Bird
1.0,ambush,12.0,79.0,64.0,93.0,0.0,Bird
1.0,ambush,35.0,25.0,47.0,24.0,0.0,Bird
1.0,ambush,49.0,45.0,71.0,50.0,1.0,Bird
1.0,ambush,74.0,86.0,63.0,65.0,1.0,Bird
1.0,ambush,94.0,26.0,26.0,90.0,0.0,Bird
1.0,ambush,74.0,86.0,63.0,65.0,0.0,Bird
1.0,ambush,99.0,74.0,34.0,71.0,1.0,Bird
1.0,ambush,52.0,73.0,57.0,42.0,1.0,Bird
1.0,ambush,52.0,94.0,83.0,26.0,0.0,Bird
1.0,ambush,52.0,73.0,57.0,42.0,0.0,Bird
1.0,ambush,72.0,91.0,13.0,78.0,1.0,Bird
1.0,ambush,74.0,86.0,63.0,65.0,0.0,Bird
1.0,ambush,99.0,74.0,34.0,71.0,0.0,Bird
1.0,ambush,84.0,93.0,62.0,39.0,1.0,Bird
1.0,ambush,50.0,82.0,35.0,82.0,1.0,Bird
1.0,ambush,99.0,74.0,34.0,71.0,1.0,Bird
1.0,ambush,84.0,93.0,62.0,39.0,0.0,Bird
1.0,ambush,67.0,37.0,89.0,70.0,1.0,Bird
1.0,ambush,71.0,63.0,51.0,73.0,1.0,Bird
1.0,ambush,71.0,63.0,51.0,73.0,0.0,Bird
1.0,ambush,67.0,37.0,89.0,70.0,1.0,Bird
1.0,ambush,71.0,63.0,51.0,73.0,0.0,Bird
1.0,ambush,69.0,87.0,72.0,68.0,1.0,Bird
1.0,ambush,34.0,73.0,15.0,82.0,1.0,Bird
1.0,ambush,97.0,26.0,57.0,80.0,0.0,Bird
1.0,ambush,48.0,26.0,57.0,98.0,0.0,Bird
1.0,ambush,97.0,26.0,57.0,80.0,0.0,Bird
1.0,ambush,64.0,47.0,52.0,15.0,0.0,Bird
1.0,ambush,64.0,47.0,52.0,15.0,0.0,Bird
1.0,ambush,27.0,61.0,66.0,21.0,1.0,Bird
1.0,ambush,19.0,71.0,51.0,80.0,1.0,Bird
1.0,ambush,27.0,61.0,66.0,21.0,0.0,Bird
1.0,ambush,48.0,26.0,57.0,99.0,1.0,Bird
1.0,ambush,34.0,73.0,15.0,82.0,0.0,Bird
1.0,ambush,56.0,31.0,53.0,95.0,1.0,Bird
1.0,ambush,93.0,72.0,26.0,36.0,1.0,Bird
1.0,ambush,69.0,5.0,83.0,10.0,0.0,Bird
1.0,ambush,93.0,68.0,26.0,36.0,0.0,Bird
1.0,ambush,69.0,5.0,83.0,10.0,0.0,Bird
1.0,ambush,93.0,72.0,26.0,36.0,0.0,Bird
1.0,ambush,56.0,31.0,53.0,95.0,1.0,Bird
1.0,ambush,99.0,47.0,24.0,46.0,0.0,Bird
1.0,ambush,99.0,47.0,24.0,46.0,0.0,Bird
1.0,ambush,72.0,71.0,3.0,69.0,1.0,Bird
1.0,ambush,19.0,71.0,51.0,80.0,0.0,Bird
1.0,ambush,64.0,86.0,68.0,51.0,1.0,Bird
1.0,ambush,27.0,18.0,92.0,36.0,0.0,Bird
1.0,ambush,56.0,31.0,53.0,95.0,0.0,Bird
1.0,ambush,64.0,90.0,69.0,51.0,1.0,Bird
1.0,ambush,44.0,57.0,26.0,66.0,0.0,Bird
1.0,ambush,64.0,86.0,68.0,51.0,1.0,Bird
1.0,ambush,29.0,42.0,12.0,62.0,1.0,Bird
1.0,ambush,74.0,33.0,98.0,88.0,1.0,Bird
1.0,ambush,14.0,94.0,67.0,86.0,1.0,Bird
1.0,ambush,66.0,55.0,64.0,92.0,1.0,Bird
1.0,ambush,71.0,25.0,39.0,69.0,1.0,Bird
1.0,ambush,76.0,55.0,16.0,44.0,0.0,Bird
1.0,ambush,73.0,72.0,89.0,48.0,1.0,Bird
1.0,ambush,50.0,82.0,35.0,82.0,0.0,Bird
1.0,ambush,29.0,42.0,12.0,62.0,0.0,Bird
1.0,ambush,14.0,94.0,67.0,86.0,0.0,Bird
1.0,ambush,78.0,63.0,37.0,71.0,1.0,Bird
1.0,ambush,61.0,69.0,95.0,36.0,1.0,Bird
1.0,ambush,71.0,25.0,39.0,69.0,0.0,Bird
1.0,ambush,71.0,25.0,39.0,69.0,0.0,Bird
1.0,ambush,13.0,86.0,91.0,48.0,1.0,Bird
1.0,ambush,46.0,53.0,76.0,76.0,1.0,Bird
1.0,ambush,18.0,57.0,100.0,31.0,1.0,Bird
1.0,ambush,18.0,57.0,100.0,31.0,1.0,Bird
1.0,ambush,74.0,33.0,98.0,88.0,0.0,Bird
1.0,ambush,34.0,89.0,20.0,89.0,0.0,Bird
1.0,ambush,29.0,42.0,12.0,62.0,0.0,Bird
1.0,ambush,49.0,71.0,83.0,52.0,1.0,Bird
1.0,ambush,13.0,86.0,91.0,48.0,0.0,Bird
1.0,ambush,13.0,86.0,91.0,48.0,0.0,Bird
1.0,ambush,71.0,43.0,37.0,55.0,0.0,Bird
1.0,ambush,71.0,43.0,37.0,55.0,0.0,Bird
1.0,ambush,71.0,43.0,37.0,55.0,0.0,Bird
1.0,ambush,19.0,80.0,63.0,19.0,0.0,Bird
1.0,ambush,19.0,80.0,63.0,19.0,0.0,Bird
1.0,ambush,60.0,69.0,95.0,39.0,1.0,Bird
1.0,ambush,97.0,88.0,62.0,83.0,1.0,Bird
1.0,ambush,62.0,36.0,77.0,63.0,0.0,Bird
1.0,ambush,38.0,81.0,91.0,97.0,1.0,Bird
1.0,ambush,24.0,95.0,98.0,72.0,1.0,Bird
1.0,ambush,32.0,13.0,40.0,19.0,0.0,Bird
1.0,ambush,32.0,13.0,40.0,19.0,0.0,Bird
1.0,ambush,71.0,68.0,49.0,75.0,0.0,Bird
1.0,ambush,31.0,26.0,72.0,74.0,1.0,Bird
1.0,ambush,71.0,68.0,49.0,75.0,0.0,Bird
1.0,ambush,71.0,68.0,49.0,75.0,1.0,Bird
1.0,ambush,52.0,22.0,48.0,50.0,0.0,Bird
1.0,ambush,24.0,74.0,88.0,80.0,1.0,Bird
1.0,ambush,62.0,36.0,77.0,63.0,0.0,Bird
1.0,ambush,18.0,62.0,71.0,26.0,0.0,Bird
1.0,ambush,61.0,54.0,89.0,90.0,0.0,Bird
1.0,ambush,62.0,36.0,77.0,63.0,0.0,Bird
1.0,ambush,50.0,92.0,10.0,36.0,1.0,Bird
1.0,ambush,52.0,22.0,48.0,50.0,0.0,Bird
1.0,ambush,26.0,42.0,38.0,70.0,0.0,Bird
1.0,ambush,88.0,25.0,67.0,93.0,0.0,Bird
1.0,ambush,50.0,92.0,10.0,36.0,0.0,Bird
1.0,ambush,76.0,67.0,76.0,43.0,1.0,Bird
1.0,ambush,18.0,62.0,71.0,26.0,0.0,Bird
1.0,ambush,76.0,67.0,76.0,43.0,0.0,Bird
1.0,ambush,18.0,62.0,71.0,26.0,1.0,Bird
1.0,ambush,17.0,55.0,46.0,36.0,1.0,Bird
1.0,ambush,24.0,74.0,88.0,80.0,0.0,Bird
1.0,ambush,61.0,54.0,89.0,90.0,0.0,Bird
2.0,ambush,24.0,25.0,48.0,39.0,0.0,Bird
2.0,ambush,45.0,24.0,32.0,31.0,0.0,Bird
2.0,ambush,18.0,75.0,4.0,24.0,1.0,Bird
2.0,ambush,45.0,24.0,32.0,31.0,1.0,Bird
2.0,ambush,19.0,23.0,55.0,39.0,0.0,Bird
2.0,ambush,24.0,25.0,48.0,39.0,0.0,Bird
2.0,ambush,35.0,25.0,47.0,24.0,0.0,Bird
2.0,ambush,48.0,26.0,28.0,29.0,0.0,Bird
2.0,ambush,70.0,35.0,21.0,15.0,0.0,Bird
2.0,ambush,48.0,46.0,2.0,48.0,1.0,Bird
2.0,ambush,48.0,46.0,2.0,48.0,1.0,Bird
2.0,ambush,41.0,23.0,60.0,17.0,0.0,Bird
2.0,ambush,41.0,23.0,60.0,17.0,0.0,Bird
2.0,ambush,41.0,23.0,60.0,17.0,0.0,Bird
2.0,ambush,24.0,25.0,48.0,39.0,0.0,Bird
2.0,ambush,19.0,23.0,55.0,39.0,0.0,Bird
2.0,ambush,48.0,46.0,1.0,48.0,1.0,Bird
2.0,ambush,5.0,45.0,60.0,33.0,0.0,Bird
2.0,ambush,48.0,46.0,2.0,48.0,0.0,Bird
2.0,ambush,48.0,46.0,2.0,48.0,0.0,Bird
2.0,ambush,48.0,46.0,2.0,48.0,0.0,Bird
2.0,ambush,60.0,23.0,36.0,28.0,0.0,Bird
2.0,ambush,60.0,23.0,36.0,28.0,0.0,Bird
2.0,ambush,74.0,35.0,6.0,37.0,0.0,Bird
2.0,ambush,29.0,42.0,12.0,62.0,0.0,Bird
2.0,ambush,68.0,9.0,4.0,68.0,1.0,Bird
2.0,ambush,74.0,35.0,6.0,37.0,0.0,Bird
2.0,ambush,29.0,80.0,10.0,39.0,0.0,Bird
2.0,ambush,17.0,55.0,46.0,36.0,1.0,Bird
2.0,ambush,17.0,55.0,46.0,36.0,0.0,Bird
2.0,ambush,17.0,55.0,46.0,36.0,0.0,Bird
2.0,ambush,29.0,80.0,10.0,39.0,1.0,Bird
2.0,ambush,29.0,80.0,10.0,39.0,0.0,Bird
2.0,ambush,29.0,80.0,10.0,39.0,0.0,Bird
2.0,ambush,29.0,80.0,10.0,39.0,0.0,Bird
2.0,ambush,29.0,80.0,10.0,39.0,0.0,Bird
2.0,ambush,29.0,80.0,10.0,39.0,1.0,Bird
2.0,ambush,46.0,94.0,2.0,20.0,0.0,Bird
2.0,ambush,45.0,16.0,18.0,84.0,0.0,Bird
2.0,ambush,29.0,42.0,12.0,62.0,0.0,Bird
2.0,ambush,29.0,80.0,10.0,39.0,1.0,Bird
2.0,ambush,45.0,16.0,18.0,84.0,0.0,Bird
2.0,ambush,29.0,42.0,12.0,62.0,0.0,Bird
2.0,ambush,54.0,22.0,69.0,32.0,1.0,Bird
2.0,ambush,18.0,62.0,71.0,26.0,1.0,Bird
2.0,ambush,27.0,61.0,66.0,21.0,0.0,Bird
2.0,ambush,54.0,22.0,69.0,32.0,1.0,Bird
2.0,ambush,26.0,31.0,80.0,28.0,0.0,Bird
2.0,ambush,68.0,12.0,4.0,67.0,0.0,Bird
2.0,ambush,26.0,31.0,80.0,28.0,0.0,Bird
2.0,ambush,7.0,50.0,16.0,100.0,0.0,Bird
2.0,ambush,54.0,22.0,69.0,32.0,0.0,Bird
2.0,ambush,54.0,22.0,69.0,32.0,0.0,Bird
2.0,ambush,7.0,50.0,16.0,100.0,0.0,Bird
2.0,ambush,18.0,62.0,71.0,26.0,0.0,Bird
2.0,ambush,54.0,22.0,69.0,32.0,1.0,Bird
2.0,ambush,50.0,19.0,75.0,36.0,0.0,Bird
2.0,ambush,18.0,62.0,71.0,26.0,0.0,Bird
2.0,ambush,64.0,67.0,19.0,31.0,1.0,Bird
2.0,ambush,64.0,67.0,19.0,31.0,1.0,Bird
2.0,ambush,64.0,67.0,19.0,31.0,0.0,Bird
2.0,ambush,54.0,22.0,69.0,32.0,1.0,Bird
2.0,ambush,64.0,67.0,19.0,31.0,1.0,Bird
2.0,ambush,64.0,67.0,19.0,31.0,0.0,Bird
2.0,ambush,50.0,92.0,10.0,36.0,1.0,Bird
2.0,ambush,54.0,22.0,69.0,32.0,0.0,Bird
2.0,ambush,59.0,40.0,62.0,30.0,1.0,Bird
2.0,ambush,54.0,22.0,69.0,32.0,0.0,Bird
2.0,ambush,59.0,40.0,62.0,30.0,0.0,Bird
2.0,ambush,59.0,40.0,62.0,30.0,1.0,Bird
2.0,ambush,21.0,72.0,54.0,42.0,1.0,Bird
2.0,ambush,55.0,74.0,43.0,20.0,1.0,Bird
2.0,ambush,23.0,55.0,54.0,49.0,0.0,Bird
2.0,ambush,59.0,40.0,62.0,30.0,0.0,Bird
2.0,ambush,56.0,71.0,44.0,22.0,0.0,Bird
2.0,ambush,21.0,72.0,54.0,42.0,0.0,Bird
2.0,ambush,56.0,71.0,44.0,22.0,0.0,Bird
2.0,ambush,56.0,71.0,44.0,22.0,1.0,Bird
2.0,ambush,56.0,71.0,44.0,22.0,0.0,Bird
2.0,ambush,56.0,71.0,44.0,22.0,0.0,Bird
2.0,ambush,56.0,71.0,44.0,22.0,0.0,Bird
2.0,ambush,18.0,86.0,43.0,47.0,1.0,Bird
2.0,ambush,35.0,85.0,29.0,46.0,1.0,Bird
2.0,ambush,35.0,85.0,29.0,46.0,0.0,Bird
2.0,ambush,18.0,86.0,43.0,47.0,0.0,Bird
2.0,ambush,18.0,86.0,43.0,47.0,0.0,Bird
2.0,ambush,71.0,32.0,19.0,74.0,1.0,Bird
2.0,ambush,59.0,68.0,10.0,61.0,1.0,Bird
2.0,ambush,35.0,85.0,29.0,46.0,0.0,Bird
2.0,ambush,71.0,32.0,19.0,74.0,1.0,Bird
2.0,ambush,35.0,74.0,24.0,57.0,0.0,Bird
2.0,ambush,59.0,68.0,10.0,61.0,1.0,Bird
2.0,ambush,71.0,32.0,19.0,74.0,1.0,Bird
2.0,ambush,71.0,32.0,19.0,74.0,1.0,Bird
2.0,ambush,71.0,32.0,19.0,74.0,0.0,Bird
2.0,ambush,59.0,68.0,10.0,61.0,1.0,Bird
2.0,ambush,59.0,68.0,10.0,61.0,1.0,Bird
2.0,ambush,59.0,68.0,10.0,61.0,0.0,Bird
2.0,ambush,46.0,52.0,37.0,64.0,1.0,Bird
2.0,ambush,21.0,69.0,54.0,42.0,0.0,Bird
2.0,ambush,46.0,52.0,37.0,64.0,1.0,Bird
2.0,ambush,17.0,71.0,17.0,94.0,1.0,Bird
2.0,ambush,17.0,71.0,17.0,94.0,1.0,Bird
2.0,ambush,63.0,36.0,3.0,96.0,1.0,Bird
2.0,ambush,51.0,62.0,37.0,50.0,1.0,Bird
2.0,ambush,24.0,52.0,43.0,81.0,1.0,Bird
2.0,ambush,63.0,36.0,3.0,96.0,0.0,Bird
2.0,ambush,51.0,62.0,37.0,50.0,1.0,Bird
2.0,ambush,30.0,33.0,44.0,93.0,0.0,Bird
2.0,ambush,24.0,52.0,43.0,81.0,1.0,Bird
2.0,ambush,17.0,71.0,17.0,94.0,0.0,Bird
2.0,ambush,91.0,74.0,2.0,34.0,0.0,Bird
2.0,ambush,24.0,52.0,43.0,81.0,1.0,Bird
2.0,ambush,91.0,74.0,2.0,34.0,1.0,Bird
2.0,ambush,11.0,64.0,68.0,58.0,1.0,Bird
2.0,ambush,11.0,64.0,68.0,58.0,1.0,Bird
2.0,ambush,65.0,88.0,12.0,37.0,1.0,Bird
2.0,ambush,24.0,52.0,43.0,81.0,0.0,Bird
2.0,ambush,65.0,88.0,12.0,37.0,0.0,Bird
2.0,ambush,30.0,33.0,44.0,93.0,0.0,Bird
2.0,ambush,29.0,59.0,92.0,23.0,1.0,Bird
2.0,ambush,29.0,59.0,92.0,23.0,0.0,Bird
2.0,ambush,11.0,64.0,72.0,59.0,0.0,Bird
2.0,ambush,62.0,22.0,18.0,100.0,1.0,Bird
2.0,ambush,24.0,52.0,43.0,83.0,0.0,Bird
2.0,ambush,46.0,52.0,37.0,64.0,0.0,Bird
2.0,ambush,34.0,73.0,15.0,82.0,0.0,Bird
2.0,ambush,34.0,73.0,15.0,82.0,0.0,Bird
2.0,ambush,34.0,73.0,15.0,82.0,0.0,Bird
2.0,ambush,60.0,45.0,6.0,93.0,1.0,Bird
2.0,ambush,61.0,66.0,40.0,38.0,1.0,Bird
2.0,ambush,60.0,45.0,6.0,93.0,1.0,Bird
2.0,ambush,31.0,26.0,72.0,74.0,0.0,Bird
2.0,ambush,61.0,66.0,40.0,38.0,1.0,Bird
2.0,ambush,30.0,33.0,44.0,93.0,0.0,Bird
2.0,ambush,61.0,66.0,40.0,38.0,1.0,Bird
2.0,ambush,60.0,45.0,6.0,93.0,1.0,Bird
2.0,ambush,61.0,66.0,40.0,38.0,0.0,Bird
2.0,ambush,61.0,66.0,40.0,38.0,1.0,Bird
2.0,ambush,61.0,66.0,40.0,38.0,0.0,Bird
2.0,ambush,71.0,25.0,39.0,69.0,0.0,Bird
2.0,ambush,18.0,57.0,100.0,31.0,1.0,Bird
2.0,ambush,18.0,57.0,100.0,31.0,0.0,Bird
2.0,ambush,18.0,57.0,100.0,31.0,1.0,Bird
2.0,ambush,18.0,57.0,100.0,31.0,1.0,Bird
2.0,ambush,35.0,89.0,25.0,59.0,1.0,Bird
2.0,ambush,35.0,89.0,25.0,59.0,0.0,Bird
2.0,ambush,31.0,26.0,72.0,74.0,0.0,Bird
2.0,ambush,35.0,89.0,25.0,59.0,0.0,Bird
2.0,ambush,14.0,57.0,98.0,31.0,0.0,Bird
2.0,ambush,68.0,91.0,17.0,32.0,1.0,Bird
2.0,ambush,68.0,91.0,17.0,32.0,0.0,Bird
2.0,ambush,31.0,26.0,76.0,74.0,0.0,Bird
2.0,ambush,35.0,89.0,25.0,59.0,1.0,Bird
2.0,ambush,68.0,91.0,17.0,32.0,1.0,Bird
2.0,ambush,68.0,91.0,17.0,32.0,0.0,Bird
2.0,ambush,83.0,21.0,30.0,72.0,0.0,Bird
2.0,ambush,60.0,53.0,58.0,39.0,1.0,Bird
2.0,ambush,45.0,48.0,22.0,93.0,1.0,Bird
2.0,ambush,60.0,53.0,58.0,39.0,0.0,Bird
2.0,ambush,43.0,55.0,52.0,59.0,0.0,Bird
2.0,ambush,43.0,55.0,52.0,59.0,0.0,Bird
2.0,ambush,73.0,74.0,1.0,62.0,0.0,Bird
2.0,ambush,73.0,74.0,1.0,62.0,0.0,Bird
2.0,ambush,83.0,21.0,30.0,72.0,1.0,Bird
2.0,ambush,13.0,92.0,38.0,68.0,1.0,Bird
2.0,ambush,51.0,93.0,32.0,35.0,1.0,Bird
2.0,ambush,31.0,82.0,60.0,38.0,0.0,Bird
2.0,ambush,73.0,74.0,1.0,62.0,0.0,Bird
2.0,ambush,51.0,93.0,32.0,35.0,0.0,Bird
2.0,ambush,51.0,93.0,32.0,35.0,0.0,Bird
2.0,ambush,31.0,82.0,60.0,39.0,1.0,Bird
2.0,ambush,31.0,82.0,60.0,39.0,1.0,Bird
2.0,ambush,13.0,92.0,38.0,68.0,0.0,Bird
2.0,ambush,39.0,72.0,10.0,90.0,1.0,Bird
2.0,ambush,31.0,82.0,60.0,39.0,0.0,Bird
2.0,ambush,48.0,67.0,82.0,16.0,1.0,Bird
2.0,ambush,50.0,35.0,40.0,86.0,1.0,Bird
2.0,ambush,37.0,70.0,25.0,81.0,1.0,Bird
2.0,ambush,60.0,25.0,95.0,33.0,1.0,Bird
2.0,ambush,45.0,26.0,61.0,82.0,0.0,Bird
2.0,ambush,39.0,72.0,10.0,90.0,0.0,Bird
2.0,ambush,56.0,57.0,60.0,42.0,1.0,Bird
2.0,ambush,60.0,25.0,95.0,33.0,1.0,Bird
2.0,ambush,45.0,41.0,71.0,50.0,1.0,Bird
2.0,ambush,50.0,35.0,40.0,86.0,0.0,Bird
2.0,ambush,12.0,54.0,50.0,99.0,1.0,Bird
2.0,ambush,50.0,35.0,40.0,86.0,0.0,Bird
2.0,ambush,49.0,45.0,71.0,50.0,1.0,Bird
2.0,ambush,72.0,71.0,3.0,69.0,0.0,Bird
2.0,ambush,72.0,71.0,3.0,69.0,0.0,Bird
2.0,ambush,72.0,71.0,3.0,69.0,0.0,Bird
2.0,ambush,12.0,54.0,50.0,99.0,0.0,Bird
2.0,ambush,12.0,82.0,42.0,80.0,0.0,Bird
2.0,ambush,76.0,23.0,60.0,58.0,0.0,Bird
2.0,ambush,12.0,82.0,42.0,80.0,0.0,Bird
2.0,ambush,12.0,82.0,42.0,80.0,0.0,Bird
2.0,ambush,83.0,7.0,61.0,67.0,0.0,Bird
2.0,ambush,45.0,26.0,61.0,82.0,0.0,Bird
2.0,ambush,76.0,23.0,60.0,58.0,0.0,Bird
2.0,ambush,54.0,62.0,20.0,84.0,0.0,Bird
2.0,ambush,54.0,62.0,20.0,84.0,1.0,Bird
2.0,ambush,56.0,62.0,20.0,82.0,1.0,Bird
2.0,ambush,54.0,62.0,20.0,84.0,0.0,Bird
2.0,ambush,54.0,62.0,20.0,84.0,1.0,Bird
2.0,ambush,83.0,7.0,61.0,67.0,0.0,Bird
2.0,ambush,54.0,62.0,20.0,84.0,0.0,Bird
2.0,ambush,53.0,7.0,92.0,67.0,0.0,Bird
2.0,ambush,51.0,63.0,72.0,35.0,1.0,Bird
2.0,ambush,19.0,71.0,51.0,80.0,0.0,Bird
2.0,ambush,51.0,63.0,72.0,35.0,1.0,Bird
2.0,ambush,19.0,71.0,51.0,80.0,0.0,Bird
2.0,ambush,51.0,63.0,72.0,35.0,1.0,Bird
2.0,ambush,81.0,9.0,84.0,43.0,0.0,Bird
2.0,ambush,89.0,85.0,21.0,27.0,1.0,Bird
2.0,ambush,89.0,85.0,21.0,27.0,1.0,Bird
2.0,ambush,49.0,66.0,6.0,100.0,1.0,Bird
2.0,ambush,49.0,66.0,6.0,100.0,1.0,Bird
2.0,ambush,34.0,88.0,8.0,92.0,0.0,Bird
2.0,ambush,33.0,59.0,45.0,86.0,1.0,Bird
2.0,ambush,52.0,73.0,57.0,42.0,0.0,Bird
2.0,ambush,33.0,59.0,45.0,86.0,1.0,Bird
2.0,ambush,33.0,59.0,45.0,86.0,0.0,Bird
2.0,ambush,47.0,68.0,26.0,88.0,1.0,Bird
2.0,ambush,19.0,90.0,41.0,75.0,1.0,Bird
2.0,ambush,64.0,43.0,80.0,38.0,0.0,Bird
2.0,ambush,43.0,68.0,26.0,87.0,0.0,Bird
2.0,ambush,19.0,90.0,41.0,75.0,0.0,Bird
2.0,ambush,19.0,90.0,41.0,75.0,1.0,Bird
2.0,ambush,19.0,90.0,41.0,75.0,1.0,Bird
2.0,ambush,43.0,68.0,26.0,87.0,0.0,Bird
2.0,ambush,19.0,90.0,41.0,75.0,1.0,Bird
2.0,ambush,93.0,72.0,26.0,36.0,1.0,Bird
2.0,ambush,93.0,72.0,26.0,36.0,1.0,Bird
2.0,ambush,64.0,43.0,80.0,38.0,1.0,Bird
2.0,ambush,78.0,87.0,1.0,61.0,0.0,Bird
2.0,ambush,46.0,64.0,66.0,49.0,0.0,Bird
2.0,ambush,45.0,69.0,75.0,38.0,0.0,Bird
2.0,ambush,78.0,87.0,1.0,61.0,1.0,Bird
2.0,ambush,64.0,43.0,80.0,38.0,0.0,Bird
2.0,ambush,78.0,80.0,59.0,10.0,0.0,Bird
2.0,ambush,55.0,88.0,48.0,37.0,0.0,Bird
2.0,ambush,68.0,63.0,32.0,65.0,0.0,Bird
2.0,ambush,68.0,63.0,32.0,65.0,0.0,Bird
2.0,ambush,53.0,7.0,92.0,67.0,0.0,Bird
2.0,ambush,66.0,39.0,65.0,59.0,1.0,Bird
2.0,ambush,74.0,56.0,46.0,53.0,1.0,Bird
2.0,ambush,68.0,63.0,32.0,65.0,0.0,Bird
2.0,ambush,66.0,39.0,65.0,59.0,1.0,Bird
2.0,ambush,48.0,26.0,57.0,99.0,0.0,Bird
2.0,ambush,100.0,6.0,38.0,83.0,0.0,Bird
2.0,ambush,66.0,39.0,65.0,59.0,1.0,Bird
2.0,ambush,100.0,6.0,38.0,83.0,0.0,Bird
2.0,ambush,80.0,75.0,25.0,51.0,0.0,Bird
2.0,ambush,80.0,75.0,25.0,51.0,0.0,Bird
2.0,ambush,66.0,39.0,65.0,59.0,0.0,Bird
2.0,ambush,45.0,26.0,61.0,82.0,0.0,Bird
2.0,ambush,48.0,26.0,57.0,99.0,0.0,Bird
2.0,ambush,80.0,75.0,25.0,51.0,1.0,Bird
2.0,ambush,46.0,48.0,85.0,54.0,1.0,Bird
2.0,ambush,40.0,79.0,66.0,48.0,0.0,Bird
2.0,ambush,80.0,75.0,25.0,51.0,0.0,Bird
2.0,ambush,40.0,79.0,66.0,48.0,0.0,Bird
2.0,ambush,40.0,79.0,66.0,48.0,0.0,Bird
2.0,ambush,47.0,89.0,69.0,30.0,1.0,Bird
2.0,ambush,47.0,89.0,69.0,30.0,0.0,Bird
2.0,ambush,37.0,77.0,25.0,96.0,1.0,Bird
2.0,ambush,47.0,89.0,69.0,30.0,1.0,Bird
2.0,ambush,33.0,60.0,44.0,97.0,1.0,Bird
2.0,ambush,46.0,48.0,85.0,54.0,0.0,Bird
2.0,ambush,47.0,89.0,69.0,30.0,0.0,Bird
2.0,ambush,37.0,77.0,25.0,96.0,1.0,Bird
2.0,ambush,46.0,48.0,85.0,54.0,0.0,Bird
2.0,ambush,58.0,77.0,35.0,65.0,1.0,Bird
2.0,ambush,48.0,26.0,57.0,99.0,0.0,Bird
2.0,ambush,37.0,77.0,25.0,96.0,1.0,Bird
2.0,ambush,56.0,31.0,53.0,95.0,1.0,Bird
2.0,ambush,37.0,77.0,25.0,96.0,1.0,Bird
2.0,ambush,58.0,77.0,35.0,65.0,0.0,Bird
2.0,ambush,33.0,60.0,44.0,97.0,0.0,Bird
2.0,ambush,56.0,31.0,53.0,95.0,0.0,Bird
2.0,ambush,67.0,41.0,80.0,48.0,1.0,Bird
2.0,ambush,67.0,41.0,80.0,48.0,1.0,Bird
2.0,ambush,37.0,77.0,25.0,96.0,0.0,Bird
2.0,ambush,64.0,84.0,19.0,70.0,1.0,Bird
2.0,ambush,64.0,84.0,19.0,70.0,1.0,Bird
2.0,ambush,87.0,10.0,67.0,73.0,1.0,Bird
2.0,ambush,56.0,31.0,53.0,95.0,1.0,Bird
2.0,ambush,87.0,10.0,67.0,73.0,1.0,Bird
2.0,ambush,64.0,84.0,19.0,70.0,0.0,Bird
2.0,ambush,58.0,77.0,35.0,65.0,0.0,Bird
2.0,ambush,68.0,86.0,36.0,48.0,1.0,Bird
2.0,ambush,13.0,86.0,91.0,48.0,1.0,Bird
2.0,ambush,95.0,43.0,60.0,40.0,0.0,Bird
2.0,ambush,33.0,68.0,76.0,62.0,1.0,Bird
2.0,ambush,95.0,43.0,60.0,40.0,1.0,Bird
2.0,ambush,95.0,43.0,60.0,40.0,0.0,Bird
2.0,ambush,56.0,31.0,53.0,95.0,0.0,Bird
2.0,ambush,77.0,69.0,62.0,32.0,0.0,Bird
2.0,ambush,67.0,41.0,80.0,48.0,0.0,Bird
2.0,ambush,77.0,69.0,62.0,32.0,0.0,Bird
2.0,ambush,77.0,69.0,62.0,32.0,0.0,Bird
2.0,ambush,77.0,69.0,62.0,32.0,0.0,Bird
2.0,ambush,98.0,72.0,58.0,14.0,0.0,Bird
2.0,ambush,77.0,69.0,62.0,32.0,0.0,Bird
2.0,ambush,77.0,69.0,62.0,32.0,0.0,Bird
2.0,ambush,79.0,24.0,45.0,91.0,1.0,Bird
2.0,ambush,56.0,31.0,53.0,95.0,0.0,Bird
2.0,ambush,98.0,72.0,58.0,14.0,0.0,Bird
2.0,ambush,98.0,72.0,58.0,14.0,0.0,Bird
2.0,ambush,79.0,96.0,2.0,65.0,1.0,Bird
2.0,ambush,45.0,95.0,56.0,47.0,1.0,Bird
2.0,ambush,42.0,78.0,20.0,100.0,1.0,Bird
2.0,ambush,79.0,96.0,2.0,65.0,1.0,Bird
2.0,ambush,67.0,59.0,75.0,42.0,1.0,Bird
2.0,ambush,67.0,59.0,75.0,42.0,1.0,Bird
2.0,ambush,67.0,59.0,75.0,42.0,1.0,Bird
2.0,ambush,67.0,59.0,75.0,42.0,1.0,Bird
2.0,ambush,79.0,96.0,2.0,65.0,0.0,Bird
2.0,ambush,45.0,95.0,56.0,47.0,0.0,Bird
2.0,ambush,76.0,55.0,59.0,54.0,1.0,Bird
2.0,ambush,76.0,55.0,59.0,54.0,0.0,Bird
2.0,ambush,57.0,73.0,68.0,47.0,1.0,Bird
2.0,ambush,76.0,55.0,59.0,54.0,0.0,Bird
2.0,ambush,46.0,72.0,53.0,74.0,1.0,Bird
2.0,ambush,88.0,27.0,82.0,47.0,1.0,Bird
2.0,ambush,57.0,73.0,68.0,47.0,1.0,Bird
2.0,ambush,88.0,27.0,82.0,47.0,0.0,Bird
2.0,ambush,56.0,31.0,53.0,95.0,0.0,Bird
2.0,ambush,81.0,57.0,14.0,93.0,1.0,Bird
2.0,ambush,89.0,91.0,42.0,24.0,0.0,Bird
2.0,ambush,46.0,72.0,53.0,74.0,1.0,Bird
2.0,ambush,89.0,11.0,97.0,48.0,0.0,Bird
2.0,ambush,12.0,79.0,64.0,93.0,1.0,Bird
2.0,ambush,89.0,91.0,42.0,24.0,0.0,Bird
2.0,ambush,57.0,73.0,68.0,47.0,0.0,Bird
2.0,ambush,81.0,57.0,14.0,93.0,1.0,Bird
2.0,ambush,78.0,63.0,37.0,71.0,0.0,Bird
2.0,ambush,81.0,57.0,14.0,93.0,0.0,Bird
2.0,ambush,38.0,56.0,91.0,62.0,0.0,Bird
2.0,ambush,56.0,80.0,86.0,27.0,0.0,Bird
2.0,ambush,75.0,93.0,46.0,35.0,1.0,Bird
2.0,ambush,56.0,80.0,86.0,27.0,1.0,Bird
2.0,ambush,56.0,80.0,86.0,27.0,1.0,Bird
2.0,ambush,78.0,63.0,37.0,71.0,0.0,Bird
2.0,ambush,56.0,80.0,86.0,27.0,1.0,Bird
2.0,ambush,50.0,82.0,35.0,82.0,1.0,Bird
2.0,ambush,12.0,79.0,64.0,93.0,0.0,Bird
2.0,ambush,61.0,68.0,58.0,64.0,1.0,Bird
2.0,ambush,56.0,80.0,86.0,27.0,0.0,Bird
2.0,ambush,12.0,79.0,64.0,93.0,0.0,Bird
2.0,ambush,61.0,68.0,58.0,64.0,1.0,Bird
2.0,ambush,61.0,68.0,58.0,64.0,1.0,Bird
2.0,ambush,61.0,68.0,58.0,64.0,1.0,Bird
2.0,ambush,46.0,53.0,76.0,76.0,1.0,Bird
2.0,ambush,38.0,56.0,91.0,62.0,0.0,Bird
2.0,ambush,46.0,53.0,76.0,76.0,0.0,Bird
2.0,ambush,85.0,75.0,20.0,72.0,1.0,Bird
2.0,ambush,85.0,70.0,19.0,72.0,0.0,Bird
2.0,ambush,45.0,82.0,73.0,52.0,0.0,Bird
2.0,ambush,85.0,75.0,20.0,72.0,0.0,Bird
2.0,ambush,45.0,82.0,73.0,52.0,1.0,Bird
2.0,ambush,38.0,56.0,91.0,62.0,0.0,Bird
2.0,ambush,45.0,82.0,73.0,52.0,1.0,Bird
2.0,ambush,45.0,82.0,73.0,52.0,0.0,Bird
2.0,ambush,92.0,82.0,30.0,49.0,1.0,Bird
2.0,ambush,45.0,82.0,73.0,52.0,0.0,Bird
2.0,ambush,65.0,35.0,84.0,69.0,0.0,Bird
2.0,ambush,45.0,82.0,73.0,52.0,1.0,Bird
2.0,ambush,46.0,53.0,76.0,76.0,0.0,Bird
2.0,ambush,88.0,52.0,87.0,26.0,0.0,Bird
2.0,ambush,65.0,35.0,84.0,69.0,1.0,Bird
2.0,ambush,92.0,82.0,30.0,49.0,0.0,Bird
2.0,ambush,88.0,52.0,87.0,26.0,0.0,Bird
2.0,ambush,72.0,91.0,13.0,78.0,1.0,Bird
2.0,ambush,72.0,91.0,13.0,78.0,1.0,Bird
2.0,ambush,50.0,88.0,75.0,41.0,1.0,Bird
2.0,ambush,50.0,88.0,75.0,41.0,1.0,Bird
2.0,ambush,50.0,88.0,75.0,41.0,0.0,Bird
2.0,ambush,50.0,88.0,75.0,41.0,1.0,Bird
2.0,ambush,63.0,68.0,58.0,65.0,1.0,Bird
2.0,ambush,63.0,68.0,58.0,65.0,0.0,Bird
2.0,ambush,98.0,35.0,81.0,41.0,1.0,Bird
2.0,ambush,50.0,88.0,75.0,41.0,1.0,Bird
2.0,ambush,49.0,71.0,83.0,52.0,1.0,Bird
2.0,ambush,98.0,35.0,81.0,41.0,1.0,Bird
2.0,ambush,49.0,71.0,83.0,52.0,1.0,Bird
2.0,ambush,65.0,35.0,84.0,69.0,0.0,Bird
2.0,ambush,98.0,35.0,81.0,41.0,1.0,Bird
2.0,ambush,98.0,35.0,81.0,41.0,0.0,Bird
2.0,ambush,72.0,91.0,13.0,78.0,0.0,Bird
2.0,ambush,63.0,68.0,58.0,65.0,0.0,Bird
2.0,ambush,49.0,75.0,83.0,53.0,0.0,Bird
2.0,ambush,98.0,35.0,81.0,41.0,0.0,Bird
3.0,ambush,48.0,46.0,1.0,48.0,1.0,Bird
3.0,ambush,18.0,75.0,4.0,24.0,1.0,Bird
3.0,ambush,48.0,46.0,1.0,48.0,1.0,Bird
3.0,ambush,48.0,46.0,2.0,48.0,1.0,Bird
3.0,ambush,48.0,46.0,2.0,48.0,1.0,Bird
3.0,ambush,18.0,75.0,4.0,24.0,0.0,Bird
3.0,ambush,48.0,46.0,2.0,48.0,0.0,Bird
3.0,ambush,45.0,24.0,32.0,31.0,0.0,Bird
3.0,ambush,48.0,46.0,2.0,48.0,0.0,Bird
3.0,ambush,48.0,46.0,2.0,48.0,1.0,Bird
3.0,ambush,29.0,80.0,10.0,39.0,1.0,Bird
3.0,ambush,29.0,80.0,10.0,39.0,1.0,Bird
3.0,ambush,20.0,80.0,10.0,39.0,0.0,Bird
3.0,ambush,29.0,80.0,10.0,39.0,0.0,Bird
3.0,ambush,17.0,55.0,46.0,36.0,0.0,Bird
3.0,ambush,17.0,55.0,46.0,36.0,0.0,Bird
3.0,ambush,29.0,80.0,10.0,39.0,1.0,Bird
3.0,ambush,18.0,62.0,71.0,26.0,1.0,Bird
3.0,ambush,29.0,80.0,10.0,39.0,1.0,Bird
3.0,ambush,68.0,9.0,4.0,68.0,1.0,Bird
3.0,ambush,18.0,62.0,71.0,26.0,1.0,Bird
3.0,ambush,54.0,22.0,69.0,32.0,0.0,Bird
3.0,ambush,54.0,22.0,69.0,32.0,1.0,Bird
3.0,ambush,29.0,80.0,10.0,39.0,0.0,Bird
3.0,ambush,64.0,67.0,19.0,31.0,1.0,Bird
3.0,ambush,54.0,22.0,69.0,32.0,0.0,Bird
3.0,ambush,68.0,9.0,4.0,68.0,0.0,Bird
3.0,ambush,60.0,67.0,19.0,27.0,0.0,Bird
3.0,ambush,64.0,67.0,19.0,31.0,1.0,Bird
3.0,ambush,64.0,67.0,19.0,31.0,1.0,Bird
3.0,ambush,64.0,67.0,19.0,31.0,1.0,Bird
3.0,ambush,54.0,22.0,69.0,32.0,0.0,Bird
3.0,ambush,54.0,22.0,69.0,32.0,0.0,Bird
3.0,ambush,50.0,92.0,10.0,36.0,1.0,Bird
3.0,ambush,54.0,22.0,69.0,32.0,0.0,Bird
3.0,ambush,50.0,92.0,10.0,36.0,1.0,Bird
3.0,ambush,21.0,72.0,54.0,42.0,1.0,Bird
3.0,ambush,54.0,22.0,69.0,32.0,0.0,Bird
3.0,ambush,50.0,92.0,10.0,36.0,1.0,Bird
3.0,ambush,64.0,67.0,19.0,31.0,0.0,Bird
3.0,ambush,21.0,72.0,54.0,42.0,1.0,Bird
3.0,ambush,59.0,40.0,62.0,30.0,0.0,Bird
3.0,ambush,55.0,74.0,43.0,20.0,0.0,Bird
3.0,ambush,55.0,74.0,43.0,20.0,0.0,Bird
3.0,ambush,56.0,71.0,44.0,22.0,1.0,Bird
3.0,ambush,59.0,40.0,62.0,30.0,0.0,Bird
3.0,ambush,61.0,40.0,62.0,30.0,0.0,Bird
3.0,ambush,59.0,40.0,62.0,30.0,0.0,Bird
3.0,ambush,56.0,71.0,44.0,22.0,0.0,Bird
3.0,ambush,21.0,72.0,54.0,42.0,1.0,Bird
3.0,ambush,18.0,86.0,43.0,47.0,1.0,Bird
3.0,ambush,56.0,75.0,44.0,22.0,0.0,Bird
3.0,ambush,18.0,86.0,43.0,47.0,1.0,Bird
3.0,ambush,71.0,32.0,19.0,74.0,1.0,Bird
3.0,ambush,35.0,85.0,29.0,46.0,0.0,Bird
3.0,ambush,71.0,32.0,19.0,74.0,0.0,Bird
3.0,ambush,59.0,68.0,10.0,61.0,1.0,Bird
3.0,ambush,71.0,32.0,19.0,74.0,1.0,Bird
3.0,ambush,59.0,68.0,10.0,61.0,1.0,Bird
3.0,ambush,71.0,32.0,19.0,74.0,1.0,Bird
3.0,ambush,71.0,32.0,19.0,74.0,0.0,Bird
3.0,ambush,59.0,68.0,10.0,61.0,1.0,Bird
3.0,ambush,71.0,32.0,19.0,74.0,0.0,Bird
3.0,ambush,59.0,68.0,10.0,61.0,1.0,Bird
3.0,ambush,59.0,68.0,10.0,61.0,1.0,Bird
3.0,ambush,59.0,68.0,10.0,61.0,0.0,Bird
3.0,ambush,59.0,68.0,10.0,61.0,0.0,Bird
3.0,ambush,63.0,36.0,3.0,96.0,1.0,Bird
3.0,ambush,59.0,68.0,10.0,61.0,0.0,Bird
3.0,ambush,23.0,86.0,42.0,47.0,0.0,Bird
3.0,ambush,59.0,68.0,10.0,61.0,1.0,Bird
3.0,ambush,46.0,52.0,37.0,64.0,1.0,Bird
3.0,ambush,54.0,22.0,69.0,32.0,0.0,Bird
3.0,ambush,17.0,71.0,17.0,94.0,1.0,Bird
3.0,ambush,59.0,68.0,10.0,61.0,0.0,Bird
3.0,ambush,17.0,71.0,17.0,94.0,1.0,Bird
3.0,ambush,46.0,52.0,37.0,64.0,0.0,Bird
3.0,ambush,17.0,71.0,17.0,94.0,0.0,Bird
3.0,ambush,24.0,52.0,43.0,79.0,1.0,Bird
3.0,ambush,63.0,36.0,3.0,96.0,0.0,Bird
3.0,ambush,51.0,62.0,37.0,50.0,1.0,Bird
3.0,ambush,24.0,52.0,43.0,88.0,1.0,Bird
3.0,ambush,46.0,52.0,37.0,64.0,0.0,Bird
3.0,ambush,51.0,62.0,37.0,50.0,1.0,Bird
3.0,ambush,17.0,71.0,17.0,94.0,0.0,Bird
3.0,ambush,51.0,62.0,37.0,50.0,1.0,Bird
3.0,ambush,91.0,74.0,2.0,34.0,0.0,Bird
3.0,ambush,24.0,49.0,43.0,81.0,1.0,Bird
3.0,ambush,11.0,64.0,68.0,58.0,1.0,Bird
3.0,ambush,11.0,69.0,69.0,58.0,1.0,Bird
3.0,ambush,65.0,88.0,12.0,37.0,1.0,Bird
3.0,ambush,51.0,62.0,37.0,50.0,0.0,Bird
3.0,ambush,11.0,64.0,68.0,58.0,0.0,Bird
3.0,ambush,65.0,88.0,12.0,37.0,1.0,Bird
3.0,ambush,63.0,36.0,3.0,96.0,0.0,Bird
3.0,ambush,65.0,88.0,12.0,37.0,0.0,Bird
3.0,ambush,24.0,52.0,43.0,81.0,0.0,Bird
3.0,ambush,62.0,22.0,18.0,100.0,1.0,Bird
3.0,ambush,11.0,64.0,68.0,58.0,0.0,Bird
3.0,ambush,24.0,52.0,43.0,81.0,0.0,Bird
3.0,ambush,29.0,59.0,92.0,23.0,0.0,Bird
3.0,ambush,29.0,59.0,92.0,23.0,0.0,Bird
3.0,ambush,60.0,45.0,6.0,93.0,1.0,Bird
3.0,ambush,61.0,66.0,40.0,38.0,1.0,Bird
3.0,ambush,61.0,66.0,40.0,38.0,0.0,Bird
3.0,ambush,61.0,66.0,40.0,38.0,0.0,Bird
3.0,ambush,61.0,66.0,40.0,38.0,1.0,Bird
3.0,ambush,60.0,45.0,6.0,93.0,1.0,Bird
3.0,ambush,61.0,66.0,40.0,38.0,0.0,Bird
3.0,ambush,18.0,57.0,100.0,31.0,1.0,Bird
3.0,ambush,61.0,66.0,40.0,38.0,1.0,Bird
3.0,ambush,60.0,45.0,6.0,93.0,0.0,Bird
3.0,ambush,60.0,45.0,6.0,93.0,0.0,Bird
3.0,ambush,18.0,57.0,100.0,31.0,1.0,Bird
3.0,ambush,61.0,66.0,40.0,38.0,0.0,Bird
3.0,ambush,24.0,52.0,43.0,81.0,0.0,Bird
3.0,ambush,45.0,41.0,71.0,50.0,0.0,Bird
3.0,ambush,60.0,45.0,1.0,93.0,0.0,Bird
3.0,ambush,38.0,89.0,25.0,56.0,1.0,Bird
3.0,ambush,35.0,89.0,25.0,59.0,1.0,Bird
3.0,ambush,18.0,57.0,100.0,31.0,1.0,Bird
3.0,ambush,18.0,57.0,100.0,31.0,0.0,Bird
3.0,ambush,45.0,41.0,71.0,50.0,1.0,Bird
3.0,ambush,68.0,91.0,17.0,32.0,0.0,Bird
3.0,ambush,68.0,91.0,17.0,32.0,0.0,Bird
3.0,ambush,68.0,91.0,17.0,32.0,0.0,Bird
3.0,ambush,68.0,91.0,17.0,32.0,1.0,Bird
3.0,ambush,68.0,91.0,17.0,32.0,0.0,Bird
3.0,ambush,35.0,89.0,25.0,59.0,1.0,Bird
3.0,ambush,35.0,89.0,25.0,59.0,1.0,Bird
3.0,ambush,35.0,93.0,25.0,59.0,1.0,Bird
3.0,ambush,45.0,41.0,71.0,50.0,0.0,Bird
3.0,ambush,45.0,48.0,22.0,93.0,1.0,Bird
3.0,ambush,60.0,53.0,58.0,39.0,0.0,Bird
3.0,ambush,60.0,53.0,58.0,39.0,0.0,Bird
3.0,ambush,51.0,93.0,32.0,35.0,1.0,Bird
3.0,ambush,39.0,72.0,10.0,90.0,1.0,Bird
3.0,ambush,45.0,48.0,22.0,93.0,1.0,Bird
3.0,ambush,39.0,72.0,10.0,90.0,0.0,Bird
3.0,ambush,13.0,92.0,38.0,68.0,0.0,Bird
3.0,ambush,26.0,82.0,60.0,34.0,0.0,Bird
3.0,ambush,31.0,82.0,60.0,39.0,0.0,Bird
3.0,ambush,39.0,69.0,10.0,86.0,0.0,Bird
3.0,ambush,31.0,82.0,60.0,39.0,1.0,Bird
3.0,ambush,48.0,67.0,82.0,16.0,0.0,Bird
3.0,ambush,31.0,82.0,60.0,39.0,0.0,Bird
3.0,ambush,60.0,25.0,95.0,33.0,1.0,Bird
3.0,ambush,60.0,25.0,95.0,33.0,0.0,Bird
3.0,ambush,50.0,35.0,40.0,86.0,0.0,Bird
3.0,ambush,48.0,67.0,82.0,16.0,0.0,Bird
3.0,ambush,60.0,25.0,95.0,33.0,1.0,Bird
3.0,ambush,83.0,21.0,30.0,72.0,0.0,Bird
3.0,ambush,60.0,25.0,95.0,33.0,0.0,Bird
3.0,ambush,49.0,45.0,71.0,50.0,1.0,Bird
3.0,ambush,37.0,70.0,25.0,81.0,0.0,Bird
3.0,ambush,37.0,70.0,25.0,81.0,0.0,Bird
3.0,ambush,49.0,45.0,71.0,50.0,1.0,Bird
3.0,ambush,37.0,70.0,25.0,81.0,1.0,Bird
3.0,ambush,50.0,35.0,40.0,86.0,0.0,Bird
3.0,ambush,49.0,45.0,71.0,50.0,1.0,Bird
3.0,ambush,56.0,57.0,60.0,42.0,1.0,Bird
3.0,ambush,50.0,35.0,40.0,86.0,0.0,Bird
3.0,ambush,56.0,62.0,20.0,82.0,1.0,Bird
3.0,ambush,56.0,57.0,60.0,42.0,1.0,Bird
3.0,ambush,56.0,62.0,20.0,82.0,0.0,Bird
3.0,ambush,56.0,57.0,62.0,42.0,0.0,Bird
3.0,ambush,12.0,54.0,50.0,99.0,0.0,Bird
3.0,ambush,54.0,62.0,20.0,84.0,0.0,Bird
3.0,ambush,12.0,54.0,50.0,99.0,0.0,Bird
3.0,ambush,54.0,62.0,20.0,84.0,1.0,Bird
3.0,ambush,54.0,62.0,20.0,84.0,1.0,Bird
3.0,ambush,51.0,63.0,72.0,35.0,1.0,Bird
3.0,ambush,49.0,66.0,6.0,100.0,1.0,Bird
3.0,ambush,54.0,62.0,20.0,84.0,0.0,Bird
3.0,ambush,49.0,66.0,6.0,100.0,1.0,Bird
3.0,ambush,51.0,63.0,72.0,35.0,1.0,Bird
3.0,ambush,49.0,66.0,6.0,100.0,1.0,Bird
3.0,ambush,49.0,66.0,6.0,100.0,0.0,Bird
3.0,ambush,89.0,85.0,21.0,27.0,1.0,Bird
3.0,ambush,54.0,62.0,20.0,84.0,0.0,Bird
3.0,ambush,51.0,63.0,72.0,35.0,1.0,Bird
3.0,ambush,51.0,63.0,72.0,35.0,1.0,Bird
3.0,ambush,89.0,85.0,21.0,27.0,0.0,Bird
3.0,ambush,89.0,85.0,21.0,27.0,0.0,Bird
3.0,ambush,89.0,85.0,21.0,27.0,0.0,Bird
3.0,ambush,51.0,63.0,72.0,35.0,1.0,Bird
3.0,ambush,33.0,59.0,45.0,86.0,1.0,Bird
3.0,ambush,33.0,59.0,45.0,86.0,1.0,Bird
3.0,ambush,12.0,54.0,50.0,99.0,0.0,Bird
3.0,ambush,19.0,90.0,41.0,75.0,1.0,Bird
3.0,ambush,19.0,90.0,41.0,75.0,1.0,Bird
3.0,ambush,19.0,90.0,41.0,75.0,0.0,Bird
3.0,ambush,64.0,43.0,80.0,38.0,1.0,Bird
3.0,ambush,19.0,90.0,41.0,75.0,1.0,Bird
3.0,ambush,19.0,90.0,41.0,75.0,0.0,Bird
3.0,ambush,33.0,59.0,45.0,86.0,0.0,Bird
3.0,ambush,19.0,90.0,41.0,75.0,0.0,Bird
3.0,ambush,78.0,87.0,1.0,61.0,0.0,Bird
3.0,ambush,93.0,72.0,26.0,36.0,0.0,Bird
3.0,ambush,78.0,87.0,1.0,61.0,0.0,Bird
3.0,ambush,93.0,72.0,26.0,36.0,0.0,Bird
3.0,ambush,64.0,43.0,80.0,38.0,1.0,Bird
3.0,ambush,93.0,72.0,26.0,36.0,1.0,Bird
3.0,ambush,64.0,43.0,80.0,38.0,0.0,Bird
3.0,ambush,19.0,90.0,41.0,75.0,0.0,Bird
3.0,ambush,33.0,59.0,45.0,86.0,0.0,Bird
4.0,ambush,18.0,75.0,4.0,24.0,1.0,Bird
4.0,ambush,18.0,75.0,4.0,24.0,0.0,Bird
4.0,ambush,48.0,46.0,1.0,48.0,1.0,Bird
4.0,ambush,45.0,46.0,1.0,48.0,0.0,Bird
4.0,ambush,48.0,46.0,1.0,48.0,0.0,Bird
4.0,ambush,18.0,75.0,4.0,24.0,0.0,Bird
4.0,ambush,48.0,46.0,2.0,48.0,1.0,Bird
4.0,ambush,48.0,46.0,2.0,48.0,1.0,Bird
4.0,ambush,48.0,46.0,1.0,48.0,0.0,Bird
4.0,ambush,48.0,46.0,2.0,48.0,1.0,Bird
4.0,ambush,68.0,9.0,4.0,68.0,1.0,Bird
4.0,ambush,48.0,46.0,2.0,48.0,1.0,Bird
4.0,ambush,29.0,80.0,10.0,39.0,0.0,Bird
4.0,ambush,68.0,9.0,4.0,68.0,1.0,Bird
4.0,ambush,29.0,84.0,10.0,39.0,0.0,Bird
4.0,ambush,29.0,80.0,10.0,39.0,0.0,Bird
4.0,ambush,48.0,46.0,2.0,48.0,0.0,Bird
4.0,ambush,29.0,80.0,10.0,39.0,0.0,Bird
4.0,ambush,29.0,80.0,10.0,39.0,0.0,Bird
4.0,ambush,29.0,80.0,10.0,39.0,1.0,Bird
4.0,ambush,48.0,46.0,1.0,48.0,0.0,Bird
4.0,ambush,48.0,46.0,2.0,48.0,0.0,Bird
4.0,ambush,18.0,62.0,71.0,26.0,1.0,Bird
4.0,ambush,18.0,62.0,71.0,26.0,0.0,Bird
4.0,ambush,48.0,46.0,1.0,48.0,0.0,Bird
4.0,ambush,54.0,22.0,69.0,32.0,0.0,Bird
4.0,ambush,29.0,80.0,10.0,39.0,0.0,Bird
4.0,ambush,18.0,62.0,71.0,26.0,0.0,Bird
4.0,ambush,64.0,67.0,19.0,31.0,1.0,Bird
4.0,ambush,64.0,67.0,19.0,31.0,0.0,Bird
4.0,ambush,64.0,67.0,19.0,31.0,1.0,Bird
4.0,ambush,64.0,67.0,19.0,31.0,0.0,Bird
4.0,ambush,64.0,67.0,19.0,31.0,0.0,Bird
4.0,ambush,64.0,67.0,19.0,31.0,0.0,Bird
4.0,ambush,64.0,67.0,19.0,31.0,0.0,Bird
4.0,ambush,50.0,92.0,10.0,36.0,1.0,Bird
4.0,ambush,64.0,67.0,19.0,31.0,0.0,Bird
4.0,ambush,64.0,67.0,19.0,31.0,0.0,Bird
4.0,ambush,50.0,92.0,10.0,36.0,1.0,Bird
4.0,ambush,54.0,22.0,69.0,32.0,0.0,Bird
4.0,ambush,50.0,92.0,10.0,36.0,1.0,Bird
4.0,ambush,50.0,92.0,10.0,36.0,1.0,Bird
4.0,ambush,50.0,92.0,10.0,36.0,0.0,Bird
4.0,ambush,56.0,71.0,44.0,22.0,1.0,Bird
4.0,ambush,21.0,72.0,54.0,42.0,1.0,Bird
4.0,ambush,21.0,72.0,54.0,42.0,1.0,Bird
4.0,ambush,50.0,92.0,10.0,36.0,0.0,Bird
4.0,ambush,49.0,92.0,10.0,37.0,0.0,Bird
4.0,ambush,56.0,71.0,44.0,22.0,1.0,Bird
4.0,ambush,56.0,71.0,44.0,22.0,1.0,Bird
4.0,ambush,21.0,72.0,54.0,42.0,1.0,Bird
4.0,ambush,18.0,86.0,43.0,47.0,1.0,Bird
4.0,ambush,18.0,86.0,43.0,47.0,1.0,Bird
4.0,ambush,18.0,86.0,43.0,47.0,1.0,Bird
4.0,ambush,18.0,86.0,43.0,47.0,0.0,Bird
4.0,ambush,71.0,32.0,19.0,74.0,1.0,Bird
4.0,ambush,24.0,49.0,43.0,81.0,1.0,Bird
4.0,ambush,71.0,32.0,19.0,74.0,0.0,Bird
4.0,ambush,71.0,32.0,19.0,74.0,0.0,Bird
4.0,ambush,71.0,36.0,19.0,74.0,1.0,Bird
4.0,ambush,59.0,68.0,10.0,61.0,1.0,Bird
4.0,ambush,59.0,68.0,10.0,61.0,1.0,Bird
4.0,ambush,71.0,32.0,19.0,74.0,1.0,Bird
4.0,ambush,71.0,32.0,19.0,74.0,0.0,Bird
4.0,ambush,59.0,68.0,10.0,61.0,0.0,Bird
4.0,ambush,24.0,52.0,43.0,79.0,1.0,Bird
4.0,ambush,59.0,68.0,10.0,61.0,0.0,Bird
4.0,ambush,63.0,36.0,3.0,96.0,1.0,Bird
4.0,ambush,59.0,68.0,10.0,61.0,1.0,Bird
4.0,ambush,59.0,68.0,10.0,61.0,1.0,Bird
4.0,ambush,54.0,22.0,69.0,32.0,0.0,Bird
4.0,ambush,24.0,52.0,43.0,79.0,1.0,Bird
4.0,ambush,59.0,68.0,10.0,61.0,1.0,Bird
4.0,ambush,59.0,68.0,10.0,61.0,1.0,Bird
4.0,ambush,59.0,68.0,10.0,61.0,1.0,Bird
4.0,ambush,17.0,71.0,17.0,94.0,1.0,Bird
4.0,ambush,24.0,49.0,43.0,81.0,1.0,Bird
4.0,ambush,59.0,68.0,10.0,61.0,0.0,Bird
4.0,ambush,59.0,68.0,10.0,61.0,0.0,Bird
4.0,ambush,17.0,71.0,17.0,94.0,1.0,Bird
4.0,ambush,46.0,52.0,37.0,64.0,1.0,Bird
4.0,ambush,51.0,62.0,37.0,50.0,1.0,Bird
4.0,ambush,51.0,62.0,37.0,50.0,1.0,Bird
4.0,ambush,17.0,71.0,17.0,94.0,0.0,Bird
4.0,ambush,51.0,62.0,37.0,50.0,1.0,Bird
4.0,ambush,51.0,62.0,44.0,50.0,1.0,Bird
4.0,ambush,24.0,49.0,43.0,81.0,1.0,Bird
4.0,ambush,24.0,52.0,43.0,79.0,0.0,Bird
4.0,ambush,51.0,62.0,41.0,50.0,1.0,Bird
4.0,ambush,51.0,62.0,37.0,50.0,1.0,Bird
4.0,ambush,65.0,88.0,12.0,37.0,1.0,Bird
4.0,ambush,65.0,88.0,12.0,37.0,1.0,Bird
4.0,ambush,9.0,64.0,68.0,58.0,0.0,Bird
4.0,ambush,51.0,62.0,37.0,50.0,0.0,Bird
4.0,ambush,11.0,64.0,68.0,58.0,0.0,Bird
4.0,ambush,65.0,88.0,12.0,37.0,0.0,Bird
4.0,ambush,59.0,68.0,10.0,61.0,0.0,Bird
4.0,ambush,11.0,64.0,68.0,58.0,0.0,Bird
4.0,ambush,61.0,66.0,40.0,38.0,1.0,Bird
4.0,ambush,60.0,45.0,6.0,93.0,1.0,Bird
4.0,ambush,61.0,66.0,40.0,38.0,1.0,Bird
4.0,ambush,62.0,22.0,18.0,100.0,1.0,Bird
4.0,ambush,61.0,66.0,40.0,38.0,1.0,Bird
4.0,ambush,18.0,57.0,100.0,31.0,1.0,Bird
4.0,ambush,17.0,71.0,17.0,94.0,0.0,Bird
4.0,ambush,61.0,66.0,40.0,38.0,0.0,Bird
4.0,ambush,60.0,45.0,6.0,93.0,0.0,Bird
4.0,ambush,60.0,45.0,6.0,93.0,0.0,Bird
4.0,ambush,11.0,69.0,69.0,58.0,1.0,Bird
4.0,ambush,62.0,22.0,18.0,100.0,1.0,Bird
4.0,ambush,18.0,57.0,100.0,31.0,1.0,Bird
4.0,ambush,45.0,41.0,71.0,50.0,1.0,Bird
4.0,ambush,11.0,69.0,69.0,58.0,1.0,Bird
4.0,ambush,45.0,41.0,71.0,50.0,1.0,Bird
4.0,ambush,35.0,89.0,25.0,59.0,1.0,Bird
4.0,ambush,45.0,41.0,71.0,50.0,1.0,Bird
4.0,ambush,35.0,89.0,25.0,59.0,1.0,Bird
4.0,ambush,35.0,89.0,25.0,59.0,1.0,Bird
4.0,ambush,18.0,57.0,100.0,31.0,1.0,Bird
4.0,ambush,19.0,57.0,100.0,31.0,1.0,Bird
4.0,ambush,24.0,52.0,43.0,88.0,1.0,Bird
4.0,ambush,68.0,91.0,17.0,32.0,1.0,Bird
4.0,ambush,68.0,91.0,17.0,32.0,1.0,Bird
4.0,ambush,68.0,91.0,17.0,32.0,0.0,Bird
4.0,ambush,35.0,89.0,25.0,59.0,1.0,Bird
4.0,ambush,35.0,89.0,25.0,59.0,0.0,Bird
4.0,ambush,35.0,89.0,25.0,59.0,1.0,Bird
4.0,ambush,38.0,89.0,25.0,56.0,0.0,Bird
4.0,ambush,38.0,89.0,25.0,56.0,0.0,Bird
4.0,ambush,45.0,48.0,22.0,93.0,1.0,Bird
4.0,ambush,45.0,48.0,22.0,93.0,1.0,Bird
4.0,ambush,38.0,85.0,25.0,56.0,0.0,Bird
4.0,ambush,39.0,72.0,10.0,90.0,1.0,Bird
4.0,ambush,51.0,93.0,32.0,35.0,1.0,Bird
4.0,ambush,51.0,93.0,32.0,35.0,1.0,Bird
4.0,ambush,51.0,93.0,32.0,35.0,0.0,Bird
4.0,ambush,45.0,48.0,22.0,93.0,1.0,Bird
4.0,ambush,31.0,82.0,60.0,39.0,1.0,Bird
4.0,ambush,31.0,82.0,60.0,39.0,1.0,Bird
4.0,ambush,35.0,93.0,25.0,59.0,0.0,Bird
4.0,ambush,39.0,72.0,10.0,90.0,0.0,Bird
4.0,ambush,35.0,93.0,25.0,59.0,0.0,Bird
4.0,ambush,60.0,25.0,95.0,33.0,0.0,Bird
4.0,ambush,60.0,25.0,95.0,33.0,1.0,Bird
4.0,ambush,49.0,45.0,71.0,50.0,1.0,Bird
4.0,ambush,39.0,72.0,10.0,90.0,0.0,Bird
4.0,ambush,37.0,70.0,25.0,81.0,0.0,Bird
4.0,ambush,49.0,45.0,71.0,50.0,1.0,Bird
4.0,ambush,60.0,25.0,95.0,33.0,1.0,Bird
4.0,ambush,49.0,45.0,71.0,50.0,1.0,Bird
4.0,ambush,60.0,25.0,95.0,33.0,0.0,Bird
4.0,ambush,45.0,48.0,22.0,93.0,0.0,Bird
4.0,ambush,56.0,57.0,60.0,42.0,1.0,Bird
4.0,ambush,49.0,45.0,71.0,50.0,1.0,Bird
4.0,ambush,49.0,45.0,71.0,50.0,1.0,Bird
4.0,ambush,56.0,57.0,60.0,42.0,1.0,Bird
4.0,ambush,37.0,70.0,25.0,81.0,1.0,Bird
4.0,ambush,56.0,57.0,63.0,41.0,1.0,Bird
4.0,ambush,56.0,57.0,60.0,42.0,0.0,Bird
4.0,ambush,49.0,45.0,71.0,50.0,0.0,Bird
4.0,ambush,56.0,57.0,60.0,42.0,0.0,Bird
4.0,ambush,56.0,62.0,20.0,82.0,1.0,Bird
4.0,ambush,56.0,61.0,60.0,42.0,0.0,Bird
4.0,ambush,54.0,62.0,20.0,84.0,1.0,Bird
4.0,ambush,54.0,62.0,20.0,84.0,1.0,Bird
4.0,ambush,49.0,66.0,6.0,100.0,1.0,Bird
4.0,ambush,49.0,66.0,6.0,100.0,0.0,Bird
4.0,ambush,49.0,66.0,6.0,100.0,1.0,Bird
4.0,ambush,54.0,62.0,20.0,84.0,0.0,Bird
4.0,ambush,54.0,62.0,20.0,84.0,1.0,Bird
4.0,ambush,51.0,63.0,72.0,35.0,1.0,Bird
4.0,ambush,51.0,63.0,72.0,35.0,1.0,Bird
4.0,ambush,51.0,63.0,72.0,35.0,1.0,Bird
4.0,ambush,51.0,63.0,72.0,35.0,1.0,Bird
4.0,ambush,51.0,63.0,72.0,35.0,0.0,Bird
4.0,ambush,51.0,63.0,72.0,35.0,1.0,Bird
4.0,ambush,51.0,63.0,72.0,35.0,0.0,Bird
4.0,ambush,49.0,66.0,6.0,100.0,1.0,Bird
4.0,ambush,89.0,85.0,21.0,36.0,1.0,Bird
4.0,ambush,89.0,85.0,21.0,27.0,1.0,Bird
4.0,ambush,49.0,66.0,6.0,100.0,0.0,Bird
4.0,ambush,49.0,66.0,6.0,100.0,0.0,Bird
4.0,ambush,49.0,66.0,6.0,100.0,0.0,Bird
4.0,ambush,56.0,62.0,20.0,82.0,0.0,Bird
4.0,ambush,51.0,63.0,72.0,35.0,0.0,Bird
4.0,ambush,19.0,90.0,41.0,75.0,1.0,Bird
4.0,ambush,19.0,90.0,41.0,75.0,1.0,Bird
4.0,ambush,33.0,59.0,45.0,86.0,1.0,Bird
4.0,ambush,33.0,59.0,45.0,86.0,0.0,Bird
4.0,ambush,33.0,59.0,45.0,86.0,0.0,Bird
4.0,ambush,51.0,63.0,72.0,35.0,0.0,Bird
4.0,ambush,38.0,59.0,45.0,86.0,0.0,Bird
4.0,ambush,19.0,90.0,41.0,75.0,0.0,Bird
4.0,ambush,93.0,72.0,26.0,36.0,1.0,Bird
4.0,ambush,33.0,59.0,45.0,86.0,0.0,Bird
4.0,ambush,64.0,43.0,80.0,38.0,1.0,Bird
4.0,ambush,64.0,43.0,80.0,38.0,1.0,Bird
4.0,ambush,93.0,72.0,26.0,36.0,1.0,Bird
4.0,ambush,93.0,72.0,26.0,36.0,0.0,Bird
4.0,ambush,19.0,90.0,41.0,75.0,1.0,Bird
4.0,ambush,64.0,43.0,80.0,38.0,1.0,Bird
4.0,ambush,19.0,90.0,41.0,75.0,0.0,Bird
4.0,ambush,64.0,43.0,80.0,38.0,0.0,Bird
5.0,ambush,48.0,46.0,1.0,48.0,1.0,Bird
5.0,ambush,18.0,75.0,4.0,24.0,0.0,Bird
5.0,ambush,48.0,46.0,2.0,48.0,1.0,Bird
5.0,ambush,18.0,75.0,4.0,24.0,0.0,Bird
5.0,ambush,48.0,46.0,2.0,48.0,1.0,Bird
5.0,ambush,48.0,46.0,2.0,48.0,1.0,Bird
5.0,ambush,48.0,46.0,2.0,48.0,1.0,Bird
5.0,ambush,48.0,46.0,1.0,48.0,1.0,Bird
5.0,ambush,48.0,46.0,2.0,48.0,1.0,Bird
5.0,ambush,48.0,46.0,2.0,48.0,1.0,Bird
5.0,ambush,29.0,80.0,10.0,42.0,1.0,Bird
5.0,ambush,48.0,46.0,2.0,48.0,0.0,Bird
5.0,ambush,48.0,46.0,2.0,48.0,1.0,Bird
5.0,ambush,29.0,80.0,10.0,39.0,1.0,Bird
5.0,ambush,29.0,80.0,10.0,39.0,0.0,Bird
5.0,ambush,48.0,46.0,2.0,47.0,0.0,Bird
5.0,ambush,64.0,67.0,19.0,31.0,1.0,Bird
5.0,ambush,64.0,67.0,19.0,31.0,1.0,Bird
5.0,ambush,50.0,92.0,10.0,36.0,1.0,Bird
5.0,ambush,64.0,67.0,19.0,31.0,1.0,Bird
5.0,ambush,50.0,92.0,10.0,36.0,1.0,Bird
5.0,ambush,50.0,92.0,10.0,36.0,0.0,Bird
5.0,ambush,50.0,92.0,10.0,36.0,1.0,Bird
5.0,ambush,50.0,92.0,10.0,36.0,0.0,Bird
5.0,ambush,18.0,62.0,71.0,26.0,1.0,Bird
5.0,ambush,21.0,72.0,54.0,42.0,1.0,Bird
5.0,ambush,18.0,62.0,71.0,26.0,0.0,Bird
5.0,ambush,50.0,92.0,10.0,36.0,1.0,Bird
5.0,ambush,50.0,92.0,10.0,36.0,0.0,Bird
5.0,ambush,68.0,9.0,4.0,68.0,1.0,Bird
5.0,ambush,50.0,92.0,10.0,36.0,0.0,Bird
5.0,ambush,56.0,71.0,44.0,22.0,1.0,Bird
5.0,ambush,21.0,72.0,54.0,42.0,1.0,Bird
5.0,ambush,21.0,72.0,50.0,42.0,1.0,Bird
5.0,ambush,56.0,71.0,44.0,22.0,1.0,Bird
5.0,ambush,21.0,72.0,54.0,42.0,1.0,Bird
5.0,ambush,21.0,72.0,54.0,42.0,0.0,Bird
5.0,ambush,21.0,72.0,54.0,42.0,0.0,Bird
5.0,ambush,68.0,9.0,4.0,68.0,0.0,Bird
5.0,ambush,56.0,71.0,44.0,22.0,1.0,Bird
5.0,ambush,21.0,72.0,54.0,42.0,0.0,Bird
5.0,ambush,56.0,74.0,44.0,27.0,1.0,Bird
5.0,ambush,56.0,71.0,44.0,22.0,0.0,Bird
5.0,ambush,18.0,86.0,43.0,47.0,1.0,Bird
5.0,ambush,18.0,86.0,43.0,47.0,1.0,Bird
5.0,ambush,71.0,32.0,19.0,74.0,1.0,Bird
5.0,ambush,18.0,86.0,43.0,47.0,0.0,Bird
5.0,ambush,18.0,86.0,43.0,47.0,0.0,Bird
5.0,ambush,18.0,86.0,43.0,47.0,0.0,Bird
5.0,ambush,18.0,86.0,43.0,47.0,0.0,Bird
5.0,ambush,71.0,32.0,19.0,74.0,1.0,Bird
5.0,ambush,18.0,86.0,43.0,47.0,0.0,Bird
5.0,ambush,71.0,32.0,19.0,74.0,1.0,Bird
5.0,ambush,24.0,49.0,43.0,81.0,1.0,Bird
5.0,ambush,59.0,68.0,10.0,61.0,1.0,Bird
5.0,ambush,59.0,68.0,10.0,61.0,0.0,Bird
5.0,ambush,24.0,49.0,43.0,81.0,0.0,Bird
5.0,ambush,24.0,53.0,42.0,81.0,0.0,Bird
5.0,ambush,24.0,49.0,43.0,81.0,0.0,Bird
5.0,ambush,59.0,68.0,10.0,61.0,1.0,Bird
5.0,ambush,59.0,68.0,10.0,61.0,1.0,Bird
5.0,ambush,59.0,68.0,10.0,61.0,1.0,Bird
5.0,ambush,59.0,68.0,10.0,61.0,0.0,Bird
5.0,ambush,59.0,68.0,10.0,61.0,1.0,Bird
5.0,ambush,24.0,52.0,43.0,79.0,0.0,Bird
5.0,ambush,59.0,68.0,10.0,61.0,1.0,Bird
5.0,ambush,63.0,36.0,3.0,96.0,1.0,Bird
5.0,ambush,63.0,36.0,3.0,96.0,1.0,Bird
5.0,ambush,59.0,68.0,10.0,61.0,1.0,Bird
5.0,ambush,59.0,68.0,10.0,61.0,0.0,Bird
5.0,ambush,59.0,68.0,10.0,61.0,1.0,Bird
5.0,ambush,59.0,68.0,10.0,61.0,0.0,Bird
5.0,ambush,59.0,68.0,10.0,61.0,0.0,Bird
5.0,ambush,59.0,68.0,10.0,61.0,1.0,Bird
5.0,ambush,24.0,49.0,43.0,81.0,0.0,Bird
5.0,ambush,59.0,68.0,10.0,61.0,0.0,Bird
5.0,ambush,59.0,68.0,10.0,61.0,0.0,Bird
5.0,ambush,17.0,71.0,17.0,94.0,1.0,Bird
5.0,ambush,59.0,68.0,10.0,61.0,0.0,Bird
5.0,ambush,17.0,71.0,17.0,94.0,1.0,Bird
5.0,ambush,17.0,71.0,17.0,94.0,1.0,Bird
5.0,ambush,46.0,52.0,37.0,64.0,1.0,Bird
5.0,ambush,17.0,71.0,17.0,94.0,1.0,Bird
5.0,ambush,51.0,62.0,37.0,50.0,1.0,Bird
5.0,ambush,51.0,62.0,37.0,50.0,1.0,Bird
5.0,ambush,46.0,52.0,37.0,64.0,0.0,Bird
5.0,ambush,71.0,32.0,19.0,74.0,0.0,Bird
5.0,ambush,51.0,62.0,37.0,50.0,1.0,Bird
5.0,ambush,51.0,62.0,37.0,50.0,1.0,Bird
5.0,ambush,51.0,62.0,37.0,50.0,1.0,Bird
5.0,ambush,51.0,62.0,37.0,50.0,1.0,Bird
5.0,ambush,51.0,62.0,40.0,53.0,1.0,Bird
5.0,ambush,17.0,71.0,17.0,94.0,0.0,Bird
5.0,ambush,51.0,62.0,37.0,50.0,1.0,Bird
5.0,ambush,71.0,36.0,19.0,74.0,1.0,Bird
5.0,ambush,71.0,36.0,19.0,74.0,1.0,Bird
5.0,ambush,51.0,62.0,37.0,50.0,0.0,Bird
5.0,ambush,65.0,88.0,12.0,37.0,0.0,Bird
5.0,ambush,51.0,62.0,37.0,50.0,0.0,Bird
5.0,ambush,24.0,52.0,43.0,79.0,0.0,Bird
5.0,ambush,65.0,88.0,12.0,37.0,1.0,Bird
5.0,ambush,65.0,88.0,12.0,37.0,0.0,Bird
5.0,ambush,51.0,62.0,37.0,50.0,0.0,Bird
5.0,ambush,24.0,52.0,43.0,79.0,0.0,Bird
5.0,ambush,17.0,71.0,17.0,94.0,0.0,Bird
5.0,ambush,71.0,36.0,19.0,74.0,0.0,Bird
5.0,ambush,51.0,62.0,41.0,50.0,1.0,Bird
5.0,ambush,60.0,45.0,6.0,93.0,1.0,Bird
5.0,ambush,62.0,22.0,18.0,100.0,0.0,Bird
5.0,ambush,62.0,22.0,18.0,100.0,0.0,Bird
5.0,ambush,61.0,66.0,40.0,38.0,1.0,Bird
5.0,ambush,61.0,66.0,40.0,38.0,1.0,Bird
5.0,ambush,61.0,66.0,40.0,38.0,1.0,Bird
5.0,ambush,61.0,66.0,40.0,38.0,1.0,Bird
5.0,ambush,61.0,66.0,40.0,38.0,1.0,Bird
5.0,ambush,62.0,22.0,18.0,100.0,1.0,Bird
5.0,ambush,61.0,66.0,40.0,38.0,1.0,Bird
5.0,ambush,61.0,66.0,40.0,38.0,0.0,Bird
5.0,ambush,62.0,22.0,18.0,100.0,1.0,Bird
5.0,ambush,18.0,57.0,100.0,31.0,1.0,Bird
5.0,ambush,18.0,57.0,100.0,31.0,1.0,Bird
5.0,ambush,61.0,66.0,40.0,38.0,0.0,Bird
5.0,ambush,18.0,57.0,100.0,31.0,0.0,Bird
5.0,ambush,18.0,57.0,100.0,31.0,1.0,Bird
5.0,ambush,18.0,57.0,100.0,31.0,1.0,Bird
5.0,ambush,18.0,57.0,100.0,31.0,1.0,Bird
5.0,ambush,19.0,57.0,100.0,31.0,1.0,Bird
5.0,ambush,19.0,57.0,100.0,31.0,1.0,Bird
5.0,ambush,18.0,57.0,100.0,31.0,1.0,Bird
5.0,ambush,18.0,57.0,100.0,31.0,0.0,Bird
5.0,ambush,19.0,57.0,100.0,31.0,0.0,Bird
5.0,ambush,11.0,69.0,69.0,58.0,1.0,Bird
5.0,ambush,45.0,41.0,71.0,50.0,1.0,Bird
5.0,ambush,45.0,41.0,71.0,50.0,1.0,Bird
5.0,ambush,11.0,69.0,69.0,58.0,0.0,Bird
5.0,ambush,11.0,69.0,69.0,58.0,1.0,Bird
5.0,ambush,51.0,62.0,44.0,50.0,1.0,Bird
5.0,ambush,11.0,69.0,69.0,58.0,0.0,Bird
5.0,ambush,45.0,41.0,71.0,50.0,1.0,Bird
5.0,ambush,24.0,52.0,43.0,88.0,0.0,Bird
5.0,ambush,51.0,62.0,38.0,50.0,0.0,Bird
5.0,ambush,11.0,69.0,69.0,58.0,0.0,Bird
5.0,ambush,45.0,40.0,72.0,50.0,1.0,Bird
5.0,ambush,62.0,22.0,18.0,100.0,0.0,Bird
5.0,ambush,68.0,91.0,17.0,32.0,1.0,Bird
5.0,ambush,68.0,91.0,17.0,32.0,1.0,Bird
5.0,ambush,35.0,89.0,25.0,59.0,1.0,Bird
5.0,ambush,68.0,91.0,17.0,32.0,0.0,Bird
5.0,ambush,68.0,91.0,17.0,32.0,0.0,Bird
5.0,ambush,45.0,41.0,71.0,50.0,1.0,Bird
5.0,ambush,45.0,41.0,71.0,50.0,1.0,Bird
5.0,ambush,35.0,89.0,25.0,59.0,1.0,Bird
5.0,ambush,45.0,48.0,22.0,93.0,1.0,Bird
5.0,ambush,45.0,48.0,22.0,93.0,1.0,Bird
5.0,ambush,35.0,89.0,25.0,59.0,0.0,Bird
5.0,ambush,35.0,89.0,25.0,59.0,0.0,Bird
5.0,ambush,35.0,89.0,25.0,59.0,0.0,Bird
5.0,ambush,35.0,89.0,25.0,59.0,0.0,Bird
5.0,ambush,51.0,93.0,32.0,35.0,1.0,Bird
5.0,ambush,45.0,48.0,22.0,93.0,1.0,Bird
5.0,ambush,51.0,93.0,32.0,35.0,0.0,Bird
5.0,ambush,45.0,48.0,22.0,93.0,1.0,Bird
5.0,ambush,60.0,25.0,95.0,33.0,1.0,Bird
5.0,ambush,33.0,82.0,60.0,39.0,1.0,Bird
5.0,ambush,31.0,82.0,60.0,39.0,0.0,Bird
5.0,ambush,31.0,82.0,60.0,39.0,0.0,Bird
5.0,ambush,60.0,25.0,95.0,33.0,1.0,Bird
5.0,ambush,60.0,25.0,95.0,33.0,1.0,Bird
5.0,ambush,49.0,45.0,71.0,50.0,1.0,Bird
5.0,ambush,31.0,82.0,60.0,39.0,1.0,Bird
5.0,ambush,39.0,72.0,10.0,90.0,0.0,Bird
5.0,ambush,49.0,45.0,71.0,50.0,1.0,Bird
5.0,ambush,49.0,45.0,71.0,50.0,1.0,Bird
5.0,ambush,49.0,45.0,71.0,50.0,1.0,Bird
5.0,ambush,60.0,25.0,95.0,33.0,0.0,Bird
5.0,ambush,49.0,45.0,71.0,50.0,1.0,Bird
5.0,ambush,60.0,25.0,95.0,33.0,0.0,Bird
5.0,ambush,56.0,57.0,60.0,42.0,1.0,Bird
5.0,ambush,46.0,45.0,71.0,50.0,1.0,Bird
5.0,ambush,45.0,48.0,22.0,93.0,0.0,Bird
5.0,ambush,56.0,57.0,60.0,42.0,1.0,Bird
5.0,ambush,56.0,57.0,60.0,42.0,1.0,Bird
5.0,ambush,49.0,45.0,71.0,50.0,1.0,Bird
5.0,ambush,49.0,45.0,71.0,50.0,1.0,Bird
5.0,ambush,49.0,45.0,71.0,50.0,1.0,Bird
5.0,ambush,56.0,57.0,60.0,42.0,1.0,Bird
5.0,ambush,49.0,45.0,71.0,50.0,1.0,Bird
5.0,ambush,54.0,62.0,20.0,84.0,1.0,Bird
5.0,ambush,49.0,45.0,71.0,50.0,1.0,Bird
5.0,ambush,56.0,57.0,63.0,41.0,1.0,Bird
5.0,ambush,56.0,57.0,63.0,41.0,1.0,Bird
5.0,ambush,49.0,45.0,71.0,50.0,0.0,Bird
5.0,ambush,54.0,62.0,20.0,84.0,1.0,Bird
5.0,ambush,52.0,62.0,20.0,84.0,1.0,Bird
5.0,ambush,51.0,63.0,72.0,35.0,1.0,Bird
5.0,ambush,54.0,62.0,20.0,84.0,0.0,Bird
5.0,ambush,54.0,62.0,20.0,84.0,1.0,Bird
5.0,ambush,37.0,70.0,25.0,81.0,0.0,Bird
5.0,ambush,54.0,62.0,20.0,84.0,0.0,Bird
5.0,ambush,51.0,63.0,72.0,35.0,1.0,Bird
5.0,ambush,49.0,66.0,6.0,100.0,1.0,Bird
5.0,ambush,54.0,62.0,20.0,84.0,0.0,Bird
5.0,ambush,54.0,62.0,20.0,84.0,0.0,Bird
5.0,ambush,56.0,62.0,20.0,82.0,0.0,Bird
6.0,ambush,48.0,46.0,1.0,48.0,1.0,Bird
6.0,ambush,48.0,46.0,2.0,48.0,0.0,Bird
6.0,ambush,48.0,46.0,1.0,48.0,1.0,Bird
6.0,ambush,48.0,46.0,2.0,48.0,1.0,Bird
6.0,ambush,48.0,46.0,2.0,48.0,1.0,Bird
6.0,ambush,48.0,46.0,1.0,48.0,1.0,Bird
6.0,ambush,48.0,46.0,1.0,48.0,1.0,Bird
6.0,ambush,48.0,46.0,1.0,48.0,0.0,Bird
6.0,ambush,48.0,46.0,2.0,48.0,1.0,Bird
6.0,ambush,48.0,46.0,2.0,48.0,1.0,Bird
6.0,ambush,48.0,46.0,2.0,48.0,1.0,Bird
6.0,ambush,48.0,46.0,2.0,48.0,1.0,Bird
6.0,ambush,48.0,46.0,2.0,48.0,0.0,Bird
6.0,ambush,48.0,46.0,2.0,48.0,1.0,Bird
6.0,ambush,48.0,46.0,2.0,48.0,1.0,Bird
6.0,ambush,48.0,46.0,2.0,48.0,1.0,Bird
6.0,ambush,29.0,80.0,10.0,39.0,1.0,Bird
6.0,ambush,48.0,46.0,2.0,48.0,0.0,Bird
6.0,ambush,48.0,46.0,2.0,48.0,1.0,Bird
6.0,ambush,68.0,9.0,4.0,68.0,1.0,Bird
6.0,ambush,48.0,46.0,2.0,48.0,0.0,Bird
6.0,ambush,29.0,80.0,10.0,42.0,1.0,Bird
6.0,ambush,64.0,67.0,19.0,31.0,1.0,Bird
6.0,ambush,29.0,80.0,10.0,39.0,0.0,Bird
6.0,ambush,48.0,46.0,2.0,48.0,0.0,Bird
6.0,ambush,29.0,78.0,10.0,42.0,0.0,Bird
6.0,ambush,64.0,67.0,19.0,31.0,0.0,Bird
6.0,ambush,64.0,67.0,19.0,40.0,0.0,Bird
6.0,ambush,64.0,67.0,19.0,31.0,0.0,Bird
6.0,ambush,64.0,67.0,19.0,31.0,1.0,Bird
6.0,ambush,18.0,62.0,71.0,26.0,0.0,Bird
6.0,ambush,64.0,67.0,19.0,31.0,0.0,Bird
6.0,ambush,64.0,67.0,19.0,31.0,0.0,Bird
6.0,ambush,60.0,67.0,19.0,27.0,0.0,Bird
6.0,ambush,50.0,92.0,10.0,36.0,0.0,Bird
6.0,ambush,50.0,92.0,10.0,36.0,1.0,Bird
6.0,ambush,18.0,62.0,71.0,26.0,0.0,Bird
6.0,ambush,50.0,92.0,10.0,36.0,1.0,Bird
6.0,ambush,50.0,92.0,10.0,36.0,1.0,Bird
6.0,ambush,21.0,72.0,50.0,42.0,0.0,Bird
6.0,ambush,50.0,92.0,10.0,36.0,0.0,Bird
6.0,ambush,19.0,72.0,50.0,42.0,0.0,Bird
6.0,ambush,68.0,9.0,4.0,68.0,0.0,Bird
6.0,ambush,50.0,92.0,10.0,36.0,1.0,Bird
6.0,ambush,21.0,72.0,54.0,42.0,1.0,Bird
6.0,ambush,50.0,92.0,10.0,36.0,0.0,Bird
6.0,ambush,50.0,92.0,10.0,36.0,0.0,Bird
6.0,ambush,21.0,72.0,54.0,42.0,1.0,Bird
6.0,ambush,21.0,72.0,54.0,42.0,1.0,Bird
6.0,ambush,21.0,72.0,54.0,42.0,1.0,Bird
6.0,ambush,21.0,77.0,54.0,42.0,0.0,Bird
6.0,ambush,56.0,71.0,44.0,22.0,0.0,Bird
6.0,ambush,21.0,72.0,54.0,42.0,0.0,Bird
6.0,ambush,56.0,71.0,44.0,22.0,0.0,Bird
6.0,ambush,56.0,66.0,47.0,22.0,0.0,Bird
6.0,ambush,56.0,71.0,44.0,22.0,0.0,Bird
6.0,ambush,56.0,71.0,44.0,22.0,0.0,Bird
6.0,ambush,56.0,71.0,44.0,22.0,0.0,Bird
6.0,ambush,56.0,71.0,44.0,22.0,0.0,Bird
6.0,ambush,56.0,71.0,44.0,22.0,0.0,Bird
6.0,ambush,18.0,86.0,43.0,47.0,1.0,Bird
6.0,ambush,18.0,86.0,43.0,47.0,1.0,Bird
6.0,ambush,21.0,72.0,50.0,42.0,0.0,Bird
6.0,ambush,18.0,86.0,43.0,47.0,0.0,Bird
6.0,ambush,18.0,86.0,43.0,47.0,0.0,Bird
6.0,ambush,18.0,86.0,43.0,47.0,0.0,Bird
6.0,ambush,18.0,86.0,43.0,47.0,0.0,Bird
6.0,ambush,71.0,32.0,19.0,74.0,1.0,Bird
6.0,ambush,59.0,68.0,10.0,61.0,1.0,Bird
6.0,ambush,71.0,32.0,19.0,74.0,0.0,Bird
6.0,ambush,71.0,32.0,19.0,74.0,1.0,Bird
6.0,ambush,59.0,68.0,10.0,61.0,0.0,Bird
6.0,ambush,59.0,68.0,10.0,61.0,1.0,Bird
6.0,ambush,59.0,68.0,10.0,61.0,1.0,Bird
6.0,ambush,24.0,49.0,43.0,81.0,0.0,Bird
6.0,ambush,59.0,68.0,10.0,61.0,1.0,Bird
6.0,ambush,59.0,68.0,10.0,61.0,0.0,Bird
6.0,ambush,59.0,68.0,10.0,61.0,1.0,Bird
6.0,ambush,71.0,32.0,19.0,74.0,0.0,Bird
6.0,ambush,59.0,68.0,10.0,61.0,1.0,Bird
6.0,ambush,71.0,32.0,19.0,74.0,0.0,Bird
6.0,ambush,59.0,68.0,10.0,61.0,1.0,Bird
6.0,ambush,59.0,68.0,10.0,61.0,1.0,Bird
6.0,ambush,59.0,68.0,10.0,61.0,0.0,Bird
6.0,ambush,59.0,68.0,10.0,61.0,1.0,Bird
6.0,ambush,59.0,68.0,10.0,61.0,1.0,Bird
6.0,ambush,59.0,68.0,10.0,61.0,0.0,Bird
6.0,ambush,59.0,68.0,10.0,61.0,1.0,Bird
6.0,ambush,59.0,68.0,10.0,61.0,1.0,Bird
6.0,ambush,59.0,68.0,10.0,61.0,1.0,Bird
6.0,ambush,59.0,68.0,10.0,61.0,0.0,Bird
6.0,ambush,71.0,32.0,19.0,74.0,0.0,Bird
6.0,ambush,63.0,36.0,3.0,96.0,1.0,Bird
6.0,ambush,17.0,71.0,17.0,94.0,1.0,Bird
6.0,ambush,63.0,36.0,3.0,96.0,1.0,Bird
6.0,ambush,17.0,71.0,17.0,94.0,1.0,Bird
6.0,ambush,17.0,71.0,17.0,94.0,0.0,Bird
6.0,ambush,46.0,52.0,37.0,64.0,1.0,Bird
6.0,ambush,17.0,71.0,17.0,94.0,0.0,Bird
6.0,ambush,63.0,36.0,3.0,96.0,0.0,Bird
6.0,ambush,63.0,36.0,3.0,96.0,1.0,Bird
6.0,ambush,51.0,62.0,37.0,50.0,1.0,Bird
6.0,ambush,63.0,36.0,3.0,96.0,0.0,Bird
6.0,ambush,51.0,62.0,37.0,50.0,1.0,Bird
6.0,ambush,46.0,56.0,37.0,64.0,0.0,Bird
6.0,ambush,71.0,36.0,19.0,74.0,1.0,Bird
6.0,ambush,51.0,62.0,37.0,50.0,1.0,Bird
6.0,ambush,51.0,62.0,37.0,50.0,0.0,Bird
6.0,ambush,51.0,62.0,37.0,50.0,0.0,Bird
6.0,ambush,51.0,62.0,37.0,50.0,1.0,Bird
6.0,ambush,51.0,62.0,37.0,50.0,1.0,Bird
6.0,ambush,17.0,71.0,17.0,94.0,0.0,Bird
6.0,ambush,71.0,36.0,19.0,74.0,0.0,Bird
6.0,ambush,51.0,62.0,37.0,50.0,1.0,Bird
6.0,ambush,71.0,36.0,19.0,74.0,0.0,Bird
6.0,ambush,51.0,62.0,37.0,50.0,1.0,Bird
6.0,ambush,51.0,62.0,37.0,50.0,0.0,Bird
6.0,ambush,56.0,74.0,44.0,27.0,1.0,Bird
6.0,ambush,65.0,88.0,12.0,37.0,1.0,Bird
6.0,ambush,65.0,88.0,12.0,37.0,0.0,Bird
6.0,ambush,51.0,62.0,37.0,50.0,1.0,Bird
6.0,ambush,56.0,74.0,44.0,27.0,0.0,Bird
6.0,ambush,51.0,62.0,37.0,50.0,0.0,Bird
6.0,ambush,71.0,36.0,19.0,74.0,0.0,Bird
6.0,ambush,71.0,36.0,19.0,74.0,0.0,Bird
6.0,ambush,60.0,45.0,6.0,93.0,1.0,Bird
6.0,ambush,62.0,22.0,18.0,100.0,0.0,Bird
6.0,ambush,62.0,22.0,18.0,100.0,1.0,Bird
6.0,ambush,62.0,22.0,18.0,100.0,1.0,Bird
6.0,ambush,51.0,62.0,41.0,50.0,0.0,Bird
6.0,ambush,61.0,66.0,40.0,38.0,1.0,Bird
6.0,ambush,61.0,66.0,40.0,38.0,1.0,Bird
6.0,ambush,61.0,66.0,40.0,38.0,1.0,Bird
6.0,ambush,61.0,66.0,40.0,38.0,1.0,Bird
6.0,ambush,61.0,66.0,40.0,38.0,1.0,Bird
6.0,ambush,61.0,66.0,40.0,38.0,0.0,Bird
6.0,ambush,18.0,57.0,100.0,31.0,1.0,Bird
6.0,ambush,61.0,66.0,40.0,38.0,0.0,Bird
6.0,ambush,61.0,66.0,40.0,39.0,0.0,Bird
6.0,ambush,18.0,57.0,100.0,31.0,0.0,Bird
6.0,ambush,62.0,22.0,18.0,100.0,0.0,Bird
6.0,ambush,51.0,62.0,40.0,53.0,1.0,Bird
6.0,ambush,51.0,62.0,40.0,53.0,1.0,Bird
6.0,ambush,18.0,57.0,100.0,31.0,1.0,Bird
6.0,ambush,18.0,57.0,100.0,31.0,1.0,Bird
6.0,ambush,18.0,57.0,100.0,31.0,1.0,Bird
6.0,ambush,15.0,57.0,100.0,31.0,0.0,Bird
6.0,ambush,18.0,57.0,100.0,31.0,1.0,Bird
6.0,ambush,18.0,57.0,100.0,31.0,1.0,Bird
6.0,ambush,18.0,57.0,100.0,31.0,1.0,Bird
6.0,ambush,45.0,41.0,71.0,50.0,1.0,Bird
6.0,ambush,11.0,69.0,69.0,58.0,0.0,Bird
6.0,ambush,62.0,22.0,18.0,100.0,0.0,Bird
6.0,ambush,11.0,69.0,69.0,58.0,0.0,Bird
6.0,ambush,11.0,69.0,69.0,58.0,0.0,Bird
6.0,ambush,45.0,41.0,71.0,50.0,0.0,Bird
6.0,ambush,51.0,62.0,44.0,50.0,0.0,Bird
6.0,ambush,45.0,41.0,71.0,50.0,1.0,Bird
6.0,ambush,45.0,41.0,71.0,50.0,0.0,Bird
6.0,ambush,19.0,57.0,100.0,31.0,1.0,Bird
6.0,ambush,45.0,41.0,69.0,50.0,0.0,Bird
6.0,ambush,45.0,41.0,71.0,50.0,0.0,Bird
6.0,ambush,19.0,57.0,100.0,31.0,1.0,Bird
6.0,ambush,45.0,41.0,71.0,50.0,0.0,Bird
6.0,ambush,11.0,69.0,69.0,58.0,1.0,Bird
6.0,ambush,19.0,57.0,100.0,31.0,0.0,Bird
6.0,ambush,11.0,69.0,69.0,58.0,1.0,Bird
6.0,ambush,7.0,69.0,69.0,55.0,0.0,Bird
6.0,ambush,18.0,58.0,95.0,31.0,0.0,Bird
6.0,ambush,45.0,41.0,71.0,50.0,1.0,Bird
6.0,ambush,45.0,40.0,72.0,50.0,0.0,Bird
6.0,ambush,45.0,41.0,71.0,50.0,0.0,Bird
6.0,ambush,19.0,57.0,100.0,31.0,0.0,Bird
6.0,ambush,45.0,40.0,72.0,50.0,1.0,Bird
6.0,ambush,68.0,91.0,17.0,32.0,1.0,Bird
6.0,ambush,68.0,91.0,17.0,32.0,0.0,Bird
6.0,ambush,45.0,41.0,71.0,50.0,0.0,Bird
6.0,ambush,45.0,48.0,22.0,93.0,1.0,Bird
6.0,ambush,35.0,89.0,25.0,59.0,0.0,Bird
6.0,ambush,62.0,21.0,18.0,100.0,0.0,Bird
6.0,ambush,45.0,48.0,22.0,93.0,0.0,Bird
6.0,ambush,45.0,48.0,22.0,93.0,1.0,Bird
6.0,ambush,68.0,91.0,17.0,32.0,0.0,Bird
6.0,ambush,35.0,89.0,25.0,59.0,0.0,Bird
6.0,ambush,35.0,89.0,25.0,59.0,0.0,Bird
6.0,ambush,68.0,91.0,17.0,32.0,0.0,Bird
6.0,ambush,45.0,48.0,22.0,93.0,1.0,Bird
6.0,ambush,46.0,45.0,71.0,50.0,1.0,Bird
6.0,ambush,31.0,82.0,60.0,39.0,1.0,Bird
6.0,ambush,51.0,93.0,32.0,35.0,1.0,Bird
6.0,ambush,45.0,48.0,22.0,93.0,1.0,Bird
6.0,ambush,45.0,48.0,22.0,93.0,1.0,Bird
6.0,ambush,60.0,25.0,95.0,33.0,1.0,Bird
6.0,ambush,45.0,48.0,22.0,93.0,0.0,Bird
6.0,ambush,60.0,25.0,95.0,33.0,0.0,Bird
6.0,ambush,46.0,45.0,71.0,50.0,0.0,Bird
6.0,ambush,19.0,57.0,100.0,31.0,1.0,Bird
6.0,ambush,45.0,41.0,71.0,50.0,0.0,Bird
6.0,ambush,60.0,25.0,95.0,33.0,0.0,Bird
6.0,ambush,46.0,45.0,71.0,50.0,0.0,Bird
7.0,ambush,48.0,46.0,1.0,48.0,1.0,Bird
7.0,ambush,48.0,46.0,1.0,48.0,1.0,Bird
7.0,ambush,48.0,46.0,1.0,48.0,1.0,Bird
7.0,ambush,48.0,46.0,1.0,48.0,1.0,Bird
7.0,ambush,48.0,46.0,1.0,48.0,1.0,Bird
7.0,ambush,48.0,46.0,2.0,48.0,1.0,Bird
7.0,ambush,48.0,46.0,2.0,48.0,1.0,Bird
7.0,ambush,48.0,46.0,1.0,48.0,0.0,Bird
7.0,ambush,48.0,46.0,2.0,48.0,1.0,Bird
7.0,ambush,48.0,46.0,2.0,48.0,1.0,Bird
7.0,ambush,48.0,46.0,1.0,48.0,0.0,Bird
7.0,ambush,48.0,46.0,2.0,48.0,0.0,Bird
7.0,ambush,48.0,46.0,2.0,48.0,1.0,Bird
7.0,ambush,48.0,46.0,2.0,48.0,1.0,Bird
7.0,ambush,48.0,46.0,2.0,48.0,1.0,Bird
7.0,ambush,48.0,46.0,2.0,48.0,1.0,Bird
7.0,ambush,48.0,46.0,2.0,48.0,1.0,Bird
7.0,ambush,48.0,46.0,2.0,48.0,0.0,Bird
7.0,ambush,48.0,46.0,2.0,48.0,1.0,Bird
7.0,ambush,48.0,46.0,1.0,48.0,0.0,Bird
7.0,ambush,48.0,46.0,2.0,48.0,0.0,Bird
7.0,ambush,48.0,46.0,2.0,48.0,1.0,Bird
7.0,ambush,48.0,46.0,2.0,48.0,0.0,Bird
7.0,ambush,48.0,46.0,2.0,48.0,1.0,Bird
7.0,ambush,48.0,46.0,2.0,48.0,0.0,Bird
7.0,ambush,48.0,46.0,2.0,48.0,0.0,Bird
7.0,ambush,29.0,80.0,10.0,42.0,1.0,Bird
7.0,ambush,29.0,80.0,10.0,39.0,0.0,Bird
7.0,ambush,29.0,80.0,10.0,39.0,0.0,Bird
7.0,ambush,48.0,46.0,2.0,48.0,0.0,Bird
7.0,ambush,29.0,80.0,10.0,42.0,0.0,Bird
7.0,ambush,64.0,67.0,19.0,31.0,1.0,Bird
7.0,ambush,50.0,92.0,10.0,36.0,1.0,Bird
7.0,ambush,50.0,92.0,10.0,36.0,1.0,Bird
7.0,ambush,68.0,9.0,4.0,68.0,1.0,Bird
7.0,ambush,64.0,67.0,19.0,31.0,0.0,Bird
7.0,ambush,29.0,80.0,10.0,42.0,0.0,Bird
7.0,ambush,50.0,92.0,10.0,36.0,1.0,Bird
7.0,ambush,50.0,92.0,10.0,36.0,0.0,Bird
7.0,ambush,29.0,80.0,10.0,39.0,0.0,Bird
7.0,ambush,50.0,92.0,10.0,36.0,0.0,Bird
7.0,ambush,50.0,92.0,10.0,36.0,1.0,Bird
7.0,ambush,50.0,92.0,10.0,36.0,1.0,Bird
7.0,ambush,50.0,92.0,10.0,36.0,1.0,Bird
7.0,ambush,50.0,92.0,10.0,36.0,0.0,Bird
7.0,ambush,21.0,72.0,54.0,42.0,1.0,Bird
7.0,ambush,48.0,46.0,2.0,44.0,0.0,Bird
7.0,ambush,21.0,72.0,54.0,42.0,0.0,Bird
7.0,ambush,21.0,72.0,54.0,42.0,0.0,Bird
7.0,ambush,21.0,72.0,54.0,42.0,0.0,Bird
7.0,ambush,21.0,72.0,54.0,42.0,0.0,Bird
7.0,ambush,21.0,72.0,54.0,42.0,0.0,Bird
7.0,ambush,18.0,86.0,43.0,47.0,0.0,Bird
7.0,ambush,71.0,32.0,19.0,74.0,1.0,Bird
7.0,ambush,18.0,86.0,43.0,47.0,0.0,Bird
7.0,ambush,18.0,86.0,43.0,47.0,0.0,Bird
7.0,ambush,59.0,68.0,10.0,61.0,1.0,Bird
7.0,ambush,21.0,72.0,54.0,42.0,0.0,Bird
7.0,ambush,71.0,32.0,19.0,74.0,1.0,Bird
7.0,ambush,71.0,32.0,19.0,74.0,1.0,Bird
7.0,ambush,59.0,68.0,10.0,61.0,0.0,Bird
7.0,ambush,71.0,32.0,19.0,74.0,0.0,Bird
7.0,ambush,59.0,68.0,10.0,61.0,1.0,Bird
7.0,ambush,18.0,86.0,43.0,47.0,0.0,Bird
7.0,ambush,59.0,68.0,10.0,61.0,1.0,Bird
7.0,ambush,59.0,68.0,10.0,61.0,1.0,Bird
7.0,ambush,59.0,68.0,10.0,61.0,0.0,Bird
7.0,ambush,63.0,36.0,3.0,96.0,0.0,Bird
7.0,ambush,59.0,68.0,10.0,61.0,1.0,Bird
7.0,ambush,57.0,68.0,10.0,61.0,1.0,Bird
7.0,ambush,59.0,68.0,10.0,61.0,1.0,Bird
7.0,ambush,59.0,68.0,10.0,61.0,0.0,Bird
7.0,ambush,59.0,68.0,10.0,61.0,0.0,Bird
7.0,ambush,59.0,68.0,10.0,61.0,1.0,Bird
7.0,ambush,59.0,68.0,10.0,61.0,0.0,Bird
7.0,ambush,59.0,68.0,10.0,61.0,1.0,Bird
7.0,ambush,59.0,68.0,10.0,61.0,1.0,Bird
7.0,ambush,63.0,36.0,3.0,96.0,0.0,Bird
7.0,ambush,59.0,68.0,10.0,61.0,0.0,Bird
7.0,ambush,59.0,68.0,10.0,61.0,1.0,Bird
7.0,ambush,59.0,68.0,10.0,61.0,1.0,Bird
7.0,ambush,59.0,68.0,10.0,61.0,1.0,Bird
7.0,ambush,59.0,68.0,10.0,61.0,0.0,Bird
7.0,ambush,59.0,68.0,10.0,61.0,1.0,Bird
7.0,ambush,59.0,68.0,10.0,61.0,0.0,Bird
7.0,ambush,59.0,68.0,10.0,61.0,0.0,Bird
7.0,ambush,59.0,68.0,10.0,61.0,0.0,Bird
7.0,ambush,59.0,68.0,10.0,61.0,1.0,Bird
7.0,ambush,59.0,68.0,10.0,61.0,0.0,Bird
7.0,ambush,59.0,68.0,10.0,61.0,1.0,Bird
7.0,ambush,59.0,68.0,10.0,61.0,0.0,Bird
7.0,ambush,59.0,68.0,10.0,61.0,1.0,Bird
7.0,ambush,59.0,68.0,10.0,61.0,0.0,Bird
7.0,ambush,59.0,68.0,10.0,61.0,0.0,Bird
7.0,ambush,59.0,68.0,10.0,61.0,0.0,Bird
7.0,ambush,63.0,36.0,3.0,96.0,0.0,Bird
7.0,ambush,46.0,52.0,37.0,64.0,1.0,Bird
7.0,ambush,46.0,52.0,37.0,64.0,1.0,Bird
7.0,ambush,63.0,36.0,3.0,96.0,0.0,Bird
7.0,ambush,17.0,71.0,17.0,94.0,1.0,Bird
7.0,ambush,63.0,36.0,3.0,96.0,1.0,Bird
7.0,ambush,17.0,71.0,17.0,94.0,1.0,Bird
7.0,ambush,51.0,62.0,37.0,50.0,1.0,Bird
7.0,ambush,46.0,52.0,37.0,64.0,0.0,Bird
7.0,ambush,51.0,62.0,37.0,50.0,1.0,Bird
7.0,ambush,51.0,62.0,37.0,50.0,1.0,Bird
7.0,ambush,51.0,62.0,37.0,50.0,1.0,Bird
7.0,ambush,51.0,62.0,37.0,50.0,1.0,Bird
7.0,ambush,51.0,62.0,37.0,50.0,1.0,Bird
7.0,ambush,51.0,62.0,37.0,50.0,1.0,Bird
7.0,ambush,51.0,62.0,37.0,50.0,1.0,Bird
7.0,ambush,17.0,71.0,13.0,94.0,0.0,Bird
7.0,ambush,51.0,62.0,37.0,50.0,1.0,Bird
7.0,ambush,71.0,36.0,19.0,74.0,1.0,Bird
7.0,ambush,51.0,62.0,37.0,50.0,0.0,Bird
7.0,ambush,51.0,62.0,37.0,50.0,1.0,Bird
7.0,ambush,56.0,74.0,44.0,27.0,0.0,Bird
7.0,ambush,51.0,62.0,37.0,50.0,0.0,Bird
7.0,ambush,51.0,62.0,37.0,50.0,0.0,Bird
7.0,ambush,56.0,74.0,44.0,27.0,0.0,Bird
7.0,ambush,65.0,88.0,12.0,37.0,1.0,Bird
7.0,ambush,56.0,74.0,44.0,27.0,0.0,Bird
7.0,ambush,17.0,71.0,17.0,94.0,0.0,Bird
7.0,ambush,65.0,88.0,12.0,37.0,1.0,Bird
7.0,ambush,65.0,88.0,12.0,37.0,1.0,Bird
7.0,ambush,17.0,71.0,17.0,94.0,0.0,Bird
7.0,ambush,62.0,22.0,18.0,100.0,1.0,Bird
7.0,ambush,51.0,62.0,37.0,50.0,0.0,Bird
7.0,ambush,62.0,22.0,18.0,100.0,1.0,Bird
7.0,ambush,61.0,66.0,40.0,38.0,1.0,Bird
7.0,ambush,62.0,22.0,18.0,100.0,0.0,Bird
7.0,ambush,61.0,66.0,40.0,38.0,1.0,Bird
7.0,ambush,61.0,66.0,40.0,38.0,1.0,Bird
7.0,ambush,62.0,22.0,18.0,100.0,1.0,Bird
7.0,ambush,61.0,66.0,40.0,38.0,1.0,Bird
7.0,ambush,61.0,66.0,40.0,38.0,1.0,Bird
7.0,ambush,61.0,66.0,40.0,38.0,1.0,Bird
7.0,ambush,60.0,45.0,6.0,93.0,0.0,Bird
7.0,ambush,18.0,57.0,100.0,31.0,1.0,Bird
7.0,ambush,61.0,66.0,40.0,38.0,0.0,Bird
7.0,ambush,18.0,57.0,100.0,31.0,1.0,Bird
7.0,ambush,18.0,57.0,100.0,31.0,1.0,Bird
7.0,ambush,61.0,66.0,40.0,38.0,0.0,Bird
7.0,ambush,61.0,66.0,40.0,38.0,0.0,Bird
7.0,ambush,51.0,62.0,40.0,53.0,1.0,Bird
7.0,ambush,51.0,62.0,40.0,53.0,1.0,Bird
7.0,ambush,18.0,57.0,100.0,31.0,1.0,Bird
7.0,ambush,18.0,57.0,100.0,31.0,1.0,Bird
7.0,ambush,18.0,57.0,100.0,31.0,1.0,Bird
7.0,ambush,51.0,62.0,40.0,53.0,1.0,Bird
7.0,ambush,51.0,62.0,40.0,53.0,1.0,Bird
7.0,ambush,18.0,57.0,100.0,31.0,1.0,Bird
7.0,ambush,51.0,62.0,40.0,53.0,1.0,Bird
7.0,ambush,18.0,57.0,100.0,31.0,0.0,Bird
7.0,ambush,19.0,57.0,100.0,31.0,1.0,Bird
7.0,ambush,18.0,57.0,100.0,31.0,1.0,Bird
7.0,ambush,51.0,62.0,40.0,51.0,1.0,Bird
7.0,ambush,11.0,69.0,69.0,58.0,0.0,Bird
7.0,ambush,18.0,57.0,100.0,31.0,0.0,Bird
7.0,ambush,11.0,69.0,69.0,58.0,1.0,Bird
7.0,ambush,11.0,69.0,69.0,58.0,0.0,Bird
7.0,ambush,19.0,57.0,100.0,31.0,0.0,Bird
7.0,ambush,11.0,69.0,69.0,58.0,0.0,Bird
7.0,ambush,45.0,41.0,71.0,50.0,1.0,Bird
7.0,ambush,45.0,40.0,72.0,50.0,1.0,Bird
7.0,ambush,45.0,41.0,71.0,50.0,1.0,Bird
7.0,ambush,45.0,41.0,71.0,50.0,1.0,Bird
7.0,ambush,19.0,57.0,100.0,31.0,0.0,Bird
7.0,ambush,19.0,57.0,100.0,31.0,1.0,Bird
7.0,ambush,45.0,41.0,71.0,50.0,0.0,Bird
7.0,ambush,18.0,57.0,100.0,31.0,1.0,Bird
7.0,ambush,45.0,41.0,71.0,50.0,1.0,Bird
7.0,ambush,19.0,57.0,100.0,31.0,0.0,Bird
7.0,ambush,19.0,57.0,100.0,31.0,0.0,Bird
7.0,ambush,45.0,41.0,71.0,50.0,1.0,Bird
7.0,ambush,19.0,57.0,100.0,31.0,0.0,Bird
7.0,ambush,45.0,48.0,22.0,93.0,1.0,Bird
7.0,ambush,45.0,48.0,22.0,93.0,1.0,Bird
7.0,ambush,45.0,48.0,22.0,93.0,1.0,Bird
7.0,ambush,62.0,22.0,18.0,100.0,0.0,Bird
7.0,ambush,68.0,91.0,17.0,32.0,1.0,Bird
7.0,ambush,45.0,48.0,22.0,93.0,1.0,Bird
7.0,ambush,68.0,91.0,17.0,32.0,0.0,Bird
7.0,ambush,45.0,48.0,22.0,93.0,1.0,Bird
7.0,ambush,45.0,48.0,22.0,93.0,1.0,Bird
7.0,ambush,45.0,48.0,22.0,93.0,1.0,Bird
7.0,ambush,51.0,93.0,32.0,35.0,1.0,Bird
7.0,ambush,31.0,82.0,60.0,39.0,1.0,Bird
7.0,ambush,51.0,93.0,32.0,35.0,1.0,Bird
7.0,ambush,45.0,48.0,22.0,93.0,0.0,Bird
7.0,ambush,31.0,82.0,60.0,39.0,1.0,Bird
7.0,ambush,45.0,48.0,22.0,93.0,0.0,Bird
7.0,ambush,45.0,48.0,22.0,93.0,1.0,Bird
7.0,ambush,45.0,48.0,22.0,93.0,0.0,Bird
7.0,ambush,18.0,57.0,100.0,31.0,0.0,Bird
8.0,ambush,48.0,46.0,1.0,48.0,0.0,Bird
8.0,ambush,48.0,46.0,1.0,48.0,1.0,Bird
8.0,ambush,48.0,46.0,1.0,48.0,1.0,Bird
8.0,ambush,48.0,46.0,1.0,48.0,1.0,Bird
8.0,ambush,48.0,46.0,1.0,48.0,1.0,Bird
8.0,ambush,48.0,46.0,2.0,48.0,1.0,Bird
8.0,ambush,48.0,46.0,1.0,48.0,0.0,Bird
8.0,ambush,48.0,46.0,1.0,48.0,0.0,Bird
8.0,ambush,48.0,46.0,2.0,48.0,0.0,Bird
8.0,ambush,48.0,46.0,2.0,48.0,1.0,Bird
8.0,ambush,48.0,46.0,1.0,48.0,0.0,Bird
8.0,ambush,48.0,46.0,1.0,48.0,0.0,Bird
8.0,ambush,48.0,46.0,2.0,48.0,0.0,Bird
8.0,ambush,48.0,46.0,2.0,48.0,1.0,Bird
8.0,ambush,48.0,46.0,2.0,52.0,1.0,Bird
8.0,ambush,48.0,46.0,2.0,48.0,1.0,Bird
8.0,ambush,48.0,46.0,2.0,48.0,1.0,Bird
8.0,ambush,48.0,46.0,2.0,48.0,1.0,Bird
8.0,ambush,48.0,46.0,2.0,48.0,0.0,Bird
8.0,ambush,48.0,46.0,2.0,48.0,0.0,Bird
8.0,ambush,48.0,46.0,2.0,48.0,0.0,Bird
8.0,ambush,48.0,46.0,2.0,48.0,0.0,Bird
8.0,ambush,48.0,46.0,2.0,48.0,0.0,Bird
8.0,ambush,48.0,46.0,2.0,48.0,0.0,Bird
8.0,ambush,48.0,46.0,2.0,48.0,1.0,Bird
8.0,ambush,48.0,46.0,2.0,48.0,0.0,Bird
8.0,ambush,48.0,46.0,2.0,48.0,1.0,Bird
8.0,ambush,48.0,46.0,2.0,48.0,0.0,Bird
8.0,ambush,48.0,46.0,2.0,48.0,0.0,Bird
8.0,ambush,48.0,46.0,2.0,48.0,1.0,Bird
8.0,ambush,48.0,46.0,2.0,48.0,1.0,Bird
8.0,ambush,48.0,46.0,1.0,48.0,1.0,Bird
8.0,ambush,48.0,46.0,2.0,48.0,1.0,Bird
8.0,ambush,48.0,46.0,2.0,48.0,1.0,Bird
8.0,ambush,48.0,46.0,2.0,48.0,1.0,Bird
8.0,ambush,29.0,80.0,10.0,42.0,1.0,Bird
8.0,ambush,48.0,46.0,2.0,48.0,1.0,Bird
8.0,ambush,48.0,46.0,2.0,48.0,1.0,Bird
8.0,ambush,64.0,67.0,19.0,31.0,1.0,Bird
8.0,ambush,64.0,67.0,19.0,31.0,1.0,Bird
8.0,ambush,29.0,80.0,10.0,42.0,0.0,Bird
8.0,ambush,68.0,9.0,4.0,68.0,0.0,Bird
8.0,ambush,50.0,92.0,10.0,36.0,1.0,Bird
8.0,ambush,50.0,92.0,10.0,36.0,0.0,Bird
8.0,ambush,50.0,92.0,10.0,36.0,1.0,Bird
8.0,ambush,50.0,92.0,10.0,36.0,0.0,Bird
8.0,ambush,50.0,92.0,10.0,36.0,1.0,Bird
8.0,ambush,50.0,92.0,10.0,36.0,0.0,Bird
8.0,ambush,50.0,92.0,10.0,36.0,0.0,Bird
8.0,ambush,50.0,92.0,10.0,36.0,0.0,Bird
8.0,ambush,50.0,92.0,10.0,36.0,0.0,Bird
8.0,ambush,50.0,92.0,10.0,36.0,0.0,Bird
8.0,ambush,50.0,92.0,10.0,36.0,1.0,Bird
8.0,ambush,50.0,92.0,10.0,36.0,0.0,Bird
8.0,ambush,50.0,92.0,10.0,36.0,1.0,Bird
8.0,ambush,68.0,9.0,4.0,68.0,0.0,Bird
8.0,ambush,50.0,92.0,10.0,36.0,1.0,Bird
8.0,ambush,64.0,67.0,19.0,31.0,0.0,Bird
8.0,ambush,57.0,68.0,10.0,61.0,1.0,Bird
8.0,ambush,57.0,68.0,10.0,61.0,1.0,Bird
8.0,ambush,21.0,72.0,54.0,42.0,0.0,Bird
8.0,ambush,59.0,68.0,10.0,61.0,1.0,Bird
8.0,ambush,57.0,68.0,10.0,61.0,0.0,Bird
8.0,ambush,71.0,32.0,19.0,74.0,1.0,Bird
8.0,ambush,71.0,32.0,19.0,74.0,0.0,Bird
8.0,ambush,59.0,68.0,10.0,61.0,1.0,Bird
8.0,ambush,59.0,68.0,10.0,61.0,1.0,Bird
8.0,ambush,71.0,32.0,19.0,74.0,0.0,Bird
8.0,ambush,59.0,68.0,10.0,61.0,0.0,Bird
8.0,ambush,59.0,68.0,10.0,61.0,1.0,Bird
8.0,ambush,59.0,68.0,10.0,61.0,1.0,Bird
8.0,ambush,59.0,68.0,10.0,61.0,0.0,Bird
8.0,ambush,59.0,68.0,10.0,61.0,1.0,Bird
8.0,ambush,59.0,68.0,10.0,61.0,0.0,Bird
8.0,ambush,59.0,68.0,10.0,61.0,1.0,Bird
8.0,ambush,59.0,68.0,10.0,61.0,1.0,Bird
8.0,ambush,59.0,68.0,10.0,61.0,1.0,Bird
8.0,ambush,59.0,68.0,10.0,61.0,0.0,Bird
8.0,ambush,59.0,68.0,10.0,61.0,0.0,Bird
8.0,ambush,71.0,32.0,19.0,74.0,0.0,Bird
8.0,ambush,59.0,68.0,10.0,61.0,0.0,Bird
8.0,ambush,59.0,68.0,10.0,61.0,0.0,Bird
8.0,ambush,59.0,68.0,10.0,61.0,1.0,Bird
8.0,ambush,59.0,68.0,10.0,61.0,0.0,Bird
8.0,ambush,59.0,68.0,10.0,61.0,0.0,Bird
8.0,ambush,59.0,68.0,10.0,61.0,0.0,Bird
8.0,ambush,59.0,68.0,10.0,61.0,0.0,Bird
8.0,ambush,63.0,36.0,3.0,96.0,1.0,Bird
8.0,ambush,59.0,68.0,10.0,61.0,1.0,Bird
8.0,ambush,68.0,9.0,4.0,68.0,0.0,Bird
8.0,ambush,59.0,68.0,10.0,61.0,0.0,Bird
8.0,ambush,59.0,68.0,10.0,61.0,0.0,Bird
8.0,ambush,63.0,36.0,3.0,96.0,1.0,Bird
8.0,ambush,59.0,68.0,10.0,61.0,0.0,Bird
8.0,ambush,61.0,68.0,10.0,66.0,1.0,Bird
8.0,ambush,59.0,68.0,10.0,61.0,1.0,Bird
8.0,ambush,59.0,68.0,10.0,61.0,0.0,Bird
8.0,ambush,59.0,68.0,10.0,61.0,0.0,Bird
8.0,ambush,46.0,52.0,37.0,64.0,1.0,Bird
8.0,ambush,46.0,52.0,37.0,64.0,1.0,Bird
8.0,ambush,17.0,71.0,17.0,94.0,1.0,Bird
8.0,ambush,59.0,68.0,10.0,61.0,0.0,Bird
8.0,ambush,59.0,68.0,10.0,61.0,0.0,Bird
8.0,ambush,46.0,52.0,37.0,64.0,0.0,Bird
8.0,ambush,17.0,71.0,17.0,94.0,1.0,Bird
8.0,ambush,46.0,52.0,37.0,64.0,0.0,Bird
8.0,ambush,51.0,62.0,37.0,50.0,1.0,Bird
8.0,ambush,51.0,62.0,37.0,50.0,0.0,Bird
8.0,ambush,51.0,62.0,37.0,50.0,0.0,Bird
8.0,ambush,51.0,62.0,37.0,50.0,0.0,Bird
8.0,ambush,51.0,62.0,37.0,50.0,0.0,Bird
8.0,ambush,17.0,71.0,17.0,94.0,0.0,Bird
8.0,ambush,51.0,62.0,37.0,50.0,1.0,Bird
8.0,ambush,51.0,62.0,37.0,50.0,1.0,Bird
8.0,ambush,51.0,62.0,41.0,50.0,1.0,Bird
8.0,ambush,51.0,65.0,37.0,49.0,1.0,Bird
8.0,ambush,71.0,36.0,19.0,74.0,0.0,Bird
8.0,ambush,51.0,62.0,37.0,50.0,1.0,Bird
8.0,ambush,71.0,36.0,19.0,74.0,0.0,Bird
8.0,ambush,51.0,62.0,37.0,50.0,0.0,Bird
8.0,ambush,51.0,62.0,37.0,50.0,0.0,Bird
8.0,ambush,51.0,62.0,37.0,50.0,1.0,Bird
8.0,ambush,51.0,62.0,37.0,50.0,1.0,Bird
8.0,ambush,51.0,62.0,37.0,50.0,1.0,Bird
8.0,ambush,51.0,62.0,37.0,50.0,1.0,Bird
8.0,ambush,51.0,62.0,37.0,50.0,0.0,Bird
8.0,ambush,65.0,88.0,12.0,37.0,1.0,Bird
8.0,ambush,51.0,62.0,37.0,50.0,0.0,Bird
8.0,ambush,69.0,88.0,12.0,36.0,0.0,Bird
8.0,ambush,51.0,62.0,37.0,50.0,0.0,Bird
8.0,ambush,65.0,88.0,12.0,37.0,1.0,Bird
8.0,ambush,65.0,88.0,12.0,37.0,0.0,Bird
8.0,ambush,51.0,62.0,37.0,50.0,0.0,Bird
8.0,ambush,65.0,88.0,12.0,37.0,0.0,Bird
8.0,ambush,65.0,88.0,12.0,37.0,0.0,Bird
8.0,ambush,65.0,88.0,12.0,37.0,0.0,Bird
8.0,ambush,71.0,36.0,19.0,74.0,0.0,Bird
8.0,ambush,65.0,88.0,12.0,37.0,0.0,Bird
8.0,ambush,51.0,62.0,37.0,50.0,0.0,Bird
8.0,ambush,62.0,22.0,18.0,100.0,1.0,Bird
8.0,ambush,51.0,62.0,40.0,51.0,1.0,Bird
8.0,ambush,51.0,62.0,40.0,51.0,1.0,Bird
8.0,ambush,51.0,62.0,39.0,53.0,1.0,Bird
8.0,ambush,62.0,22.0,18.0,100.0,1.0,Bird
8.0,ambush,62.0,22.0,18.0,100.0,1.0,Bird
8.0,ambush,61.0,66.0,40.0,38.0,1.0,Bird
8.0,ambush,61.0,66.0,40.0,38.0,1.0,Bird
8.0,ambush,61.0,66.0,40.0,38.0,0.0,Bird
8.0,ambush,62.0,22.0,18.0,100.0,0.0,Bird
8.0,ambush,62.0,22.0,23.0,100.0,0.0,Bird
8.0,ambush,61.0,66.0,40.0,38.0,1.0,Bird
8.0,ambush,61.0,66.0,40.0,38.0,0.0,Bird
8.0,ambush,61.0,66.0,40.0,38.0,1.0,Bird
8.0,ambush,61.0,66.0,40.0,38.0,0.0,Bird
8.0,ambush,62.0,22.0,18.0,100.0,0.0,Bird
8.0,ambush,61.0,66.0,40.0,38.0,1.0,Bird
8.0,ambush,51.0,62.0,40.0,53.0,1.0,Bird
8.0,ambush,61.0,66.0,40.0,38.0,0.0,Bird
8.0,ambush,61.0,64.0,40.0,42.0,1.0,Bird
8.0,ambush,61.0,66.0,40.0,38.0,1.0,Bird
8.0,ambush,62.0,22.0,18.0,100.0,0.0,Bird
8.0,ambush,51.0,62.0,40.0,53.0,1.0,Bird
8.0,ambush,51.0,62.0,40.0,53.0,1.0,Bird
8.0,ambush,18.0,57.0,100.0,31.0,0.0,Bird
8.0,ambush,18.0,57.0,100.0,31.0,1.0,Bird
8.0,ambush,51.0,62.0,40.0,53.0,1.0,Bird
8.0,ambush,18.0,57.0,100.0,31.0,0.0,Bird
8.0,ambush,51.0,62.0,40.0,53.0,1.0,Bird
8.0,ambush,18.0,57.0,100.0,31.0,1.0,Bird
8.0,ambush,18.0,57.0,100.0,31.0,1.0,Bird
8.0,ambush,51.0,62.0,40.0,53.0,1.0,Bird
8.0,ambush,18.0,57.0,100.0,31.0,0.0,Bird
8.0,ambush,18.0,57.0,100.0,31.0,1.0,Bird
8.0,ambush,51.0,62.0,40.0,53.0,1.0,Bird
8.0,ambush,18.0,57.0,100.0,31.0,1.0,Bird
8.0,ambush,18.0,57.0,100.0,31.0,1.0,Bird
8.0,ambush,51.0,62.0,40.0,53.0,0.0,Bird
8.0,ambush,51.0,62.0,40.0,53.0,1.0,Bird
8.0,ambush,51.0,62.0,40.0,53.0,1.0,Bird
8.0,ambush,19.0,57.0,100.0,31.0,1.0,Bird
8.0,ambush,62.0,22.0,18.0,100.0,0.0,Bird
8.0,ambush,18.0,57.0,100.0,31.0,1.0,Bird
8.0,ambush,18.0,57.0,100.0,31.0,1.0,Bird
8.0,ambush,19.0,57.0,100.0,31.0,1.0,Bird
8.0,ambush,45.0,41.0,71.0,50.0,1.0,Bird
8.0,ambush,45.0,41.0,71.0,50.0,1.0,Bird
8.0,ambush,45.0,41.0,74.0,50.0,1.0,Bird
8.0,ambush,45.0,41.0,71.0,50.0,1.0,Bird
8.0,ambush,11.0,69.0,69.0,58.0,0.0,Bird
8.0,ambush,11.0,69.0,69.0,58.0,0.0,Bird
8.0,ambush,45.0,41.0,71.0,50.0,0.0,Bird
8.0,ambush,18.0,57.0,100.0,31.0,1.0,Bird
8.0,ambush,45.0,41.0,71.0,50.0,0.0,Bird
9.0,ambush,48.0,46.0,1.0,48.0,1.0,Bird
9.0,ambush,48.0,46.0,1.0,48.0,1.0,Bird
9.0,ambush,48.0,46.0,1.0,48.0,1.0,Bird
9.0,ambush,48.0,46.0,1.0,48.0,1.0,Bird
9.0,ambush,48.0,46.0,1.0,48.0,0.0,Bird
9.0,ambush,48.0,46.0,1.0,48.0,1.0,Bird
9.0,ambush,48.0,46.0,1.0,48.0,0.0,Bird
9.0,ambush,48.0,47.0,1.0,44.0,0.0,Bird
9.0,ambush,48.0,46.0,1.0,48.0,0.0,Bird
9.0,ambush,48.0,46.0,2.0,48.0,1.0,Bird
9.0,ambush,48.0,46.0,2.0,48.0,0.0,Bird
9.0,ambush,48.0,46.0,2.0,48.0,0.0,Bird
9.0,ambush,48.0,46.0,2.0,48.0,1.0,Bird
9.0,ambush,48.0,46.0,2.0,48.0,1.0,Bird
9.0,ambush,48.0,46.0,2.0,48.0,1.0,Bird
9.0,ambush,48.0,46.0,2.0,48.0,0.0,Bird
9.0,ambush,48.0,46.0,2.0,48.0,0.0,Bird
9.0,ambush,48.0,46.0,2.0,48.0,1.0,Bird
9.0,ambush,48.0,46.0,2.0,48.0,1.0,Bird
9.0,ambush,48.0,46.0,2.0,48.0,1.0,Bird
9.0,ambush,48.0,46.0,2.0,48.0,1.0,Bird
9.0,ambush,48.0,46.0,2.0,48.0,1.0,Bird
9.0,ambush,48.0,46.0,2.0,48.0,0.0,Bird
9.0,ambush,46.0,46.0,2.0,48.0,1.0,Bird
9.0,ambush,48.0,46.0,2.0,48.0,1.0,Bird
9.0,ambush,48.0,46.0,2.0,48.0,1.0,Bird
9.0,ambush,48.0,46.0,2.0,48.0,0.0,Bird
9.0,ambush,48.0,46.0,2.0,48.0,1.0,Bird
9.0,ambush,48.0,46.0,2.0,48.0,1.0,Bird
9.0,ambush,48.0,46.0,2.0,48.0,1.0,Bird
9.0,ambush,48.0,46.0,2.0,48.0,1.0,Bird
9.0,ambush,48.0,46.0,2.0,48.0,1.0,Bird
9.0,ambush,48.0,46.0,2.0,48.0,1.0,Bird
9.0,ambush,48.0,46.0,2.0,48.0,1.0,Bird
9.0,ambush,48.0,46.0,2.0,48.0,0.0,Bird
9.0,ambush,48.0,46.0,2.0,48.0,1.0,Bird
9.0,ambush,48.0,46.0,2.0,48.0,0.0,Bird
9.0,ambush,48.0,46.0,2.0,48.0,0.0,Bird
9.0,ambush,48.0,46.0,2.0,52.0,1.0,Bird
9.0,ambush,48.0,46.0,2.0,52.0,1.0,Bird
9.0,ambush,29.0,80.0,10.0,42.0,1.0,Bird
9.0,ambush,48.0,46.0,2.0,48.0,0.0,Bird
9.0,ambush,48.0,46.0,2.0,48.0,1.0,Bird
9.0,ambush,64.0,67.0,19.0,31.0,0.0,Bird
9.0,ambush,64.0,67.0,19.0,31.0,0.0,Bird
9.0,ambush,64.0,67.0,19.0,31.0,1.0,Bird
9.0,ambush,50.0,92.0,10.0,36.0,1.0,Bird
9.0,ambush,50.0,92.0,10.0,36.0,1.0,Bird
9.0,ambush,50.0,92.0,10.0,36.0,1.0,Bird
9.0,ambush,50.0,92.0,10.0,36.0,0.0,Bird
9.0,ambush,48.0,46.0,2.0,52.0,0.0,Bird
9.0,ambush,50.0,92.0,10.0,36.0,1.0,Bird
9.0,ambush,50.0,92.0,10.0,36.0,0.0,Bird
9.0,ambush,48.0,46.0,1.0,53.0,0.0,Bird
9.0,ambush,48.0,46.0,2.0,48.0,0.0,Bird
9.0,ambush,50.0,92.0,10.0,36.0,1.0,Bird
9.0,ambush,50.0,92.0,10.0,36.0,1.0,Bird
9.0,ambush,50.0,92.0,10.0,36.0,1.0,Bird
9.0,ambush,64.0,67.0,19.0,31.0,0.0,Bird
9.0,ambush,50.0,92.0,10.0,36.0,0.0,Bird
9.0,ambush,50.0,92.0,10.0,36.0,0.0,Bird
9.0,ambush,50.0,92.0,10.0,36.0,0.0,Bird
9.0,ambush,57.0,68.0,10.0,61.0,1.0,Bird
9.0,ambush,50.0,92.0,10.0,36.0,0.0,Bird
9.0,ambush,50.0,92.0,10.0,36.0,0.0,Bird
9.0,ambush,50.0,92.0,10.0,36.0,0.0,Bird
9.0,ambush,57.0,68.0,10.0,61.0,1.0,Bird
9.0,ambush,57.0,68.0,10.0,61.0,0.0,Bird
9.0,ambush,57.0,68.0,10.0,61.0,0.0,Bird
9.0,ambush,57.0,68.0,10.0,66.0,0.0,Bird
9.0,ambush,57.0,68.0,10.0,61.0,0.0,Bird
9.0,ambush,59.0,68.0,10.0,61.0,1.0,Bird
9.0,ambush,71.0,32.0,19.0,74.0,0.0,Bird
9.0,ambush,59.0,68.0,10.0,61.0,1.0,Bird
9.0,ambush,59.0,68.0,10.0,61.0,0.0,Bird
9.0,ambush,71.0,32.0,19.0,74.0,0.0,Bird
9.0,ambush,59.0,68.0,10.0,59.0,1.0,Bird
9.0,ambush,71.0,32.0,19.0,74.0,0.0,Bird
9.0,ambush,59.0,68.0,10.0,61.0,1.0,Bird
9.0,ambush,59.0,68.0,10.0,61.0,1.0,Bird
9.0,ambush,59.0,68.0,10.0,61.0,0.0,Bird
9.0,ambush,59.0,68.0,10.0,61.0,0.0,Bird
9.0,ambush,59.0,68.0,10.0,61.0,0.0,Bird
9.0,ambush,59.0,68.0,10.0,61.0,0.0,Bird
9.0,ambush,59.0,68.0,10.0,61.0,0.0,Bird
9.0,ambush,59.0,68.0,10.0,61.0,1.0,Bird
9.0,ambush,59.0,68.0,10.0,61.0,1.0,Bird
9.0,ambush,59.0,68.0,10.0,61.0,0.0,Bird
9.0,ambush,59.0,68.0,10.0,61.0,1.0,Bird
9.0,ambush,59.0,68.0,10.0,61.0,1.0,Bird
9.0,ambush,59.0,68.0,10.0,61.0,1.0,Bird
9.0,ambush,59.0,68.0,10.0,61.0,1.0,Bird
9.0,ambush,59.0,68.0,10.0,61.0,1.0,Bird
9.0,ambush,59.0,68.0,10.0,61.0,1.0,Bird
9.0,ambush,59.0,68.0,10.0,61.0,0.0,Bird
9.0,ambush,59.0,68.0,10.0,61.0,1.0,Bird
9.0,ambush,59.0,68.0,10.0,61.0,0.0,Bird
9.0,ambush,17.0,71.0,17.0,94.0,1.0,Bird
9.0,ambush,63.0,36.0,3.0,96.0,1.0,Bird
9.0,ambush,63.0,31.0,3.0,96.0,0.0,Bird
9.0,ambush,46.0,52.0,37.0,64.0,0.0,Bird
9.0,ambush,63.0,36.0,3.0,96.0,1.0,Bird
9.0,ambush,46.0,52.0,37.0,64.0,1.0,Bird
9.0,ambush,17.0,71.0,17.0,94.0,0.0,Bird
9.0,ambush,46.0,52.0,37.0,64.0,1.0,Bird
9.0,ambush,51.0,62.0,37.0,50.0,1.0,Bird
9.0,ambush,63.0,36.0,3.0,96.0,0.0,Bird
9.0,ambush,46.0,52.0,37.0,64.0,0.0,Bird
9.0,ambush,51.0,62.0,37.0,50.0,1.0,Bird
9.0,ambush,51.0,62.0,37.0,50.0,1.0,Bird
9.0,ambush,51.0,62.0,37.0,50.0,1.0,Bird
9.0,ambush,51.0,62.0,37.0,50.0,1.0,Bird
9.0,ambush,51.0,62.0,37.0,50.0,0.0,Bird
9.0,ambush,51.0,62.0,37.0,50.0,0.0,Bird
9.0,ambush,51.0,62.0,37.0,50.0,1.0,Bird
9.0,ambush,51.0,62.0,37.0,50.0,1.0,Bird
9.0,ambush,51.0,62.0,37.0,50.0,1.0,Bird
9.0,ambush,51.0,62.0,37.0,50.0,1.0,Bird
9.0,ambush,51.0,62.0,37.0,50.0,1.0,Bird
9.0,ambush,65.0,88.0,12.0,37.0,1.0,Bird
9.0,ambush,51.0,62.0,37.0,50.0,1.0,Bird
9.0,ambush,51.0,62.0,37.0,50.0,0.0,Bird
9.0,ambush,51.0,62.0,37.0,50.0,1.0,Bird
9.0,ambush,69.0,88.0,12.0,37.0,1.0,Bird
9.0,ambush,65.0,88.0,12.0,37.0,1.0,Bird
9.0,ambush,51.0,62.0,37.0,50.0,0.0,Bird
9.0,ambush,65.0,88.0,12.0,37.0,0.0,Bird
9.0,ambush,65.0,88.0,12.0,37.0,1.0,Bird
9.0,ambush,62.0,22.0,18.0,100.0,0.0,Bird
9.0,ambush,51.0,65.0,37.0,49.0,0.0,Bird
9.0,ambush,51.0,62.0,37.0,50.0,0.0,Bird
9.0,ambush,46.0,52.0,37.0,64.0,0.0,Bird
9.0,ambush,62.0,22.0,18.0,100.0,1.0,Bird
9.0,ambush,62.0,22.0,18.0,100.0,1.0,Bird
9.0,ambush,51.0,62.0,41.0,50.0,1.0,Bird
9.0,ambush,51.0,62.0,41.0,50.0,1.0,Bird
9.0,ambush,51.0,62.0,41.0,50.0,1.0,Bird
9.0,ambush,61.0,66.0,40.0,38.0,1.0,Bird
9.0,ambush,61.0,66.0,40.0,38.0,1.0,Bird
9.0,ambush,62.0,22.0,18.0,100.0,1.0,Bird
9.0,ambush,61.0,66.0,40.0,38.0,1.0,Bird
9.0,ambush,51.0,62.0,40.0,51.0,0.0,Bird
9.0,ambush,61.0,66.0,40.0,38.0,1.0,Bird
9.0,ambush,61.0,66.0,40.0,38.0,1.0,Bird
9.0,ambush,61.0,66.0,40.0,38.0,1.0,Bird
9.0,ambush,51.0,62.0,40.0,51.0,0.0,Bird
9.0,ambush,61.0,66.0,40.0,38.0,0.0,Bird
9.0,ambush,61.0,66.0,40.0,38.0,1.0,Bird
9.0,ambush,61.0,66.0,40.0,38.0,0.0,Bird
9.0,ambush,61.0,68.0,10.0,66.0,0.0,Bird
9.0,ambush,61.0,68.0,10.0,66.0,1.0,Bird
9.0,ambush,61.0,66.0,40.0,38.0,1.0,Bird
9.0,ambush,62.0,22.0,18.0,100.0,0.0,Bird
9.0,ambush,18.0,57.0,100.0,31.0,1.0,Bird
9.0,ambush,51.0,62.0,39.0,53.0,1.0,Bird
9.0,ambush,62.0,22.0,18.0,100.0,0.0,Bird
9.0,ambush,18.0,57.0,100.0,31.0,1.0,Bird
9.0,ambush,18.0,57.0,100.0,31.0,1.0,Bird
9.0,ambush,18.0,57.0,100.0,31.0,1.0,Bird
9.0,ambush,18.0,57.0,100.0,31.0,0.0,Bird
9.0,ambush,61.0,66.0,40.0,38.0,0.0,Bird
9.0,ambush,18.0,57.0,100.0,31.0,1.0,Bird
9.0,ambush,18.0,57.0,100.0,31.0,0.0,Bird
9.0,ambush,18.0,56.0,100.0,30.0,0.0,Bird
9.0,ambush,51.0,62.0,40.0,53.0,1.0,Bird
9.0,ambush,18.0,57.0,100.0,31.0,0.0,Bird
9.0,ambush,18.0,57.0,100.0,31.0,1.0,Bird
9.0,ambush,51.0,62.0,40.0,53.0,1.0,Bird
9.0,ambush,18.0,57.0,100.0,31.0,1.0,Bird
9.0,ambush,51.0,62.0,43.0,53.0,1.0,Bird
9.0,ambush,51.0,62.0,40.0,53.0,1.0,Bird
9.0,ambush,51.0,62.0,40.0,53.0,1.0,Bird
9.0,ambush,18.0,57.0,100.0,31.0,0.0,Bird
9.0,ambush,51.0,62.0,40.0,53.0,0.0,Bird
9.0,ambush,51.0,62.0,40.0,53.0,1.0,Bird
9.0,ambush,51.0,62.0,40.0,53.0,1.0,Bird
9.0,ambush,17.0,71.0,17.0,94.0,0.0,Bird
9.0,ambush,51.0,62.0,40.0,53.0,1.0,Bird
9.0,ambush,18.0,57.0,100.0,31.0,1.0,Bird
9.0,ambush,18.0,57.0,100.0,31.0,1.0,Bird
9.0,ambush,18.0,57.0,100.0,31.0,1.0,Bird
9.0,ambush,51.0,62.0,40.0,53.0,1.0,Bird
9.0,ambush,18.0,57.0,100.0,31.0,1.0,Bird
9.0,ambush,51.0,62.0,40.0,53.0,0.0,Bird
9.0,ambush,51.0,62.0,40.0,53.0,1.0,Bird
9.0,ambush,51.0,62.0,40.0,53.0,0.0,Bird
9.0,ambush,51.0,62.0,40.0,53.0,1.0,Bird
9.0,ambush,51.0,62.0,40.0,53.0,0.0,Bird
9.0,ambush,51.0,62.0,40.0,53.0,0.0,Bird
9.0,ambush,51.0,62.0,40.0,53.0,1.0,Bird
9.0,ambush,51.0,58.0,37.0,53.0,1.0,Bird
9.0,ambush,51.0,62.0,40.0,53.0,1.0,Bird
9.0,ambush,51.0,62.0,40.0,53.0,1.0,Bird
9.0,ambush,51.0,62.0,40.0,53.0,1.0,Bird
9.0,ambush,51.0,62.0,40.0,53.0,0.0,Bird
9.0,ambush,51.0,62.0,40.0,53.0,0.0,Bird
9.0,ambush,61.0,64.0,40.0,42.0,0.0,Bird
9.0,ambush,18.0,57.0,100.0,31.0,0.0,Bird
10.0,ambush,48.0,46.0,1.0,48.0,1.0,Bird
10.0,ambush,48.0,46.0,1.0,48.0,1.0,Bird
10.0,ambush,46.0,46.0,2.0,48.0,1.0,Bird
10.0,ambush,48.0,46.0,1.0,48.0,0.0,Bird
10.0,ambush,48.0,46.0,1.0,48.0,1.0,Bird
10.0,ambush,48.0,46.0,1.0,48.0,1.0,Bird
10.0,ambush,48.0,46.0,1.0,48.0,1.0,Bird
10.0,ambush,46.0,46.0,2.0,48.0,0.0,Bird
10.0,ambush,48.0,46.0,1.0,48.0,0.0,Bird
10.0,ambush,48.0,46.0,1.0,48.0,1.0,Bird
10.0,ambush,48.0,46.0,1.0,48.0,0.0,Bird
10.0,ambush,48.0,46.0,1.0,48.0,0.0,Bird
10.0,ambush,48.0,46.0,2.0,48.0,1.0,Bird
10.0,ambush,48.0,46.0,1.0,48.0,0.0,Bird
10.0,ambush,48.0,46.0,2.0,48.0,0.0,Bird
10.0,ambush,48.0,46.0,2.0,48.0,0.0,Bird
10.0,ambush,48.0,46.0,2.0,48.0,1.0,Bird
10.0,ambush,48.0,46.0,2.0,48.0,0.0,Bird
10.0,ambush,48.0,46.0,2.0,48.0,1.0,Bird
10.0,ambush,48.0,46.0,2.0,48.0,1.0,Bird
10.0,ambush,48.0,46.0,2.0,48.0,0.0,Bird
10.0,ambush,48.0,44.0,2.0,48.0,1.0,Bird
10.0,ambush,46.0,46.0,2.0,48.0,0.0,Bird
10.0,ambush,48.0,46.0,2.0,48.0,1.0,Bird
10.0,ambush,48.0,46.0,2.0,48.0,1.0,Bird
10.0,ambush,48.0,46.0,2.0,48.0,0.0,Bird
10.0,ambush,48.0,46.0,2.0,48.0,1.0,Bird
10.0,ambush,48.0,46.0,2.0,48.0,1.0,Bird
10.0,ambush,48.0,46.0,2.0,48.0,1.0,Bird
10.0,ambush,48.0,46.0,2.0,48.0,1.0,Bird
10.0,ambush,48.0,46.0,2.0,48.0,0.0,Bird
10.0,ambush,48.0,46.0,2.0,48.0,1.0,Bird
10.0,ambush,48.0,46.0,1.0,48.0,1.0,Bird
10.0,ambush,48.0,46.0,2.0,48.0,0.0,Bird
10.0,ambush,48.0,46.0,2.0,48.0,1.0,Bird
10.0,ambush,48.0,46.0,2.0,48.0,1.0,Bird
10.0,ambush,48.0,46.0,2.0,48.0,1.0,Bird
10.0,ambush,48.0,46.0,2.0,48.0,0.0,Bird
10.0,ambush,48.0,46.0,2.0,48.0,1.0,Bird
10.0,ambush,48.0,46.0,2.0,48.0,1.0,Bird
10.0,ambush,48.0,46.0,2.0,48.0,1.0,Bird
10.0,ambush,48.0,46.0,2.0,48.0,0.0,Bird
10.0,ambush,48.0,46.0,2.0,48.0,1.0,Bird
10.0,ambush,48.0,46.0,2.0,48.0,0.0,Bird
10.0,ambush,48.0,46.0,2.0,48.0,1.0,Bird
10.0,ambush,48.0,46.0,2.0,48.0,1.0,Bird
10.0,ambush,48.0,46.0,2.0,48.0,1.0,Bird
10.0,ambush,48.0,46.0,2.0,48.0,1.0,Bird
10.0,ambush,48.0,46.0,2.0,48.0,1.0,Bird
10.0,ambush,48.0,46.0,2.0,52.0,1.0,Bird
10.0,ambush,48.0,46.0,2.0,52.0,0.0,Bird
10.0,ambush,48.0,46.0,2.0,52.0,1.0,Bird
10.0,ambush,29.0,80.0,10.0,42.0,0.0,Bird
10.0,ambush,48.0,46.0,2.0,48.0,1.0,Bird
10.0,ambush,64.0,67.0,19.0,31.0,0.0,Bird
10.0,ambush,50.0,92.0,10.0,36.0,1.0,Bird
10.0,ambush,64.0,67.0,19.0,31.0,0.0,Bird
10.0,ambush,64.0,67.0,19.0,31.0,1.0,Bird
10.0,ambush,50.0,92.0,10.0,36.0,1.0,Bird
10.0,ambush,50.0,92.0,10.0,36.0,1.0,Bird
10.0,ambush,50.0,92.0,10.0,36.0,1.0,Bird
10.0,ambush,48.0,46.0,2.0,48.0,0.0,Bird
10.0,ambush,50.0,92.0,10.0,36.0,0.0,Bird
10.0,ambush,48.0,46.0,2.0,52.0,0.0,Bird
10.0,ambush,50.0,92.0,10.0,36.0,1.0,Bird
10.0,ambush,50.0,92.0,10.0,36.0,0.0,Bird
10.0,ambush,50.0,92.0,10.0,36.0,1.0,Bird
10.0,ambush,48.0,46.0,2.0,48.0,0.0,Bird
10.0,ambush,50.0,92.0,10.0,36.0,0.0,Bird
10.0,ambush,50.0,92.0,10.0,36.0,0.0,Bird
10.0,ambush,57.0,68.0,10.0,61.0,1.0,Bird
10.0,ambush,59.0,68.0,10.0,59.0,0.0,Bird
10.0,ambush,59.0,68.0,10.0,59.0,0.0,Bird
10.0,ambush,59.0,68.0,10.0,61.0,1.0,Bird
10.0,ambush,59.0,68.0,10.0,61.0,1.0,Bird
10.0,ambush,57.0,68.0,10.0,61.0,0.0,Bird
10.0,ambush,57.0,68.0,10.0,61.0,0.0,Bird
10.0,ambush,59.0,68.0,10.0,61.0,1.0,Bird
10.0,ambush,57.0,68.0,10.0,61.0,1.0,Bird
10.0,ambush,59.0,64.0,15.0,61.0,1.0,Bird
10.0,ambush,59.0,68.0,10.0,61.0,1.0,Bird
10.0,ambush,59.0,68.0,10.0,61.0,1.0,Bird
10.0,ambush,59.0,68.0,10.0,61.0,1.0,Bird
10.0,ambush,57.0,68.0,10.0,61.0,0.0,Bird
10.0,ambush,59.0,68.0,10.0,64.0,1.0,Bird
10.0,ambush,59.0,68.0,10.0,61.0,1.0,Bird
10.0,ambush,59.0,68.0,10.0,61.0,0.0,Bird
10.0,ambush,59.0,68.0,10.0,61.0,0.0,Bird
10.0,ambush,59.0,68.0,10.0,61.0,0.0,Bird
10.0,ambush,59.0,68.0,10.0,61.0,0.0,Bird
10.0,ambush,59.0,68.0,10.0,61.0,1.0,Bird
10.0,ambush,59.0,68.0,10.0,61.0,1.0,Bird
10.0,ambush,59.0,68.0,10.0,61.0,1.0,Bird
10.0,ambush,59.0,68.0,10.0,61.0,1.0,Bird
10.0,ambush,59.0,68.0,10.0,61.0,0.0,Bird
10.0,ambush,59.0,68.0,10.0,61.0,1.0,Bird
10.0,ambush,59.0,68.0,10.0,61.0,1.0,Bird
10.0,ambush,59.0,68.0,10.0,61.0,1.0,Bird
10.0,ambush,59.0,68.0,10.0,61.0,0.0,Bird
10.0,ambush,59.0,68.0,10.0,61.0,0.0,Bird
10.0,ambush,59.0,68.0,10.0,61.0,0.0,Bird
10.0,ambush,59.0,68.0,10.0,61.0,0.0,Bird
10.0,ambush,59.0,68.0,10.0,61.0,0.0,Bird
10.0,ambush,63.0,36.0,3.0,96.0,1.0,Bird
10.0,ambush,46.0,52.0,37.0,64.0,1.0,Bird
10.0,ambush,17.0,71.0,17.0,94.0,1.0,Bird
10.0,ambush,46.0,52.0,37.0,64.0,1.0,Bird
10.0,ambush,51.0,58.0,37.0,53.0,1.0,Bird
10.0,ambush,63.0,36.0,3.0,96.0,1.0,Bird
10.0,ambush,51.0,62.0,37.0,50.0,1.0,Bird
10.0,ambush,17.0,71.0,17.0,94.0,0.0,Bird
10.0,ambush,46.0,52.0,37.0,64.0,1.0,Bird
10.0,ambush,46.0,52.0,37.0,64.0,1.0,Bird
10.0,ambush,63.0,36.0,3.0,96.0,1.0,Bird
10.0,ambush,51.0,62.0,37.0,50.0,1.0,Bird
10.0,ambush,51.0,62.0,37.0,50.0,1.0,Bird
10.0,ambush,51.0,62.0,37.0,50.0,0.0,Bird
10.0,ambush,51.0,62.0,37.0,50.0,0.0,Bird
10.0,ambush,63.0,36.0,3.0,96.0,0.0,Bird
10.0,ambush,51.0,58.0,33.0,50.0,1.0,Bird
10.0,ambush,51.0,62.0,37.0,50.0,0.0,Bird
10.0,ambush,51.0,62.0,37.0,50.0,1.0,Bird
10.0,ambush,51.0,62.0,37.0,50.0,1.0,Bird
10.0,ambush,51.0,62.0,37.0,50.0,1.0,Bird
10.0,ambush,51.0,62.0,37.0,50.0,1.0,Bird
10.0,ambush,51.0,62.0,37.0,50.0,1.0,Bird
10.0,ambush,51.0,62.0,37.0,50.0,0.0,Bird
10.0,ambush,51.0,62.0,37.0,50.0,1.0,Bird
10.0,ambush,51.0,62.0,37.0,50.0,1.0,Bird
10.0,ambush,51.0,62.0,37.0,50.0,0.0,Bird
10.0,ambush,51.0,62.0,37.0,50.0,0.0,Bird
10.0,ambush,51.0,62.0,37.0,50.0,0.0,Bird
10.0,ambush,65.0,88.0,12.0,37.0,1.0,Bird
10.0,ambush,51.0,62.0,37.0,50.0,0.0,Bird
10.0,ambush,51.0,62.0,37.0,50.0,0.0,Bird
10.0,ambush,51.0,62.0,37.0,50.0,0.0,Bird
10.0,ambush,65.0,88.0,12.0,37.0,0.0,Bird
10.0,ambush,63.0,36.0,3.0,96.0,0.0,Bird
10.0,ambush,51.0,62.0,37.0,50.0,0.0,Bird
10.0,ambush,51.0,62.0,37.0,50.0,0.0,Bird
10.0,ambush,65.0,88.0,12.0,37.0,0.0,Bird
10.0,ambush,65.0,88.0,15.0,37.0,0.0,Bird
10.0,ambush,51.0,62.0,37.0,50.0,0.0,Bird
10.0,ambush,62.0,22.0,18.0,100.0,1.0,Bird
10.0,ambush,65.0,88.0,12.0,37.0,0.0,Bird
10.0,ambush,65.0,88.0,12.0,37.0,1.0,Bird
10.0,ambush,62.0,22.0,18.0,100.0,1.0,Bird
10.0,ambush,62.0,22.0,18.0,100.0,1.0,Bird
10.0,ambush,65.0,88.0,12.0,37.0,1.0,Bird
10.0,ambush,65.0,88.0,12.0,37.0,0.0,Bird
10.0,ambush,62.0,22.0,18.0,100.0,1.0,Bird
10.0,ambush,51.0,62.0,41.0,50.0,1.0,Bird
10.0,ambush,62.0,22.0,18.0,100.0,1.0,Bird
10.0,ambush,62.0,22.0,18.0,100.0,1.0,Bird
10.0,ambush,62.0,22.0,18.0,100.0,0.0,Bird
10.0,ambush,51.0,62.0,41.0,50.0,1.0,Bird
10.0,ambush,61.0,66.0,40.0,38.0,0.0,Bird
10.0,ambush,51.0,62.0,41.0,50.0,0.0,Bird
10.0,ambush,51.0,62.0,41.0,50.0,0.0,Bird
10.0,ambush,61.0,66.0,40.0,38.0,1.0,Bird
10.0,ambush,61.0,66.0,40.0,38.0,1.0,Bird
10.0,ambush,51.0,62.0,41.0,50.0,0.0,Bird
10.0,ambush,61.0,66.0,40.0,38.0,1.0,Bird
10.0,ambush,62.0,22.0,18.0,100.0,0.0,Bird
10.0,ambush,61.0,66.0,40.0,38.0,1.0,Bird
10.0,ambush,62.0,22.0,18.0,100.0,0.0,Bird
10.0,ambush,61.0,66.0,40.0,38.0,1.0,Bird
10.0,ambush,61.0,66.0,40.0,38.0,0.0,Bird
10.0,ambush,61.0,66.0,40.0,38.0,0.0,Bird
10.0,ambush,61.0,66.0,40.0,38.0,1.0,Bird
10.0,ambush,61.0,66.0,40.0,38.0,0.0,Bird
10.0,ambush,61.0,66.0,40.0,38.0,1.0,Bird
10.0,ambush,61.0,66.0,40.0,38.0,0.0,Bird
10.0,ambush,61.0,68.0,10.0,66.0,1.0,Bird
10.0,ambush,51.0,62.0,39.0,53.0,1.0,Bird
10.0,ambush,61.0,68.0,10.0,66.0,1.0,Bird
10.0,ambush,51.0,62.0,39.0,53.0,1.0,Bird
10.0,ambush,61.0,66.0,40.0,38.0,0.0,Bird
10.0,ambush,51.0,62.0,40.0,53.0,1.0,Bird
10.0,ambush,61.0,68.0,10.0,66.0,0.0,Bird
10.0,ambush,61.0,66.0,40.0,38.0,0.0,Bird
10.0,ambush,51.0,62.0,40.0,53.0,1.0,Bird
10.0,ambush,18.0,57.0,100.0,31.0,1.0,Bird
10.0,ambush,51.0,62.0,40.0,53.0,0.0,Bird
10.0,ambush,51.0,62.0,40.0,53.0,1.0,Bird
10.0,ambush,18.0,57.0,100.0,31.0,1.0,Bird
10.0,ambush,51.0,62.0,40.0,53.0,0.0,Bird
10.0,ambush,51.0,62.0,40.0,53.0,0.0,Bird
10.0,ambush,51.0,62.0,40.0,53.0,0.0,Bird
10.0,ambush,61.0,66.0,40.0,38.0,0.0,Bird
10.0,ambush,18.0,57.0,100.0,31.0,0.0,Bird
10.0,ambush,51.0,62.0,39.0,53.0,0.0,Bird
11.0,ambush,48.0,46.0,1.0,48.0,1.0,Bird
11.0,ambush,48.0,46.0,1.0,48.0,1.0,Bird
11.0,ambush,48.0,44.0,2.0,48.0,1.0,Bird
11.0,ambush,48.0,46.0,1.0,48.0,1.0,Bird
11.0,ambush,48.0,46.0,1.0,48.0,1.0,Bird
11.0,ambush,46.0,46.0,2.0,48.0,1.0,Bird
11.0,ambush,48.0,46.0,1.0,48.0,0.0,Bird
11.0,ambush,48.0,44.0,2.0,48.0,0.0,Bird
11.0,ambush,48.0,46.0,1.0,48.0,0.0,Bird
11.0,ambush,48.0,46.0,1.0,48.0,0.0,Bird
11.0,ambush,48.0,44.0,2.0,48.0,0.0,Bird
11.0,ambush,48.0,46.0,1.0,48.0,1.0,Bird
11.0,ambush,48.0,46.0,1.0,48.0,0.0,Bird
11.0,ambush,48.0,46.0,1.0,48.0,0.0,Bird
11.0,ambush,48.0,46.0,1.0,48.0,1.0,Bird
11.0,ambush,48.0,46.0,2.0,48.0,1.0,Bird
11.0,ambush,48.0,46.0,1.0,48.0,1.0,Bird
11.0,ambush,48.0,46.0,1.0,48.0,1.0,Bird
11.0,ambush,48.0,46.0,2.0,48.0,1.0,Bird
11.0,ambush,48.0,46.0,1.0,48.0,0.0,Bird
11.0,ambush,48.0,46.0,2.0,48.0,1.0,Bird
11.0,ambush,48.0,46.0,2.0,48.0,0.0,Bird
11.0,ambush,48.0,46.0,2.0,48.0,1.0,Bird
11.0,ambush,48.0,46.0,2.0,48.0,1.0,Bird
11.0,ambush,48.0,46.0,2.0,48.0,1.0,Bird
11.0,ambush,48.0,46.0,2.0,48.0,0.0,Bird
11.0,ambush,48.0,46.0,2.0,48.0,0.0,Bird
11.0,ambush,48.0,46.0,2.0,48.0,1.0,Bird
11.0,ambush,48.0,46.0,2.0,48.0,1.0,Bird
11.0,ambush,48.0,46.0,2.0,48.0,1.0,Bird
11.0,ambush,48.0,46.0,2.0,48.0,1.0,Bird
11.0,ambush,48.0,46.0,2.0,48.0,0.0,Bird
11.0,ambush,48.0,46.0,2.0,48.0,1.0,Bird
11.0,ambush,48.0,46.0,2.0,48.0,1.0,Bird
11.0,ambush,48.0,46.0,1.0,48.0,0.0,Bird
11.0,ambush,48.0,46.0,2.0,48.0,1.0,Bird
11.0,ambush,48.0,46.0,2.0,48.0,1.0,Bird
11.0,ambush,48.0,46.0,2.0,48.0,0.0,Bird
11.0,ambush,48.0,46.0,2.0,48.0,1.0,Bird
11.0,ambush,48.0,46.0,2.0,48.0,1.0,Bird
11.0,ambush,48.0,46.0,2.0,48.0,1.0,Bird
11.0,ambush,48.0,46.0,2.0,48.0,1.0,Bird
11.0,ambush,48.0,46.0,2.0,48.0,1.0,Bird
11.0,ambush,48.0,46.0,2.0,48.0,1.0,Bird
11.0,ambush,48.0,46.0,2.0,48.0,1.0,Bird
11.0,ambush,48.0,46.0,2.0,48.0,1.0,Bird
11.0,ambush,48.0,46.0,2.0,48.0,1.0,Bird
11.0,ambush,48.0,46.0,2.0,48.0,1.0,Bird
11.0,ambush,48.0,46.0,2.0,48.0,1.0,Bird
11.0,ambush,48.0,46.0,2.0,48.0,0.0,Bird
11.0,ambush,48.0,46.0,2.0,48.0,1.0,Bird
11.0,ambush,48.0,46.0,2.0,48.0,0.0,Bird
11.0,ambush,48.0,46.0,2.0,48.0,1.0,Bird
11.0,ambush,48.0,46.0,2.0,48.0,0.0,Bird
11.0,ambush,48.0,46.0,2.0,48.0,0.0,Bird
11.0,ambush,48.0,46.0,2.0,48.0,1.0,Bird
11.0,ambush,48.0,46.0,2.0,48.0,1.0,Bird
11.0,ambush,48.0,46.0,2.0,48.0,1.0,Bird
11.0,ambush,48.0,46.0,2.0,48.0,1.0,Bird
11.0,ambush,48.0,46.0,2.0,52.0,1.0,Bird
11.0,ambush,48.0,46.0,2.0,48.0,0.0,Bird
11.0,ambush,48.0,46.0,2.0,48.0,1.0,Bird
11.0,ambush,50.0,92.0,10.0,36.0,1.0,Bird
11.0,ambush,50.0,92.0,10.0,36.0,1.0,Bird
11.0,ambush,50.0,92.0,10.0,36.0,1.0,Bird
11.0,ambush,64.0,67.0,19.0,31.0,1.0,Bird
11.0,ambush,48.0,48.0,2.0,48.0,0.0,Bird
11.0,ambush,64.0,67.0,19.0,31.0,1.0,Bird
11.0,ambush,48.0,46.0,2.0,48.0,0.0,Bird
11.0,ambush,50.0,92.0,10.0,36.0,1.0,Bird
11.0,ambush,50.0,92.0,10.0,36.0,1.0,Bird
11.0,ambush,50.0,92.0,10.0,36.0,1.0,Bird
11.0,ambush,64.0,67.0,19.0,31.0,0.0,Bird
11.0,ambush,50.0,92.0,10.0,36.0,1.0,Bird
11.0,ambush,50.0,92.0,10.0,36.0,0.0,Bird
11.0,ambush,50.0,92.0,10.0,36.0,0.0,Bird
11.0,ambush,52.0,90.0,10.0,36.0,1.0,Bird
11.0,ambush,48.0,46.0,2.0,52.0,0.0,Bird
11.0,ambush,50.0,92.0,10.0,36.0,1.0,Bird
11.0,ambush,57.0,68.0,10.0,61.0,1.0,Bird
11.0,ambush,50.0,92.0,10.0,36.0,1.0,Bird
11.0,ambush,59.0,68.0,10.0,61.0,1.0,Bird
11.0,ambush,50.0,92.0,10.0,36.0,0.0,Bird
11.0,ambush,57.0,68.0,10.0,61.0,1.0,Bird
11.0,ambush,57.0,68.0,10.0,61.0,1.0,Bird
11.0,ambush,57.0,68.0,10.0,61.0,0.0,Bird
11.0,ambush,51.0,58.0,33.0,50.0,0.0,Bird
11.0,ambush,48.0,46.0,2.0,48.0,0.0,Bird
11.0,ambush,59.0,68.0,10.0,61.0,0.0,Bird
11.0,ambush,59.0,68.0,10.0,61.0,0.0,Bird
11.0,ambush,59.0,68.0,10.0,61.0,1.0,Bird
11.0,ambush,59.0,68.0,10.0,61.0,1.0,Bird
11.0,ambush,59.0,68.0,10.0,61.0,0.0,Bird
11.0,ambush,59.0,68.0,10.0,61.0,0.0,Bird
11.0,ambush,59.0,68.0,10.0,61.0,1.0,Bird
11.0,ambush,59.0,68.0,10.0,61.0,1.0,Bird
11.0,ambush,59.0,68.0,10.0,61.0,1.0,Bird
11.0,ambush,59.0,68.0,10.0,61.0,0.0,Bird
11.0,ambush,59.0,68.0,10.0,61.0,1.0,Bird
11.0,ambush,59.0,68.0,10.0,61.0,0.0,Bird
11.0,ambush,45.0,92.0,10.0,36.0,0.0,Bird
11.0,ambush,59.0,68.0,10.0,61.0,0.0,Bird
11.0,ambush,59.0,68.0,10.0,61.0,1.0,Bird
11.0,ambush,59.0,68.0,10.0,61.0,1.0,Bird
11.0,ambush,59.0,68.0,10.0,61.0,1.0,Bird
11.0,ambush,59.0,68.0,10.0,61.0,0.0,Bird
11.0,ambush,59.0,68.0,10.0,61.0,0.0,Bird
11.0,ambush,59.0,68.0,10.0,61.0,0.0,Bird
11.0,ambush,63.0,36.0,3.0,96.0,1.0,Bird
11.0,ambush,59.0,68.0,10.0,61.0,0.0,Bird
11.0,ambush,59.0,68.0,10.0,61.0,1.0,Bird
11.0,ambush,59.0,68.0,10.0,61.0,0.0,Bird
11.0,ambush,59.0,68.0,10.0,61.0,1.0,Bird
11.0,ambush,59.0,68.0,10.0,61.0,0.0,Bird
11.0,ambush,59.0,68.0,10.0,61.0,1.0,Bird
11.0,ambush,59.0,68.0,10.0,61.0,0.0,Bird
11.0,ambush,59.0,68.0,10.0,61.0,0.0,Bird
11.0,ambush,63.0,36.0,3.0,96.0,0.0,Bird
11.0,ambush,59.0,68.0,10.0,61.0,1.0,Bird
11.0,ambush,59.0,68.0,10.0,61.0,0.0,Bird
11.0,ambush,51.0,58.0,37.0,53.0,1.0,Bird
11.0,ambush,59.0,68.0,10.0,61.0,0.0,Bird
11.0,ambush,46.0,52.0,37.0,64.0,1.0,Bird
11.0,ambush,17.0,71.0,17.0,94.0,1.0,Bird
11.0,ambush,46.0,52.0,37.0,64.0,1.0,Bird
11.0,ambush,46.0,52.0,37.0,64.0,1.0,Bird
11.0,ambush,17.0,71.0,17.0,94.0,1.0,Bird
11.0,ambush,46.0,52.0,37.0,64.0,1.0,Bird
11.0,ambush,59.0,64.0,15.0,61.0,0.0,Bird
11.0,ambush,46.0,52.0,37.0,64.0,0.0,Bird
11.0,ambush,59.0,64.0,15.0,61.0,1.0,Bird
11.0,ambush,46.0,52.0,37.0,64.0,1.0,Bird
11.0,ambush,51.0,62.0,37.0,50.0,1.0,Bird
11.0,ambush,46.0,52.0,37.0,64.0,1.0,Bird
11.0,ambush,51.0,62.0,37.0,50.0,1.0,Bird
11.0,ambush,46.0,52.0,37.0,64.0,0.0,Bird
11.0,ambush,63.0,36.0,3.0,96.0,0.0,Bird
11.0,ambush,51.0,62.0,37.0,50.0,0.0,Bird
11.0,ambush,51.0,62.0,37.0,50.0,1.0,Bird
11.0,ambush,46.0,52.0,37.0,64.0,0.0,Bird
11.0,ambush,51.0,62.0,37.0,50.0,1.0,Bird
11.0,ambush,51.0,62.0,37.0,50.0,1.0,Bird
11.0,ambush,51.0,62.0,37.0,50.0,0.0,Bird
11.0,ambush,51.0,62.0,37.0,50.0,1.0,Bird
11.0,ambush,51.0,62.0,37.0,50.0,1.0,Bird
11.0,ambush,51.0,62.0,37.0,50.0,1.0,Bird
11.0,ambush,51.0,62.0,37.0,50.0,0.0,Bird
11.0,ambush,51.0,62.0,37.0,50.0,0.0,Bird
11.0,ambush,51.0,62.0,37.0,50.0,1.0,Bird
11.0,ambush,63.0,68.0,10.0,67.0,1.0,Bird
11.0,ambush,51.0,62.0,37.0,50.0,1.0,Bird
11.0,ambush,51.0,62.0,37.0,50.0,0.0,Bird
11.0,ambush,51.0,62.0,37.0,50.0,1.0,Bird
11.0,ambush,65.0,88.0,12.0,37.0,1.0,Bird
11.0,ambush,59.0,68.0,10.0,64.0,1.0,Bird
11.0,ambush,51.0,62.0,37.0,50.0,0.0,Bird
11.0,ambush,65.0,88.0,12.0,37.0,1.0,Bird
11.0,ambush,65.0,88.0,12.0,37.0,1.0,Bird
11.0,ambush,65.0,88.0,12.0,37.0,0.0,Bird
11.0,ambush,59.0,68.0,6.0,64.0,1.0,Bird
11.0,ambush,63.0,36.0,3.0,96.0,0.0,Bird
11.0,ambush,62.0,22.0,18.0,100.0,1.0,Bird
11.0,ambush,62.0,22.0,18.0,100.0,1.0,Bird
11.0,ambush,65.0,88.0,12.0,37.0,1.0,Bird
11.0,ambush,62.0,22.0,18.0,100.0,0.0,Bird
11.0,ambush,62.0,22.0,18.0,100.0,1.0,Bird
11.0,ambush,62.0,22.0,18.0,100.0,1.0,Bird
11.0,ambush,62.0,22.0,18.0,100.0,1.0,Bird
11.0,ambush,62.0,22.0,18.0,100.0,1.0,Bird
11.0,ambush,62.0,22.0,18.0,100.0,1.0,Bird
11.0,ambush,62.0,22.0,18.0,100.0,1.0,Bird
11.0,ambush,51.0,62.0,41.0,50.0,1.0,Bird
11.0,ambush,62.0,22.0,18.0,100.0,0.0,Bird
11.0,ambush,51.0,62.0,41.0,50.0,1.0,Bird
11.0,ambush,62.0,22.0,18.0,100.0,1.0,Bird
11.0,ambush,51.0,62.0,41.0,50.0,1.0,Bird
11.0,ambush,51.0,62.0,41.0,50.0,1.0,Bird
11.0,ambush,62.0,22.0,18.0,100.0,0.0,Bird
11.0,ambush,62.0,22.0,18.0,100.0,1.0,Bird
11.0,ambush,61.0,66.0,40.0,38.0,1.0,Bird
11.0,ambush,61.0,66.0,40.0,38.0,1.0,Bird
11.0,ambush,61.0,66.0,40.0,38.0,1.0,Bird
11.0,ambush,51.0,62.0,41.0,50.0,0.0,Bird
11.0,ambush,51.0,62.0,39.0,53.0,1.0,Bird
11.0,ambush,62.0,22.0,18.0,100.0,1.0,Bird
11.0,ambush,51.0,62.0,39.0,53.0,1.0,Bird
11.0,ambush,61.0,68.0,10.0,66.0,1.0,Bird
11.0,ambush,51.0,62.0,39.0,53.0,0.0,Bird
11.0,ambush,62.0,22.0,18.0,100.0,0.0,Bird
11.0,ambush,61.0,68.0,10.0,66.0,0.0,Bird
11.0,ambush,51.0,62.0,41.0,50.0,0.0,Bird
12.0,ambush,46.0,46.0,2.0,48.0,1.0,Bird
12.0,ambush,48.0,46.0,1.0,48.0,1.0,Bird
12.0,ambush,48.0,44.0,2.0,48.0,1.0,Bird
12.0,ambush,48.0,46.0,1.0,48.0,1.0,Bird
12.0,ambush,48.0,46.0,1.0,48.0,1.0,Bird
12.0,ambush,48.0,46.0,1.0,48.0,1.0,Bird
12.0,ambush,48.0,46.0,1.0,48.0,0.0,Bird
12.0,ambush,48.0,44.0,2.0,48.0,0.0,Bird
12.0,ambush,48.0,46.0,1.0,48.0,1.0,Bird
12.0,ambush,48.0,46.0,1.0,48.0,1.0,Bird
12.0,ambush,48.0,44.0,2.0,48.0,0.0,Bird
12.0,ambush,48.0,46.0,1.0,48.0,1.0,Bird
12.0,ambush,48.0,46.0,1.0,48.0,1.0,Bird
12.0,ambush,48.0,46.0,1.0,48.0,1.0,Bird
12.0,ambush,48.0,46.0,2.0,48.0,1.0,Bird
12.0,ambush,48.0,46.0,1.0,48.0,0.0,Bird
12.0,ambush,48.0,46.0,2.0,48.0,1.0,Bird
12.0,ambush,48.0,46.0,1.0,48.0,0.0,Bird
12.0,ambush,48.0,46.0,2.0,48.0,1.0,Bird
12.0,ambush,48.0,46.0,1.0,48.0,0.0,Bird
12.0,ambush,48.0,46.0,2.0,48.0,1.0,Bird
12.0,ambush,48.0,46.0,2.0,48.0,1.0,Bird
12.0,ambush,48.0,46.0,2.0,48.0,1.0,Bird
12.0,ambush,48.0,46.0,2.0,48.0,1.0,Bird
12.0,ambush,48.0,46.0,2.0,48.0,1.0,Bird
12.0,ambush,48.0,46.0,2.0,48.0,1.0,Bird
12.0,ambush,48.0,46.0,2.0,48.0,1.0,Bird
12.0,ambush,48.0,46.0,2.0,48.0,1.0,Bird
12.0,ambush,48.0,46.0,2.0,48.0,1.0,Bird
12.0,ambush,48.0,46.0,2.0,48.0,1.0,Bird
12.0,ambush,48.0,46.0,2.0,48.0,0.0,Bird
12.0,ambush,48.0,46.0,2.0,48.0,1.0,Bird
12.0,ambush,48.0,46.0,2.0,48.0,1.0,Bird
12.0,ambush,48.0,46.0,2.0,48.0,1.0,Bird
12.0,ambush,48.0,46.0,2.0,48.0,0.0,Bird
12.0,ambush,48.0,46.0,1.0,48.0,0.0,Bird
12.0,ambush,48.0,46.0,2.0,48.0,1.0,Bird
12.0,ambush,48.0,46.0,2.0,48.0,1.0,Bird
12.0,ambush,48.0,46.0,2.0,48.0,1.0,Bird
12.0,ambush,48.0,46.0,2.0,48.0,1.0,Bird
12.0,ambush,48.0,46.0,2.0,48.0,1.0,Bird
12.0,ambush,48.0,48.0,2.0,48.0,0.0,Bird
12.0,ambush,45.0,42.0,6.0,48.0,1.0,Bird
12.0,ambush,48.0,46.0,2.0,48.0,1.0,Bird
12.0,ambush,48.0,46.0,2.0,48.0,0.0,Bird
12.0,ambush,48.0,46.0,2.0,48.0,1.0,Bird
12.0,ambush,48.0,46.0,2.0,48.0,1.0,Bird
12.0,ambush,48.0,46.0,2.0,48.0,1.0,Bird
12.0,ambush,48.0,46.0,2.0,48.0,0.0,Bird
12.0,ambush,48.0,46.0,2.0,48.0,1.0,Bird
12.0,ambush,48.0,46.0,2.0,48.0,0.0,Bird
12.0,ambush,48.0,46.0,2.0,48.0,1.0,Bird
12.0,ambush,48.0,46.0,2.0,48.0,1.0,Bird
12.0,ambush,48.0,46.0,2.0,48.0,1.0,Bird
12.0,ambush,48.0,46.0,2.0,48.0,1.0,Bird
12.0,ambush,48.0,46.0,2.0,48.0,0.0,Bird
12.0,ambush,48.0,46.0,2.0,48.0,1.0,Bird
12.0,ambush,48.0,46.0,2.0,48.0,1.0,Bird
12.0,ambush,48.0,46.0,2.0,48.0,0.0,Bird
12.0,ambush,48.0,46.0,2.0,48.0,1.0,Bird
12.0,ambush,48.0,46.0,2.0,48.0,0.0,Bird
12.0,ambush,48.0,46.0,2.0,48.0,1.0,Bird
12.0,ambush,48.0,46.0,2.0,48.0,1.0,Bird
12.0,ambush,48.0,46.0,2.0,48.0,1.0,Bird
12.0,ambush,48.0,46.0,2.0,48.0,1.0,Bird
12.0,ambush,48.0,46.0,2.0,48.0,0.0,Bird
12.0,ambush,48.0,46.0,2.0,48.0,1.0,Bird
12.0,ambush,48.0,46.0,2.0,48.0,1.0,Bird
12.0,ambush,48.0,46.0,2.0,48.0,1.0,Bird
12.0,ambush,48.0,46.0,2.0,48.0,1.0,Bird
12.0,ambush,48.0,46.0,2.0,48.0,0.0,Bird
12.0,ambush,48.0,46.0,2.0,48.0,0.0,Bird
12.0,ambush,48.0,46.0,2.0,48.0,1.0,Bird
12.0,ambush,48.0,46.0,2.0,48.0,0.0,Bird
12.0,ambush,48.0,46.0,2.0,48.0,1.0,Bird
12.0,ambush,48.0,46.0,2.0,48.0,1.0,Bird
12.0,ambush,48.0,46.0,2.0,48.0,0.0,Bird
12.0,ambush,48.0,46.0,2.0,48.0,1.0,Bird
12.0,ambush,48.0,46.0,2.0,48.0,1.0,Bird
12.0,ambush,48.0,46.0,2.0,48.0,1.0,Bird
12.0,ambush,48.0,46.0,2.0,48.0,1.0,Bird
12.0,ambush,52.0,50.0,2.0,48.0,1.0,Bird
12.0,ambush,48.0,46.0,2.0,52.0,1.0,Bird
12.0,ambush,48.0,46.0,2.0,48.0,0.0,Bird
12.0,ambush,48.0,46.0,2.0,48.0,0.0,Bird
12.0,ambush,64.0,67.0,19.0,31.0,1.0,Bird
12.0,ambush,48.0,46.0,2.0,48.0,0.0,Bird
12.0,ambush,64.0,67.0,19.0,31.0,0.0,Bird
12.0,ambush,48.0,46.0,2.0,48.0,0.0,Bird
12.0,ambush,64.0,67.0,19.0,31.0,1.0,Bird
12.0,ambush,64.0,67.0,19.0,31.0,0.0,Bird
12.0,ambush,52.0,90.0,10.0,36.0,1.0,Bird
12.0,ambush,64.0,67.0,12.0,31.0,0.0,Bird
12.0,ambush,52.0,90.0,10.0,36.0,0.0,Bird
12.0,ambush,49.0,90.0,10.0,36.0,0.0,Bird
12.0,ambush,64.0,67.0,19.0,31.0,0.0,Bird
12.0,ambush,50.0,92.0,10.0,36.0,1.0,Bird
12.0,ambush,50.0,92.0,10.0,36.0,1.0,Bird
12.0,ambush,50.0,92.0,10.0,36.0,1.0,Bird
12.0,ambush,50.0,92.0,10.0,36.0,0.0,Bird
12.0,ambush,50.0,97.0,10.0,36.0,0.0,Bird
12.0,ambush,53.0,92.0,10.0,36.0,1.0,Bird
12.0,ambush,50.0,92.0,10.0,36.0,0.0,Bird
12.0,ambush,48.0,46.0,2.0,48.0,0.0,Bird
12.0,ambush,50.0,92.0,10.0,36.0,1.0,Bird
12.0,ambush,50.0,92.0,10.0,36.0,0.0,Bird
12.0,ambush,50.0,92.0,10.0,36.0,1.0,Bird
12.0,ambush,50.0,92.0,10.0,36.0,1.0,Bird
12.0,ambush,50.0,92.0,10.0,36.0,1.0,Bird
12.0,ambush,48.0,46.0,2.0,48.0,0.0,Bird
12.0,ambush,50.0,92.0,10.0,36.0,1.0,Bird
12.0,ambush,50.0,99.0,10.0,36.0,0.0,Bird
12.0,ambush,50.0,92.0,10.0,36.0,1.0,Bird
12.0,ambush,50.0,92.0,10.0,36.0,0.0,Bird
12.0,ambush,50.0,92.0,10.0,36.0,0.0,Bird
12.0,ambush,57.0,68.0,10.0,61.0,1.0,Bird
12.0,ambush,57.0,68.0,10.0,61.0,0.0,Bird
12.0,ambush,57.0,68.0,10.0,61.0,1.0,Bird
12.0,ambush,57.0,68.0,10.0,61.0,1.0,Bird
12.0,ambush,48.0,46.0,2.0,52.0,0.0,Bird
12.0,ambush,57.0,68.0,10.0,61.0,0.0,Bird
12.0,ambush,57.0,68.0,10.0,61.0,1.0,Bird
12.0,ambush,57.0,68.0,10.0,61.0,0.0,Bird
12.0,ambush,59.0,68.0,10.0,61.0,1.0,Bird
12.0,ambush,59.0,68.0,10.0,61.0,1.0,Bird
12.0,ambush,59.0,68.0,10.0,61.0,1.0,Bird
12.0,ambush,59.0,68.0,6.0,64.0,1.0,Bird
12.0,ambush,59.0,68.0,7.0,61.0,1.0,Bird
12.0,ambush,59.0,68.0,6.0,64.0,1.0,Bird
12.0,ambush,59.0,68.0,10.0,61.0,1.0,Bird
12.0,ambush,57.0,68.0,10.0,61.0,0.0,Bird
12.0,ambush,59.0,68.0,10.0,61.0,1.0,Bird
12.0,ambush,59.0,68.0,10.0,61.0,1.0,Bird
12.0,ambush,59.0,68.0,10.0,61.0,1.0,Bird
12.0,ambush,59.0,68.0,10.0,61.0,1.0,Bird
12.0,ambush,59.0,68.0,10.0,61.0,1.0,Bird
12.0,ambush,59.0,68.0,10.0,61.0,1.0,Bird
12.0,ambush,59.0,68.0,10.0,61.0,0.0,Bird
12.0,ambush,59.0,68.0,10.0,61.0,0.0,Bird
12.0,ambush,59.0,68.0,10.0,61.0,1.0,Bird
12.0,ambush,59.0,68.0,10.0,61.0,1.0,Bird
12.0,ambush,59.0,68.0,10.0,61.0,1.0,Bird
12.0,ambush,59.0,69.0,10.0,65.0,1.0,Bird
12.0,ambush,59.0,68.0,10.0,61.0,1.0,Bird
12.0,ambush,59.0,68.0,10.0,61.0,0.0,Bird
12.0,ambush,59.0,68.0,10.0,61.0,0.0,Bird
12.0,ambush,59.0,68.0,10.0,61.0,0.0,Bird
12.0,ambush,59.0,68.0,10.0,61.0,1.0,Bird
12.0,ambush,59.0,68.0,10.0,61.0,1.0,Bird
12.0,ambush,59.0,68.0,10.0,61.0,1.0,Bird
12.0,ambush,59.0,68.0,10.0,61.0,1.0,Bird
12.0,ambush,59.0,68.0,10.0,61.0,1.0,Bird
12.0,ambush,59.0,68.0,10.0,61.0,0.0,Bird
12.0,ambush,59.0,68.0,10.0,61.0,1.0,Bird
12.0,ambush,59.0,68.0,10.0,61.0,1.0,Bird
12.0,ambush,17.0,71.0,17.0,94.0,1.0,Bird
12.0,ambush,59.0,68.0,10.0,61.0,1.0,Bird
12.0,ambush,59.0,64.0,15.0,61.0,1.0,Bird
12.0,ambush,59.0,64.0,15.0,61.0,1.0,Bird
12.0,ambush,63.0,36.0,3.0,96.0,1.0,Bird
12.0,ambush,17.0,71.0,17.0,94.0,1.0,Bird
12.0,ambush,17.0,71.0,17.0,94.0,1.0,Bird
12.0,ambush,46.0,52.0,37.0,64.0,1.0,Bird
12.0,ambush,51.0,58.0,37.0,53.0,1.0,Bird
12.0,ambush,46.0,52.0,37.0,64.0,0.0,Bird
12.0,ambush,51.0,58.0,37.0,53.0,1.0,Bird
12.0,ambush,46.0,52.0,37.0,64.0,1.0,Bird
12.0,ambush,46.0,52.0,37.0,64.0,1.0,Bird
12.0,ambush,46.0,52.0,37.0,64.0,0.0,Bird
12.0,ambush,46.0,52.0,37.0,64.0,1.0,Bird
12.0,ambush,46.0,52.0,37.0,64.0,1.0,Bird
12.0,ambush,46.0,52.0,37.0,64.0,0.0,Bird
12.0,ambush,51.0,62.0,37.0,50.0,1.0,Bird
12.0,ambush,47.0,52.0,37.0,59.0,0.0,Bird
12.0,ambush,51.0,62.0,37.0,50.0,1.0,Bird
12.0,ambush,51.0,62.0,37.0,50.0,1.0,Bird
12.0,ambush,51.0,62.0,37.0,50.0,1.0,Bird
12.0,ambush,17.0,71.0,17.0,94.0,1.0,Bird
12.0,ambush,51.0,62.0,37.0,50.0,0.0,Bird
12.0,ambush,51.0,62.0,37.0,50.0,1.0,Bird
12.0,ambush,51.0,62.0,37.0,50.0,1.0,Bird
12.0,ambush,51.0,62.0,37.0,50.0,0.0,Bird
12.0,ambush,51.0,62.0,37.0,50.0,1.0,Bird
12.0,ambush,51.0,62.0,37.0,50.0,1.0,Bird
12.0,ambush,51.0,62.0,37.0,50.0,0.0,Bird
12.0,ambush,46.0,52.0,37.0,64.0,0.0,Bird
12.0,ambush,51.0,62.0,37.0,50.0,0.0,Bird
12.0,ambush,46.0,52.0,37.0,64.0,0.0,Bird
13.0,ambush,48.0,44.0,2.0,48.0,1.0,Bird
13.0,ambush,46.0,46.0,2.0,48.0,1.0,Bird
13.0,ambush,48.0,46.0,1.0,48.0,1.0,Bird
13.0,ambush,48.0,46.0,1.0,48.0,1.0,Bird
13.0,ambush,45.0,42.0,6.0,48.0,1.0,Bird
13.0,ambush,46.0,46.0,2.0,48.0,1.0,Bird
13.0,ambush,48.0,46.0,1.0,48.0,1.0,Bird
13.0,ambush,48.0,46.0,1.0,48.0,1.0,Bird
13.0,ambush,48.0,46.0,1.0,48.0,1.0,Bird
13.0,ambush,48.0,46.0,1.0,48.0,0.0,Bird
13.0,ambush,48.0,46.0,1.0,48.0,0.0,Bird
13.0,ambush,48.0,46.0,1.0,48.0,0.0,Bird
13.0,ambush,48.0,46.0,1.0,48.0,1.0,Bird
13.0,ambush,48.0,46.0,1.0,48.0,1.0,Bird
13.0,ambush,44.0,42.0,6.0,48.0,0.0,Bird
13.0,ambush,48.0,46.0,1.0,48.0,0.0,Bird
13.0,ambush,48.0,46.0,1.0,48.0,1.0,Bird
13.0,ambush,48.0,46.0,2.0,48.0,1.0,Bird
13.0,ambush,48.0,46.0,2.0,48.0,1.0,Bird
13.0,ambush,48.0,46.0,2.0,48.0,1.0,Bird
13.0,ambush,48.0,46.0,2.0,48.0,1.0,Bird
13.0,ambush,44.0,46.0,1.0,51.0,0.0,Bird
13.0,ambush,48.0,46.0,2.0,48.0,0.0,Bird
13.0,ambush,48.0,46.0,1.0,48.0,0.0,Bird
13.0,ambush,48.0,46.0,2.0,48.0,1.0,Bird
13.0,ambush,48.0,46.0,2.0,48.0,0.0,Bird
13.0,ambush,48.0,46.0,1.0,48.0,0.0,Bird
13.0,ambush,48.0,46.0,2.0,48.0,1.0,Bird
13.0,ambush,48.0,46.0,2.0,48.0,1.0,Bird
13.0,ambush,48.0,46.0,2.0,48.0,1.0,Bird
13.0,ambush,48.0,46.0,2.0,48.0,0.0,Bird
13.0,ambush,48.0,46.0,2.0,48.0,1.0,Bird
13.0,ambush,48.0,46.0,2.0,48.0,1.0,Bird
13.0,ambush,48.0,46.0,2.0,48.0,1.0,Bird
13.0,ambush,48.0,46.0,2.0,48.0,1.0,Bird
13.0,ambush,48.0,46.0,2.0,48.0,1.0,Bird
13.0,ambush,48.0,46.0,2.0,48.0,1.0,Bird
13.0,ambush,48.0,46.0,1.0,48.0,0.0,Bird
13.0,ambush,48.0,46.0,2.0,48.0,1.0,Bird
13.0,ambush,48.0,46.0,2.0,48.0,0.0,Bird
13.0,ambush,48.0,46.0,2.0,48.0,1.0,Bird
13.0,ambush,48.0,46.0,6.0,45.0,1.0,Bird
13.0,ambush,48.0,46.0,2.0,48.0,0.0,Bird
13.0,ambush,48.0,46.0,2.0,48.0,1.0,Bird
13.0,ambush,48.0,46.0,2.0,48.0,1.0,Bird
13.0,ambush,48.0,46.0,2.0,48.0,1.0,Bird
13.0,ambush,48.0,46.0,2.0,48.0,1.0,Bird
13.0,ambush,48.0,46.0,2.0,48.0,1.0,Bird
13.0,ambush,48.0,46.0,2.0,48.0,1.0,Bird
13.0,ambush,48.0,46.0,2.0,48.0,0.0,Bird
13.0,ambush,48.0,46.0,2.0,48.0,1.0,Bird
13.0,ambush,48.0,46.0,2.0,48.0,1.0,Bird
13.0,ambush,48.0,46.0,2.0,48.0,1.0,Bird
13.0,ambush,48.0,46.0,2.0,48.0,1.0,Bird
13.0,ambush,48.0,46.0,2.0,48.0,1.0,Bird
13.0,ambush,48.0,46.0,2.0,48.0,0.0,Bird
13.0,ambush,48.0,46.0,2.0,48.0,1.0,Bird
13.0,ambush,48.0,46.0,2.0,48.0,0.0,Bird
13.0,ambush,48.0,46.0,2.0,48.0,0.0,Bird
13.0,ambush,48.0,46.0,2.0,48.0,1.0,Bird
13.0,ambush,48.0,46.0,2.0,48.0,0.0,Bird
13.0,ambush,48.0,46.0,2.0,48.0,1.0,Bird
13.0,ambush,48.0,46.0,2.0,48.0,1.0,Bird
13.0,ambush,48.0,46.0,2.0,48.0,1.0,Bird
13.0,ambush,48.0,46.0,2.0,48.0,1.0,Bird
13.0,ambush,48.0,46.0,2.0,48.0,0.0,Bird
13.0,ambush,48.0,46.0,2.0,48.0,0.0,Bird
13.0,ambush,48.0,46.0,2.0,48.0,0.0,Bird
13.0,ambush,48.0,46.0,2.0,48.0,0.0,Bird
13.0,ambush,48.0,46.0,2.0,48.0,1.0,Bird
13.0,ambush,48.0,46.0,2.0,48.0,0.0,Bird
13.0,ambush,48.0,46.0,2.0,48.0,1.0,Bird
13.0,ambush,48.0,46.0,2.0,48.0,0.0,Bird
13.0,ambush,48.0,44.0,2.0,48.0,0.0,Bird
13.0,ambush,48.0,46.0,2.0,48.0,1.0,Bird
13.0,ambush,48.0,46.0,2.0,48.0,1.0,Bird
13.0,ambush,48.0,46.0,2.0,48.0,1.0,Bird
13.0,ambush,48.0,46.0,2.0,48.0,1.0,Bird
13.0,ambush,48.0,46.0,2.0,48.0,1.0,Bird
13.0,ambush,48.0,46.0,2.0,48.0,1.0,Bird
13.0,ambush,48.0,46.0,2.0,48.0,1.0,Bird
13.0,ambush,48.0,46.0,2.0,48.0,1.0,Bird
13.0,ambush,48.0,46.0,2.0,48.0,0.0,Bird
13.0,ambush,48.0,46.0,2.0,48.0,0.0,Bird
13.0,ambush,48.0,46.0,2.0,48.0,0.0,Bird
13.0,ambush,48.0,46.0,2.0,48.0,1.0,Bird
13.0,ambush,48.0,46.0,2.0,48.0,1.0,Bird
13.0,ambush,48.0,46.0,2.0,48.0,0.0,Bird
13.0,ambush,48.0,46.0,2.0,48.0,1.0,Bird
13.0,ambush,48.0,46.0,2.0,48.0,1.0,Bird
13.0,ambush,48.0,45.0,4.0,48.0,1.0,Bird
13.0,ambush,48.0,46.0,2.0,48.0,1.0,Bird
13.0,ambush,48.0,46.0,2.0,48.0,1.0,Bird
13.0,ambush,48.0,46.0,2.0,48.0,1.0,Bird
13.0,ambush,48.0,46.0,2.0,48.0,1.0,Bird
13.0,ambush,48.0,46.0,2.0,48.0,0.0,Bird
13.0,ambush,48.0,46.0,2.0,48.0,1.0,Bird
13.0,ambush,48.0,46.0,2.0,48.0,0.0,Bird
13.0,ambush,48.0,46.0,2.0,48.0,0.0,Bird
13.0,ambush,48.0,46.0,2.0,48.0,0.0,Bird
13.0,ambush,48.0,46.0,2.0,48.0,0.0,Bird
13.0,ambush,48.0,46.0,2.0,48.0,0.0,Bird
13.0,ambush,48.0,46.0,2.0,48.0,1.0,Bird
13.0,ambush,48.0,46.0,2.0,48.0,1.0,Bird
13.0,ambush,48.0,46.0,2.0,48.0,1.0,Bird
13.0,ambush,48.0,46.0,2.0,48.0,0.0,Bird
13.0,ambush,48.0,46.0,2.0,48.0,1.0,Bird
13.0,ambush,48.0,46.0,2.0,48.0,1.0,Bird
13.0,ambush,48.0,46.0,2.0,48.0,1.0,Bird
13.0,ambush,48.0,46.0,2.0,48.0,1.0,Bird
13.0,ambush,48.0,46.0,2.0,48.0,0.0,Bird
13.0,ambush,48.0,46.0,2.0,48.0,1.0,Bird
13.0,ambush,48.0,46.0,2.0,52.0,1.0,Bird
13.0,ambush,48.0,46.0,2.0,48.0,0.0,Bird
13.0,ambush,52.0,50.0,2.0,48.0,1.0,Bird
13.0,ambush,52.0,50.0,2.0,48.0,1.0,Bird
13.0,ambush,50.0,92.0,10.0,36.0,1.0,Bird
13.0,ambush,64.0,67.0,19.0,31.0,1.0,Bird
13.0,ambush,52.0,50.0,2.0,48.0,1.0,Bird
13.0,ambush,64.0,67.0,19.0,31.0,0.0,Bird
13.0,ambush,64.0,67.0,19.0,31.0,0.0,Bird
13.0,ambush,64.0,67.0,19.0,31.0,1.0,Bird
13.0,ambush,52.0,90.0,10.0,36.0,1.0,Bird
13.0,ambush,50.0,92.0,10.0,36.0,1.0,Bird
13.0,ambush,50.0,92.0,10.0,36.0,1.0,Bird
13.0,ambush,50.0,92.0,10.0,36.0,1.0,Bird
13.0,ambush,50.0,92.0,10.0,36.0,1.0,Bird
13.0,ambush,50.0,92.0,10.0,36.0,1.0,Bird
13.0,ambush,52.0,90.0,10.0,36.0,1.0,Bird
13.0,ambush,50.0,92.0,10.0,36.0,1.0,Bird
13.0,ambush,50.0,92.0,10.0,36.0,1.0,Bird
13.0,ambush,50.0,92.0,10.0,36.0,0.0,Bird
13.0,ambush,50.0,92.0,6.0,36.0,1.0,Bird
13.0,ambush,50.0,92.0,10.0,36.0,0.0,Bird
13.0,ambush,50.0,92.0,10.0,36.0,0.0,Bird
13.0,ambush,50.0,92.0,10.0,36.0,0.0,Bird
13.0,ambush,50.0,92.0,10.0,36.0,0.0,Bird
13.0,ambush,50.0,92.0,10.0,36.0,1.0,Bird
13.0,ambush,53.0,92.0,10.0,36.0,1.0,Bird
13.0,ambush,50.0,92.0,10.0,36.0,0.0,Bird
13.0,ambush,50.0,92.0,10.0,36.0,1.0,Bird
13.0,ambush,53.0,92.0,10.0,36.0,1.0,Bird
13.0,ambush,50.0,92.0,10.0,36.0,0.0,Bird
13.0,ambush,48.0,46.0,2.0,52.0,0.0,Bird
13.0,ambush,50.0,92.0,15.0,36.0,0.0,Bird
13.0,ambush,59.0,68.0,7.0,61.0,1.0,Bird
13.0,ambush,59.0,68.0,7.0,61.0,0.0,Bird
13.0,ambush,57.0,68.0,10.0,61.0,1.0,Bird
13.0,ambush,57.0,68.0,10.0,61.0,1.0,Bird
13.0,ambush,57.0,68.0,10.0,61.0,0.0,Bird
13.0,ambush,59.0,68.0,6.0,64.0,1.0,Bird
13.0,ambush,57.0,68.0,10.0,61.0,1.0,Bird
13.0,ambush,59.0,68.0,7.0,61.0,0.0,Bird
13.0,ambush,57.0,68.0,10.0,61.0,0.0,Bird
13.0,ambush,59.0,68.0,6.0,64.0,1.0,Bird
13.0,ambush,59.0,68.0,6.0,64.0,0.0,Bird
13.0,ambush,59.0,68.0,6.0,64.0,0.0,Bird
13.0,ambush,59.0,68.0,6.0,64.0,1.0,Bird
13.0,ambush,57.0,68.0,10.0,61.0,0.0,Bird
13.0,ambush,59.0,68.0,10.0,61.0,0.0,Bird
13.0,ambush,59.0,68.0,10.0,61.0,0.0,Bird
13.0,ambush,59.0,68.0,6.0,64.0,0.0,Bird
13.0,ambush,59.0,68.0,10.0,61.0,0.0,Bird
13.0,ambush,59.0,68.0,10.0,61.0,0.0,Bird
13.0,ambush,59.0,68.0,10.0,61.0,1.0,Bird
13.0,ambush,59.0,68.0,10.0,61.0,1.0,Bird
13.0,ambush,59.0,68.0,10.0,61.0,1.0,Bird
13.0,ambush,59.0,68.0,10.0,61.0,0.0,Bird
13.0,ambush,59.0,68.0,10.0,61.0,0.0,Bird
13.0,ambush,59.0,68.0,10.0,61.0,1.0,Bird
13.0,ambush,59.0,68.0,10.0,61.0,0.0,Bird
13.0,ambush,59.0,68.0,10.0,61.0,0.0,Bird
13.0,ambush,59.0,68.0,10.0,61.0,1.0,Bird
13.0,ambush,59.0,68.0,10.0,61.0,1.0,Bird
13.0,ambush,59.0,68.0,10.0,61.0,1.0,Bird
13.0,ambush,59.0,68.0,10.0,61.0,1.0,Bird
13.0,ambush,59.0,68.0,10.0,61.0,1.0,Bird
13.0,ambush,59.0,68.0,10.0,61.0,1.0,Bird
13.0,ambush,59.0,68.0,10.0,61.0,0.0,Bird
13.0,ambush,59.0,68.0,10.0,61.0,1.0,Bird
13.0,ambush,59.0,68.0,10.0,61.0,0.0,Bird
13.0,ambush,59.0,68.0,10.0,61.0,0.0,Bird
13.0,ambush,59.0,68.0,10.0,61.0,1.0,Bird
13.0,ambush,59.0,68.0,10.0,61.0,0.0,Bird
13.0,ambush,59.0,68.0,10.0,61.0,0.0,Bird
13.0,ambush,59.0,68.0,10.0,61.0,0.0,Bird
13.0,ambush,63.0,36.0,3.0,96.0,1.0,Bird
13.0,ambush,59.0,68.0,10.0,61.0,1.0,Bird
13.0,ambush,59.0,68.0,10.0,61.0,0.0,Bird
13.0,ambush,59.0,68.0,10.0,61.0,0.0,Bird
13.0,ambush,59.0,68.0,10.0,61.0,0.0,Bird
13.0,ambush,59.0,68.0,10.0,61.0,1.0,Bird
13.0,ambush,59.0,68.0,10.0,61.0,0.0,Bird
13.0,ambush,59.0,68.0,10.0,61.0,1.0,Bird
13.0,ambush,63.0,36.0,3.0,96.0,0.0,Bird
13.0,ambush,59.0,68.0,10.0,61.0,1.0,Bird
13.0,ambush,59.0,68.0,10.0,61.0,0.0,Bird
13.0,ambush,59.0,68.0,10.0,61.0,0.0,Bird
13.0,ambush,59.0,68.0,10.0,61.0,0.0,Bird
13.0,ambush,59.0,68.0,10.0,61.0,1.0,Bird
13.0,ambush,46.0,52.0,37.0,64.0,1.0,Bird
13.0,ambush,59.0,68.0,10.0,61.0,0.0,Bird
13.0,ambush,59.0,68.0,10.0,61.0,0.0,Bird
13.0,ambush,59.0,64.0,15.0,61.0,1.0,Bird
13.0,ambush,59.0,64.0,15.0,61.0,1.0,Bird
13.0,ambush,17.0,71.0,17.0,94.0,1.0,Bird
13.0,ambush,59.0,64.0,15.0,61.0,0.0,Bird
13.0,ambush,51.0,58.0,37.0,53.0,1.0,Bird
13.0,ambush,46.0,53.0,36.0,64.0,0.0,Bird
13.0,ambush,59.0,64.0,15.0,61.0,1.0,Bird
13.0,ambush,59.0,64.0,15.0,61.0,0.0,Bird
13.0,ambush,46.0,52.0,37.0,64.0,1.0,Bird
13.0,ambush,46.0,52.0,37.0,64.0,1.0,Bird
13.0,ambush,17.0,71.0,17.0,94.0,0.0,Bird
13.0,ambush,46.0,52.0,37.0,64.0,1.0,Bird
13.0,ambush,51.0,58.0,37.0,53.0,0.0,Bird
13.0,ambush,46.0,52.0,37.0,64.0,1.0,Bird
13.0,ambush,46.0,52.0,37.0,64.0,1.0,Bird
13.0,ambush,51.0,58.0,37.0,53.0,0.0,Bird
13.0,ambush,17.0,71.0,17.0,94.0,0.0,Bird
13.0,ambush,17.0,71.0,17.0,94.0,1.0,Bird
13.0,ambush,51.0,58.0,37.0,53.0,0.0,Bird
13.0,ambush,51.0,62.0,37.0,50.0,1.0,Bird
13.0,ambush,17.0,71.0,17.0,94.0,0.0,Bird
13.0,ambush,46.0,52.0,37.0,64.0,1.0,Bird
13.0,ambush,51.0,62.0,37.0,50.0,0.0,Bird
13.0,ambush,46.0,52.0,37.0,64.0,0.0,Bird
13.0,ambush,46.0,52.0,37.0,64.0,1.0,Bird
13.0,ambush,46.0,52.0,37.0,64.0,1.0,Bird
13.0,ambush,46.0,52.0,37.0,64.0,0.0,Bird
13.0,ambush,51.0,62.0,37.0,50.0,1.0,Bird
13.0,ambush,51.0,62.0,37.0,50.0,1.0,Bird
13.0,ambush,51.0,62.0,37.0,50.0,0.0,Bird
13.0,ambush,51.0,62.0,37.0,50.0,1.0,Bird
13.0,ambush,51.0,62.0,37.0,50.0,0.0,Bird
13.0,ambush,51.0,62.0,37.0,50.0,1.0,Bird
13.0,ambush,51.0,62.0,37.0,50.0,1.0,Bird
13.0,ambush,51.0,62.0,37.0,50.0,1.0,Bird
13.0,ambush,51.0,62.0,37.0,50.0,0.0,Bird
13.0,ambush,59.0,69.0,10.0,65.0,1.0,Bird
13.0,ambush,51.0,62.0,37.0,50.0,1.0,Bird
13.0,ambush,51.0,62.0,37.0,50.0,1.0,Bird
13.0,ambush,51.0,62.0,37.0,50.0,1.0,Bird
13.0,ambush,51.0,62.0,34.0,50.0,1.0,Bird
13.0,ambush,51.0,62.0,37.0,50.0,0.0,Bird
13.0,ambush,59.0,69.0,10.0,65.0,1.0,Bird
14.0,ambush,45.0,42.0,6.0,48.0,1.0,Bird
14.0,ambush,46.0,46.0,2.0,48.0,1.0,Bird
14.0,ambush,48.0,44.0,2.0,48.0,0.0,Bird
14.0,ambush,46.0,46.0,2.0,48.0,1.0,Bird
14.0,ambush,48.0,44.0,2.0,48.0,1.0,Bird
14.0,ambush,45.0,42.0,6.0,48.0,1.0,Bird
14.0,ambush,46.0,46.0,2.0,48.0,1.0,Bird
14.0,ambush,46.0,46.0,2.0,48.0,1.0,Bird
14.0,ambush,48.0,46.0,1.0,48.0,1.0,Bird
14.0,ambush,48.0,44.0,2.0,48.0,0.0,Bird
14.0,ambush,48.0,46.0,1.0,48.0,0.0,Bird
14.0,ambush,48.0,46.0,1.0,48.0,0.0,Bird
14.0,ambush,45.0,42.0,6.0,48.0,0.0,Bird
14.0,ambush,48.0,46.0,1.0,48.0,1.0,Bird
14.0,ambush,48.0,46.0,1.0,48.0,0.0,Bird
14.0,ambush,48.0,46.0,1.0,48.0,1.0,Bird
14.0,ambush,48.0,46.0,1.0,48.0,1.0,Bird
14.0,ambush,48.0,46.0,1.0,48.0,1.0,Bird
14.0,ambush,48.0,46.0,1.0,48.0,1.0,Bird
14.0,ambush,48.0,46.0,1.0,48.0,1.0,Bird
14.0,ambush,48.0,46.0,1.0,48.0,1.0,Bird
14.0,ambush,48.0,46.0,1.0,48.0,1.0,Bird
14.0,ambush,48.0,46.0,2.0,48.0,1.0,Bird
14.0,ambush,48.0,46.0,1.0,48.0,0.0,Bird
14.0,ambush,48.0,46.0,2.0,48.0,1.0,Bird
14.0,ambush,48.0,46.0,2.0,48.0,1.0,Bird
14.0,ambush,48.0,46.0,1.0,48.0,0.0,Bird
14.0,ambush,48.0,46.0,2.0,48.0,1.0,Bird
14.0,ambush,48.0,46.0,2.0,48.0,0.0,Bird
14.0,ambush,48.0,46.0,1.0,48.0,0.0,Bird
14.0,ambush,48.0,46.0,2.0,48.0,1.0,Bird
14.0,ambush,48.0,46.0,2.0,48.0,0.0,Bird
14.0,ambush,48.0,46.0,2.0,48.0,1.0,Bird
14.0,ambush,48.0,46.0,2.0,48.0,0.0,Bird
14.0,ambush,48.0,46.0,2.0,48.0,0.0,Bird
14.0,ambush,48.0,46.0,2.0,48.0,1.0,Bird
14.0,ambush,48.0,46.0,2.0,48.0,1.0,Bird
14.0,ambush,48.0,46.0,2.0,48.0,0.0,Bird
14.0,ambush,48.0,46.0,2.0,48.0,1.0,Bird
14.0,ambush,48.0,46.0,2.0,48.0,1.0,Bird
14.0,ambush,48.0,46.0,2.0,48.0,0.0,Bird
14.0,ambush,48.0,46.0,2.0,48.0,1.0,Bird
14.0,ambush,48.0,46.0,2.0,48.0,1.0,Bird
14.0,ambush,48.0,46.0,1.0,48.0,0.0,Bird
14.0,ambush,48.0,46.0,2.0,48.0,0.0,Bird
14.0,ambush,48.0,46.0,2.0,48.0,1.0,Bird
14.0,ambush,48.0,46.0,2.0,48.0,0.0,Bird
14.0,ambush,48.0,46.0,2.0,48.0,1.0,Bird
14.0,ambush,48.0,46.0,2.0,51.0,0.0,Bird
14.0,ambush,48.0,46.0,2.0,48.0,0.0,Bird
14.0,ambush,48.0,46.0,2.0,48.0,1.0,Bird
14.0,ambush,48.0,46.0,2.0,48.0,1.0,Bird
14.0,ambush,48.0,46.0,2.0,48.0,0.0,Bird
14.0,ambush,48.0,46.0,2.0,48.0,1.0,Bird
14.0,ambush,48.0,46.0,2.0,48.0,0.0,Bird
14.0,ambush,48.0,46.0,2.0,48.0,1.0,Bird
14.0,ambush,48.0,46.0,2.0,48.0,1.0,Bird
14.0,ambush,48.0,46.0,2.0,48.0,0.0,Bird
14.0,ambush,48.0,46.0,2.0,48.0,0.0,Bird
14.0,ambush,48.0,46.0,2.0,44.0,1.0,Bird
14.0,ambush,48.0,46.0,2.0,48.0,0.0,Bird
14.0,ambush,48.0,46.0,2.0,48.0,0.0,Bird
14.0,ambush,52.0,46.0,2.0,48.0,1.0,Bird
14.0,ambush,48.0,46.0,2.0,48.0,1.0,Bird
14.0,ambush,48.0,46.0,2.0,48.0,1.0,Bird
14.0,ambush,48.0,46.0,2.0,48.0,1.0,Bird
14.0,ambush,48.0,46.0,2.0,48.0,1.0,Bird
14.0,ambush,48.0,46.0,2.0,48.0,1.0,Bird
14.0,ambush,48.0,43.0,2.0,48.0,1.0,Bird
14.0,ambush,48.0,50.0,2.0,45.0,1.0,Bird
14.0,ambush,48.0,46.0,2.0,48.0,0.0,Bird
14.0,ambush,48.0,46.0,2.0,48.0,1.0,Bird
14.0,ambush,48.0,46.0,2.0,48.0,0.0,Bird
14.0,ambush,48.0,46.0,2.0,48.0,1.0,Bird
14.0,ambush,48.0,46.0,2.0,48.0,1.0,Bird
14.0,ambush,48.0,46.0,2.0,48.0,1.0,Bird
14.0,ambush,48.0,48.0,1.0,48.0,0.0,Bird
14.0,ambush,48.0,46.0,2.0,48.0,1.0,Bird
14.0,ambush,48.0,46.0,2.0,48.0,1.0,Bird
14.0,ambush,48.0,46.0,2.0,48.0,0.0,Bird
14.0,ambush,43.0,45.0,2.0,48.0,0.0,Bird
14.0,ambush,48.0,46.0,2.0,48.0,1.0,Bird
14.0,ambush,48.0,46.0,2.0,48.0,1.0,Bird
14.0,ambush,48.0,46.0,2.0,48.0,1.0,Bird
14.0,ambush,48.0,46.0,2.0,48.0,1.0,Bird
14.0,ambush,48.0,46.0,2.0,48.0,0.0,Bird
14.0,ambush,48.0,46.0,2.0,48.0,1.0,Bird
14.0,ambush,48.0,46.0,2.0,48.0,1.0,Bird
14.0,ambush,48.0,46.0,2.0,48.0,1.0,Bird
14.0,ambush,48.0,46.0,2.0,48.0,0.0,Bird
14.0,ambush,48.0,46.0,2.0,48.0,1.0,Bird
14.0,ambush,48.0,46.0,2.0,48.0,0.0,Bird
14.0,ambush,48.0,46.0,2.0,48.0,1.0,Bird
14.0,ambush,48.0,46.0,2.0,48.0,0.0,Bird
14.0,ambush,48.0,46.0,2.0,48.0,1.0,Bird
14.0,ambush,48.0,46.0,2.0,48.0,0.0,Bird
14.0,ambush,48.0,46.0,2.0,48.0,1.0,Bird
14.0,ambush,48.0,46.0,2.0,48.0,1.0,Bird
14.0,ambush,48.0,46.0,2.0,48.0,0.0,Bird
14.0,ambush,48.0,46.0,2.0,48.0,1.0,Bird
14.0,ambush,48.0,46.0,2.0,48.0,1.0,Bird
14.0,ambush,48.0,46.0,2.0,48.0,1.0,Bird
14.0,ambush,48.0,46.0,2.0,48.0,0.0,Bird
14.0,ambush,48.0,46.0,2.0,48.0,0.0,Bird
14.0,ambush,48.0,46.0,2.0,48.0,0.0,Bird
14.0,ambush,48.0,46.0,2.0,48.0,0.0,Bird
14.0,ambush,48.0,46.0,2.0,48.0,0.0,Bird
14.0,ambush,48.0,46.0,2.0,48.0,1.0,Bird
14.0,ambush,48.0,46.0,2.0,48.0,0.0,Bird
14.0,ambush,48.0,46.0,2.0,48.0,1.0,Bird
14.0,ambush,48.0,46.0,2.0,48.0,1.0,Bird
14.0,ambush,48.0,46.0,2.0,48.0,0.0,Bird
14.0,ambush,48.0,46.0,2.0,48.0,1.0,Bird
14.0,ambush,48.0,46.0,2.0,48.0,0.0,Bird
14.0,ambush,48.0,46.0,2.0,48.0,0.0,Bird
14.0,ambush,48.0,46.0,2.0,48.0,1.0,Bird
14.0,ambush,48.0,46.0,2.0,48.0,1.0,Bird
14.0,ambush,48.0,46.0,2.0,48.0,1.0,Bird
14.0,ambush,48.0,46.0,2.0,48.0,1.0,Bird
14.0,ambush,48.0,46.0,2.0,48.0,1.0,Bird
14.0,ambush,48.0,46.0,2.0,48.0,1.0,Bird
14.0,ambush,48.0,46.0,2.0,48.0,1.0,Bird
14.0,ambush,48.0,46.0,2.0,48.0,1.0,Bird
14.0,ambush,48.0,46.0,2.0,48.0,1.0,Bird
14.0,ambush,48.0,46.0,2.0,48.0,0.0,Bird
14.0,ambush,48.0,46.0,2.0,48.0,1.0,Bird
14.0,ambush,48.0,46.0,2.0,48.0,1.0,Bird
14.0,ambush,48.0,46.0,2.0,48.0,1.0,Bird
14.0,ambush,48.0,46.0,2.0,48.0,0.0,Bird
14.0,ambush,48.0,46.0,2.0,48.0,0.0,Bird
14.0,ambush,48.0,46.0,2.0,48.0,1.0,Bird
14.0,ambush,48.0,46.0,2.0,48.0,1.0,Bird
14.0,ambush,48.0,46.0,2.0,48.0,1.0,Bird
14.0,ambush,48.0,46.0,2.0,48.0,0.0,Bird
14.0,ambush,48.0,46.0,2.0,48.0,0.0,Bird
14.0,ambush,48.0,46.0,2.0,48.0,0.0,Bird
14.0,ambush,48.0,46.0,2.0,48.0,1.0,Bird
14.0,ambush,48.0,46.0,2.0,48.0,0.0,Bird
14.0,ambush,48.0,45.0,4.0,48.0,1.0,Bird
14.0,ambush,48.0,45.0,4.0,48.0,1.0,Bird
14.0,ambush,48.0,46.0,2.0,48.0,1.0,Bird
14.0,ambush,52.0,50.0,2.0,48.0,1.0,Bird
14.0,ambush,48.0,46.0,2.0,52.0,1.0,Bird
14.0,ambush,48.0,46.0,2.0,52.0,1.0,Bird
14.0,ambush,48.0,46.0,6.0,45.0,0.0,Bird
14.0,ambush,64.0,67.0,19.0,31.0,1.0,Bird
14.0,ambush,52.0,50.0,2.0,48.0,0.0,Bird
14.0,ambush,52.0,50.0,2.0,48.0,0.0,Bird
14.0,ambush,52.0,50.0,2.0,48.0,1.0,Bird
14.0,ambush,64.0,67.0,19.0,29.0,0.0,Bird
14.0,ambush,48.0,46.0,2.0,48.0,0.0,Bird
14.0,ambush,50.0,92.0,6.0,36.0,1.0,Bird
14.0,ambush,64.0,67.0,19.0,31.0,0.0,Bird
14.0,ambush,50.0,92.0,10.0,36.0,1.0,Bird
14.0,ambush,64.0,67.0,19.0,31.0,0.0,Bird
14.0,ambush,50.0,92.0,6.0,36.0,1.0,Bird
14.0,ambush,64.0,71.0,19.0,31.0,1.0,Bird
14.0,ambush,52.0,90.0,10.0,36.0,1.0,Bird
14.0,ambush,50.0,92.0,6.0,36.0,0.0,Bird
14.0,ambush,50.0,92.0,10.0,36.0,1.0,Bird
14.0,ambush,50.0,92.0,10.0,36.0,1.0,Bird
14.0,ambush,52.0,90.0,10.0,36.0,0.0,Bird
14.0,ambush,50.0,92.0,10.0,36.0,1.0,Bird
14.0,ambush,50.0,92.0,10.0,36.0,1.0,Bird
14.0,ambush,50.0,92.0,10.0,36.0,1.0,Bird
14.0,ambush,50.0,92.0,10.0,36.0,1.0,Bird
14.0,ambush,52.0,90.0,10.0,36.0,1.0,Bird
14.0,ambush,50.0,92.0,10.0,36.0,1.0,Bird
14.0,ambush,50.0,92.0,10.0,36.0,1.0,Bird
14.0,ambush,48.0,46.0,2.0,48.0,0.0,Bird
14.0,ambush,50.0,92.0,10.0,36.0,1.0,Bird
14.0,ambush,50.0,92.0,10.0,36.0,1.0,Bird
14.0,ambush,50.0,92.0,10.0,36.0,0.0,Bird
14.0,ambush,53.0,92.0,10.0,36.0,1.0,Bird
14.0,ambush,50.0,92.0,10.0,36.0,0.0,Bird
14.0,ambush,50.0,92.0,10.0,36.0,0.0,Bird
14.0,ambush,53.0,92.0,10.0,36.0,0.0,Bird
14.0,ambush,54.0,87.0,10.0,36.0,0.0,Bird
14.0,ambush,53.0,92.0,10.0,36.0,1.0,Bird
14.0,ambush,50.0,92.0,10.0,38.0,0.0,Bird
14.0,ambush,59.0,68.0,7.0,61.0,1.0,Bird
14.0,ambush,57.0,68.0,10.0,61.0,1.0,Bird
14.0,ambush,57.0,68.0,10.0,61.0,0.0,Bird
14.0,ambush,57.0,68.0,10.0,61.0,0.0,Bird
14.0,ambush,57.0,68.0,10.0,61.0,1.0,Bird
14.0,ambush,57.0,68.0,10.0,61.0,0.0,Bird
14.0,ambush,57.0,68.0,10.0,61.0,0.0,Bird
14.0,ambush,59.0,68.0,6.0,64.0,1.0,Bird
14.0,ambush,59.0,68.0,6.0,64.0,1.0,Bird
14.0,ambush,59.0,68.0,6.0,64.0,1.0,Bird
14.0,ambush,59.0,68.0,6.0,64.0,1.0,Bird
14.0,ambush,59.0,68.0,6.0,64.0,1.0,Bird
14.0,ambush,59.0,68.0,10.0,61.0,1.0,Bird
14.0,ambush,51.0,62.0,34.0,50.0,1.0,Bird
14.0,ambush,59.0,68.0,10.0,61.0,1.0,Bird
14.0,ambush,59.0,68.0,10.0,61.0,1.0,Bird
14.0,ambush,59.0,68.0,10.0,61.0,0.0,Bird
14.0,ambush,59.0,68.0,6.0,64.0,0.0,Bird
14.0,ambush,59.0,68.0,7.0,61.0,0.0,Bird
14.0,ambush,59.0,68.0,10.0,61.0,0.0,Bird
14.0,ambush,59.0,68.0,10.0,61.0,0.0,Bird
14.0,ambush,59.0,68.0,10.0,61.0,0.0,Bird
14.0,ambush,57.0,68.0,10.0,61.0,0.0,Bird
14.0,ambush,59.0,68.0,10.0,61.0,1.0,Bird
14.0,ambush,59.0,68.0,10.0,61.0,0.0,Bird
14.0,ambush,63.0,36.0,3.0,96.0,0.0,Bird
14.0,ambush,57.0,68.0,10.0,61.0,0.0,Bird
14.0,ambush,60.0,68.0,10.0,61.0,0.0,Bird
14.0,ambush,59.0,68.0,10.0,61.0,1.0,Bird
14.0,ambush,59.0,68.0,10.0,61.0,1.0,Bird
14.0,ambush,59.0,68.0,10.0,61.0,1.0,Bird
14.0,ambush,59.0,68.0,10.0,61.0,1.0,Bird
14.0,ambush,59.0,68.0,10.0,61.0,1.0,Bird
14.0,ambush,57.0,68.0,10.0,61.0,0.0,Bird
14.0,ambush,59.0,68.0,10.0,61.0,1.0,Bird
14.0,ambush,59.0,68.0,10.0,61.0,1.0,Bird
14.0,ambush,59.0,68.0,10.0,61.0,1.0,Bird
14.0,ambush,59.0,68.0,10.0,61.0,1.0,Bird
14.0,ambush,63.0,36.0,3.0,96.0,1.0,Bird
14.0,ambush,59.0,68.0,10.0,61.0,0.0,Bird
14.0,ambush,59.0,68.0,10.0,61.0,0.0,Bird
14.0,ambush,59.0,68.0,10.0,61.0,1.0,Bird
14.0,ambush,59.0,68.0,10.0,61.0,1.0,Bird
14.0,ambush,59.0,68.0,10.0,61.0,1.0,Bird
14.0,ambush,59.0,68.0,10.0,61.0,1.0,Bird
14.0,ambush,59.0,68.0,10.0,61.0,0.0,Bird
14.0,ambush,59.0,68.0,10.0,61.0,1.0,Bird
14.0,ambush,59.0,68.0,10.0,61.0,1.0,Bird
14.0,ambush,59.0,68.0,10.0,61.0,1.0,Bird
14.0,ambush,59.0,68.0,10.0,61.0,0.0,Bird
14.0,ambush,59.0,68.0,10.0,61.0,0.0,Bird
14.0,ambush,59.0,68.0,10.0,61.0,0.0,Bird
14.0,ambush,59.0,68.0,10.0,61.0,0.0,Bird
14.0,ambush,59.0,64.0,15.0,61.0,0.0,Bird
14.0,ambush,46.0,52.0,37.0,64.0,1.0,Bird
14.0,ambush,59.0,64.0,15.0,61.0,0.0,Bird
14.0,ambush,59.0,68.0,10.0,61.0,0.0,Bird
14.0,ambush,63.0,36.0,3.0,96.0,0.0,Bird
14.0,ambush,46.0,52.0,37.0,64.0,0.0,Bird
14.0,ambush,46.0,52.0,37.0,64.0,1.0,Bird
14.0,ambush,59.0,68.0,10.0,61.0,0.0,Bird
14.0,ambush,59.0,64.0,15.0,61.0,1.0,Bird
14.0,ambush,59.0,64.0,15.0,61.0,1.0,Bird
14.0,ambush,46.0,52.0,37.0,64.0,0.0,Bird
14.0,ambush,51.0,58.0,37.0,53.0,1.0,Bird
14.0,ambush,59.0,68.0,10.0,61.0,0.0,Bird
14.0,ambush,46.0,52.0,37.0,64.0,1.0,Bird
14.0,ambush,46.0,52.0,37.0,64.0,0.0,Bird
14.0,ambush,46.0,52.0,37.0,64.0,0.0,Bird
14.0,ambush,51.0,58.0,37.0,53.0,1.0,Bird
14.0,ambush,17.0,71.0,17.0,94.0,1.0,Bird
14.0,ambush,51.0,58.0,37.0,53.0,0.0,Bird
14.0,ambush,17.0,71.0,17.0,94.0,1.0,Bird
14.0,ambush,46.0,52.0,37.0,64.0,1.0,Bird
14.0,ambush,46.0,52.0,37.0,64.0,1.0,Bird
14.0,ambush,46.0,52.0,37.0,64.0,1.0,Bird
14.0,ambush,46.0,52.0,37.0,64.0,1.0,Bird
14.0,ambush,46.0,52.0,37.0,64.0,0.0,Bird
14.0,ambush,46.0,52.0,37.0,64.0,1.0,Bird
14.0,ambush,46.0,52.0,37.0,64.0,1.0,Bird
14.0,ambush,17.0,71.0,17.0,94.0,0.0,Bird
14.0,ambush,59.0,64.0,15.0,61.0,0.0,Bird
14.0,ambush,54.0,62.0,37.0,50.0,1.0,Bird
14.0,ambush,51.0,62.0,37.0,50.0,1.0,Bird
14.0,ambush,51.0,62.0,37.0,50.0,1.0,Bird
14.0,ambush,46.0,52.0,40.0,60.0,1.0,Bird
14.0,ambush,51.0,62.0,37.0,50.0,1.0,Bird
14.0,ambush,51.0,62.0,37.0,50.0,1.0,Bird
14.0,ambush,46.0,52.0,37.0,64.0,0.0,Bird
14.0,ambush,51.0,62.0,37.0,50.0,1.0,Bird
14.0,ambush,51.0,62.0,37.0,50.0,1.0,Bird
14.0,ambush,51.0,62.0,37.0,50.0,0.0,Bird
14.0,ambush,51.0,62.0,37.0,50.0,1.0,Bird
14.0,ambush,51.0,62.0,37.0,50.0,1.0,Bird
14.0,ambush,51.0,62.0,37.0,50.0,0.0,Bird
14.0,ambush,47.0,62.0,37.0,51.0,1.0,Bird
14.0,ambush,51.0,62.0,37.0,50.0,1.0,Bird
14.0,ambush,51.0,62.0,37.0,52.0,1.0,Bird
14.0,ambush,51.0,62.0,37.0,50.0,0.0,Bird
14.0,ambush,51.0,62.0,37.0,50.0,0.0,Bird
14.0,ambush,51.0,62.0,37.0,50.0,0.0,Bird
14.0,ambush,51.0,62.0,37.0,50.0,0.0,Bird
14.0,ambush,46.0,52.0,37.0,64.0,0.0,Bird
14.0,ambush,59.0,69.0,11.0,65.0,0.0,Bird
14.0,ambush,59.0,69.0,10.0,65.0,1.0,Bird
14.0,ambush,59.0,69.0,10.0,65.0,0.0,Bird
14.0,ambush,46.0,52.0,37.0,64.0,0.0,Bird
15.0,ambush,48.0,43.0,2.0,48.0,1.0,Bird
15.0,ambush,45.0,42.0,6.0,48.0,1.0,Bird
15.0,ambush,45.0,42.0,6.0,48.0,1.0,Bird
15.0,ambush,48.0,43.0,2.0,48.0,1.0,Bird
15.0,ambush,48.0,43.0,2.0,48.0,0.0,Bird
15.0,ambush,46.0,46.0,2.0,48.0,1.0,Bird
15.0,ambush,48.0,46.0,2.0,44.0,0.0,Bird
15.0,ambush,46.0,46.0,2.0,48.0,0.0,Bird
15.0,ambush,46.0,46.0,2.0,48.0,1.0,Bird
15.0,ambush,45.0,42.0,6.0,48.0,0.0,Bird
15.0,ambush,46.0,46.0,2.0,48.0,1.0,Bird
15.0,ambush,48.0,40.0,2.0,48.0,0.0,Bird
15.0,ambush,46.0,46.0,2.0,48.0,1.0,Bird
15.0,ambush,46.0,46.0,2.0,48.0,1.0,Bird
15.0,ambush,46.0,46.0,2.0,48.0,1.0,Bird
15.0,ambush,46.0,46.0,2.0,48.0,0.0,Bird
15.0,ambush,48.0,46.0,1.0,44.0,1.0,Bird
15.0,ambush,48.0,44.0,2.0,48.0,1.0,Bird
15.0,ambush,46.0,46.0,2.0,48.0,0.0,Bird
15.0,ambush,48.0,46.0,1.0,48.0,1.0,Bird
15.0,ambush,48.0,46.0,1.0,48.0,1.0,Bird
15.0,ambush,48.0,46.0,1.0,48.0,1.0,Bird
15.0,ambush,48.0,46.0,1.0,48.0,1.0,Bird
15.0,ambush,48.0,46.0,1.0,48.0,1.0,Bird
15.0,ambush,48.0,46.0,1.0,48.0,1.0,Bird
15.0,ambush,48.0,44.0,2.0,48.0,0.0,Bird
15.0,ambush,48.0,46.0,1.0,48.0,1.0,Bird
15.0,ambush,48.0,46.0,1.0,48.0,1.0,Bird
15.0,ambush,48.0,46.0,1.0,48.0,0.0,Bird
15.0,ambush,48.0,46.0,1.0,48.0,1.0,Bird
15.0,ambush,48.0,46.0,1.0,48.0,0.0,Bird
15.0,ambush,48.0,46.0,1.0,48.0,1.0,Bird
15.0,ambush,48.0,46.0,1.0,48.0,0.0,Bird
15.0,ambush,48.0,46.0,1.0,48.0,1.0,Bird
15.0,ambush,48.0,46.0,1.0,48.0,0.0,Bird
15.0,ambush,48.0,46.0,1.0,48.0,1.0,Bird
15.0,ambush,48.0,46.0,1.0,48.0,1.0,Bird
15.0,ambush,48.0,46.0,1.0,48.0,0.0,Bird
15.0,ambush,48.0,46.0,2.0,48.0,1.0,Bird
15.0,ambush,48.0,46.0,1.0,48.0,1.0,Bird
15.0,ambush,48.0,46.0,2.0,48.0,0.0,Bird
15.0,ambush,48.0,46.0,1.0,48.0,0.0,Bird
15.0,ambush,48.0,46.0,1.0,48.0,0.0,Bird
15.0,ambush,48.0,46.0,2.0,48.0,1.0,Bird
15.0,ambush,48.0,46.0,2.0,48.0,1.0,Bird
15.0,ambush,48.0,46.0,2.0,48.0,1.0,Bird
15.0,ambush,48.0,46.0,1.0,48.0,1.0,Bird
15.0,ambush,48.0,46.0,2.0,48.0,1.0,Bird
15.0,ambush,48.0,46.0,2.0,48.0,0.0,Bird
15.0,ambush,48.0,46.0,2.0,48.0,1.0,Bird
15.0,ambush,50.0,46.0,2.0,48.0,1.0,Bird
15.0,ambush,48.0,46.0,2.0,48.0,1.0,Bird
15.0,ambush,48.0,46.0,2.0,48.0,1.0,Bird
15.0,ambush,48.0,46.0,2.0,48.0,1.0,Bird
15.0,ambush,48.0,46.0,2.0,48.0,1.0,Bird
15.0,ambush,48.0,46.0,2.0,48.0,0.0,Bird
15.0,ambush,48.0,46.0,2.0,48.0,0.0,Bird
15.0,ambush,48.0,46.0,2.0,48.0,0.0,Bird
15.0,ambush,48.0,46.0,2.0,48.0,1.0,Bird
15.0,ambush,48.0,46.0,2.0,48.0,1.0,Bird
15.0,ambush,51.0,46.0,2.0,48.0,1.0,Bird
15.0,ambush,48.0,46.0,2.0,48.0,0.0,Bird
15.0,ambush,48.0,46.0,1.0,48.0,0.0,Bird
15.0,ambush,48.0,46.0,2.0,48.0,0.0,Bird
15.0,ambush,48.0,46.0,2.0,48.0,1.0,Bird
15.0,ambush,48.0,46.0,2.0,48.0,0.0,Bird
15.0,ambush,48.0,46.0,2.0,48.0,0.0,Bird
15.0,ambush,48.0,46.0,2.0,48.0,1.0,Bird
15.0,ambush,48.0,46.0,2.0,48.0,1.0,Bird
15.0,ambush,48.0,46.0,2.0,48.0,1.0,Bird
15.0,ambush,48.0,46.0,2.0,48.0,1.0,Bird
15.0,ambush,45.0,46.0,2.0,45.0,1.0,Bird
15.0,ambush,48.0,46.0,2.0,48.0,1.0,Bird
15.0,ambush,48.0,46.0,2.0,48.0,1.0,Bird
15.0,ambush,48.0,46.0,2.0,48.0,1.0,Bird
15.0,ambush,48.0,46.0,2.0,48.0,1.0,Bird
15.0,ambush,48.0,46.0,2.0,48.0,0.0,Bird
15.0,ambush,48.0,46.0,2.0,48.0,0.0,Bird
15.0,ambush,48.0,46.0,2.0,48.0,0.0,Bird
15.0,ambush,48.0,46.0,2.0,48.0,1.0,Bird
15.0,ambush,48.0,46.0,2.0,48.0,1.0,Bird
15.0,ambush,48.0,46.0,2.0,48.0,1.0,Bird
15.0,ambush,50.0,48.0,2.0,48.0,1.0,Bird
15.0,ambush,48.0,46.0,2.0,48.0,0.0,Bird
15.0,ambush,48.0,46.0,2.0,48.0,0.0,Bird
15.0,ambush,46.0,46.0,1.0,48.0,1.0,Bird
15.0,ambush,48.0,46.0,2.0,48.0,0.0,Bird
15.0,ambush,48.0,46.0,2.0,48.0,1.0,Bird
15.0,ambush,48.0,46.0,2.0,48.0,0.0,Bird
15.0,ambush,48.0,46.0,2.0,48.0,0.0,Bird
15.0,ambush,48.0,46.0,2.0,48.0,1.0,Bird
15.0,ambush,48.0,46.0,2.0,48.0,1.0,Bird
15.0,ambush,48.0,46.0,2.0,48.0,1.0,Bird
15.0,ambush,48.0,46.0,2.0,48.0,0.0,Bird
15.0,ambush,48.0,46.0,2.0,48.0,0.0,Bird
15.0,ambush,48.0,46.0,2.0,48.0,0.0,Bird
15.0,ambush,48.0,46.0,2.0,48.0,1.0,Bird
15.0,ambush,48.0,46.0,2.0,48.0,0.0,Bird
15.0,ambush,48.0,46.0,2.0,48.0,0.0,Bird
15.0,ambush,48.0,46.0,2.0,48.0,0.0,Bird
15.0,ambush,48.0,46.0,2.0,48.0,0.0,Bird
15.0,ambush,48.0,46.0,2.0,48.0,1.0,Bird
15.0,ambush,48.0,46.0,2.0,48.0,1.0,Bird
15.0,ambush,48.0,46.0,2.0,48.0,0.0,Bird
15.0,ambush,48.0,46.0,2.0,43.0,1.0,Bird
15.0,ambush,48.0,46.0,2.0,48.0,1.0,Bird
15.0,ambush,48.0,46.0,2.0,48.0,1.0,Bird
15.0,ambush,48.0,46.0,2.0,48.0,1.0,Bird
15.0,ambush,48.0,46.0,2.0,48.0,1.0,Bird
15.0,ambush,48.0,46.0,2.0,48.0,0.0,Bird
15.0,ambush,48.0,46.0,2.0,48.0,1.0,Bird
15.0,ambush,48.0,46.0,2.0,48.0,1.0,Bird
15.0,ambush,48.0,46.0,2.0,48.0,1.0,Bird
15.0,ambush,48.0,46.0,7.0,48.0,1.0,Bird
15.0,ambush,48.0,46.0,2.0,48.0,1.0,Bird
15.0,ambush,48.0,46.0,2.0,48.0,1.0,Bird
15.0,ambush,48.0,46.0,2.0,48.0,1.0,Bird
15.0,ambush,48.0,46.0,2.0,48.0,1.0,Bird
15.0,ambush,48.0,46.0,2.0,48.0,0.0,Bird
15.0,ambush,48.0,46.0,2.0,48.0,1.0,Bird
15.0,ambush,48.0,46.0,2.0,48.0,1.0,Bird
15.0,ambush,48.0,46.0,2.0,48.0,1.0,Bird
15.0,ambush,48.0,46.0,2.0,48.0,1.0,Bird
15.0,ambush,48.0,46.0,2.0,48.0,1.0,Bird
15.0,ambush,48.0,46.0,2.0,48.0,0.0,Bird
15.0,ambush,48.0,46.0,2.0,48.0,0.0,Bird
15.0,ambush,48.0,46.0,2.0,48.0,1.0,Bird
15.0,ambush,48.0,46.0,2.0,48.0,0.0,Bird
15.0,ambush,48.0,46.0,2.0,48.0,1.0,Bird
15.0,ambush,48.0,46.0,2.0,48.0,1.0,Bird
15.0,ambush,48.0,46.0,2.0,48.0,1.0,Bird
15.0,ambush,48.0,46.0,2.0,48.0,0.0,Bird
15.0,ambush,48.0,46.0,2.0,48.0,0.0,Bird
15.0,ambush,48.0,46.0,2.0,48.0,1.0,Bird
15.0,ambush,48.0,46.0,2.0,48.0,1.0,Bird
15.0,ambush,48.0,46.0,2.0,48.0,1.0,Bird
15.0,ambush,48.0,46.0,2.0,48.0,1.0,Bird
15.0,ambush,48.0,46.0,2.0,48.0,0.0,Bird
15.0,ambush,48.0,46.0,2.0,48.0,1.0,Bird
15.0,ambush,48.0,46.0,2.0,48.0,0.0,Bird
15.0,ambush,48.0,46.0,2.0,48.0,1.0,Bird
15.0,ambush,48.0,46.0,2.0,48.0,0.0,Bird
15.0,ambush,48.0,46.0,2.0,48.0,0.0,Bird
15.0,ambush,48.0,46.0,2.0,48.0,0.0,Bird
15.0,ambush,48.0,46.0,2.0,48.0,0.0,Bird
15.0,ambush,48.0,46.0,2.0,48.0,1.0,Bird
15.0,ambush,48.0,46.0,2.0,48.0,1.0,Bird
15.0,ambush,48.0,46.0,2.0,48.0,1.0,Bird
15.0,ambush,48.0,46.0,2.0,48.0,1.0,Bird
15.0,ambush,48.0,46.0,2.0,48.0,0.0,Bird
15.0,ambush,48.0,46.0,2.0,48.0,0.0,Bird
15.0,ambush,48.0,46.0,2.0,48.0,1.0,Bird
15.0,ambush,48.0,46.0,2.0,48.0,0.0,Bird
15.0,ambush,48.0,46.0,2.0,48.0,0.0,Bird
15.0,ambush,48.0,46.0,2.0,48.0,1.0,Bird
15.0,ambush,48.0,46.0,2.0,48.0,1.0,Bird
15.0,ambush,48.0,46.0,2.0,48.0,1.0,Bird
15.0,ambush,45.0,46.0,1.0,48.0,1.0,Bird
15.0,ambush,48.0,46.0,2.0,48.0,1.0,Bird
15.0,ambush,48.0,46.0,2.0,48.0,0.0,Bird
15.0,ambush,48.0,46.0,2.0,48.0,1.0,Bird
15.0,ambush,48.0,46.0,2.0,48.0,1.0,Bird
15.0,ambush,48.0,46.0,2.0,48.0,1.0,Bird
15.0,ambush,48.0,46.0,2.0,48.0,1.0,Bird
15.0,ambush,48.0,46.0,2.0,48.0,1.0,Bird
15.0,ambush,48.0,46.0,2.0,48.0,0.0,Bird
15.0,ambush,48.0,46.0,2.0,48.0,1.0,Bird
15.0,ambush,48.0,46.0,2.0,48.0,0.0,Bird
15.0,ambush,48.0,46.0,2.0,48.0,0.0,Bird
15.0,ambush,48.0,46.0,2.0,48.0,0.0,Bird
15.0,ambush,48.0,46.0,2.0,48.0,0.0,Bird
15.0,ambush,48.0,45.0,4.0,48.0,1.0,Bird
15.0,ambush,48.0,46.0,2.0,48.0,1.0,Bird
15.0,ambush,48.0,46.0,2.0,48.0,0.0,Bird
15.0,ambush,48.0,50.0,2.0,45.0,1.0,Bird
15.0,ambush,48.0,46.0,2.0,48.0,0.0,Bird
15.0,ambush,48.0,46.0,2.0,48.0,0.0,Bird
15.0,ambush,48.0,45.0,4.0,48.0,1.0,Bird
15.0,ambush,48.0,45.0,4.0,48.0,1.0,Bird
15.0,ambush,48.0,45.0,4.0,48.0,1.0,Bird
15.0,ambush,48.0,45.0,4.0,48.0,1.0,Bird
15.0,ambush,52.0,46.0,2.0,48.0,1.0,Bird
15.0,ambush,48.0,45.0,4.0,48.0,1.0,Bird
15.0,ambush,48.0,46.0,2.0,48.0,0.0,Bird
15.0,ambush,52.0,46.0,2.0,48.0,1.0,Bird
15.0,ambush,48.0,46.0,2.0,52.0,1.0,Bird
15.0,ambush,52.0,46.0,2.0,48.0,1.0,Bird
15.0,ambush,48.0,46.0,2.0,52.0,0.0,Bird
15.0,ambush,48.0,46.0,2.0,52.0,0.0,Bird
15.0,ambush,48.0,46.0,2.0,52.0,0.0,Bird
15.0,ambush,48.0,46.0,2.0,52.0,0.0,Bird
16.0,ambush,45.0,46.0,2.0,45.0,0.0,Bird
16.0,ambush,48.0,46.0,2.0,43.0,1.0,Bird
16.0,ambush,45.0,46.0,1.0,45.0,1.0,Bird
16.0,ambush,48.0,46.0,1.0,44.0,1.0,Bird
16.0,ambush,45.0,46.0,1.0,48.0,1.0,Bird
16.0,ambush,48.0,46.0,1.0,44.0,0.0,Bird
16.0,ambush,45.0,46.0,1.0,48.0,1.0,Bird
16.0,ambush,48.0,46.0,2.0,43.0,0.0,Bird
16.0,ambush,46.0,46.0,1.0,48.0,1.0,Bird
16.0,ambush,48.0,43.0,2.0,48.0,0.0,Bird
16.0,ambush,48.0,46.0,1.0,44.0,0.0,Bird
16.0,ambush,48.0,43.0,2.0,48.0,1.0,Bird
16.0,ambush,45.0,42.0,6.0,48.0,1.0,Bird
16.0,ambush,46.0,46.0,2.0,48.0,1.0,Bird
16.0,ambush,45.0,42.0,6.0,48.0,0.0,Bird
16.0,ambush,48.0,46.0,2.0,43.0,0.0,Bird
16.0,ambush,48.0,43.0,2.0,48.0,0.0,Bird
16.0,ambush,48.0,43.0,2.0,48.0,0.0,Bird
16.0,ambush,46.0,46.0,2.0,48.0,1.0,Bird
16.0,ambush,46.0,46.0,2.0,48.0,1.0,Bird
16.0,ambush,46.0,46.0,2.0,48.0,0.0,Bird
16.0,ambush,46.0,46.0,2.0,48.0,1.0,Bird
16.0,ambush,46.0,46.0,2.0,48.0,1.0,Bird
16.0,ambush,46.0,46.0,2.0,48.0,1.0,Bird
16.0,ambush,46.0,46.0,2.0,48.0,1.0,Bird
16.0,ambush,48.0,44.0,2.0,48.0,1.0,Bird
16.0,ambush,46.0,46.0,2.0,48.0,0.0,Bird
16.0,ambush,48.0,43.0,2.0,48.0,0.0,Bird
16.0,ambush,48.0,46.0,1.0,48.0,1.0,Bird
16.0,ambush,46.0,46.0,2.0,48.0,0.0,Bird
16.0,ambush,46.0,46.0,2.0,48.0,0.0,Bird
16.0,ambush,48.0,46.0,1.0,48.0,1.0,Bird
16.0,ambush,48.0,46.0,1.0,48.0,1.0,Bird
16.0,ambush,46.0,46.0,2.0,48.0,0.0,Bird
16.0,ambush,48.0,46.0,1.0,48.0,1.0,Bird
16.0,ambush,46.0,46.0,2.0,48.0,0.0,Bird
16.0,ambush,48.0,45.0,1.0,48.0,1.0,Bird
16.0,ambush,46.0,46.0,4.0,48.0,0.0,Bird
16.0,ambush,48.0,46.0,1.0,48.0,0.0,Bird
16.0,ambush,48.0,46.0,1.0,48.0,1.0,Bird
16.0,ambush,48.0,46.0,1.0,48.0,1.0,Bird
16.0,ambush,48.0,46.0,1.0,48.0,0.0,Bird
16.0,ambush,48.0,46.0,1.0,48.0,1.0,Bird
16.0,ambush,48.0,46.0,1.0,48.0,1.0,Bird
16.0,ambush,48.0,46.0,1.0,48.0,1.0,Bird
16.0,ambush,48.0,46.0,1.0,48.0,1.0,Bird
16.0,ambush,48.0,46.0,1.0,48.0,0.0,Bird
16.0,ambush,48.0,46.0,1.0,48.0,1.0,Bird
16.0,ambush,48.0,46.0,1.0,48.0,0.0,Bird
16.0,ambush,48.0,46.0,1.0,48.0,1.0,Bird
16.0,ambush,48.0,46.0,1.0,48.0,1.0,Bird
16.0,ambush,48.0,46.0,1.0,48.0,1.0,Bird
16.0,ambush,48.0,46.0,1.0,48.0,1.0,Bird
16.0,ambush,48.0,46.0,1.0,48.0,1.0,Bird
16.0,ambush,48.0,46.0,1.0,53.0,1.0,Bird
16.0,ambush,48.0,46.0,1.0,48.0,1.0,Bird
16.0,ambush,48.0,46.0,1.0,48.0,0.0,Bird
16.0,ambush,48.0,46.0,1.0,48.0,1.0,Bird
16.0,ambush,48.0,46.0,1.0,48.0,1.0,Bird
16.0,ambush,48.0,46.0,1.0,48.0,1.0,Bird
16.0,ambush,48.0,46.0,2.0,48.0,1.0,Bird
16.0,ambush,48.0,46.0,2.0,48.0,1.0,Bird
16.0,ambush,48.0,46.0,2.0,46.0,1.0,Bird
16.0,ambush,48.0,46.0,1.0,48.0,0.0,Bird
16.0,ambush,48.0,46.0,2.0,48.0,1.0,Bird
16.0,ambush,48.0,46.0,2.0,48.0,1.0,Bird
16.0,ambush,48.0,46.0,2.0,48.0,1.0,Bird
16.0,ambush,48.0,46.0,2.0,48.0,0.0,Bird
16.0,ambush,48.0,46.0,2.0,48.0,1.0,Bird
16.0,ambush,48.0,46.0,2.0,48.0,1.0,Bird
16.0,ambush,48.0,46.0,2.0,48.0,1.0,Bird
16.0,ambush,48.0,45.0,2.0,48.0,1.0,Bird
16.0,ambush,48.0,46.0,1.0,48.0,0.0,Bird
16.0,ambush,48.0,46.0,1.0,48.0,1.0,Bird
16.0,ambush,48.0,46.0,2.0,48.0,1.0,Bird
16.0,ambush,48.0,46.0,2.0,48.0,1.0,Bird
16.0,ambush,48.0,46.0,2.0,48.0,0.0,Bird
16.0,ambush,48.0,46.0,2.0,48.0,1.0,Bird
16.0,ambush,48.0,46.0,2.0,48.0,1.0,Bird
16.0,ambush,48.0,46.0,2.0,48.0,0.0,Bird
16.0,ambush,48.0,46.0,2.0,48.0,0.0,Bird
16.0,ambush,48.0,46.0,2.0,48.0,0.0,Bird
16.0,ambush,48.0,46.0,2.0,48.0,0.0,Bird
16.0,ambush,48.0,46.0,2.0,48.0,1.0,Bird
16.0,ambush,48.0,46.0,2.0,48.0,0.0,Bird
16.0,ambush,48.0,46.0,2.0,48.0,1.0,Bird
16.0,ambush,48.0,46.0,2.0,48.0,1.0,Bird
16.0,ambush,48.0,46.0,2.0,48.0,1.0,Bird
16.0,ambush,48.0,46.0,2.0,48.0,1.0,Bird
16.0,ambush,48.0,46.0,2.0,48.0,0.0,Bird
16.0,ambush,48.0,46.0,2.0,48.0,0.0,Bird
16.0,ambush,45.0,46.0,6.0,48.0,1.0,Bird
16.0,ambush,48.0,46.0,2.0,48.0,0.0,Bird
16.0,ambush,48.0,47.0,2.0,48.0,0.0,Bird
16.0,ambush,48.0,46.0,2.0,48.0,1.0,Bird
16.0,ambush,48.0,46.0,2.0,48.0,0.0,Bird
16.0,ambush,48.0,46.0,2.0,48.0,0.0,Bird
16.0,ambush,48.0,46.0,2.0,48.0,1.0,Bird
16.0,ambush,48.0,46.0,2.0,48.0,1.0,Bird
16.0,ambush,48.0,46.0,2.0,48.0,1.0,Bird
16.0,ambush,48.0,46.0,2.0,48.0,0.0,Bird
16.0,ambush,48.0,46.0,2.0,48.0,1.0,Bird
16.0,ambush,48.0,46.0,2.0,48.0,0.0,Bird
16.0,ambush,48.0,46.0,2.0,48.0,1.0,Bird
16.0,ambush,48.0,46.0,2.0,48.0,0.0,Bird
16.0,ambush,48.0,46.0,2.0,48.0,1.0,Bird
16.0,ambush,48.0,46.0,2.0,48.0,1.0,Bird
16.0,ambush,48.0,46.0,2.0,48.0,0.0,Bird
16.0,ambush,48.0,46.0,2.0,48.0,1.0,Bird
16.0,ambush,48.0,46.0,2.0,48.0,0.0,Bird
16.0,ambush,48.0,46.0,2.0,48.0,1.0,Bird
16.0,ambush,48.0,46.0,2.0,48.0,1.0,Bird
16.0,ambush,48.0,46.0,2.0,48.0,1.0,Bird
16.0,ambush,48.0,46.0,2.0,48.0,0.0,Bird
16.0,ambush,48.0,46.0,2.0,48.0,1.0,Bird
16.0,ambush,48.0,46.0,1.0,48.0,1.0,Bird
16.0,ambush,48.0,46.0,2.0,48.0,0.0,Bird
16.0,ambush,48.0,46.0,2.0,48.0,1.0,Bird
16.0,ambush,48.0,46.0,2.0,48.0,1.0,Bird
16.0,ambush,48.0,46.0,2.0,48.0,1.0,Bird
16.0,ambush,48.0,46.0,2.0,48.0,1.0,Bird
16.0,ambush,48.0,46.0,2.0,48.0,0.0,Bird
16.0,ambush,48.0,46.0,2.0,48.0,0.0,Bird
16.0,ambush,48.0,46.0,2.0,48.0,1.0,Bird
16.0,ambush,48.0,46.0,2.0,48.0,1.0,Bird
16.0,ambush,48.0,46.0,2.0,48.0,1.0,Bird
16.0,ambush,48.0,46.0,2.0,48.0,1.0,Bird
16.0,ambush,48.0,46.0,2.0,48.0,1.0,Bird
16.0,ambush,48.0,46.0,2.0,48.0,1.0,Bird
16.0,ambush,48.0,46.0,2.0,48.0,0.0,Bird
16.0,ambush,48.0,46.0,5.0,48.0,0.0,Bird
16.0,ambush,52.0,46.0,2.0,45.0,1.0,Bird
16.0,ambush,48.0,46.0,2.0,48.0,0.0,Bird
16.0,ambush,48.0,46.0,2.0,48.0,1.0,Bird
16.0,ambush,48.0,46.0,2.0,48.0,0.0,Bird
16.0,ambush,48.0,46.0,2.0,48.0,1.0,Bird
16.0,ambush,48.0,46.0,2.0,48.0,1.0,Bird
16.0,ambush,48.0,46.0,2.0,48.0,0.0,Bird
16.0,ambush,48.0,46.0,2.0,48.0,1.0,Bird
16.0,ambush,48.0,46.0,1.0,48.0,0.0,Bird
16.0,ambush,47.0,46.0,1.0,48.0,0.0,Bird
16.0,ambush,48.0,46.0,2.0,48.0,1.0,Bird
16.0,ambush,48.0,46.0,2.0,48.0,1.0,Bird
16.0,ambush,48.0,46.0,2.0,48.0,0.0,Bird
16.0,ambush,48.0,46.0,2.0,48.0,1.0,Bird
16.0,ambush,48.0,46.0,2.0,48.0,0.0,Bird
16.0,ambush,48.0,46.0,2.0,48.0,1.0,Bird
16.0,ambush,48.0,46.0,2.0,48.0,0.0,Bird
16.0,ambush,48.0,46.0,2.0,48.0,1.0,Bird
16.0,ambush,48.0,46.0,2.0,48.0,1.0,Bird
16.0,ambush,48.0,46.0,2.0,48.0,0.0,Bird
16.0,ambush,48.0,46.0,2.0,48.0,1.0,Bird
16.0,ambush,48.0,46.0,2.0,48.0,1.0,Bird
16.0,ambush,48.0,46.0,2.0,48.0,1.0,Bird
16.0,ambush,48.0,46.0,2.0,48.0,1.0,Bird
16.0,ambush,48.0,46.0,2.0,48.0,1.0,Bird
16.0,ambush,48.0,46.0,2.0,48.0,1.0,Bird
16.0,ambush,48.0,46.0,2.0,48.0,1.0,Bird
16.0,ambush,48.0,46.0,2.0,48.0,1.0,Bird
16.0,ambush,48.0,46.0,2.0,48.0,1.0,Bird
16.0,ambush,48.0,46.0,2.0,48.0,1.0,Bird
16.0,ambush,48.0,46.0,2.0,48.0,0.0,Bird
16.0,ambush,48.0,46.0,2.0,48.0,1.0,Bird
16.0,ambush,48.0,46.0,2.0,48.0,1.0,Bird
16.0,ambush,48.0,46.0,2.0,48.0,0.0,Bird
16.0,ambush,48.0,46.0,2.0,48.0,0.0,Bird
16.0,ambush,48.0,46.0,2.0,48.0,1.0,Bird
16.0,ambush,48.0,46.0,2.0,48.0,1.0,Bird
16.0,ambush,48.0,46.0,2.0,48.0,0.0,Bird
16.0,ambush,48.0,46.0,1.0,52.0,1.0,Bird
16.0,ambush,48.0,46.0,2.0,48.0,0.0,Bird
16.0,ambush,48.0,46.0,2.0,48.0,1.0,Bird
16.0,ambush,48.0,46.0,2.0,48.0,1.0,Bird
16.0,ambush,48.0,46.0,2.0,48.0,1.0,Bird
16.0,ambush,48.0,46.0,2.0,48.0,0.0,Bird
16.0,ambush,48.0,46.0,2.0,48.0,0.0,Bird
16.0,ambush,48.0,46.0,2.0,48.0,0.0,Bird
16.0,ambush,48.0,46.0,2.0,48.0,1.0,Bird
16.0,ambush,48.0,46.0,2.0,48.0,1.0,Bird
16.0,ambush,48.0,46.0,2.0,48.0,0.0,Bird
16.0,ambush,48.0,46.0,2.0,48.0,1.0,Bird
16.0,ambush,48.0,46.0,2.0,48.0,0.0,Bird
16.0,ambush,48.0,46.0,2.0,48.0,0.0,Bird
16.0,ambush,48.0,46.0,2.0,48.0,1.0,Bird
17.0,ambush,45.0,46.0,1.0,45.0,1.0,Bird
17.0,ambush,48.0,46.0,2.0,43.0,1.0,Bird
17.0,ambush,48.0,46.0,1.0,44.0,1.0,Bird
17.0,ambush,45.0,46.0,1.0,45.0,0.0,Bird
17.0,ambush,48.0,46.0,2.0,43.0,1.0,Bird
17.0,ambush,48.0,46.0,1.0,44.0,0.0,Bird
17.0,ambush,45.0,46.0,1.0,48.0,1.0,Bird
17.0,ambush,48.0,46.0,1.0,44.0,0.0,Bird
17.0,ambush,48.0,46.0,2.0,43.0,0.0,Bird
17.0,ambush,45.0,46.0,1.0,45.0,0.0,Bird
17.0,ambush,45.0,46.0,1.0,48.0,1.0,Bird
17.0,ambush,45.0,46.0,1.0,48.0,1.0,Bird
17.0,ambush,46.0,46.0,1.0,48.0,1.0,Bird
17.0,ambush,46.0,46.0,1.0,48.0,0.0,Bird
17.0,ambush,45.0,42.0,6.0,48.0,0.0,Bird
17.0,ambush,48.0,43.0,2.0,48.0,1.0,Bird
17.0,ambush,45.0,46.0,1.0,48.0,1.0,Bird
17.0,ambush,48.0,43.0,2.0,48.0,1.0,Bird
17.0,ambush,45.0,42.0,6.0,48.0,1.0,Bird
17.0,ambush,46.0,46.0,2.0,48.0,1.0,Bird
17.0,ambush,46.0,46.0,2.0,48.0,1.0,Bird
17.0,ambush,46.0,46.0,2.0,48.0,1.0,Bird
17.0,ambush,41.0,42.0,4.0,48.0,0.0,Bird
17.0,ambush,46.0,46.0,1.0,50.0,1.0,Bird
17.0,ambush,46.0,46.0,2.0,48.0,1.0,Bird
17.0,ambush,48.0,44.0,2.0,48.0,1.0,Bird
17.0,ambush,46.0,46.0,2.0,48.0,1.0,Bird
17.0,ambush,46.0,46.0,2.0,48.0,1.0,Bird
17.0,ambush,46.0,46.0,2.0,48.0,1.0,Bird
17.0,ambush,46.0,46.0,2.0,48.0,1.0,Bird
17.0,ambush,48.0,46.0,2.0,46.0,1.0,Bird
17.0,ambush,46.0,46.0,2.0,48.0,0.0,Bird
17.0,ambush,46.0,46.0,2.0,48.0,1.0,Bird
17.0,ambush,46.0,46.0,2.0,48.0,0.0,Bird
17.0,ambush,48.0,46.0,2.0,46.0,1.0,Bird
17.0,ambush,48.0,45.0,1.0,48.0,1.0,Bird
17.0,ambush,46.0,46.0,2.0,48.0,0.0,Bird
17.0,ambush,48.0,46.0,1.0,48.0,1.0,Bird
17.0,ambush,46.0,46.0,2.0,48.0,1.0,Bird
17.0,ambush,48.0,46.0,1.0,48.0,1.0,Bird
17.0,ambush,48.0,46.0,2.0,46.0,0.0,Bird
17.0,ambush,46.0,46.0,2.0,48.0,1.0,Bird
17.0,ambush,48.0,45.0,2.0,48.0,1.0,Bird
17.0,ambush,48.0,46.0,1.0,48.0,1.0,Bird
17.0,ambush,48.0,46.0,1.0,48.0,0.0,Bird
17.0,ambush,48.0,46.0,1.0,48.0,1.0,Bird
17.0,ambush,48.0,46.0,1.0,48.0,1.0,Bird
17.0,ambush,48.0,46.0,1.0,48.0,1.0,Bird
17.0,ambush,48.0,46.0,1.0,48.0,1.0,Bird
17.0,ambush,48.0,46.0,1.0,48.0,0.0,Bird
17.0,ambush,48.0,46.0,1.0,48.0,1.0,Bird
17.0,ambush,48.0,46.0,1.0,48.0,1.0,Bird
17.0,ambush,48.0,46.0,1.0,48.0,0.0,Bird
17.0,ambush,48.0,46.0,1.0,48.0,0.0,Bird
17.0,ambush,48.0,46.0,1.0,48.0,1.0,Bird
17.0,ambush,48.0,46.0,1.0,48.0,1.0,Bird
17.0,ambush,48.0,46.0,1.0,48.0,0.0,Bird
17.0,ambush,48.0,46.0,1.0,48.0,1.0,Bird
17.0,ambush,48.0,46.0,1.0,48.0,0.0,Bird
17.0,ambush,48.0,46.0,1.0,48.0,0.0,Bird
17.0,ambush,48.0,46.0,1.0,48.0,1.0,Bird
17.0,ambush,48.0,46.0,1.0,48.0,0.0,Bird
17.0,ambush,48.0,46.0,1.0,48.0,1.0,Bird
17.0,ambush,48.0,46.0,1.0,48.0,0.0,Bird
17.0,ambush,48.0,46.0,1.0,48.0,1.0,Bird
17.0,ambush,48.0,46.0,1.0,48.0,1.0,Bird
17.0,ambush,48.0,46.0,1.0,48.0,1.0,Bird
17.0,ambush,48.0,46.0,1.0,48.0,0.0,Bird
17.0,ambush,48.0,46.0,1.0,48.0,0.0,Bird
17.0,ambush,48.0,46.0,1.0,48.0,1.0,Bird
17.0,ambush,48.0,46.0,1.0,48.0,1.0,Bird
17.0,ambush,48.0,46.0,1.0,48.0,1.0,Bird
17.0,ambush,48.0,46.0,1.0,48.0,1.0,Bird
17.0,ambush,48.0,46.0,1.0,48.0,0.0,Bird
17.0,ambush,48.0,46.0,2.0,48.0,1.0,Bird
17.0,ambush,48.0,46.0,1.0,48.0,0.0,Bird
17.0,ambush,48.0,46.0,2.0,48.0,1.0,Bird
17.0,ambush,48.0,46.0,2.0,48.0,1.0,Bird
17.0,ambush,48.0,46.0,2.0,48.0,1.0,Bird
17.0,ambush,48.0,46.0,2.0,48.0,0.0,Bird
17.0,ambush,48.0,46.0,2.0,48.0,1.0,Bird
17.0,ambush,48.0,46.0,2.0,48.0,1.0,Bird
17.0,ambush,48.0,46.0,2.0,48.0,1.0,Bird
17.0,ambush,48.0,46.0,2.0,48.0,0.0,Bird
17.0,ambush,48.0,46.0,1.0,48.0,0.0,Bird
17.0,ambush,48.0,46.0,2.0,48.0,1.0,Bird
17.0,ambush,48.0,46.0,2.0,48.0,1.0,Bird
17.0,ambush,48.0,46.0,2.0,48.0,0.0,Bird
17.0,ambush,48.0,46.0,2.0,48.0,0.0,Bird
17.0,ambush,48.0,46.0,2.0,48.0,1.0,Bird
17.0,ambush,48.0,46.0,2.0,48.0,1.0,Bird
17.0,ambush,48.0,46.0,2.0,48.0,0.0,Bird
17.0,ambush,48.0,46.0,2.0,48.0,1.0,Bird
17.0,ambush,48.0,46.0,2.0,48.0,0.0,Bird
17.0,ambush,48.0,46.0,2.0,48.0,0.0,Bird
17.0,ambush,48.0,46.0,2.0,48.0,1.0,Bird
17.0,ambush,48.0,46.0,2.0,48.0,1.0,Bird
17.0,ambush,48.0,46.0,2.0,48.0,1.0,Bird
17.0,ambush,48.0,46.0,2.0,48.0,1.0,Bird
17.0,ambush,48.0,46.0,2.0,48.0,0.0,Bird
17.0,ambush,48.0,46.0,2.0,48.0,1.0,Bird
17.0,ambush,48.0,46.0,2.0,48.0,0.0,Bird
17.0,ambush,48.0,46.0,2.0,48.0,0.0,Bird
17.0,ambush,48.0,46.0,2.0,48.0,0.0,Bird
17.0,ambush,48.0,46.0,2.0,48.0,1.0,Bird
17.0,ambush,48.0,46.0,2.0,48.0,1.0,Bird
17.0,ambush,48.0,46.0,2.0,48.0,1.0,Bird
17.0,ambush,48.0,46.0,2.0,48.0,0.0,Bird
17.0,ambush,48.0,46.0,2.0,48.0,0.0,Bird
17.0,ambush,48.0,46.0,2.0,48.0,0.0,Bird
17.0,ambush,48.0,46.0,2.0,48.0,1.0,Bird
17.0,ambush,48.0,46.0,2.0,48.0,1.0,Bird
17.0,ambush,48.0,46.0,2.0,48.0,1.0,Bird
17.0,ambush,48.0,46.0,2.0,48.0,0.0,Bird
17.0,ambush,48.0,46.0,2.0,48.0,1.0,Bird
17.0,ambush,48.0,46.0,2.0,48.0,0.0,Bird
17.0,ambush,48.0,46.0,2.0,48.0,1.0,Bird
17.0,ambush,48.0,46.0,2.0,48.0,0.0,Bird
17.0,ambush,48.0,46.0,2.0,48.0,0.0,Bird
17.0,ambush,48.0,46.0,2.0,48.0,0.0,Bird
17.0,ambush,48.0,46.0,2.0,48.0,1.0,Bird
17.0,ambush,48.0,46.0,2.0,48.0,0.0,Bird
17.0,ambush,48.0,46.0,2.0,48.0,0.0,Bird
17.0,ambush,48.0,46.0,2.0,48.0,1.0,Bird
17.0,ambush,48.0,46.0,2.0,48.0,0.0,Bird
17.0,ambush,48.0,46.0,2.0,48.0,1.0,Bird
17.0,ambush,48.0,46.0,2.0,48.0,1.0,Bird
17.0,ambush,48.0,46.0,2.0,48.0,0.0,Bird
17.0,ambush,48.0,46.0,4.0,48.0,1.0,Bird
17.0,ambush,48.0,46.0,2.0,48.0,0.0,Bird
17.0,ambush,48.0,46.0,2.0,48.0,0.0,Bird
17.0,ambush,48.0,46.0,2.0,48.0,0.0,Bird
17.0,ambush,48.0,46.0,2.0,48.0,1.0,Bird
17.0,ambush,48.0,46.0,2.0,48.0,0.0,Bird
17.0,ambush,48.0,46.0,2.0,48.0,1.0,Bird
17.0,ambush,48.0,46.0,2.0,48.0,1.0,Bird
17.0,ambush,48.0,46.0,2.0,48.0,1.0,Bird
17.0,ambush,48.0,46.0,2.0,48.0,0.0,Bird
17.0,ambush,48.0,46.0,2.0,48.0,0.0,Bird
17.0,ambush,48.0,46.0,2.0,48.0,0.0,Bird
17.0,ambush,48.0,46.0,2.0,48.0,1.0,Bird
17.0,ambush,48.0,46.0,2.0,48.0,1.0,Bird
17.0,ambush,48.0,46.0,2.0,48.0,1.0,Bird
17.0,ambush,48.0,46.0,2.0,48.0,0.0,Bird
17.0,ambush,48.0,46.0,2.0,48.0,0.0,Bird
17.0,ambush,48.0,46.0,2.0,48.0,1.0,Bird
17.0,ambush,48.0,46.0,2.0,48.0,0.0,Bird
17.0,ambush,48.0,46.0,2.0,48.0,1.0,Bird
17.0,ambush,48.0,46.0,2.0,48.0,0.0,Bird
17.0,ambush,48.0,50.0,2.0,48.0,1.0,Bird
17.0,ambush,48.0,46.0,2.0,48.0,1.0,Bird
17.0,ambush,48.0,46.0,2.0,48.0,0.0,Bird
17.0,ambush,48.0,46.0,2.0,48.0,1.0,Bird
17.0,ambush,48.0,46.0,2.0,48.0,0.0,Bird
17.0,ambush,48.0,46.0,2.0,48.0,0.0,Bird
17.0,ambush,48.0,46.0,2.0,48.0,0.0,Bird
17.0,ambush,48.0,46.0,2.0,48.0,0.0,Bird
17.0,ambush,48.0,46.0,2.0,48.0,0.0,Bird
17.0,ambush,48.0,46.0,2.0,48.0,0.0,Bird
17.0,ambush,48.0,46.0,2.0,48.0,0.0,Bird
17.0,ambush,48.0,46.0,2.0,48.0,0.0,Bird
17.0,ambush,48.0,46.0,2.0,48.0,0.0,Bird
17.0,ambush,48.0,46.0,2.0,48.0,1.0,Bird
17.0,ambush,48.0,46.0,2.0,48.0,0.0,Bird
17.0,ambush,48.0,46.0,2.0,48.0,0.0,Bird
17.0,ambush,48.0,46.0,2.0,48.0,0.0,Bird
17.0,ambush,48.0,46.0,2.0,48.0,0.0,Bird
17.0,ambush,48.0,46.0,2.0,48.0,0.0,Bird
18.0,ambush,48.0,46.0,1.0,44.0,1.0,Bird
18.0,ambush,48.0,46.0,2.0,43.0,1.0,Bird
18.0,ambush,48.0,46.0,2.0,43.0,1.0,Bird
18.0,ambush,45.0,46.0,1.0,48.0,1.0,Bird
18.0,ambush,48.0,46.0,1.0,44.0,1.0,Bird
18.0,ambush,48.0,46.0,2.0,43.0,1.0,Bird
18.0,ambush,45.0,46.0,1.0,48.0,1.0,Bird
18.0,ambush,45.0,46.0,1.0,48.0,1.0,Bird
18.0,ambush,48.0,46.0,2.0,43.0,0.0,Bird
18.0,ambush,45.0,46.0,1.0,48.0,1.0,Bird
18.0,ambush,45.0,46.0,1.0,48.0,0.0,Bird
18.0,ambush,45.0,46.0,1.0,48.0,1.0,Bird
18.0,ambush,45.0,46.0,1.0,45.0,0.0,Bird
18.0,ambush,45.0,46.0,1.0,48.0,1.0,Bird
18.0,ambush,48.0,43.0,2.0,48.0,1.0,Bird
18.0,ambush,45.0,46.0,1.0,48.0,1.0,Bird
18.0,ambush,46.0,46.0,1.0,48.0,1.0,Bird
18.0,ambush,45.0,46.0,1.0,48.0,0.0,Bird
18.0,ambush,48.0,43.0,2.0,48.0,1.0,Bird
18.0,ambush,48.0,43.0,2.0,48.0,0.0,Bird
18.0,ambush,46.0,46.0,2.0,48.0,1.0,Bird
18.0,ambush,45.0,42.0,6.0,48.0,1.0,Bird
18.0,ambush,45.0,42.0,6.0,48.0,0.0,Bird
18.0,ambush,46.0,46.0,2.0,48.0,1.0,Bird
18.0,ambush,48.0,43.0,2.0,48.0,0.0,Bird
18.0,ambush,48.0,46.0,2.0,46.0,1.0,Bird
18.0,ambush,48.0,43.0,2.0,48.0,0.0,Bird
18.0,ambush,46.0,46.0,2.0,48.0,1.0,Bird
18.0,ambush,46.0,46.0,2.0,48.0,1.0,Bird
18.0,ambush,46.0,46.0,2.0,48.0,1.0,Bird
18.0,ambush,46.0,46.0,2.0,48.0,1.0,Bird
18.0,ambush,48.0,45.0,1.0,48.0,0.0,Bird
18.0,ambush,48.0,45.0,1.0,48.0,0.0,Bird
18.0,ambush,46.0,46.0,2.0,48.0,0.0,Bird
18.0,ambush,48.0,46.0,1.0,48.0,0.0,Bird
18.0,ambush,46.0,46.0,2.0,48.0,0.0,Bird
18.0,ambush,46.0,46.0,1.0,48.0,0.0,Bird
18.0,ambush,48.0,46.0,2.0,46.0,1.0,Bird
18.0,ambush,46.0,46.0,2.0,48.0,0.0,Bird
18.0,ambush,48.0,46.0,2.0,46.0,1.0,Bird
18.0,ambush,46.0,46.0,2.0,48.0,1.0,Bird
18.0,ambush,46.0,46.0,2.0,48.0,1.0,Bird
18.0,ambush,46.0,46.0,2.0,48.0,1.0,Bird
18.0,ambush,48.0,44.0,2.0,48.0,1.0,Bird
18.0,ambush,46.0,46.0,2.0,48.0,0.0,Bird
18.0,ambush,46.0,46.0,2.0,48.0,1.0,Bird
18.0,ambush,46.0,46.0,2.0,48.0,0.0,Bird
18.0,ambush,46.0,46.0,2.0,48.0,1.0,Bird
18.0,ambush,46.0,46.0,2.0,48.0,1.0,Bird
18.0,ambush,46.0,46.0,2.0,48.0,0.0,Bird
18.0,ambush,46.0,46.0,2.0,48.0,0.0,Bird
18.0,ambush,46.0,46.0,2.0,48.0,0.0,Bird
18.0,ambush,46.0,46.0,2.0,48.0,1.0,Bird
18.0,ambush,46.0,46.0,2.0,48.0,1.0,Bird
18.0,ambush,46.0,46.0,2.0,48.0,1.0,Bird
18.0,ambush,46.0,46.0,2.0,48.0,1.0,Bird
18.0,ambush,43.0,44.0,2.0,47.0,0.0,Bird
18.0,ambush,48.0,46.0,1.0,48.0,0.0,Bird
18.0,ambush,48.0,46.0,1.0,44.0,1.0,Bird
18.0,ambush,46.0,50.0,2.0,51.0,0.0,Bird
18.0,ambush,48.0,46.0,1.0,48.0,1.0,Bird
18.0,ambush,48.0,46.0,1.0,48.0,1.0,Bird
18.0,ambush,48.0,46.0,1.0,48.0,1.0,Bird
18.0,ambush,48.0,46.0,1.0,48.0,0.0,Bird
18.0,ambush,48.0,46.0,1.0,48.0,1.0,Bird
18.0,ambush,48.0,46.0,1.0,48.0,1.0,Bird
18.0,ambush,48.0,46.0,1.0,48.0,0.0,Bird
18.0,ambush,48.0,46.0,1.0,48.0,1.0,Bird
18.0,ambush,48.0,46.0,1.0,48.0,1.0,Bird
18.0,ambush,48.0,46.0,1.0,48.0,0.0,Bird
18.0,ambush,48.0,46.0,1.0,48.0,1.0,Bird
18.0,ambush,48.0,46.0,1.0,48.0,1.0,Bird
18.0,ambush,48.0,46.0,1.0,48.0,0.0,Bird
18.0,ambush,48.0,46.0,1.0,48.0,1.0,Bird
18.0,ambush,48.0,46.0,1.0,48.0,1.0,Bird
18.0,ambush,48.0,46.0,1.0,48.0,1.0,Bird
18.0,ambush,48.0,46.0,1.0,48.0,0.0,Bird
18.0,ambush,48.0,46.0,1.0,48.0,1.0,Bird
18.0,ambush,48.0,46.0,1.0,48.0,1.0,Bird
18.0,ambush,48.0,46.0,1.0,48.0,1.0,Bird
18.0,ambush,48.0,46.0,1.0,48.0,1.0,Bird
18.0,ambush,48.0,46.0,1.0,48.0,1.0,Bird
18.0,ambush,48.0,46.0,1.0,48.0,0.0,Bird
18.0,ambush,48.0,46.0,1.0,48.0,1.0,Bird
18.0,ambush,48.0,46.0,1.0,48.0,0.0,Bird
18.0,ambush,48.0,46.0,1.0,48.0,1.0,Bird
18.0,ambush,48.0,45.0,2.0,48.0,1.0,Bird
18.0,ambush,48.0,46.0,1.0,48.0,0.0,Bird
18.0,ambush,48.0,45.0,2.0,48.0,1.0,Bird
18.0,ambush,48.0,46.0,1.0,48.0,0.0,Bird
18.0,ambush,48.0,46.0,1.0,48.0,0.0,Bird
18.0,ambush,46.0,46.0,1.0,50.0,1.0,Bird
18.0,ambush,48.0,46.0,1.0,48.0,1.0,Bird
18.0,ambush,48.0,46.0,1.0,48.0,0.0,Bird
18.0,ambush,48.0,46.0,1.0,48.0,1.0,Bird
18.0,ambush,48.0,46.0,1.0,48.0,1.0,Bird
18.0,ambush,48.0,46.0,1.0,48.0,1.0,Bird
18.0,ambush,48.0,46.0,1.0,48.0,1.0,Bird
18.0,ambush,48.0,46.0,1.0,48.0,0.0,Bird
18.0,ambush,48.0,46.0,2.0,48.0,1.0,Bird
18.0,ambush,48.0,46.0,2.0,48.0,1.0,Bird
18.0,ambush,48.0,46.0,2.0,48.0,1.0,Bird
18.0,ambush,48.0,46.0,2.0,48.0,1.0,Bird
18.0,ambush,48.0,46.0,1.0,48.0,0.0,Bird
18.0,ambush,48.0,46.0,2.0,48.0,1.0,Bird
18.0,ambush,48.0,46.0,2.0,48.0,0.0,Bird
18.0,ambush,48.0,46.0,2.0,48.0,1.0,Bird
18.0,ambush,48.0,46.0,2.0,48.0,0.0,Bird
18.0,ambush,48.0,46.0,2.0,48.0,0.0,Bird
18.0,ambush,48.0,46.0,2.0,48.0,0.0,Bird
18.0,ambush,48.0,46.0,2.0,48.0,1.0,Bird
18.0,ambush,48.0,46.0,2.0,48.0,0.0,Bird
18.0,ambush,48.0,46.0,2.0,48.0,1.0,Bird
18.0,ambush,48.0,46.0,2.0,48.0,0.0,Bird
18.0,ambush,43.0,46.0,1.0,48.0,0.0,Bird
18.0,ambush,48.0,46.0,2.0,48.0,1.0,Bird
18.0,ambush,48.0,47.0,2.0,48.0,1.0,Bird
18.0,ambush,48.0,46.0,2.0,48.0,0.0,Bird
18.0,ambush,44.0,46.0,2.0,48.0,0.0,Bird
18.0,ambush,48.0,46.0,2.0,48.0,0.0,Bird
18.0,ambush,48.0,46.0,2.0,48.0,1.0,Bird
18.0,ambush,48.0,46.0,2.0,48.0,0.0,Bird
18.0,ambush,48.0,46.0,2.0,48.0,0.0,Bird
18.0,ambush,48.0,46.0,2.0,48.0,0.0,Bird
18.0,ambush,48.0,46.0,2.0,48.0,1.0,Bird
18.0,ambush,48.0,46.0,2.0,48.0,1.0,Bird
18.0,ambush,48.0,46.0,2.0,48.0,0.0,Bird
18.0,ambush,48.0,46.0,2.0,48.0,1.0,Bird
18.0,ambush,48.0,46.0,3.0,48.0,1.0,Bird
18.0,ambush,48.0,46.0,2.0,48.0,1.0,Bird
18.0,ambush,48.0,46.0,2.0,48.0,1.0,Bird
18.0,ambush,48.0,46.0,2.0,48.0,1.0,Bird
18.0,ambush,48.0,46.0,2.0,48.0,1.0,Bird
18.0,ambush,48.0,46.0,2.0,48.0,1.0,Bird
18.0,ambush,48.0,46.0,2.0,48.0,0.0,Bird
18.0,ambush,48.0,46.0,2.0,48.0,0.0,Bird
18.0,ambush,48.0,46.0,2.0,48.0,1.0,Bird
18.0,ambush,48.0,46.0,2.0,48.0,1.0,Bird
18.0,ambush,48.0,46.0,2.0,48.0,0.0,Bird
18.0,ambush,48.0,46.0,2.0,48.0,0.0,Bird
18.0,ambush,48.0,46.0,2.0,48.0,0.0,Bird
18.0,ambush,48.0,46.0,2.0,48.0,0.0,Bird
18.0,ambush,48.0,46.0,2.0,48.0,1.0,Bird
18.0,ambush,48.0,46.0,2.0,48.0,0.0,Bird
18.0,ambush,48.0,46.0,2.0,48.0,1.0,Bird
18.0,ambush,48.0,46.0,2.0,48.0,1.0,Bird
18.0,ambush,48.0,46.0,2.0,48.0,0.0,Bird
18.0,ambush,48.0,46.0,2.0,48.0,1.0,Bird
18.0,ambush,48.0,46.0,2.0,48.0,1.0,Bird
18.0,ambush,48.0,46.0,2.0,48.0,0.0,Bird
18.0,ambush,48.0,46.0,2.0,48.0,0.0,Bird
18.0,ambush,48.0,46.0,2.0,48.0,1.0,Bird
18.0,ambush,48.0,46.0,2.0,48.0,1.0,Bird
18.0,ambush,48.0,46.0,2.0,48.0,0.0,Bird
18.0,ambush,48.0,46.0,2.0,48.0,0.0,Bird
18.0,ambush,48.0,46.0,2.0,48.0,1.0,Bird
18.0,ambush,48.0,46.0,2.0,48.0,1.0,Bird
18.0,ambush,48.0,46.0,2.0,48.0,1.0,Bird
18.0,ambush,48.0,46.0,2.0,48.0,1.0,Bird
18.0,ambush,48.0,46.0,2.0,48.0,1.0,Bird
18.0,ambush,48.0,46.0,2.0,48.0,1.0,Bird
18.0,ambush,48.0,46.0,2.0,48.0,0.0,Bird
18.0,ambush,48.0,46.0,2.0,48.0,1.0,Bird
18.0,ambush,48.0,46.0,2.0,48.0,0.0,Bird
18.0,ambush,48.0,46.0,2.0,48.0,1.0,Bird
18.0,ambush,48.0,46.0,2.0,48.0,1.0,Bird
18.0,ambush,48.0,46.0,2.0,48.0,1.0,Bird
18.0,ambush,48.0,46.0,2.0,48.0,0.0,Bird
18.0,ambush,48.0,46.0,2.0,48.0,0.0,Bird
18.0,ambush,48.0,46.0,4.0,48.0,1.0,Bird
18.0,ambush,48.0,46.0,2.0,48.0,0.0,Bird
18.0,ambush,48.0,50.0,2.0,48.0,1.0,Bird
18.0,ambush,48.0,46.0,2.0,48.0,1.0,Bird
18.0,ambush,48.0,46.0,2.0,48.0,0.0,Bird
18.0,ambush,48.0,46.0,2.0,48.0,1.0,Bird
18.0,ambush,48.0,46.0,2.0,48.0,0.0,Bird
18.0,ambush,48.0,46.0,2.0,48.0,0.0,Bird
19.0,ambush,48.0,46.0,2.0,43.0,1.0,Bird
19.0,ambush,48.0,46.0,2.0,43.0,1.0,Bird
19.0,ambush,48.0,46.0,1.0,44.0,1.0,Bird
19.0,ambush,48.0,46.0,1.0,44.0,1.0,Bird
19.0,ambush,48.0,46.0,2.0,43.0,0.0,Bird
19.0,ambush,48.0,46.0,2.0,43.0,1.0,Bird
19.0,ambush,48.0,46.0,2.0,43.0,1.0,Bird
19.0,ambush,52.0,46.0,1.0,43.0,1.0,Bird
19.0,ambush,45.0,46.0,1.0,48.0,1.0,Bird
19.0,ambush,48.0,46.0,2.0,46.0,0.0,Bird
19.0,ambush,48.0,46.0,2.0,43.0,1.0,Bird
19.0,ambush,48.0,46.0,1.0,44.0,1.0,Bird
19.0,ambush,48.0,46.0,1.0,44.0,1.0,Bird
19.0,ambush,45.0,46.0,1.0,48.0,1.0,Bird
19.0,ambush,45.0,46.0,1.0,48.0,1.0,Bird
19.0,ambush,45.0,46.0,1.0,48.0,1.0,Bird
19.0,ambush,45.0,46.0,1.0,48.0,1.0,Bird
19.0,ambush,45.0,46.0,1.0,48.0,1.0,Bird
19.0,ambush,45.0,46.0,1.0,48.0,1.0,Bird
19.0,ambush,45.0,46.0,1.0,48.0,1.0,Bird
19.0,ambush,45.0,46.0,1.0,48.0,1.0,Bird
19.0,ambush,45.0,46.0,1.0,48.0,1.0,Bird
19.0,ambush,45.0,46.0,1.0,48.0,1.0,Bird
19.0,ambush,46.0,46.0,1.0,48.0,1.0,Bird
19.0,ambush,45.0,46.0,1.0,48.0,1.0,Bird
19.0,ambush,45.0,46.0,1.0,48.0,0.0,Bird
19.0,ambush,45.0,42.0,6.0,48.0,1.0,Bird
19.0,ambush,48.0,46.0,1.0,44.0,0.0,Bird
19.0,ambush,48.0,43.0,2.0,48.0,1.0,Bird
19.0,ambush,48.0,43.0,2.0,48.0,0.0,Bird
19.0,ambush,45.0,46.0,1.0,48.0,0.0,Bird
19.0,ambush,48.0,43.0,2.0,48.0,0.0,Bird
19.0,ambush,45.0,42.0,6.0,48.0,0.0,Bird
19.0,ambush,46.0,46.0,2.0,48.0,1.0,Bird
19.0,ambush,48.0,43.0,2.0,48.0,1.0,Bird
19.0,ambush,46.0,46.0,2.0,48.0,1.0,Bird
19.0,ambush,46.0,46.0,2.0,48.0,1.0,Bird
19.0,ambush,45.0,42.0,6.0,48.0,1.0,Bird
19.0,ambush,46.0,46.0,2.0,48.0,0.0,Bird
19.0,ambush,46.0,46.0,2.0,48.0,1.0,Bird
19.0,ambush,46.0,46.0,2.0,48.0,1.0,Bird
19.0,ambush,48.0,43.0,2.0,48.0,0.0,Bird
19.0,ambush,46.0,46.0,2.0,48.0,1.0,Bird
19.0,ambush,46.0,46.0,2.0,48.0,0.0,Bird
19.0,ambush,46.0,46.0,2.0,48.0,1.0,Bird
19.0,ambush,46.0,46.0,2.0,48.0,1.0,Bird
19.0,ambush,46.0,46.0,2.0,48.0,0.0,Bird
19.0,ambush,46.0,46.0,2.0,48.0,0.0,Bird
19.0,ambush,46.0,46.0,2.0,48.0,0.0,Bird
19.0,ambush,46.0,46.0,2.0,48.0,0.0,Bird
19.0,ambush,46.0,46.0,2.0,48.0,0.0,Bird
19.0,ambush,48.0,46.0,2.0,46.0,0.0,Bird
19.0,ambush,48.0,46.0,2.0,46.0,1.0,Bird
19.0,ambush,48.0,46.0,2.0,46.0,1.0,Bird
19.0,ambush,46.0,46.0,2.0,48.0,0.0,Bird
19.0,ambush,48.0,46.0,2.0,46.0,1.0,Bird
19.0,ambush,46.0,46.0,2.0,48.0,1.0,Bird
19.0,ambush,46.0,46.0,2.0,48.0,0.0,Bird
19.0,ambush,48.0,46.0,2.0,46.0,1.0,Bird
19.0,ambush,46.0,46.0,2.0,48.0,1.0,Bird
19.0,ambush,46.0,46.0,2.0,48.0,0.0,Bird
19.0,ambush,46.0,46.0,2.0,48.0,0.0,Bird
19.0,ambush,46.0,46.0,2.0,48.0,1.0,Bird
19.0,ambush,46.0,46.0,2.0,48.0,1.0,Bird
19.0,ambush,46.0,46.0,2.0,48.0,1.0,Bird
19.0,ambush,46.0,46.0,2.0,48.0,1.0,Bird
19.0,ambush,46.0,46.0,2.0,48.0,0.0,Bird
19.0,ambush,45.0,46.0,2.0,52.0,0.0,Bird
19.0,ambush,48.0,43.0,2.0,48.0,0.0,Bird
19.0,ambush,46.0,46.0,2.0,48.0,1.0,Bird
19.0,ambush,49.0,46.0,2.0,48.0,1.0,Bird
19.0,ambush,46.0,46.0,2.0,48.0,0.0,Bird
19.0,ambush,46.0,46.0,2.0,48.0,0.0,Bird
19.0,ambush,46.0,46.0,2.0,48.0,0.0,Bird
19.0,ambush,46.0,46.0,2.0,48.0,0.0,Bird
19.0,ambush,48.0,45.0,2.0,48.0,1.0,Bird
19.0,ambush,48.0,46.0,1.0,48.0,1.0,Bird
19.0,ambush,46.0,46.0,6.0,48.0,0.0,Bird
19.0,ambush,46.0,46.0,2.0,48.0,0.0,Bird
19.0,ambush,48.0,44.0,2.0,48.0,0.0,Bird
19.0,ambush,48.0,46.0,1.0,48.0,1.0,Bird
19.0,ambush,48.0,45.0,2.0,48.0,1.0,Bird
19.0,ambush,48.0,46.0,1.0,48.0,1.0,Bird
19.0,ambush,48.0,46.0,1.0,48.0,1.0,Bird
19.0,ambush,48.0,46.0,1.0,48.0,1.0,Bird
19.0,ambush,48.0,46.0,1.0,48.0,0.0,Bird
19.0,ambush,48.0,46.0,1.0,48.0,0.0,Bird
19.0,ambush,48.0,46.0,1.0,48.0,1.0,Bird
19.0,ambush,48.0,46.0,1.0,48.0,0.0,Bird
19.0,ambush,48.0,46.0,1.0,48.0,0.0,Bird
19.0,ambush,48.0,46.0,1.0,48.0,0.0,Bird
19.0,ambush,48.0,46.0,1.0,48.0,1.0,Bird
19.0,ambush,48.0,46.0,1.0,48.0,1.0,Bird
19.0,ambush,48.0,44.0,2.0,48.0,0.0,Bird
19.0,ambush,48.0,46.0,1.0,48.0,0.0,Bird
19.0,ambush,48.0,46.0,1.0,48.0,1.0,Bird
19.0,ambush,48.0,46.0,1.0,48.0,1.0,Bird
19.0,ambush,48.0,46.0,1.0,48.0,1.0,Bird
19.0,ambush,48.0,45.0,2.0,48.0,1.0,Bird
19.0,ambush,48.0,46.0,1.0,48.0,0.0,Bird
19.0,ambush,48.0,46.0,1.0,48.0,1.0,Bird
19.0,ambush,48.0,46.0,1.0,48.0,0.0,Bird
19.0,ambush,48.0,45.0,2.0,48.0,1.0,Bird
19.0,ambush,48.0,46.0,1.0,48.0,0.0,Bird
19.0,ambush,48.0,46.0,1.0,48.0,1.0,Bird
19.0,ambush,48.0,46.0,1.0,48.0,0.0,Bird
19.0,ambush,48.0,46.0,1.0,48.0,1.0,Bird
19.0,ambush,46.0,46.0,1.0,50.0,1.0,Bird
19.0,ambush,46.0,46.0,1.0,50.0,1.0,Bird
19.0,ambush,48.0,46.0,1.0,48.0,0.0,Bird
19.0,ambush,46.0,46.0,1.0,50.0,1.0,Bird
19.0,ambush,48.0,46.0,1.0,48.0,1.0,Bird
19.0,ambush,48.0,46.0,1.0,48.0,0.0,Bird
19.0,ambush,48.0,46.0,1.0,48.0,1.0,Bird
19.0,ambush,48.0,46.0,1.0,48.0,1.0,Bird
19.0,ambush,48.0,46.0,1.0,48.0,1.0,Bird
19.0,ambush,48.0,46.0,1.0,48.0,1.0,Bird
19.0,ambush,48.0,46.0,1.0,48.0,0.0,Bird
19.0,ambush,48.0,46.0,1.0,48.0,1.0,Bird
19.0,ambush,48.0,46.0,1.0,48.0,0.0,Bird
19.0,ambush,48.0,46.0,1.0,48.0,0.0,Bird
19.0,ambush,48.0,46.0,1.0,48.0,0.0,Bird
19.0,ambush,48.0,46.0,1.0,48.0,1.0,Bird
19.0,ambush,48.0,46.0,1.0,48.0,0.0,Bird
19.0,ambush,48.0,46.0,1.0,48.0,0.0,Bird
19.0,ambush,48.0,46.0,1.0,48.0,1.0,Bird
19.0,ambush,48.0,46.0,1.0,48.0,1.0,Bird
19.0,ambush,48.0,46.0,2.0,48.0,1.0,Bird
19.0,ambush,48.0,46.0,1.0,48.0,0.0,Bird
19.0,ambush,48.0,46.0,2.0,48.0,1.0,Bird
19.0,ambush,48.0,46.0,1.0,48.0,1.0,Bird
19.0,ambush,48.0,46.0,2.0,48.0,1.0,Bird
19.0,ambush,48.0,46.0,1.0,48.0,0.0,Bird
19.0,ambush,48.0,46.0,2.0,48.0,0.0,Bird
19.0,ambush,48.0,46.0,2.0,48.0,1.0,Bird
19.0,ambush,48.0,46.0,2.0,48.0,0.0,Bird
19.0,ambush,48.0,46.0,2.0,48.0,0.0,Bird
19.0,ambush,48.0,46.0,2.0,48.0,1.0,Bird
19.0,ambush,48.0,46.0,2.0,48.0,0.0,Bird
19.0,ambush,48.0,46.0,2.0,48.0,1.0,Bird
19.0,ambush,48.0,46.0,2.0,48.0,1.0,Bird
19.0,ambush,48.0,46.0,2.0,48.0,0.0,Bird
19.0,ambush,48.0,46.0,2.0,48.0,0.0,Bird
19.0,ambush,48.0,46.0,2.0,48.0,0.0,Bird
19.0,ambush,48.0,46.0,2.0,48.0,0.0,Bird
19.0,ambush,48.0,46.0,2.0,48.0,0.0,Bird
19.0,ambush,48.0,46.0,2.0,48.0,1.0,Bird
19.0,ambush,48.0,46.0,2.0,48.0,1.0,Bird
19.0,ambush,48.0,46.0,2.0,48.0,1.0,Bird
19.0,ambush,48.0,46.0,2.0,48.0,1.0,Bird
19.0,ambush,48.0,46.0,2.0,48.0,0.0,Bird
19.0,ambush,48.0,46.0,2.0,48.0,0.0,Bird
19.0,ambush,48.0,46.0,2.0,48.0,0.0,Bird
19.0,ambush,48.0,46.0,2.0,48.0,1.0,Bird
19.0,ambush,48.0,46.0,2.0,48.0,1.0,Bird
19.0,ambush,48.0,46.0,2.0,48.0,1.0,Bird
19.0,ambush,48.0,46.0,2.0,48.0,1.0,Bird
19.0,ambush,48.0,46.0,2.0,48.0,1.0,Bird
19.0,ambush,48.0,46.0,1.0,48.0,0.0,Bird
19.0,ambush,48.0,46.0,2.0,48.0,0.0,Bird
19.0,ambush,48.0,46.0,2.0,48.0,0.0,Bird
19.0,ambush,48.0,46.0,2.0,48.0,1.0,Bird
19.0,ambush,48.0,46.0,2.0,48.0,1.0,Bird
19.0,ambush,48.0,46.0,2.0,48.0,0.0,Bird
19.0,ambush,48.0,46.0,2.0,48.0,0.0,Bird
19.0,ambush,48.0,42.0,2.0,48.0,1.0,Bird
19.0,ambush,48.0,46.0,2.0,48.0,0.0,Bird
19.0,ambush,48.0,46.0,2.0,48.0,1.0,Bird
19.0,ambush,48.0,46.0,2.0,48.0,0.0,Bird
19.0,ambush,48.0,46.0,2.0,48.0,0.0,Bird
19.0,ambush,48.0,46.0,2.0,48.0,1.0,Bird
19.0,ambush,48.0,46.0,2.0,48.0,1.0,Bird
19.0,ambush,48.0,46.0,2.0,48.0,1.0,Bird
19.0,ambush,48.0,46.0,2.0,48.0,1.0,Bird
19.0,ambush,48.0,46.0,2.0,48.0,0.0,Bird
19.0,ambush,48.0,46.0,2.0,48.0,1.0,Bird
19.0,ambush,48.0,46.0,2.0,48.0,1.0,Bird
19.0,ambush,48.0,46.0,2.0,48.0,1.0,Bird
19.0,ambush,48.0,46.0,2.0,48.0,1.0,Bird
19.0,ambush,48.0,46.0,2.0,48.0,1.0,Bird
19.0,ambush,48.0,46.0,2.0,48.0,0.0,Bird
19.0,ambush,48.0,46.0,2.0,48.0,1.0,Bird
19.0,ambush,48.0,46.0,2.0,48.0,1.0,Bird
19.0,ambush,48.0,46.0,2.0,48.0,1.0,Bird
19.0,ambush,48.0,46.0,2.0,48.0,1.0,Bird
19.0,ambush,48.0,46.0,2.0,48.0,0.0,Bird
19.0,ambush,48.0,46.0,2.0,48.0,1.0,Bird
19.0,ambush,48.0,46.0,2.0,48.0,1.0,Bird
19.0,ambush,48.0,46.0,2.0,48.0,0.0,Bird
19.0,ambush,48.0,46.0,2.0,48.0,1.0,Bird
19.0,ambush,48.0,46.0,2.0,48.0,0.0,Bird
19.0,ambush,48.0,46.0,2.0,48.0,0.0,Bird
19.0,ambush,48.0,46.0,2.0,48.0,1.0,Bird
19.0,ambush,48.0,47.0,2.0,48.0,1.0,Bird
19.0,ambush,48.0,46.0,4.0,48.0,1.0,Bird
19.0,ambush,48.0,46.0,2.0,48.0,0.0,Bird
19.0,ambush,48.0,47.0,2.0,48.0,1.0,Bird
19.0,ambush,48.0,46.0,2.0,48.0,0.0,Bird
19.0,ambush,48.0,46.0,3.0,48.0,1.0,Bird
19.0,ambush,48.0,46.0,2.0,48.0,0.0,Bird
19.0,ambush,48.0,46.0,2.0,48.0,0.0,Bird
19.0,ambush,48.0,46.0,4.0,48.0,1.0,Bird
19.0,ambush,48.0,50.0,2.0,48.0,1.0,Bird
19.0,ambush,48.0,50.0,2.0,48.0,1.0,Bird
19.0,ambush,48.0,50.0,2.0,48.0,1.0,Bird
19.0,ambush,48.0,46.0,4.0,48.0,1.0,Bird
19.0,ambush,48.0,46.0,3.0,48.0,0.0,Bird
20.0,ambush,48.0,46.0,1.0,44.0,1.0,Bird
20.0,ambush,48.0,46.0,1.0,44.0,1.0,Bird
20.0,ambush,48.0,46.0,1.0,44.0,1.0,Bird
20.0,ambush,48.0,46.0,2.0,43.0,1.0,Bird
20.0,ambush,48.0,46.0,1.0,44.0,1.0,Bird
20.0,ambush,48.0,46.0,2.0,43.0,1.0,Bird
20.0,ambush,48.0,46.0,1.0,44.0,0.0,Bird
20.0,ambush,48.0,46.0,1.0,44.0,0.0,Bird
20.0,ambush,48.0,46.0,2.0,43.0,1.0,Bird
20.0,ambush,48.0,46.0,2.0,43.0,0.0,Bird
20.0,ambush,48.0,46.0,1.0,44.0,1.0,Bird
20.0,ambush,48.0,46.0,2.0,43.0,0.0,Bird
20.0,ambush,48.0,46.0,2.0,43.0,0.0,Bird
20.0,ambush,48.0,46.0,1.0,44.0,0.0,Bird
20.0,ambush,45.0,46.0,1.0,48.0,1.0,Bird
20.0,ambush,45.0,46.0,1.0,48.0,1.0,Bird
20.0,ambush,48.0,46.0,2.0,43.0,0.0,Bird
20.0,ambush,45.0,46.0,1.0,48.0,1.0,Bird
20.0,ambush,45.0,46.0,1.0,48.0,1.0,Bird
20.0,ambush,48.0,42.0,2.0,48.0,1.0,Bird
20.0,ambush,48.0,42.0,2.0,48.0,1.0,Bird
20.0,ambush,45.0,46.0,1.0,48.0,1.0,Bird
20.0,ambush,45.0,46.0,1.0,48.0,1.0,Bird
20.0,ambush,45.0,46.0,1.0,48.0,1.0,Bird
20.0,ambush,45.0,46.0,1.0,48.0,1.0,Bird
20.0,ambush,45.0,46.0,1.0,48.0,1.0,Bird
20.0,ambush,45.0,46.0,1.0,48.0,1.0,Bird
20.0,ambush,45.0,46.0,1.0,48.0,1.0,Bird
20.0,ambush,45.0,46.0,1.0,48.0,1.0,Bird
20.0,ambush,48.0,46.0,1.0,44.0,0.0,Bird
20.0,ambush,45.0,46.0,1.0,48.0,0.0,Bird
20.0,ambush,45.0,46.0,1.0,48.0,1.0,Bird
20.0,ambush,45.0,46.0,1.0,48.0,0.0,Bird
20.0,ambush,45.0,46.0,1.0,48.0,0.0,Bird
20.0,ambush,49.0,46.0,1.0,53.0,1.0,Bird
20.0,ambush,45.0,46.0,1.0,48.0,1.0,Bird
20.0,ambush,45.0,46.0,1.0,48.0,1.0,Bird
20.0,ambush,45.0,46.0,1.0,48.0,1.0,Bird
20.0,ambush,45.0,42.0,6.0,48.0,1.0,Bird
20.0,ambush,45.0,46.0,1.0,48.0,0.0,Bird
20.0,ambush,46.0,46.0,1.0,48.0,1.0,Bird
20.0,ambush,48.0,46.0,1.0,44.0,0.0,Bird
20.0,ambush,45.0,42.0,6.0,48.0,0.0,Bird
20.0,ambush,45.0,46.0,1.0,48.0,1.0,Bird
20.0,ambush,48.0,43.0,2.0,48.0,1.0,Bird
20.0,ambush,45.0,46.0,1.0,48.0,0.0,Bird
20.0,ambush,45.0,46.0,1.0,48.0,0.0,Bird
20.0,ambush,48.0,43.0,2.0,48.0,1.0,Bird
20.0,ambush,48.0,43.0,2.0,48.0,0.0,Bird
20.0,ambush,46.0,46.0,2.0,48.0,1.0,Bird
20.0,ambush,48.0,43.0,2.0,48.0,1.0,Bird
20.0,ambush,45.0,42.0,6.0,48.0,0.0,Bird
20.0,ambush,48.0,43.0,2.0,48.0,1.0,Bird
20.0,ambush,48.0,46.0,2.0,46.0,0.0,Bird
20.0,ambush,48.0,46.0,2.0,46.0,0.0,Bird
20.0,ambush,48.0,46.0,2.0,46.0,1.0,Bird
20.0,ambush,46.0,46.0,2.0,48.0,1.0,Bird
20.0,ambush,48.0,46.0,2.0,46.0,1.0,Bird
20.0,ambush,46.0,46.0,2.0,48.0,0.0,Bird
20.0,ambush,46.0,46.0,2.0,48.0,1.0,Bird
20.0,ambush,48.0,46.0,2.0,46.0,1.0,Bird
20.0,ambush,46.0,46.0,2.0,48.0,1.0,Bird
20.0,ambush,46.0,46.0,2.0,48.0,0.0,Bird
20.0,ambush,46.0,46.0,2.0,48.0,0.0,Bird
20.0,ambush,45.0,42.0,6.0,48.0,0.0,Bird
20.0,ambush,46.0,46.0,2.0,48.0,1.0,Bird
20.0,ambush,46.0,46.0,2.0,48.0,0.0,Bird
20.0,ambush,48.0,46.0,2.0,46.0,0.0,Bird
20.0,ambush,46.0,46.0,2.0,48.0,0.0,Bird
20.0,ambush,46.0,46.0,2.0,48.0,1.0,Bird
20.0,ambush,46.0,46.0,2.0,48.0,1.0,Bird
20.0,ambush,46.0,46.0,2.0,48.0,1.0,Bird
20.0,ambush,46.0,46.0,2.0,48.0,1.0,Bird
20.0,ambush,46.0,46.0,2.0,48.0,1.0,Bird
20.0,ambush,46.0,46.0,2.0,48.0,0.0,Bird
20.0,ambush,46.0,46.0,2.0,48.0,1.0,Bird
20.0,ambush,46.0,46.0,2.0,48.0,1.0,Bird
20.0,ambush,48.0,46.0,2.0,46.0,1.0,Bird
20.0,ambush,48.0,46.0,2.0,46.0,1.0,Bird
20.0,ambush,46.0,46.0,2.0,48.0,1.0,Bird
20.0,ambush,46.0,46.0,2.0,48.0,0.0,Bird
20.0,ambush,50.0,46.0,1.0,48.0,1.0,Bird
20.0,ambush,48.0,46.0,2.0,46.0,0.0,Bird
20.0,ambush,46.0,46.0,2.0,48.0,0.0,Bird
20.0,ambush,46.0,46.0,2.0,48.0,1.0,Bird
20.0,ambush,52.0,46.0,1.0,43.0,1.0,Bird
20.0,ambush,46.0,46.0,1.0,48.0,1.0,Bird
20.0,ambush,46.0,46.0,2.0,48.0,0.0,Bird
20.0,ambush,48.0,49.0,1.0,43.0,1.0,Bird
20.0,ambush,52.0,46.0,1.0,43.0,1.0,Bird
20.0,ambush,46.0,46.0,2.0,48.0,0.0,Bird
20.0,ambush,46.0,46.0,2.0,48.0,1.0,Bird
20.0,ambush,46.0,46.0,2.0,48.0,0.0,Bird
20.0,ambush,46.0,46.0,2.0,48.0,0.0,Bird
20.0,ambush,46.0,46.0,2.0,48.0,1.0,Bird
20.0,ambush,46.0,46.0,2.0,48.0,1.0,Bird
20.0,ambush,46.0,46.0,2.0,48.0,1.0,Bird
20.0,ambush,48.0,45.0,2.0,48.0,1.0,Bird
20.0,ambush,46.0,46.0,2.0,48.0,1.0,Bird
20.0,ambush,46.0,46.0,2.0,48.0,0.0,Bird
20.0,ambush,46.0,46.0,2.0,48.0,0.0,Bird
20.0,ambush,48.0,46.0,1.0,48.0,1.0,Bird
20.0,ambush,46.0,46.0,1.0,50.0,0.0,Bird
20.0,ambush,48.0,45.0,2.0,48.0,0.0,Bird
20.0,ambush,48.0,45.0,2.0,48.0,0.0,Bird
20.0,ambush,48.0,46.0,2.0,46.0,0.0,Bird
20.0,ambush,48.0,46.0,1.0,48.0,1.0,Bird
20.0,ambush,48.0,46.0,1.0,48.0,1.0,Bird
20.0,ambush,46.0,46.0,1.0,50.0,0.0,Bird
20.0,ambush,48.0,46.0,1.0,48.0,1.0,Bird
20.0,ambush,48.0,46.0,1.0,48.0,1.0,Bird
20.0,ambush,48.0,46.0,1.0,48.0,1.0,Bird
20.0,ambush,48.0,46.0,1.0,48.0,1.0,Bird
20.0,ambush,48.0,46.0,1.0,48.0,1.0,Bird
20.0,ambush,48.0,46.0,1.0,48.0,1.0,Bird
20.0,ambush,48.0,46.0,1.0,48.0,1.0,Bird
20.0,ambush,48.0,46.0,1.0,48.0,0.0,Bird
20.0,ambush,48.0,46.0,1.0,48.0,1.0,Bird
20.0,ambush,50.0,46.0,6.0,48.0,1.0,Bird
20.0,ambush,48.0,46.0,1.0,48.0,0.0,Bird
20.0,ambush,48.0,46.0,1.0,48.0,1.0,Bird
20.0,ambush,48.0,46.0,1.0,48.0,1.0,Bird
20.0,ambush,48.0,46.0,1.0,48.0,0.0,Bird
20.0,ambush,48.0,46.0,1.0,48.0,0.0,Bird
20.0,ambush,48.0,46.0,1.0,48.0,1.0,Bird
20.0,ambush,48.0,46.0,1.0,48.0,1.0,Bird
20.0,ambush,48.0,46.0,1.0,48.0,1.0,Bird
20.0,ambush,48.0,46.0,1.0,48.0,1.0,Bird
20.0,ambush,48.0,46.0,1.0,48.0,1.0,Bird
20.0,ambush,47.0,43.0,1.0,48.0,0.0,Bird
20.0,ambush,48.0,46.0,1.0,48.0,1.0,Bird
20.0,ambush,48.0,46.0,1.0,48.0,1.0,Bird
20.0,ambush,48.0,46.0,1.0,48.0,1.0,Bird
20.0,ambush,48.0,46.0,1.0,48.0,0.0,Bird
20.0,ambush,48.0,46.0,1.0,48.0,0.0,Bird
20.0,ambush,48.0,45.0,2.0,48.0,0.0,Bird
20.0,ambush,48.0,46.0,1.0,48.0,1.0,Bird
20.0,ambush,48.0,46.0,1.0,48.0,0.0,Bird
20.0,ambush,48.0,46.0,1.0,48.0,1.0,Bird
20.0,ambush,48.0,46.0,1.0,48.0,1.0,Bird
20.0,ambush,48.0,46.0,1.0,48.0,1.0,Bird
20.0,ambush,48.0,46.0,1.0,48.0,1.0,Bird
20.0,ambush,48.0,46.0,1.0,48.0,0.0,Bird
20.0,ambush,46.0,46.0,1.0,50.0,1.0,Bird
20.0,ambush,48.0,46.0,1.0,48.0,1.0,Bird
20.0,ambush,46.0,46.0,1.0,50.0,0.0,Bird
20.0,ambush,48.0,45.0,2.0,48.0,1.0,Bird
20.0,ambush,48.0,46.0,1.0,48.0,0.0,Bird
20.0,ambush,46.0,46.0,1.0,50.0,1.0,Bird
20.0,ambush,46.0,46.0,1.0,50.0,0.0,Bird
20.0,ambush,48.0,46.0,1.0,48.0,1.0,Bird
20.0,ambush,48.0,45.0,2.0,48.0,1.0,Bird
20.0,ambush,48.0,46.0,2.0,48.0,1.0,Bird
20.0,ambush,48.0,46.0,1.0,48.0,0.0,Bird
20.0,ambush,48.0,45.0,2.0,48.0,0.0,Bird
20.0,ambush,48.0,46.0,1.0,48.0,1.0,Bird
20.0,ambush,48.0,46.0,1.0,48.0,1.0,Bird
20.0,ambush,48.0,46.0,2.0,48.0,0.0,Bird
20.0,ambush,48.0,46.0,2.0,48.0,1.0,Bird
20.0,ambush,48.0,46.0,2.0,48.0,1.0,Bird
20.0,ambush,48.0,46.0,2.0,48.0,1.0,Bird
20.0,ambush,48.0,46.0,2.0,48.0,0.0,Bird
20.0,ambush,48.0,46.0,2.0,48.0,0.0,Bird
20.0,ambush,48.0,46.0,2.0,48.0,0.0,Bird
20.0,ambush,48.0,46.0,1.0,48.0,0.0,Bird
20.0,ambush,48.0,46.0,2.0,48.0,1.0,Bird
20.0,ambush,48.0,46.0,2.0,48.0,1.0,Bird
20.0,ambush,48.0,45.0,2.0,48.0,1.0,Bird
20.0,ambush,48.0,46.0,1.0,48.0,0.0,Bird
20.0,ambush,48.0,46.0,2.0,48.0,0.0,Bird
20.0,ambush,48.0,46.0,2.0,48.0,1.0,Bird
20.0,ambush,48.0,46.0,2.0,48.0,1.0,Bird
20.0,ambush,48.0,46.0,1.0,48.0,0.0,Bird
20.0,ambush,48.0,46.0,2.0,48.0,0.0,Bird
20.0,ambush,48.0,46.0,2.0,48.0,0.0,Bird
21.0,ambush,48.0,46.0,2.0,43.0,1.0,Bird
21.0,ambush,48.0,46.0,1.0,44.0,0.0,Bird
21.0,ambush,48.0,46.0,2.0,43.0,1.0,Bird
21.0,ambush,48.0,46.0,2.0,43.0,1.0,Bird
21.0,ambush,48.0,46.0,1.0,44.0,1.0,Bird
21.0,ambush,48.0,46.0,1.0,44.0,0.0,Bird
21.0,ambush,48.0,46.0,1.0,44.0,0.0,Bird
21.0,ambush,48.0,46.0,1.0,44.0,1.0,Bird
21.0,ambush,48.0,46.0,1.0,44.0,0.0,Bird
21.0,ambush,48.0,46.0,2.0,43.0,0.0,Bird
21.0,ambush,48.0,46.0,1.0,44.0,0.0,Bird
21.0,ambush,48.0,46.0,1.0,44.0,1.0,Bird
21.0,ambush,48.0,46.0,1.0,44.0,1.0,Bird
21.0,ambush,48.0,46.0,2.0,43.0,1.0,Bird
21.0,ambush,48.0,46.0,1.0,44.0,0.0,Bird
21.0,ambush,48.0,46.0,1.0,41.0,1.0,Bird
21.0,ambush,48.0,46.0,2.0,43.0,1.0,Bird
21.0,ambush,45.0,46.0,1.0,48.0,1.0,Bird
21.0,ambush,48.0,46.0,1.0,44.0,1.0,Bird
21.0,ambush,48.0,42.0,2.0,48.0,1.0,Bird
21.0,ambush,45.0,46.0,1.0,48.0,1.0,Bird
21.0,ambush,48.0,42.0,2.0,48.0,0.0,Bird
21.0,ambush,45.0,46.0,1.0,48.0,0.0,Bird
21.0,ambush,45.0,46.0,1.0,48.0,1.0,Bird
21.0,ambush,45.0,46.0,1.0,48.0,1.0,Bird
21.0,ambush,45.0,46.0,1.0,48.0,0.0,Bird
21.0,ambush,45.0,46.0,1.0,48.0,1.0,Bird
21.0,ambush,45.0,46.0,1.0,48.0,1.0,Bird
21.0,ambush,45.0,46.0,1.0,48.0,1.0,Bird
21.0,ambush,48.0,42.0,2.0,48.0,0.0,Bird
21.0,ambush,45.0,46.0,1.0,48.0,0.0,Bird
21.0,ambush,45.0,46.0,1.0,48.0,0.0,Bird
21.0,ambush,48.0,46.0,1.0,44.0,0.0,Bird
21.0,ambush,45.0,46.0,1.0,48.0,1.0,Bird
21.0,ambush,45.0,46.0,1.0,48.0,0.0,Bird
21.0,ambush,45.0,46.0,1.0,48.0,1.0,Bird
21.0,ambush,45.0,46.0,1.0,48.0,1.0,Bird
21.0,ambush,45.0,46.0,1.0,48.0,0.0,Bird
21.0,ambush,45.0,46.0,1.0,48.0,1.0,Bird
21.0,ambush,45.0,46.0,1.0,48.0,1.0,Bird
21.0,ambush,45.0,46.0,1.0,48.0,1.0,Bird
21.0,ambush,45.0,46.0,1.0,48.0,1.0,Bird
21.0,ambush,47.0,46.0,1.0,48.0,1.0,Bird
21.0,ambush,48.0,47.0,3.0,48.0,1.0,Bird
21.0,ambush,45.0,46.0,1.0,48.0,0.0,Bird
21.0,ambush,48.0,42.0,2.0,48.0,1.0,Bird
21.0,ambush,48.0,42.0,2.0,48.0,1.0,Bird
21.0,ambush,45.0,46.0,1.0,48.0,1.0,Bird
21.0,ambush,45.0,46.0,1.0,48.0,1.0,Bird
21.0,ambush,45.0,46.0,1.0,48.0,0.0,Bird
21.0,ambush,45.0,46.0,1.0,48.0,1.0,Bird
21.0,ambush,45.0,46.0,1.0,48.0,1.0,Bird
21.0,ambush,45.0,46.0,1.0,48.0,0.0,Bird
21.0,ambush,45.0,46.0,1.0,48.0,1.0,Bird
21.0,ambush,45.0,51.0,1.0,48.0,0.0,Bird
21.0,ambush,45.0,46.0,1.0,48.0,1.0,Bird
21.0,ambush,45.0,46.0,1.0,48.0,0.0,Bird
21.0,ambush,46.0,46.0,1.0,48.0,1.0,Bird
21.0,ambush,46.0,46.0,1.0,48.0,1.0,Bird
21.0,ambush,46.0,46.0,1.0,48.0,1.0,Bird
21.0,ambush,48.0,49.0,1.0,43.0,1.0,Bird
21.0,ambush,43.0,46.0,1.0,48.0,0.0,Bird
21.0,ambush,45.0,42.0,6.0,48.0,1.0,Bird
21.0,ambush,48.0,43.0,2.0,48.0,1.0,Bird
21.0,ambush,45.0,42.0,6.0,48.0,1.0,Bird
21.0,ambush,48.0,43.0,2.0,48.0,1.0,Bird
21.0,ambush,48.0,43.0,2.0,48.0,0.0,Bird
21.0,ambush,45.0,46.0,1.0,48.0,0.0,Bird
21.0,ambush,48.0,43.0,2.0,48.0,0.0,Bird
21.0,ambush,48.0,49.0,1.0,43.0,0.0,Bird
21.0,ambush,48.0,43.0,2.0,48.0,1.0,Bird
21.0,ambush,46.0,46.0,1.0,48.0,1.0,Bird
21.0,ambush,48.0,43.0,2.0,48.0,0.0,Bird
21.0,ambush,46.0,46.0,1.0,48.0,1.0,Bird
21.0,ambush,48.0,43.0,2.0,48.0,0.0,Bird
21.0,ambush,48.0,43.0,2.0,48.0,0.0,Bird
21.0,ambush,46.0,46.0,2.0,48.0,0.0,Bird
21.0,ambush,46.0,46.0,2.0,48.0,1.0,Bird
21.0,ambush,46.0,46.0,2.0,48.0,1.0,Bird
21.0,ambush,46.0,46.0,2.0,48.0,1.0,Bird
21.0,ambush,46.0,46.0,1.0,48.0,1.0,Bird
21.0,ambush,48.0,46.0,2.0,46.0,1.0,Bird
21.0,ambush,46.0,46.0,2.0,48.0,1.0,Bird
21.0,ambush,46.0,46.0,2.0,48.0,1.0,Bird
21.0,ambush,48.0,46.0,2.0,46.0,1.0,Bird
21.0,ambush,46.0,46.0,2.0,48.0,1.0,Bird
21.0,ambush,48.0,46.0,2.0,46.0,1.0,Bird
21.0,ambush,48.0,46.0,2.0,46.0,1.0,Bird
21.0,ambush,48.0,46.0,2.0,46.0,1.0,Bird
21.0,ambush,46.0,46.0,2.0,48.0,1.0,Bird
21.0,ambush,48.0,46.0,2.0,46.0,1.0,Bird
21.0,ambush,46.0,46.0,2.0,48.0,1.0,Bird
21.0,ambush,46.0,46.0,2.0,48.0,1.0,Bird
21.0,ambush,52.0,46.0,1.0,43.0,0.0,Bird
21.0,ambush,46.0,46.0,2.0,48.0,0.0,Bird
21.0,ambush,46.0,46.0,2.0,48.0,1.0,Bird
21.0,ambush,45.0,42.0,6.0,48.0,0.0,Bird
21.0,ambush,48.0,46.0,2.0,46.0,0.0,Bird
21.0,ambush,46.0,46.0,2.0,48.0,1.0,Bird
21.0,ambush,46.0,46.0,2.0,48.0,0.0,Bird
21.0,ambush,52.0,46.0,1.0,43.0,0.0,Bird
21.0,ambush,46.0,46.0,2.0,48.0,0.0,Bird
21.0,ambush,48.0,46.0,2.0,46.0,1.0,Bird
21.0,ambush,46.0,46.0,2.0,48.0,0.0,Bird
21.0,ambush,48.0,46.0,2.0,46.0,0.0,Bird
21.0,ambush,48.0,46.0,2.0,46.0,1.0,Bird
21.0,ambush,46.0,46.0,2.0,48.0,0.0,Bird
21.0,ambush,46.0,46.0,2.0,48.0,1.0,Bird
21.0,ambush,46.0,46.0,2.0,48.0,1.0,Bird
21.0,ambush,46.0,46.0,2.0,48.0,1.0,Bird
21.0,ambush,46.0,46.0,2.0,48.0,1.0,Bird
21.0,ambush,46.0,46.0,2.0,48.0,0.0,Bird
21.0,ambush,46.0,46.0,2.0,48.0,1.0,Bird
21.0,ambush,46.0,46.0,2.0,48.0,0.0,Bird
21.0,ambush,46.0,46.0,2.0,48.0,0.0,Bird
21.0,ambush,46.0,46.0,2.0,48.0,1.0,Bird
21.0,ambush,46.0,46.0,2.0,48.0,1.0,Bird
21.0,ambush,46.0,46.0,2.0,48.0,0.0,Bird
21.0,ambush,52.0,46.0,1.0,43.0,0.0,Bird
21.0,ambush,46.0,46.0,2.0,48.0,1.0,Bird
21.0,ambush,46.0,46.0,2.0,48.0,1.0,Bird
21.0,ambush,46.0,46.0,2.0,48.0,0.0,Bird
21.0,ambush,46.0,46.0,2.0,48.0,0.0,Bird
21.0,ambush,46.0,46.0,2.0,48.0,0.0,Bird
21.0,ambush,48.0,45.0,2.0,48.0,1.0,Bird
21.0,ambush,48.0,46.0,1.0,48.0,1.0,Bird
21.0,ambush,48.0,46.0,1.0,48.0,1.0,Bird
21.0,ambush,48.0,46.0,1.0,48.0,1.0,Bird
21.0,ambush,48.0,46.0,1.0,48.0,1.0,Bird
21.0,ambush,46.0,46.0,2.0,48.0,0.0,Bird
21.0,ambush,48.0,46.0,1.0,48.0,1.0,Bird
21.0,ambush,48.0,46.0,1.0,48.0,1.0,Bird
21.0,ambush,48.0,46.0,1.0,48.0,1.0,Bird
21.0,ambush,48.0,46.0,1.0,48.0,1.0,Bird
21.0,ambush,48.0,46.0,1.0,48.0,1.0,Bird
21.0,ambush,48.0,46.0,1.0,48.0,1.0,Bird
21.0,ambush,44.0,45.0,1.0,48.0,1.0,Bird
21.0,ambush,48.0,46.0,1.0,48.0,1.0,Bird
21.0,ambush,48.0,46.0,1.0,48.0,1.0,Bird
21.0,ambush,48.0,46.0,1.0,48.0,0.0,Bird
21.0,ambush,46.0,46.0,2.0,48.0,0.0,Bird
21.0,ambush,46.0,46.0,2.0,48.0,0.0,Bird
21.0,ambush,48.0,45.0,2.0,48.0,0.0,Bird
21.0,ambush,48.0,46.0,1.0,48.0,1.0,Bird
21.0,ambush,48.0,46.0,1.0,48.0,0.0,Bird
21.0,ambush,48.0,46.0,1.0,48.0,1.0,Bird
21.0,ambush,48.0,46.0,1.0,48.0,1.0,Bird
21.0,ambush,48.0,46.0,1.0,48.0,1.0,Bird
21.0,ambush,48.0,46.0,1.0,48.0,1.0,Bird
21.0,ambush,48.0,46.0,1.0,48.0,0.0,Bird
21.0,ambush,48.0,46.0,1.0,48.0,0.0,Bird
21.0,ambush,48.0,46.0,1.0,48.0,1.0,Bird
21.0,ambush,48.0,46.0,1.0,48.0,1.0,Bird
21.0,ambush,48.0,46.0,1.0,48.0,0.0,Bird
21.0,ambush,48.0,46.0,1.0,48.0,0.0,Bird
21.0,ambush,48.0,45.0,2.0,48.0,1.0,Bird
21.0,ambush,48.0,46.0,1.0,48.0,0.0,Bird
21.0,ambush,48.0,46.0,1.0,48.0,1.0,Bird
21.0,ambush,48.0,46.0,1.0,48.0,0.0,Bird
21.0,ambush,48.0,46.0,1.0,48.0,1.0,Bird
21.0,ambush,48.0,46.0,1.0,48.0,0.0,Bird
21.0,ambush,48.0,46.0,1.0,48.0,1.0,Bird
21.0,ambush,48.0,45.0,2.0,48.0,1.0,Bird
21.0,ambush,48.0,46.0,1.0,48.0,0.0,Bird
21.0,ambush,48.0,46.0,1.0,48.0,0.0,Bird
21.0,ambush,48.0,46.0,3.0,48.0,1.0,Bird
21.0,ambush,48.0,46.0,1.0,48.0,1.0,Bird
21.0,ambush,48.0,46.0,1.0,48.0,1.0,Bird
21.0,ambush,48.0,45.0,2.0,48.0,0.0,Bird
21.0,ambush,46.0,46.0,1.0,50.0,1.0,Bird
21.0,ambush,48.0,46.0,1.0,48.0,1.0,Bird
21.0,ambush,48.0,46.0,1.0,48.0,1.0,Bird
21.0,ambush,46.0,46.0,1.0,50.0,1.0,Bird
21.0,ambush,48.0,46.0,1.0,48.0,1.0,Bird
21.0,ambush,46.0,46.0,1.0,50.0,0.0,Bird
21.0,ambush,48.0,46.0,1.0,48.0,0.0,Bird
21.0,ambush,48.0,46.0,1.0,48.0,0.0,Bird
21.0,ambush,48.0,46.0,1.0,48.0,0.0,Bird
21.0,ambush,48.0,46.0,1.0,48.0,0.0,Bird
22.0,ambush,48.0,46.0,1.0,44.0,1.0,Bird
22.0,ambush,48.0,46.0,1.0,41.0,1.0,Bird
22.0,ambush,48.0,46.0,2.0,43.0,1.0,Bird
22.0,ambush,48.0,46.0,2.0,43.0,1.0,Bird
22.0,ambush,48.0,46.0,2.0,43.0,0.0,Bird
22.0,ambush,48.0,46.0,1.0,41.0,0.0,Bird
22.0,ambush,48.0,46.0,1.0,41.0,0.0,Bird
22.0,ambush,48.0,46.0,2.0,43.0,1.0,Bird
22.0,ambush,48.0,46.0,1.0,44.0,1.0,Bird
22.0,ambush,44.0,45.0,1.0,48.0,0.0,Bird
22.0,ambush,48.0,46.0,2.0,43.0,1.0,Bird
22.0,ambush,48.0,46.0,2.0,43.0,1.0,Bird
22.0,ambush,48.0,46.0,1.0,44.0,1.0,Bird
22.0,ambush,48.0,46.0,1.0,44.0,1.0,Bird
22.0,ambush,48.0,46.0,1.0,44.0,1.0,Bird
22.0,ambush,48.0,46.0,1.0,44.0,0.0,Bird
22.0,ambush,48.0,46.0,2.0,43.0,1.0,Bird
22.0,ambush,48.0,46.0,1.0,44.0,1.0,Bird
22.0,ambush,48.0,46.0,1.0,44.0,1.0,Bird
22.0,ambush,48.0,46.0,2.0,43.0,0.0,Bird
22.0,ambush,45.0,46.0,1.0,48.0,1.0,Bird
22.0,ambush,48.0,46.0,1.0,44.0,0.0,Bird
22.0,ambush,48.0,46.0,2.0,43.0,0.0,Bird
22.0,ambush,48.0,46.0,2.0,43.0,1.0,Bird
22.0,ambush,48.0,46.0,2.0,43.0,1.0,Bird
22.0,ambush,48.0,46.0,2.0,43.0,1.0,Bird
22.0,ambush,48.0,46.0,2.0,43.0,1.0,Bird
22.0,ambush,45.0,46.0,1.0,48.0,1.0,Bird
22.0,ambush,45.0,46.0,1.0,48.0,0.0,Bird
22.0,ambush,45.0,46.0,1.0,48.0,1.0,Bird
22.0,ambush,45.0,46.0,1.0,48.0,0.0,Bird
22.0,ambush,48.0,46.0,1.0,44.0,0.0,Bird
22.0,ambush,45.0,46.0,1.0,48.0,1.0,Bird
22.0,ambush,45.0,46.0,1.0,48.0,1.0,Bird
22.0,ambush,45.0,46.0,1.0,48.0,0.0,Bird
22.0,ambush,45.0,46.0,1.0,48.0,0.0,Bird
22.0,ambush,45.0,46.0,1.0,48.0,0.0,Bird
22.0,ambush,45.0,46.0,1.0,48.0,1.0,Bird
22.0,ambush,45.0,46.0,1.0,48.0,1.0,Bird
22.0,ambush,45.0,46.0,1.0,48.0,1.0,Bird
22.0,ambush,45.0,46.0,1.0,48.0,1.0,Bird
22.0,ambush,47.0,46.0,1.0,48.0,1.0,Bird
22.0,ambush,45.0,46.0,1.0,48.0,1.0,Bird
22.0,ambush,45.0,46.0,1.0,48.0,0.0,Bird
22.0,ambush,45.0,46.0,1.0,48.0,0.0,Bird
22.0,ambush,45.0,46.0,1.0,48.0,0.0,Bird
22.0,ambush,45.0,46.0,1.0,48.0,1.0,Bird
22.0,ambush,48.0,42.0,2.0,48.0,1.0,Bird
22.0,ambush,45.0,46.0,1.0,48.0,0.0,Bird
22.0,ambush,45.0,46.0,1.0,48.0,0.0,Bird
22.0,ambush,45.0,46.0,1.0,48.0,0.0,Bird
22.0,ambush,48.0,42.0,2.0,48.0,1.0,Bird
22.0,ambush,48.0,42.0,2.0,48.0,1.0,Bird
22.0,ambush,45.0,46.0,1.0,48.0,1.0,Bird
22.0,ambush,45.0,46.0,1.0,48.0,1.0,Bird
22.0,ambush,45.0,46.0,1.0,48.0,1.0,Bird
22.0,ambush,48.0,39.0,2.0,48.0,1.0,Bird
22.0,ambush,48.0,42.0,2.0,48.0,1.0,Bird
22.0,ambush,48.0,42.0,2.0,48.0,0.0,Bird
22.0,ambush,45.0,46.0,1.0,48.0,1.0,Bird
22.0,ambush,45.0,46.0,1.0,48.0,0.0,Bird
22.0,ambush,45.0,46.0,1.0,48.0,0.0,Bird
22.0,ambush,45.0,46.0,1.0,48.0,0.0,Bird
22.0,ambush,45.0,46.0,1.0,48.0,1.0,Bird
22.0,ambush,45.0,46.0,1.0,48.0,1.0,Bird
22.0,ambush,45.0,46.0,1.0,48.0,0.0,Bird
22.0,ambush,45.0,46.0,4.0,48.0,1.0,Bird
22.0,ambush,45.0,46.0,1.0,48.0,1.0,Bird
22.0,ambush,45.0,46.0,1.0,48.0,1.0,Bird
22.0,ambush,46.0,46.0,1.0,48.0,1.0,Bird
22.0,ambush,45.0,46.0,1.0,48.0,1.0,Bird
22.0,ambush,45.0,46.0,1.0,48.0,0.0,Bird
22.0,ambush,45.0,42.0,6.0,48.0,1.0,Bird
22.0,ambush,46.0,46.0,1.0,48.0,1.0,Bird
22.0,ambush,46.0,46.0,1.0,48.0,1.0,Bird
22.0,ambush,46.0,44.0,1.0,52.0,1.0,Bird
22.0,ambush,48.0,43.0,2.0,48.0,1.0,Bird
22.0,ambush,46.0,46.0,1.0,48.0,1.0,Bird
22.0,ambush,45.0,42.0,6.0,48.0,1.0,Bird
22.0,ambush,45.0,42.0,6.0,48.0,1.0,Bird
22.0,ambush,48.0,43.0,2.0,48.0,1.0,Bird
22.0,ambush,48.0,49.0,1.0,43.0,1.0,Bird
22.0,ambush,48.0,49.0,1.0,43.0,1.0,Bird
22.0,ambush,48.0,43.0,2.0,48.0,0.0,Bird
22.0,ambush,48.0,49.0,1.0,39.0,0.0,Bird
22.0,ambush,48.0,43.0,2.0,48.0,1.0,Bird
22.0,ambush,48.0,43.0,1.0,48.0,0.0,Bird
22.0,ambush,48.0,43.0,2.0,48.0,0.0,Bird
22.0,ambush,46.0,46.0,1.0,48.0,0.0,Bird
22.0,ambush,46.0,46.0,1.0,48.0,1.0,Bird
22.0,ambush,48.0,43.0,2.0,48.0,1.0,Bird
22.0,ambush,45.0,42.0,6.0,48.0,0.0,Bird
22.0,ambush,46.0,46.0,1.0,48.0,0.0,Bird
22.0,ambush,46.0,46.0,1.0,48.0,0.0,Bird
22.0,ambush,46.0,46.0,1.0,48.0,1.0,Bird
22.0,ambush,46.0,46.0,2.0,48.0,1.0,Bird
22.0,ambush,46.0,46.0,1.0,48.0,1.0,Bird
22.0,ambush,47.0,46.0,1.0,48.0,1.0,Bird
22.0,ambush,46.0,46.0,2.0,48.0,1.0,Bird
22.0,ambush,46.0,46.0,1.0,48.0,0.0,Bird
22.0,ambush,47.0,46.0,1.0,48.0,0.0,Bird
22.0,ambush,48.0,46.0,2.0,46.0,1.0,Bird
22.0,ambush,46.0,46.0,2.0,48.0,0.0,Bird
22.0,ambush,46.0,46.0,2.0,48.0,0.0,Bird
22.0,ambush,48.0,46.0,2.0,46.0,1.0,Bird
22.0,ambush,46.0,46.0,1.0,48.0,0.0,Bird
22.0,ambush,48.0,46.0,2.0,46.0,1.0,Bird
22.0,ambush,46.0,46.0,2.0,48.0,1.0,Bird
22.0,ambush,46.0,46.0,2.0,48.0,1.0,Bird
22.0,ambush,46.0,46.0,2.0,48.0,0.0,Bird
22.0,ambush,46.0,46.0,2.0,48.0,1.0,Bird
22.0,ambush,46.0,46.0,2.0,48.0,0.0,Bird
22.0,ambush,46.0,46.0,2.0,48.0,1.0,Bird
22.0,ambush,46.0,46.0,2.0,48.0,0.0,Bird
22.0,ambush,46.0,46.0,2.0,48.0,1.0,Bird
22.0,ambush,46.0,46.0,2.0,48.0,1.0,Bird
22.0,ambush,48.0,46.0,2.0,46.0,0.0,Bird
22.0,ambush,48.0,46.0,2.0,46.0,0.0,Bird
22.0,ambush,48.0,46.0,2.0,46.0,1.0,Bird
22.0,ambush,48.0,46.0,2.0,46.0,0.0,Bird
22.0,ambush,48.0,46.0,2.0,46.0,0.0,Bird
22.0,ambush,48.0,46.0,2.0,46.0,1.0,Bird
22.0,ambush,46.0,46.0,2.0,48.0,1.0,Bird
22.0,ambush,48.0,46.0,2.0,46.0,1.0,Bird
22.0,ambush,48.0,46.0,2.0,46.0,1.0,Bird
22.0,ambush,46.0,46.0,2.0,48.0,0.0,Bird
22.0,ambush,48.0,46.0,2.0,46.0,0.0,Bird
22.0,ambush,46.0,46.0,2.0,48.0,0.0,Bird
22.0,ambush,46.0,46.0,2.0,48.0,0.0,Bird
22.0,ambush,48.0,46.0,2.0,46.0,0.0,Bird
22.0,ambush,46.0,46.0,2.0,48.0,1.0,Bird
22.0,ambush,48.0,46.0,2.0,50.0,0.0,Bird
22.0,ambush,48.0,46.0,2.0,46.0,1.0,Bird
22.0,ambush,48.0,46.0,2.0,46.0,1.0,Bird
22.0,ambush,46.0,46.0,2.0,48.0,1.0,Bird
22.0,ambush,48.0,46.0,2.0,46.0,0.0,Bird
22.0,ambush,46.0,46.0,2.0,48.0,1.0,Bird
22.0,ambush,46.0,46.0,2.0,48.0,1.0,Bird
22.0,ambush,46.0,46.0,2.0,48.0,1.0,Bird
22.0,ambush,46.0,46.0,2.0,48.0,0.0,Bird
22.0,ambush,46.0,46.0,2.0,48.0,1.0,Bird
22.0,ambush,46.0,46.0,2.0,48.0,1.0,Bird
22.0,ambush,46.0,46.0,2.0,48.0,1.0,Bird
22.0,ambush,46.0,46.0,2.0,48.0,1.0,Bird
22.0,ambush,46.0,46.0,2.0,48.0,1.0,Bird
22.0,ambush,46.0,46.0,2.0,48.0,1.0,Bird
22.0,ambush,46.0,46.0,2.0,48.0,0.0,Bird
22.0,ambush,46.0,46.0,2.0,48.0,1.0,Bird
22.0,ambush,46.0,46.0,2.0,48.0,1.0,Bird
22.0,ambush,46.0,46.0,2.0,48.0,0.0,Bird
22.0,ambush,46.0,46.0,2.0,48.0,0.0,Bird
22.0,ambush,48.0,46.0,1.0,48.0,0.0,Bird
22.0,ambush,46.0,46.0,2.0,48.0,0.0,Bird
22.0,ambush,48.0,46.0,1.0,48.0,0.0,Bird
22.0,ambush,48.0,46.0,1.0,48.0,1.0,Bird
22.0,ambush,48.0,46.0,1.0,48.0,1.0,Bird
22.0,ambush,48.0,46.0,1.0,48.0,1.0,Bird
22.0,ambush,46.0,46.0,2.0,48.0,0.0,Bird
22.0,ambush,48.0,46.0,1.0,48.0,0.0,Bird
22.0,ambush,48.0,46.0,1.0,48.0,1.0,Bird
22.0,ambush,46.0,46.0,2.0,48.0,0.0,Bird
22.0,ambush,48.0,46.0,1.0,48.0,1.0,Bird
22.0,ambush,48.0,46.0,1.0,48.0,1.0,Bird
22.0,ambush,48.0,46.0,1.0,48.0,0.0,Bird
23.0,ambush,48.0,46.0,2.0,43.0,1.0,Bird
23.0,ambush,48.0,39.0,2.0,48.0,1.0,Bird
23.0,ambush,48.0,39.0,2.0,48.0,1.0,Bird
23.0,ambush,48.0,46.0,2.0,43.0,1.0,Bird
23.0,ambush,48.0,46.0,1.0,41.0,1.0,Bird
23.0,ambush,48.0,46.0,2.0,43.0,1.0,Bird
23.0,ambush,48.0,46.0,1.0,41.0,0.0,Bird
23.0,ambush,48.0,46.0,1.0,44.0,1.0,Bird
23.0,ambush,48.0,46.0,2.0,43.0,0.0,Bird
23.0,ambush,48.0,46.0,1.0,44.0,1.0,Bird
23.0,ambush,48.0,39.0,2.0,48.0,1.0,Bird
23.0,ambush,48.0,46.0,2.0,43.0,1.0,Bird
23.0,ambush,48.0,46.0,2.0,43.0,0.0,Bird
23.0,ambush,48.0,46.0,1.0,44.0,1.0,Bird
23.0,ambush,48.0,46.0,1.0,44.0,0.0,Bird
23.0,ambush,48.0,46.0,1.0,44.0,1.0,Bird
23.0,ambush,48.0,46.0,2.0,43.0,0.0,Bird
23.0,ambush,48.0,46.0,1.0,44.0,0.0,Bird
23.0,ambush,48.0,46.0,1.0,44.0,1.0,Bird
23.0,ambush,48.0,46.0,1.0,44.0,1.0,Bird
23.0,ambush,48.0,46.0,2.0,43.0,1.0,Bird
23.0,ambush,48.0,46.0,2.0,43.0,0.0,Bird
23.0,ambush,48.0,46.0,2.0,43.0,1.0,Bird
23.0,ambush,48.0,46.0,1.0,44.0,1.0,Bird
23.0,ambush,48.0,46.0,2.0,43.0,1.0,Bird
23.0,ambush,48.0,46.0,2.0,43.0,0.0,Bird
23.0,ambush,48.0,46.0,2.0,43.0,1.0,Bird
23.0,ambush,48.0,46.0,2.0,43.0,1.0,Bird
23.0,ambush,48.0,46.0,1.0,44.0,0.0,Bird
23.0,ambush,48.0,46.0,2.0,43.0,1.0,Bird
23.0,ambush,48.0,46.0,2.0,43.0,1.0,Bird
23.0,ambush,48.0,46.0,2.0,43.0,1.0,Bird
23.0,ambush,48.0,46.0,1.0,44.0,1.0,Bird
23.0,ambush,45.0,46.0,1.0,48.0,1.0,Bird
23.0,ambush,48.0,46.0,1.0,44.0,0.0,Bird
23.0,ambush,48.0,46.0,2.0,43.0,0.0,Bird
23.0,ambush,48.0,46.0,2.0,43.0,0.0,Bird
23.0,ambush,48.0,42.0,2.0,48.0,1.0,Bird
23.0,ambush,45.0,46.0,1.0,48.0,1.0,Bird
23.0,ambush,45.0,46.0,1.0,48.0,1.0,Bird
23.0,ambush,48.0,42.0,2.0,48.0,0.0,Bird
23.0,ambush,45.0,46.0,1.0,48.0,1.0,Bird
23.0,ambush,45.0,46.0,1.0,48.0,1.0,Bird
23.0,ambush,45.0,46.0,1.0,48.0,0.0,Bird
23.0,ambush,45.0,46.0,1.0,46.0,1.0,Bird
23.0,ambush,48.0,42.0,2.0,48.0,1.0,Bird
23.0,ambush,45.0,46.0,1.0,48.0,0.0,Bird
23.0,ambush,48.0,42.0,2.0,48.0,1.0,Bird
23.0,ambush,45.0,46.0,1.0,48.0,1.0,Bird
23.0,ambush,47.0,41.0,1.0,48.0,1.0,Bird
23.0,ambush,48.0,46.0,1.0,44.0,0.0,Bird
23.0,ambush,45.0,46.0,1.0,48.0,0.0,Bird
23.0,ambush,45.0,46.0,1.0,48.0,0.0,Bird
23.0,ambush,45.0,46.0,1.0,48.0,1.0,Bird
23.0,ambush,48.0,42.0,2.0,48.0,1.0,Bird
23.0,ambush,45.0,46.0,1.0,48.0,1.0,Bird
23.0,ambush,45.0,46.0,1.0,48.0,1.0,Bird
23.0,ambush,45.0,46.0,1.0,48.0,1.0,Bird
23.0,ambush,45.0,46.0,1.0,48.0,1.0,Bird
23.0,ambush,48.0,42.0,2.0,48.0,0.0,Bird
23.0,ambush,45.0,46.0,1.0,48.0,0.0,Bird
23.0,ambush,45.0,46.0,1.0,48.0,0.0,Bird
23.0,ambush,45.0,46.0,1.0,48.0,0.0,Bird
23.0,ambush,45.0,46.0,1.0,48.0,1.0,Bird
23.0,ambush,45.0,46.0,1.0,48.0,1.0,Bird
23.0,ambush,48.0,42.0,5.0,48.0,0.0,Bird
23.0,ambush,45.0,46.0,1.0,48.0,0.0,Bird
23.0,ambush,45.0,46.0,1.0,48.0,1.0,Bird
23.0,ambush,45.0,46.0,1.0,48.0,1.0,Bird
23.0,ambush,45.0,46.0,1.0,48.0,0.0,Bird
23.0,ambush,45.0,46.0,1.0,48.0,0.0,Bird
23.0,ambush,45.0,46.0,1.0,48.0,1.0,Bird
23.0,ambush,45.0,46.0,1.0,48.0,1.0,Bird
23.0,ambush,45.0,46.0,1.0,48.0,1.0,Bird
23.0,ambush,45.0,46.0,1.0,48.0,0.0,Bird
23.0,ambush,45.0,46.0,1.0,48.0,1.0,Bird
23.0,ambush,45.0,46.0,1.0,48.0,1.0,Bird
23.0,ambush,45.0,46.0,1.0,48.0,1.0,Bird
23.0,ambush,45.0,46.0,1.0,48.0,0.0,Bird
23.0,ambush,45.0,46.0,1.0,48.0,1.0,Bird
23.0,ambush,45.0,46.0,1.0,48.0,1.0,Bird
23.0,ambush,45.0,46.0,1.0,48.0,1.0,Bird
23.0,ambush,45.0,46.0,1.0,48.0,0.0,Bird
23.0,ambush,45.0,46.0,1.0,48.0,1.0,Bird
23.0,ambush,45.0,46.0,1.0,48.0,0.0,Bird
23.0,ambush,48.0,42.0,2.0,48.0,1.0,Bird
23.0,ambush,45.0,46.0,1.0,48.0,0.0,Bird
23.0,ambush,45.0,46.0,1.0,48.0,0.0,Bird
23.0,ambush,48.0,43.0,2.0,48.0,1.0,Bird
23.0,ambush,45.0,46.0,1.0,48.0,1.0,Bird
23.0,ambush,45.0,46.0,1.0,48.0,0.0,Bird
23.0,ambush,46.0,46.0,1.0,48.0,1.0,Bird
23.0,ambush,45.0,46.0,1.0,48.0,0.0,Bird
23.0,ambush,48.0,43.0,2.0,48.0,0.0,Bird
23.0,ambush,45.0,42.0,6.0,48.0,0.0,Bird
23.0,ambush,45.0,42.0,6.0,48.0,1.0,Bird
23.0,ambush,46.0,46.0,1.0,48.0,0.0,Bird
23.0,ambush,46.0,46.0,1.0,48.0,0.0,Bird
23.0,ambush,48.0,43.0,2.0,48.0,1.0,Bird
23.0,ambush,48.0,43.0,2.0,48.0,1.0,Bird
23.0,ambush,48.0,43.0,2.0,48.0,0.0,Bird
23.0,ambush,45.0,42.0,6.0,48.0,0.0,Bird
23.0,ambush,46.0,46.0,1.0,48.0,1.0,Bird
23.0,ambush,46.0,46.0,1.0,48.0,1.0,Bird
23.0,ambush,52.0,43.0,2.0,48.0,1.0,Bird
23.0,ambush,45.0,42.0,6.0,48.0,1.0,Bird
23.0,ambush,46.0,46.0,1.0,48.0,0.0,Bird
23.0,ambush,46.0,46.0,1.0,48.0,1.0,Bird
23.0,ambush,48.0,43.0,2.0,48.0,1.0,Bird
23.0,ambush,45.0,42.0,6.0,48.0,1.0,Bird
23.0,ambush,46.0,46.0,1.0,48.0,1.0,Bird
23.0,ambush,50.0,48.0,1.0,48.0,1.0,Bird
23.0,ambush,48.0,43.0,2.0,48.0,0.0,Bird
23.0,ambush,45.0,42.0,6.0,48.0,0.0,Bird
23.0,ambush,48.0,49.0,1.0,43.0,0.0,Bird
23.0,ambush,46.0,46.0,1.0,48.0,0.0,Bird
23.0,ambush,48.0,49.0,1.0,43.0,1.0,Bird
23.0,ambush,46.0,46.0,1.0,48.0,1.0,Bird
23.0,ambush,48.0,49.0,1.0,43.0,0.0,Bird
23.0,ambush,46.0,46.0,1.0,48.0,1.0,Bird
23.0,ambush,46.0,46.0,1.0,48.0,1.0,Bird
23.0,ambush,46.0,46.0,1.0,48.0,0.0,Bird
23.0,ambush,46.0,46.0,1.0,48.0,1.0,Bird
23.0,ambush,45.0,42.0,6.0,48.0,0.0,Bird
23.0,ambush,48.0,43.0,2.0,48.0,0.0,Bird
23.0,ambush,46.0,46.0,1.0,48.0,0.0,Bird
23.0,ambush,48.0,46.0,2.0,46.0,0.0,Bird
23.0,ambush,46.0,46.0,2.0,48.0,1.0,Bird
23.0,ambush,46.0,46.0,2.0,53.0,1.0,Bird
23.0,ambush,48.0,46.0,2.0,46.0,0.0,Bird
23.0,ambush,46.0,46.0,2.0,48.0,0.0,Bird
23.0,ambush,46.0,46.0,2.0,48.0,1.0,Bird
23.0,ambush,48.0,46.0,2.0,46.0,0.0,Bird
23.0,ambush,46.0,46.0,2.0,48.0,0.0,Bird
23.0,ambush,46.0,46.0,2.0,48.0,1.0,Bird
23.0,ambush,46.0,46.0,2.0,48.0,1.0,Bird
23.0,ambush,46.0,46.0,2.0,48.0,0.0,Bird
23.0,ambush,48.0,46.0,2.0,46.0,1.0,Bird
23.0,ambush,46.0,46.0,2.0,48.0,0.0,Bird
23.0,ambush,42.0,49.0,2.0,48.0,0.0,Bird
23.0,ambush,46.0,46.0,2.0,48.0,1.0,Bird
23.0,ambush,46.0,49.0,2.0,48.0,1.0,Bird
23.0,ambush,46.0,46.0,2.0,48.0,1.0,Bird
23.0,ambush,48.0,46.0,2.0,46.0,1.0,Bird
23.0,ambush,46.0,46.0,2.0,48.0,1.0,Bird
23.0,ambush,46.0,46.0,2.0,48.0,1.0,Bird
23.0,ambush,46.0,46.0,2.0,48.0,1.0,Bird
23.0,ambush,46.0,46.0,2.0,48.0,1.0,Bird
23.0,ambush,46.0,46.0,2.0,48.0,1.0,Bird
23.0,ambush,48.0,46.0,2.0,46.0,1.0,Bird
23.0,ambush,48.0,46.0,2.0,46.0,1.0,Bird
23.0,ambush,48.0,46.0,2.0,46.0,0.0,Bird
23.0,ambush,46.0,46.0,2.0,48.0,0.0,Bird
23.0,ambush,48.0,46.0,2.0,46.0,0.0,Bird
23.0,ambush,46.0,46.0,2.0,48.0,1.0,Bird
23.0,ambush,46.0,46.0,2.0,48.0,1.0,Bird
23.0,ambush,48.0,46.0,2.0,46.0,1.0,Bird
23.0,ambush,46.0,46.0,2.0,48.0,0.0,Bird
23.0,ambush,46.0,46.0,2.0,48.0,1.0,Bird
23.0,ambush,46.0,46.0,2.0,48.0,1.0,Bird
23.0,ambush,46.0,46.0,2.0,48.0,1.0,Bird
23.0,ambush,46.0,46.0,2.0,48.0,1.0,Bird
23.0,ambush,46.0,46.0,2.0,48.0,1.0,Bird
23.0,ambush,46.0,46.0,2.0,48.0,0.0,Bird
23.0,ambush,46.0,46.0,2.0,48.0,0.0,Bird
24.0,ambush,48.0,46.0,1.0,41.0,1.0,Bird
24.0,ambush,48.0,39.0,2.0,48.0,1.0,Bird
24.0,ambush,47.0,41.0,1.0,48.0,1.0,Bird
24.0,ambush,48.0,39.0,2.0,48.0,1.0,Bird
24.0,ambush,48.0,39.0,2.0,48.0,1.0,Bird
24.0,ambush,48.0,46.0,1.0,41.0,0.0,Bird
24.0,ambush,47.0,41.0,1.0,48.0,1.0,Bird
24.0,ambush,48.0,39.0,2.0,48.0,1.0,Bird
24.0,ambush,48.0,39.0,2.0,48.0,1.0,Bird
24.0,ambush,48.0,46.0,1.0,41.0,1.0,Bird
24.0,ambush,48.0,39.0,2.0,48.0,0.0,Bird
24.0,ambush,48.0,46.0,1.0,44.0,1.0,Bird
24.0,ambush,45.0,46.0,1.0,46.0,1.0,Bird
24.0,ambush,48.0,39.0,2.0,48.0,0.0,Bird
24.0,ambush,48.0,39.0,2.0,48.0,0.0,Bird
24.0,ambush,48.0,46.0,1.0,44.0,1.0,Bird
24.0,ambush,48.0,46.0,2.0,43.0,1.0,Bird
24.0,ambush,48.0,46.0,2.0,43.0,1.0,Bird
24.0,ambush,48.0,46.0,1.0,44.0,0.0,Bird
24.0,ambush,48.0,39.0,2.0,48.0,1.0,Bird
24.0,ambush,48.0,46.0,2.0,43.0,1.0,Bird
24.0,ambush,45.0,46.0,1.0,46.0,0.0,Bird
24.0,ambush,48.0,46.0,2.0,43.0,1.0,Bird
24.0,ambush,48.0,46.0,1.0,44.0,1.0,Bird
24.0,ambush,48.0,46.0,1.0,44.0,1.0,Bird
24.0,ambush,48.0,46.0,2.0,43.0,1.0,Bird
24.0,ambush,48.0,46.0,2.0,43.0,1.0,Bird
24.0,ambush,48.0,46.0,1.0,44.0,1.0,Bird
24.0,ambush,48.0,46.0,2.0,43.0,1.0,Bird
24.0,ambush,48.0,46.0,1.0,44.0,1.0,Bird
24.0,ambush,48.0,46.0,1.0,44.0,1.0,Bird
24.0,ambush,48.0,46.0,2.0,43.0,1.0,Bird
24.0,ambush,50.0,46.0,1.0,44.0,1.0,Bird
24.0,ambush,48.0,46.0,2.0,43.0,1.0,Bird
24.0,ambush,48.0,46.0,2.0,43.0,1.0,Bird
24.0,ambush,48.0,46.0,2.0,43.0,1.0,Bird
24.0,ambush,48.0,46.0,2.0,43.0,1.0,Bird
24.0,ambush,48.0,46.0,1.0,44.0,1.0,Bird
24.0,ambush,48.0,46.0,2.0,43.0,1.0,Bird
24.0,ambush,48.0,46.0,1.0,44.0,1.0,Bird
24.0,ambush,48.0,46.0,2.0,43.0,0.0,Bird
24.0,ambush,48.0,46.0,2.0,43.0,1.0,Bird
24.0,ambush,48.0,46.0,1.0,44.0,1.0,Bird
24.0,ambush,48.0,46.0,2.0,43.0,1.0,Bird
24.0,ambush,48.0,46.0,2.0,43.0,1.0,Bird
24.0,ambush,48.0,46.0,1.0,44.0,1.0,Bird
24.0,ambush,48.0,46.0,1.0,44.0,1.0,Bird
24.0,ambush,48.0,46.0,2.0,43.0,1.0,Bird
24.0,ambush,48.0,46.0,2.0,43.0,1.0,Bird
24.0,ambush,48.0,46.0,1.0,44.0,0.0,Bird
24.0,ambush,48.0,46.0,1.0,44.0,1.0,Bird
24.0,ambush,45.0,46.0,1.0,48.0,1.0,Bird
24.0,ambush,48.0,46.0,2.0,43.0,1.0,Bird
24.0,ambush,48.0,46.0,2.0,43.0,1.0,Bird
24.0,ambush,45.0,46.0,1.0,48.0,1.0,Bird
24.0,ambush,45.0,46.0,1.0,48.0,1.0,Bird
24.0,ambush,48.0,46.0,2.0,43.0,0.0,Bird
24.0,ambush,48.0,46.0,1.0,44.0,1.0,Bird
24.0,ambush,48.0,46.0,2.0,43.0,0.0,Bird
24.0,ambush,45.0,46.0,1.0,48.0,1.0,Bird
24.0,ambush,45.0,46.0,1.0,48.0,1.0,Bird
24.0,ambush,45.0,46.0,1.0,48.0,1.0,Bird
24.0,ambush,45.0,46.0,1.0,48.0,0.0,Bird
24.0,ambush,45.0,46.0,1.0,48.0,1.0,Bird
24.0,ambush,45.0,46.0,1.0,48.0,1.0,Bird
24.0,ambush,45.0,46.0,1.0,48.0,1.0,Bird
24.0,ambush,45.0,46.0,1.0,48.0,0.0,Bird
24.0,ambush,45.0,46.0,1.0,48.0,1.0,Bird
24.0,ambush,45.0,46.0,1.0,48.0,1.0,Bird
24.0,ambush,48.0,42.0,2.0,48.0,1.0,Bird
24.0,ambush,45.0,46.0,1.0,48.0,1.0,Bird
24.0,ambush,48.0,42.0,2.0,48.0,1.0,Bird
24.0,ambush,45.0,46.0,1.0,48.0,0.0,Bird
24.0,ambush,45.0,46.0,1.0,48.0,0.0,Bird
24.0,ambush,48.0,46.0,2.0,43.0,0.0,Bird
24.0,ambush,45.0,46.0,1.0,48.0,0.0,Bird
24.0,ambush,45.0,46.0,1.0,48.0,0.0,Bird
24.0,ambush,45.0,46.0,1.0,48.0,1.0,Bird
24.0,ambush,48.0,42.0,2.0,48.0,0.0,Bird
24.0,ambush,45.0,46.0,1.0,48.0,1.0,Bird
24.0,ambush,45.0,46.0,1.0,48.0,0.0,Bird
24.0,ambush,45.0,46.0,1.0,48.0,1.0,Bird
24.0,ambush,45.0,46.0,1.0,48.0,1.0,Bird
24.0,ambush,45.0,46.0,1.0,48.0,1.0,Bird
24.0,ambush,45.0,46.0,1.0,48.0,1.0,Bird
24.0,ambush,45.0,46.0,1.0,48.0,1.0,Bird
24.0,ambush,45.0,46.0,1.0,48.0,1.0,Bird
24.0,ambush,45.0,46.0,1.0,48.0,0.0,Bird
24.0,ambush,45.0,46.0,1.0,48.0,0.0,Bird
24.0,ambush,45.0,46.0,1.0,48.0,1.0,Bird
24.0,ambush,45.0,46.0,1.0,48.0,1.0,Bird
24.0,ambush,48.0,42.0,2.0,48.0,1.0,Bird
24.0,ambush,48.0,42.0,2.0,48.0,1.0,Bird
24.0,ambush,45.0,46.0,1.0,48.0,0.0,Bird
24.0,ambush,45.0,46.0,1.0,48.0,1.0,Bird
24.0,ambush,45.0,46.0,1.0,48.0,0.0,Bird
24.0,ambush,48.0,42.0,2.0,48.0,1.0,Bird
24.0,ambush,45.0,46.0,1.0,48.0,1.0,Bird
24.0,ambush,45.0,46.0,1.0,48.0,1.0,Bird
24.0,ambush,48.0,42.0,2.0,48.0,0.0,Bird
24.0,ambush,45.0,46.0,1.0,48.0,1.0,Bird
24.0,ambush,48.0,42.0,2.0,48.0,1.0,Bird
24.0,ambush,45.0,46.0,1.0,48.0,1.0,Bird
24.0,ambush,48.0,42.0,2.0,48.0,1.0,Bird
24.0,ambush,45.0,46.0,1.0,48.0,0.0,Bird
24.0,ambush,45.0,46.0,1.0,48.0,1.0,Bird
24.0,ambush,45.0,46.0,1.0,48.0,1.0,Bird
24.0,ambush,45.0,46.0,1.0,48.0,1.0,Bird
24.0,ambush,48.0,42.0,2.0,48.0,1.0,Bird
24.0,ambush,45.0,46.0,1.0,48.0,1.0,Bird
24.0,ambush,46.0,46.0,1.0,52.0,1.0,Bird
24.0,ambush,48.0,42.0,2.0,48.0,0.0,Bird
24.0,ambush,48.0,42.0,2.0,48.0,1.0,Bird
24.0,ambush,45.0,46.0,1.0,48.0,0.0,Bird
24.0,ambush,45.0,46.0,1.0,48.0,1.0,Bird
24.0,ambush,46.0,46.0,1.0,48.0,1.0,Bird
24.0,ambush,46.0,46.0,1.0,48.0,1.0,Bird
24.0,ambush,46.0,46.0,1.0,48.0,1.0,Bird
24.0,ambush,46.0,46.0,1.0,48.0,0.0,Bird
24.0,ambush,46.0,46.0,1.0,48.0,1.0,Bird
24.0,ambush,46.0,46.0,1.0,48.0,1.0,Bird
24.0,ambush,48.0,43.0,2.0,48.0,0.0,Bird
24.0,ambush,46.0,46.0,1.0,48.0,0.0,Bird
24.0,ambush,48.0,43.0,2.0,48.0,0.0,Bird
24.0,ambush,48.0,43.0,2.0,48.0,1.0,Bird
24.0,ambush,48.0,43.0,2.0,48.0,0.0,Bird
24.0,ambush,45.0,46.0,1.0,48.0,0.0,Bird
24.0,ambush,48.0,49.0,1.0,43.0,1.0,Bird
24.0,ambush,45.0,42.0,6.0,48.0,1.0,Bird
24.0,ambush,46.0,46.0,1.0,48.0,0.0,Bird
24.0,ambush,46.0,46.0,1.0,48.0,1.0,Bird
24.0,ambush,48.0,43.0,2.0,48.0,0.0,Bird
24.0,ambush,48.0,43.0,2.0,48.0,1.0,Bird
24.0,ambush,46.0,46.0,1.0,48.0,1.0,Bird
24.0,ambush,46.0,46.0,1.0,48.0,0.0,Bird
24.0,ambush,46.0,46.0,1.0,48.0,1.0,Bird
24.0,ambush,48.0,43.0,2.0,48.0,1.0,Bird
24.0,ambush,46.0,46.0,1.0,48.0,0.0,Bird
24.0,ambush,48.0,43.0,2.0,48.0,1.0,Bird
24.0,ambush,45.0,42.0,6.0,48.0,1.0,Bird
24.0,ambush,45.0,42.0,6.0,48.0,0.0,Bird
24.0,ambush,46.0,46.0,2.0,48.0,1.0,Bird
24.0,ambush,48.0,43.0,2.0,48.0,1.0,Bird
24.0,ambush,45.0,42.0,6.0,48.0,1.0,Bird
24.0,ambush,45.0,42.0,6.0,48.0,1.0,Bird
24.0,ambush,46.0,46.0,1.0,48.0,1.0,Bird
24.0,ambush,46.0,46.0,2.0,48.0,1.0,Bird
24.0,ambush,46.0,46.0,2.0,48.0,1.0,Bird
24.0,ambush,46.0,46.0,2.0,48.0,0.0,Bird
24.0,ambush,46.0,46.0,2.0,48.0,0.0,Bird
24.0,ambush,46.0,46.0,2.0,48.0,0.0,Bird
24.0,ambush,46.0,46.0,2.0,48.0,1.0,Bird
24.0,ambush,46.0,46.0,2.0,48.0,1.0,Bird
24.0,ambush,46.0,46.0,2.0,48.0,1.0,Bird
24.0,ambush,46.0,46.0,2.0,48.0,1.0,Bird
24.0,ambush,46.0,46.0,1.0,48.0,0.0,Bird
24.0,ambush,46.0,46.0,2.0,48.0,0.0,Bird
24.0,ambush,46.0,46.0,2.0,48.0,1.0,Bird
24.0,ambush,48.0,46.0,2.0,46.0,1.0,Bird
24.0,ambush,48.0,46.0,2.0,46.0,1.0,Bird
24.0,ambush,46.0,46.0,2.0,48.0,1.0,Bird
24.0,ambush,44.0,46.0,2.0,50.0,0.0,Bird
24.0,ambush,48.0,46.0,2.0,46.0,0.0,Bird
24.0,ambush,48.0,46.0,2.0,46.0,0.0,Bird
24.0,ambush,46.0,46.0,2.0,48.0,0.0,Bird
24.0,ambush,46.0,46.0,2.0,48.0,1.0,Bird
24.0,ambush,46.0,46.0,2.0,48.0,1.0,Bird
24.0,ambush,48.0,46.0,2.0,46.0,0.0,Bird
24.0,ambush,45.0,42.0,6.0,48.0,0.0,Bird
24.0,ambush,52.0,48.0,2.0,46.0,0.0,Bird
24.0,ambush,46.0,46.0,2.0,48.0,1.0,Bird
24.0,ambush,46.0,46.0,2.0,48.0,0.0,Bird
24.0,ambush,48.0,46.0,2.0,46.0,0.0,Bird
24.0,ambush,46.0,46.0,2.0,48.0,1.0,Bird
24.0,ambush,46.0,46.0,2.0,48.0,0.0,Bird
24.0,ambush,46.0,46.0,1.0,48.0,0.0,Bird
24.0,ambush,46.0,46.0,2.0,48.0,0.0,Bird
24.0,ambush,46.0,46.0,2.0,48.0,0.0,Bird
24.0,ambush,48.0,46.0,2.0,46.0,1.0,Bird
24.0,ambush,48.0,46.0,2.0,46.0,0.0,Bird
24.0,ambush,46.0,46.0,2.0,48.0,1.0,Bird
24.0,ambush,46.0,46.0,2.0,48.0,1.0,Bird
24.0,ambush,46.0,46.0,2.0,48.0,0.0,Bird
24.0,ambush,46.0,46.0,2.0,48.0,1.0,Bird
24.0,ambush,46.0,46.0,2.0,48.0,0.0,Bird
24.0,ambush,46.0,46.0,2.0,48.0,1.0,Bird
24.0,ambush,46.0,46.0,2.0,48.0,1.0,Bird
24.0,ambush,46.0,46.0,2.0,48.0,0.0,Bird
24.0,ambush,46.0,46.0,2.0,48.0,0.0,Bird
24.0,ambush,46.0,49.0,2.0,48.0,1.0,Bird
24.0,ambush,46.0,46.0,2.0,48.0,0.0,Bird
24.0,ambush,46.0,46.0,2.0,48.0,0.0,Bird
24.0,ambush,46.0,46.0,2.0,48.0,0.0,Bird
24.0,ambush,52.0,43.0,2.0,48.0,1.0,Bird
24.0,ambush,48.0,46.0,2.0,46.0,0.0,Bird
24.0,ambush,46.0,46.0,2.0,53.0,1.0,Bird
24.0,ambush,50.0,48.0,1.0,48.0,1.0,Bird
24.0,ambush,52.0,43.0,2.0,48.0,0.0,Bird
25.0,ambush,48.0,46.0,1.0,41.0,1.0,Bird
25.0,ambush,48.0,46.0,1.0,41.0,1.0,Bird
25.0,ambush,47.0,41.0,1.0,48.0,1.0,Bird
25.0,ambush,48.0,39.0,2.0,48.0,1.0,Bird
25.0,ambush,48.0,39.0,2.0,48.0,1.0,Bird
25.0,ambush,48.0,39.0,2.0,48.0,1.0,Bird
25.0,ambush,47.0,41.0,1.0,48.0,0.0,Bird
25.0,ambush,48.0,37.0,2.0,48.0,1.0,Bird
25.0,ambush,47.0,41.0,1.0,48.0,0.0,Bird
25.0,ambush,48.0,39.0,2.0,48.0,0.0,Bird
25.0,ambush,48.0,39.0,2.0,48.0,1.0,Bird
25.0,ambush,48.0,39.0,2.0,48.0,1.0,Bird
25.0,ambush,48.0,39.0,2.0,48.0,1.0,Bird
25.0,ambush,48.0,39.0,2.0,48.0,0.0,Bird
25.0,ambush,45.0,46.0,1.0,46.0,1.0,Bird
25.0,ambush,48.0,39.0,2.0,48.0,0.0,Bird
25.0,ambush,48.0,39.0,2.0,48.0,0.0,Bird
25.0,ambush,48.0,46.0,1.0,44.0,1.0,Bird
25.0,ambush,48.0,46.0,1.0,44.0,0.0,Bird
25.0,ambush,48.0,46.0,1.0,44.0,1.0,Bird
25.0,ambush,48.0,46.0,1.0,44.0,1.0,Bird
25.0,ambush,48.0,46.0,1.0,44.0,1.0,Bird
25.0,ambush,48.0,46.0,6.0,43.0,1.0,Bird
25.0,ambush,48.0,46.0,1.0,44.0,1.0,Bird
25.0,ambush,48.0,46.0,2.0,43.0,1.0,Bird
25.0,ambush,48.0,46.0,2.0,43.0,1.0,Bird
25.0,ambush,48.0,46.0,2.0,43.0,1.0,Bird
25.0,ambush,48.0,46.0,2.0,43.0,0.0,Bird
25.0,ambush,48.0,46.0,2.0,43.0,1.0,Bird
25.0,ambush,48.0,46.0,2.0,43.0,1.0,Bird
25.0,ambush,48.0,46.0,1.0,44.0,1.0,Bird
25.0,ambush,48.0,46.0,1.0,44.0,0.0,Bird
25.0,ambush,48.0,46.0,2.0,43.0,0.0,Bird
25.0,ambush,48.0,46.0,1.0,44.0,0.0,Bird
25.0,ambush,48.0,46.0,2.0,43.0,1.0,Bird
25.0,ambush,48.0,46.0,2.0,43.0,0.0,Bird
25.0,ambush,48.0,46.0,1.0,44.0,1.0,Bird
25.0,ambush,48.0,46.0,1.0,44.0,1.0,Bird
25.0,ambush,48.0,46.0,2.0,43.0,1.0,Bird
25.0,ambush,48.0,46.0,1.0,44.0,0.0,Bird
25.0,ambush,48.0,46.0,2.0,43.0,1.0,Bird
25.0,ambush,48.0,46.0,2.0,43.0,1.0,Bird
25.0,ambush,48.0,46.0,1.0,44.0,0.0,Bird
25.0,ambush,48.0,46.0,2.0,43.0,1.0,Bird
25.0,ambush,48.0,46.0,2.0,43.0,1.0,Bird
25.0,ambush,48.0,39.0,2.0,48.0,0.0,Bird
25.0,ambush,48.0,46.0,2.0,43.0,1.0,Bird
25.0,ambush,48.0,46.0,2.0,43.0,1.0,Bird
25.0,ambush,48.0,46.0,2.0,43.0,1.0,Bird
25.0,ambush,48.0,46.0,1.0,44.0,1.0,Bird
25.0,ambush,48.0,39.0,2.0,48.0,0.0,Bird
25.0,ambush,48.0,46.0,2.0,43.0,0.0,Bird
25.0,ambush,48.0,46.0,1.0,44.0,1.0,Bird
25.0,ambush,48.0,46.0,2.0,43.0,0.0,Bird
25.0,ambush,48.0,46.0,2.0,43.0,1.0,Bird
25.0,ambush,48.0,46.0,2.0,43.0,0.0,Bird
25.0,ambush,48.0,46.0,1.0,44.0,0.0,Bird
25.0,ambush,48.0,46.0,1.0,44.0,1.0,Bird
25.0,ambush,48.0,46.0,1.0,44.0,0.0,Bird
25.0,ambush,48.0,46.0,1.0,44.0,0.0,Bird
25.0,ambush,48.0,46.0,2.0,43.0,1.0,Bird
25.0,ambush,48.0,46.0,2.0,43.0,1.0,Bird
25.0,ambush,48.0,46.0,2.0,43.0,0.0,Bird
25.0,ambush,48.0,46.0,1.0,44.0,1.0,Bird
25.0,ambush,48.0,46.0,2.0,43.0,0.0,Bird
25.0,ambush,48.0,46.0,2.0,43.0,1.0,Bird
25.0,ambush,48.0,46.0,2.0,43.0,1.0,Bird
25.0,ambush,48.0,46.0,2.0,43.0,1.0,Bird
25.0,ambush,48.0,46.0,1.0,44.0,1.0,Bird
25.0,ambush,48.0,48.0,2.0,43.0,1.0,Bird
25.0,ambush,48.0,46.0,2.0,43.0,1.0,Bird
25.0,ambush,48.0,46.0,2.0,43.0,1.0,Bird
25.0,ambush,48.0,46.0,2.0,43.0,1.0,Bird
25.0,ambush,48.0,46.0,2.0,43.0,1.0,Bird
25.0,ambush,48.0,46.0,2.0,43.0,0.0,Bird
25.0,ambush,48.0,46.0,2.0,43.0,1.0,Bird
25.0,ambush,48.0,46.0,1.0,44.0,1.0,Bird
25.0,ambush,48.0,46.0,1.0,44.0,1.0,Bird
25.0,ambush,48.0,46.0,2.0,43.0,1.0,Bird
25.0,ambush,48.0,46.0,1.0,44.0,1.0,Bird
25.0,ambush,48.0,46.0,1.0,44.0,0.0,Bird
25.0,ambush,48.0,46.0,1.0,44.0,0.0,Bird
25.0,ambush,48.0,46.0,2.0,43.0,0.0,Bird
25.0,ambush,48.0,46.0,1.0,44.0,1.0,Bird
25.0,ambush,48.0,46.0,5.0,47.0,1.0,Bird
25.0,ambush,45.0,46.0,1.0,48.0,1.0,Bird
25.0,ambush,48.0,46.0,2.0,43.0,0.0,Bird
25.0,ambush,48.0,46.0,2.0,43.0,0.0,Bird
25.0,ambush,48.0,46.0,2.0,43.0,1.0,Bird
25.0,ambush,45.0,45.0,2.0,48.0,0.0,Bird
25.0,ambush,48.0,46.0,2.0,43.0,0.0,Bird
25.0,ambush,45.0,49.0,1.0,45.0,1.0,Bird
25.0,ambush,45.0,46.0,1.0,48.0,1.0,Bird
25.0,ambush,45.0,46.0,1.0,48.0,1.0,Bird
25.0,ambush,45.0,46.0,1.0,48.0,0.0,Bird
25.0,ambush,45.0,46.0,1.0,48.0,0.0,Bird
25.0,ambush,45.0,46.0,1.0,48.0,1.0,Bird
25.0,ambush,45.0,46.0,1.0,48.0,1.0,Bird
25.0,ambush,45.0,46.0,1.0,48.0,1.0,Bird
25.0,ambush,45.0,46.0,1.0,48.0,0.0,Bird
25.0,ambush,45.0,46.0,1.0,48.0,1.0,Bird
25.0,ambush,45.0,46.0,1.0,48.0,0.0,Bird
25.0,ambush,45.0,46.0,1.0,48.0,0.0,Bird
25.0,ambush,45.0,46.0,1.0,48.0,1.0,Bird
25.0,ambush,45.0,46.0,1.0,48.0,1.0,Bird
25.0,ambush,45.0,46.0,1.0,48.0,1.0,Bird
25.0,ambush,45.0,46.0,1.0,48.0,1.0,Bird
25.0,ambush,48.0,42.0,2.0,48.0,1.0,Bird
25.0,ambush,45.0,46.0,1.0,48.0,1.0,Bird
25.0,ambush,45.0,46.0,1.0,48.0,1.0,Bird
25.0,ambush,45.0,46.0,1.0,48.0,1.0,Bird
25.0,ambush,45.0,46.0,1.0,48.0,1.0,Bird
25.0,ambush,45.0,46.0,1.0,48.0,1.0,Bird
25.0,ambush,48.0,42.0,2.0,48.0,1.0,Bird
25.0,ambush,45.0,46.0,1.0,48.0,1.0,Bird
25.0,ambush,45.0,46.0,1.0,48.0,1.0,Bird
25.0,ambush,45.0,46.0,1.0,48.0,0.0,Bird
25.0,ambush,45.0,46.0,1.0,48.0,1.0,Bird
25.0,ambush,48.0,42.0,2.0,48.0,1.0,Bird
25.0,ambush,45.0,46.0,1.0,48.0,1.0,Bird
25.0,ambush,45.0,46.0,1.0,48.0,0.0,Bird
25.0,ambush,45.0,46.0,1.0,48.0,1.0,Bird
25.0,ambush,45.0,49.0,1.0,48.0,0.0,Bird
25.0,ambush,45.0,46.0,1.0,50.0,1.0,Bird
25.0,ambush,48.0,42.0,2.0,48.0,1.0,Bird
25.0,ambush,45.0,46.0,1.0,48.0,1.0,Bird
25.0,ambush,45.0,46.0,1.0,48.0,1.0,Bird
25.0,ambush,48.0,42.0,2.0,48.0,1.0,Bird
25.0,ambush,45.0,46.0,1.0,48.0,1.0,Bird
25.0,ambush,45.0,46.0,1.0,48.0,1.0,Bird
25.0,ambush,45.0,46.0,1.0,48.0,0.0,Bird
25.0,ambush,48.0,42.0,2.0,48.0,1.0,Bird
25.0,ambush,45.0,46.0,1.0,48.0,1.0,Bird
25.0,ambush,48.0,42.0,2.0,48.0,1.0,Bird
25.0,ambush,45.0,46.0,1.0,48.0,1.0,Bird
25.0,ambush,48.0,42.0,2.0,48.0,1.0,Bird
25.0,ambush,45.0,46.0,1.0,48.0,0.0,Bird
25.0,ambush,45.0,46.0,1.0,48.0,1.0,Bird
25.0,ambush,45.0,46.0,1.0,48.0,0.0,Bird
25.0,ambush,45.0,46.0,1.0,48.0,0.0,Bird
25.0,ambush,45.0,46.0,1.0,48.0,1.0,Bird
25.0,ambush,48.0,42.0,2.0,48.0,1.0,Bird
25.0,ambush,45.0,46.0,1.0,48.0,0.0,Bird
25.0,ambush,48.0,42.0,2.0,48.0,1.0,Bird
25.0,ambush,48.0,42.0,2.0,48.0,0.0,Bird
25.0,ambush,45.0,46.0,1.0,48.0,1.0,Bird
25.0,ambush,45.0,46.0,1.0,48.0,1.0,Bird
25.0,ambush,45.0,46.0,1.0,48.0,1.0,Bird
25.0,ambush,45.0,46.0,1.0,48.0,1.0,Bird
25.0,ambush,48.0,42.0,2.0,48.0,0.0,Bird
25.0,ambush,45.0,46.0,1.0,48.0,0.0,Bird
25.0,ambush,45.0,46.0,1.0,48.0,0.0,Bird
25.0,ambush,45.0,46.0,1.0,48.0,1.0,Bird
25.0,ambush,45.0,46.0,1.0,48.0,0.0,Bird
25.0,ambush,45.0,46.0,1.0,48.0,1.0,Bird
25.0,ambush,48.0,42.0,2.0,48.0,1.0,Bird
25.0,ambush,48.0,42.0,2.0,48.0,0.0,Bird
25.0,ambush,48.0,42.0,2.0,45.0,1.0,Bird
25.0,ambush,45.0,46.0,1.0,48.0,1.0,Bird
25.0,ambush,48.0,42.0,2.0,48.0,0.0,Bird
25.0,ambush,48.0,42.0,2.0,48.0,1.0,Bird
25.0,ambush,45.0,46.0,1.0,48.0,1.0,Bird
25.0,ambush,45.0,46.0,1.0,48.0,1.0,Bird
25.0,ambush,48.0,42.0,2.0,48.0,0.0,Bird
25.0,ambush,45.0,46.0,1.0,48.0,1.0,Bird
25.0,ambush,45.0,46.0,1.0,48.0,1.0,Bird
25.0,ambush,45.0,46.0,1.0,48.0,0.0,Bird
25.0,ambush,45.0,46.0,1.0,48.0,0.0,Bird
26.0,ambush,48.0,46.0,1.0,41.0,0.0,Bird
26.0,ambush,48.0,46.0,1.0,41.0,1.0,Bird
26.0,ambush,48.0,42.0,2.0,45.0,1.0,Bird
26.0,ambush,48.0,39.0,2.0,48.0,1.0,Bird
26.0,ambush,48.0,42.0,2.0,45.0,1.0,Bird
26.0,ambush,48.0,39.0,2.0,48.0,1.0,Bird
26.0,ambush,48.0,42.0,2.0,45.0,0.0,Bird
26.0,ambush,48.0,37.0,2.0,48.0,0.0,Bird
26.0,ambush,48.0,39.0,2.0,48.0,1.0,Bird
26.0,ambush,48.0,39.0,2.0,48.0,1.0,Bird
26.0,ambush,48.0,39.0,2.0,48.0,0.0,Bird
26.0,ambush,48.0,39.0,2.0,48.0,0.0,Bird
26.0,ambush,48.0,46.0,1.0,41.0,0.0,Bird
26.0,ambush,48.0,39.0,2.0,48.0,1.0,Bird
26.0,ambush,47.0,41.0,1.0,48.0,1.0,Bird
26.0,ambush,48.0,46.0,1.0,44.0,1.0,Bird
26.0,ambush,48.0,46.0,1.0,44.0,1.0,Bird
26.0,ambush,47.0,41.0,1.0,48.0,0.0,Bird
26.0,ambush,47.0,41.0,1.0,48.0,0.0,Bird
26.0,ambush,45.0,46.0,1.0,46.0,1.0,Bird
26.0,ambush,45.0,46.0,1.0,46.0,0.0,Bird
26.0,ambush,48.0,46.0,2.0,43.0,1.0,Bird
26.0,ambush,48.0,46.0,2.0,43.0,1.0,Bird
26.0,ambush,48.0,46.0,1.0,44.0,0.0,Bird
26.0,ambush,48.0,37.0,2.0,48.0,0.0,Bird
26.0,ambush,48.0,46.0,2.0,43.0,1.0,Bird
26.0,ambush,48.0,46.0,2.0,43.0,1.0,Bird
26.0,ambush,48.0,39.0,2.0,48.0,0.0,Bird
26.0,ambush,48.0,46.0,2.0,43.0,1.0,Bird
26.0,ambush,48.0,46.0,1.0,44.0,0.0,Bird
26.0,ambush,48.0,46.0,2.0,43.0,1.0,Bird
26.0,ambush,45.0,46.0,1.0,46.0,0.0,Bird
26.0,ambush,48.0,46.0,2.0,43.0,1.0,Bird
26.0,ambush,48.0,46.0,2.0,43.0,1.0,Bird
26.0,ambush,48.0,46.0,1.0,44.0,0.0,Bird
26.0,ambush,48.0,46.0,2.0,43.0,1.0,Bird
26.0,ambush,48.0,46.0,2.0,45.0,1.0,Bird
26.0,ambush,48.0,46.0,2.0,43.0,1.0,Bird
26.0,ambush,48.0,46.0,2.0,43.0,1.0,Bird
26.0,ambush,48.0,46.0,2.0,43.0,1.0,Bird
26.0,ambush,48.0,46.0,1.0,44.0,1.0,Bird
26.0,ambush,48.0,46.0,2.0,43.0,1.0,Bird
26.0,ambush,48.0,46.0,2.0,43.0,0.0,Bird
26.0,ambush,48.0,46.0,1.0,44.0,0.0,Bird
26.0,ambush,48.0,46.0,2.0,43.0,1.0,Bird
26.0,ambush,48.0,46.0,1.0,44.0,1.0,Bird
26.0,ambush,48.0,46.0,1.0,44.0,0.0,Bird
26.0,ambush,48.0,46.0,2.0,43.0,1.0,Bird
26.0,ambush,48.0,46.0,2.0,43.0,1.0,Bird
26.0,ambush,48.0,46.0,1.0,44.0,1.0,Bird
26.0,ambush,48.0,46.0,2.0,43.0,1.0,Bird
26.0,ambush,48.0,46.0,2.0,43.0,0.0,Bird
26.0,ambush,48.0,46.0,1.0,44.0,1.0,Bird
26.0,ambush,48.0,46.0,2.0,43.0,1.0,Bird
26.0,ambush,48.0,46.0,1.0,44.0,0.0,Bird
26.0,ambush,48.0,46.0,1.0,44.0,1.0,Bird
26.0,ambush,48.0,46.0,1.0,44.0,1.0,Bird
26.0,ambush,48.0,46.0,1.0,44.0,0.0,Bird
26.0,ambush,48.0,46.0,1.0,44.0,1.0,Bird
26.0,ambush,48.0,46.0,2.0,43.0,1.0,Bird
26.0,ambush,48.0,46.0,1.0,44.0,1.0,Bird
26.0,ambush,48.0,46.0,2.0,43.0,1.0,Bird
26.0,ambush,48.0,46.0,1.0,44.0,0.0,Bird
26.0,ambush,48.0,46.0,1.0,44.0,1.0,Bird
26.0,ambush,48.0,46.0,2.0,43.0,0.0,Bird
26.0,ambush,48.0,46.0,1.0,44.0,1.0,Bird
26.0,ambush,48.0,46.0,1.0,44.0,1.0,Bird
26.0,ambush,48.0,46.0,2.0,43.0,0.0,Bird
26.0,ambush,48.0,46.0,2.0,43.0,1.0,Bird
26.0,ambush,48.0,46.0,1.0,44.0,0.0,Bird
26.0,ambush,48.0,46.0,2.0,43.0,1.0,Bird
26.0,ambush,48.0,46.0,2.0,43.0,0.0,Bird
26.0,ambush,48.0,46.0,2.0,43.0,1.0,Bird
26.0,ambush,48.0,46.0,1.0,44.0,0.0,Bird
26.0,ambush,48.0,46.0,2.0,43.0,1.0,Bird
26.0,ambush,48.0,46.0,2.0,43.0,1.0,Bird
26.0,ambush,48.0,46.0,2.0,43.0,0.0,Bird
26.0,ambush,48.0,46.0,2.0,43.0,1.0,Bird
26.0,ambush,48.0,46.0,1.0,44.0,1.0,Bird
26.0,ambush,48.0,46.0,2.0,43.0,1.0,Bird
26.0,ambush,48.0,46.0,2.0,43.0,1.0,Bird
26.0,ambush,48.0,46.0,2.0,43.0,1.0,Bird
26.0,ambush,48.0,46.0,2.0,43.0,1.0,Bird
26.0,ambush,48.0,46.0,2.0,43.0,0.0,Bird
26.0,ambush,48.0,46.0,2.0,43.0,1.0,Bird
26.0,ambush,48.0,46.0,2.0,43.0,0.0,Bird
26.0,ambush,48.0,46.0,1.0,44.0,1.0,Bird
26.0,ambush,48.0,46.0,1.0,44.0,1.0,Bird
26.0,ambush,48.0,46.0,5.0,46.0,1.0,Bird
26.0,ambush,48.0,46.0,2.0,43.0,1.0,Bird
26.0,ambush,48.0,46.0,2.0,43.0,0.0,Bird
26.0,ambush,48.0,46.0,1.0,44.0,0.0,Bird
26.0,ambush,48.0,46.0,2.0,43.0,1.0,Bird
26.0,ambush,48.0,46.0,2.0,45.0,1.0,Bird
26.0,ambush,48.0,46.0,2.0,43.0,1.0,Bird
26.0,ambush,48.0,46.0,2.0,39.0,0.0,Bird
26.0,ambush,48.0,46.0,1.0,44.0,1.0,Bird
26.0,ambush,48.0,46.0,1.0,44.0,1.0,Bird
26.0,ambush,48.0,46.0,2.0,43.0,1.0,Bird
26.0,ambush,48.0,46.0,2.0,43.0,1.0,Bird
26.0,ambush,48.0,46.0,2.0,43.0,0.0,Bird
26.0,ambush,48.0,46.0,2.0,43.0,0.0,Bird
26.0,ambush,48.0,46.0,2.0,43.0,0.0,Bird
26.0,ambush,48.0,46.0,1.0,44.0,1.0,Bird
26.0,ambush,48.0,46.0,1.0,44.0,0.0,Bird
26.0,ambush,48.0,46.0,1.0,44.0,0.0,Bird
26.0,ambush,48.0,46.0,2.0,43.0,0.0,Bird
26.0,ambush,48.0,46.0,2.0,43.0,1.0,Bird
26.0,ambush,48.0,46.0,1.0,44.0,0.0,Bird
26.0,ambush,48.0,46.0,1.0,44.0,0.0,Bird
26.0,ambush,48.0,46.0,1.0,44.0,1.0,Bird
26.0,ambush,48.0,46.0,1.0,44.0,0.0,Bird
26.0,ambush,48.0,46.0,2.0,43.0,1.0,Bird
26.0,ambush,48.0,46.0,1.0,44.0,1.0,Bird
26.0,ambush,48.0,46.0,1.0,44.0,0.0,Bird
26.0,ambush,48.0,46.0,1.0,44.0,0.0,Bird
26.0,ambush,48.0,46.0,1.0,44.0,0.0,Bird
26.0,ambush,48.0,46.0,2.0,43.0,0.0,Bird
26.0,ambush,48.0,46.0,2.0,43.0,0.0,Bird
26.0,ambush,48.0,46.0,1.0,44.0,1.0,Bird
26.0,ambush,45.0,46.0,1.0,48.0,1.0,Bird
26.0,ambush,48.0,46.0,1.0,44.0,0.0,Bird
26.0,ambush,45.0,46.0,1.0,48.0,1.0,Bird
26.0,ambush,48.0,42.0,2.0,48.0,1.0,Bird
26.0,ambush,45.0,46.0,1.0,48.0,1.0,Bird
26.0,ambush,45.0,46.0,1.0,48.0,1.0,Bird
26.0,ambush,45.0,46.0,1.0,48.0,0.0,Bird
26.0,ambush,48.0,42.0,2.0,48.0,1.0,Bird
26.0,ambush,48.0,46.0,1.0,44.0,1.0,Bird
26.0,ambush,45.0,46.0,1.0,48.0,1.0,Bird
26.0,ambush,45.0,46.0,1.0,48.0,1.0,Bird
26.0,ambush,45.0,46.0,1.0,48.0,1.0,Bird
26.0,ambush,45.0,46.0,1.0,48.0,0.0,Bird
26.0,ambush,45.0,46.0,1.0,48.0,1.0,Bird
26.0,ambush,48.0,42.0,2.0,48.0,1.0,Bird
26.0,ambush,45.0,46.0,1.0,48.0,1.0,Bird
26.0,ambush,45.0,46.0,1.0,48.0,0.0,Bird
26.0,ambush,48.0,42.0,2.0,48.0,1.0,Bird
26.0,ambush,48.0,46.0,1.0,44.0,0.0,Bird
26.0,ambush,48.0,42.0,2.0,48.0,1.0,Bird
26.0,ambush,45.0,46.0,1.0,48.0,1.0,Bird
26.0,ambush,45.0,46.0,1.0,48.0,1.0,Bird
26.0,ambush,48.0,42.0,2.0,48.0,1.0,Bird
26.0,ambush,45.0,46.0,1.0,48.0,1.0,Bird
26.0,ambush,48.0,42.0,5.0,48.0,0.0,Bird
26.0,ambush,45.0,46.0,1.0,48.0,1.0,Bird
26.0,ambush,46.0,46.0,1.0,48.0,1.0,Bird
26.0,ambush,45.0,46.0,1.0,48.0,0.0,Bird
26.0,ambush,45.0,46.0,1.0,48.0,1.0,Bird
26.0,ambush,45.0,46.0,1.0,48.0,1.0,Bird
26.0,ambush,45.0,46.0,1.0,48.0,1.0,Bird
26.0,ambush,45.0,46.0,1.0,48.0,1.0,Bird
26.0,ambush,45.0,46.0,1.0,48.0,1.0,Bird
26.0,ambush,45.0,46.0,1.0,48.0,1.0,Bird
26.0,ambush,45.0,46.0,1.0,48.0,1.0,Bird
26.0,ambush,45.0,46.0,1.0,48.0,1.0,Bird
26.0,ambush,45.0,46.0,1.0,48.0,1.0,Bird
26.0,ambush,45.0,46.0,1.0,48.0,1.0,Bird
26.0,ambush,45.0,46.0,1.0,48.0,1.0,Bird
26.0,ambush,45.0,46.0,1.0,48.0,1.0,Bird
26.0,ambush,45.0,46.0,1.0,48.0,0.0,Bird
26.0,ambush,45.0,46.0,1.0,48.0,1.0,Bird
26.0,ambush,45.0,46.0,1.0,48.0,0.0,Bird
26.0,ambush,45.0,46.0,1.0,48.0,0.0,Bird
26.0,ambush,45.0,46.0,1.0,48.0,1.0,Bird
26.0,ambush,48.0,38.0,2.0,43.0,1.0,Bird
26.0,ambush,45.0,46.0,1.0,48.0,0.0,Bird
26.0,ambush,45.0,46.0,1.0,48.0,1.0,Bird
26.0,ambush,45.0,46.0,1.0,48.0,0.0,Bird
26.0,ambush,45.0,46.0,1.0,48.0,1.0,Bird
26.0,ambush,48.0,42.0,2.0,48.0,1.0,Bird
27.0,ambush,48.0,46.0,1.0,41.0,1.0,Bird
27.0,ambush,48.0,39.0,2.0,48.0,1.0,Bird
27.0,ambush,48.0,42.0,2.0,45.0,1.0,Bird
27.0,ambush,48.0,46.0,1.0,41.0,0.0,Bird
27.0,ambush,48.0,38.0,2.0,43.0,1.0,Bird
27.0,ambush,48.0,39.0,2.0,48.0,1.0,Bird
27.0,ambush,48.0,38.0,2.0,43.0,1.0,Bird
27.0,ambush,48.0,38.0,2.0,43.0,0.0,Bird
27.0,ambush,48.0,39.0,2.0,48.0,0.0,Bird
27.0,ambush,47.0,41.0,1.0,48.0,1.0,Bird
27.0,ambush,48.0,42.0,2.0,45.0,1.0,Bird
27.0,ambush,48.0,39.0,2.0,48.0,1.0,Bird
27.0,ambush,48.0,39.0,2.0,48.0,1.0,Bird
27.0,ambush,48.0,39.0,2.0,48.0,1.0,Bird
27.0,ambush,48.0,42.0,2.0,45.0,1.0,Bird
27.0,ambush,48.0,39.0,2.0,48.0,1.0,Bird
27.0,ambush,48.0,39.0,2.0,48.0,0.0,Bird
27.0,ambush,48.0,39.0,2.0,48.0,1.0,Bird
27.0,ambush,48.0,39.0,2.0,48.0,1.0,Bird
27.0,ambush,48.0,46.0,2.0,43.0,1.0,Bird
27.0,ambush,45.0,46.0,1.0,46.0,1.0,Bird
27.0,ambush,48.0,46.0,2.0,43.0,0.0,Bird
27.0,ambush,48.0,46.0,2.0,43.0,1.0,Bird
27.0,ambush,48.0,39.0,2.0,48.0,0.0,Bird
27.0,ambush,48.0,46.0,1.0,44.0,1.0,Bird
27.0,ambush,45.0,46.0,1.0,46.0,1.0,Bird
27.0,ambush,45.0,46.0,1.0,46.0,0.0,Bird
27.0,ambush,48.0,46.0,2.0,43.0,1.0,Bird
27.0,ambush,48.0,46.0,2.0,43.0,1.0,Bird
27.0,ambush,48.0,46.0,1.0,44.0,0.0,Bird
27.0,ambush,48.0,46.0,2.0,43.0,1.0,Bird
27.0,ambush,48.0,46.0,2.0,43.0,1.0,Bird
27.0,ambush,48.0,46.0,2.0,43.0,1.0,Bird
27.0,ambush,48.0,46.0,2.0,43.0,0.0,Bird
27.0,ambush,48.0,46.0,2.0,43.0,1.0,Bird
27.0,ambush,48.0,46.0,2.0,43.0,1.0,Bird
27.0,ambush,48.0,46.0,2.0,43.0,1.0,Bird
27.0,ambush,48.0,46.0,1.0,44.0,0.0,Bird
27.0,ambush,48.0,46.0,2.0,43.0,1.0,Bird
27.0,ambush,48.0,46.0,2.0,43.0,1.0,Bird
27.0,ambush,48.0,46.0,2.0,43.0,0.0,Bird
27.0,ambush,48.0,46.0,2.0,43.0,0.0,Bird
27.0,ambush,48.0,46.0,2.0,43.0,1.0,Bird
27.0,ambush,48.0,46.0,2.0,43.0,1.0,Bird
27.0,ambush,48.0,46.0,2.0,43.0,1.0,Bird
27.0,ambush,48.0,46.0,2.0,43.0,1.0,Bird
27.0,ambush,48.0,46.0,1.0,44.0,0.0,Bird
27.0,ambush,48.0,46.0,2.0,43.0,1.0,Bird
27.0,ambush,48.0,46.0,1.0,44.0,0.0,Bird
27.0,ambush,48.0,46.0,2.0,43.0,0.0,Bird
27.0,ambush,48.0,46.0,2.0,43.0,0.0,Bird
27.0,ambush,48.0,46.0,2.0,43.0,0.0,Bird
27.0,ambush,48.0,46.0,2.0,43.0,0.0,Bird
27.0,ambush,48.0,46.0,1.0,44.0,1.0,Bird
27.0,ambush,48.0,46.0,2.0,43.0,1.0,Bird
27.0,ambush,48.0,46.0,2.0,43.0,1.0,Bird
27.0,ambush,48.0,46.0,1.0,44.0,1.0,Bird
27.0,ambush,48.0,46.0,1.0,44.0,0.0,Bird
27.0,ambush,48.0,46.0,2.0,43.0,1.0,Bird
27.0,ambush,48.0,46.0,2.0,43.0,1.0,Bird
27.0,ambush,48.0,46.0,2.0,43.0,1.0,Bird
27.0,ambush,48.0,46.0,1.0,44.0,1.0,Bird
27.0,ambush,48.0,46.0,1.0,44.0,0.0,Bird
27.0,ambush,48.0,46.0,1.0,44.0,1.0,Bird
27.0,ambush,48.0,46.0,1.0,44.0,0.0,Bird
27.0,ambush,48.0,46.0,2.0,43.0,0.0,Bird
27.0,ambush,48.0,46.0,1.0,44.0,1.0,Bird
27.0,ambush,48.0,46.0,1.0,44.0,1.0,Bird
27.0,ambush,48.0,46.0,2.0,43.0,1.0,Bird
27.0,ambush,48.0,46.0,1.0,44.0,0.0,Bird
27.0,ambush,48.0,46.0,1.0,44.0,1.0,Bird
27.0,ambush,48.0,46.0,1.0,44.0,0.0,Bird
27.0,ambush,48.0,46.0,2.0,43.0,1.0,Bird
27.0,ambush,48.0,46.0,2.0,43.0,0.0,Bird
27.0,ambush,48.0,46.0,2.0,43.0,1.0,Bird
27.0,ambush,48.0,46.0,1.0,44.0,0.0,Bird
27.0,ambush,48.0,46.0,2.0,43.0,1.0,Bird
27.0,ambush,48.0,46.0,2.0,43.0,1.0,Bird
27.0,ambush,48.0,46.0,2.0,43.0,1.0,Bird
27.0,ambush,48.0,46.0,1.0,44.0,1.0,Bird
27.0,ambush,48.0,46.0,2.0,43.0,0.0,Bird
27.0,ambush,48.0,46.0,2.0,43.0,1.0,Bird
27.0,ambush,48.0,46.0,2.0,43.0,1.0,Bird
27.0,ambush,48.0,46.0,1.0,44.0,1.0,Bird
27.0,ambush,48.0,46.0,2.0,43.0,1.0,Bird
27.0,ambush,48.0,46.0,1.0,44.0,1.0,Bird
27.0,ambush,48.0,46.0,2.0,43.0,0.0,Bird
27.0,ambush,48.0,46.0,2.0,43.0,1.0,Bird
27.0,ambush,48.0,46.0,1.0,44.0,1.0,Bird
27.0,ambush,48.0,46.0,1.0,44.0,0.0,Bird
27.0,ambush,48.0,46.0,1.0,44.0,1.0,Bird
27.0,ambush,48.0,46.0,1.0,44.0,1.0,Bird
27.0,ambush,48.0,46.0,2.0,43.0,1.0,Bird
27.0,ambush,48.0,46.0,2.0,43.0,1.0,Bird
27.0,ambush,48.0,46.0,1.0,44.0,1.0,Bird
27.0,ambush,48.0,46.0,2.0,43.0,1.0,Bird
27.0,ambush,48.0,46.0,1.0,44.0,0.0,Bird
27.0,ambush,48.0,46.0,2.0,43.0,1.0,Bird
27.0,ambush,48.0,46.0,1.0,44.0,0.0,Bird
27.0,ambush,48.0,46.0,2.0,43.0,0.0,Bird
27.0,ambush,48.0,46.0,1.0,44.0,1.0,Bird
27.0,ambush,48.0,46.0,1.0,44.0,0.0,Bird
27.0,ambush,48.0,46.0,2.0,43.0,0.0,Bird
27.0,ambush,48.0,46.0,2.0,43.0,1.0,Bird
27.0,ambush,48.0,46.0,1.0,44.0,0.0,Bird
27.0,ambush,48.0,46.0,2.0,43.0,1.0,Bird
27.0,ambush,48.0,46.0,2.0,43.0,1.0,Bird
27.0,ambush,48.0,46.0,2.0,43.0,1.0,Bird
27.0,ambush,48.0,46.0,2.0,43.0,1.0,Bird
27.0,ambush,48.0,46.0,2.0,43.0,0.0,Bird
27.0,ambush,48.0,46.0,2.0,43.0,0.0,Bird
27.0,ambush,48.0,46.0,1.0,44.0,1.0,Bird
27.0,ambush,48.0,46.0,2.0,43.0,0.0,Bird
27.0,ambush,48.0,46.0,2.0,43.0,1.0,Bird
27.0,ambush,48.0,46.0,1.0,44.0,0.0,Bird
27.0,ambush,48.0,46.0,1.0,44.0,0.0,Bird
27.0,ambush,48.0,46.0,1.0,44.0,1.0,Bird
27.0,ambush,48.0,46.0,1.0,44.0,0.0,Bird
27.0,ambush,48.0,46.0,2.0,43.0,1.0,Bird
27.0,ambush,48.0,46.0,1.0,44.0,0.0,Bird
27.0,ambush,48.0,46.0,1.0,44.0,0.0,Bird
27.0,ambush,48.0,46.0,1.0,44.0,1.0,Bird
27.0,ambush,48.0,46.0,1.0,44.0,0.0,Bird
27.0,ambush,48.0,50.0,2.0,43.0,1.0,Bird
27.0,ambush,48.0,46.0,2.0,43.0,1.0,Bird
27.0,ambush,48.0,46.0,1.0,44.0,1.0,Bird
27.0,ambush,48.0,46.0,1.0,44.0,1.0,Bird
27.0,ambush,48.0,46.0,2.0,43.0,0.0,Bird
27.0,ambush,48.0,46.0,1.0,44.0,0.0,Bird
27.0,ambush,48.0,46.0,1.0,44.0,0.0,Bird
27.0,ambush,48.0,46.0,1.0,44.0,1.0,Bird
27.0,ambush,48.0,46.0,1.0,44.0,0.0,Bird
27.0,ambush,48.0,46.0,2.0,43.0,0.0,Bird
27.0,ambush,48.0,46.0,2.0,43.0,0.0,Bird
27.0,ambush,45.0,46.0,1.0,48.0,0.0,Bird
27.0,ambush,45.0,46.0,1.0,48.0,1.0,Bird
27.0,ambush,45.0,46.0,1.0,48.0,1.0,Bird
27.0,ambush,48.0,49.0,1.0,42.0,0.0,Bird
27.0,ambush,45.0,46.0,1.0,48.0,1.0,Bird
27.0,ambush,45.0,46.0,1.0,48.0,1.0,Bird
27.0,ambush,45.0,46.0,1.0,48.0,0.0,Bird
27.0,ambush,45.0,46.0,1.0,48.0,1.0,Bird
27.0,ambush,48.0,42.0,2.0,48.0,1.0,Bird
27.0,ambush,48.0,42.0,2.0,48.0,0.0,Bird
27.0,ambush,45.0,46.0,1.0,48.0,1.0,Bird
27.0,ambush,48.0,42.0,2.0,48.0,1.0,Bird
27.0,ambush,48.0,42.0,2.0,48.0,1.0,Bird
27.0,ambush,45.0,46.0,1.0,48.0,1.0,Bird
27.0,ambush,45.0,46.0,1.0,48.0,1.0,Bird
27.0,ambush,45.0,46.0,1.0,48.0,1.0,Bird
27.0,ambush,45.0,46.0,1.0,48.0,0.0,Bird
27.0,ambush,45.0,46.0,1.0,48.0,0.0,Bird
27.0,ambush,45.0,46.0,1.0,48.0,1.0,Bird
27.0,ambush,45.0,46.0,1.0,48.0,1.0,Bird
27.0,ambush,45.0,46.0,1.0,48.0,0.0,Bird
27.0,ambush,45.0,46.0,1.0,48.0,1.0,Bird
27.0,ambush,45.0,46.0,1.0,48.0,0.0,Bird
27.0,ambush,45.0,46.0,1.0,48.0,1.0,Bird
27.0,ambush,45.0,46.0,1.0,48.0,1.0,Bird
27.0,ambush,48.0,42.0,2.0,48.0,1.0,Bird
27.0,ambush,48.0,42.0,2.0,48.0,0.0,Bird
27.0,ambush,45.0,46.0,1.0,48.0,1.0,Bird
27.0,ambush,45.0,46.0,1.0,48.0,1.0,Bird
27.0,ambush,48.0,42.0,2.0,48.0,1.0,Bird
27.0,ambush,48.0,42.0,2.0,48.0,1.0,Bird
27.0,ambush,48.0,42.0,2.0,48.0,0.0,Bird
27.0,ambush,45.0,46.0,1.0,48.0,1.0,Bird
27.0,ambush,45.0,46.0,1.0,48.0,0.0,Bird
27.0,ambush,45.0,46.0,1.0,48.0,0.0,Bird
27.0,ambush,45.0,46.0,1.0,48.0,0.0,Bird
27.0,ambush,45.0,46.0,1.0,48.0,1.0,Bird
27.0,ambush,45.0,46.0,1.0,48.0,1.0,Bird
27.0,ambush,45.0,46.0,1.0,48.0,1.0,Bird
27.0,ambush,45.0,46.0,1.0,48.0,0.0,Bird
27.0,ambush,45.0,46.0,1.0,48.0,0.0,Bird
27.0,ambush,45.0,47.0,1.0,48.0,0.0,Bird
27.0,ambush,45.0,46.0,1.0,48.0,1.0,Bird
27.0,ambush,41.0,46.0,1.0,48.0,0.0,Bird
27.0,ambush,45.0,46.0,1.0,48.0,1.0,Bird
27.0,ambush,48.0,42.0,2.0,48.0,1.0,Bird
27.0,ambush,45.0,46.0,1.0,48.0,1.0,Bird
27.0,ambush,48.0,42.0,2.0,48.0,1.0,Bird
27.0,ambush,45.0,46.0,1.0,48.0,1.0,Bird
27.0,ambush,45.0,46.0,1.0,48.0,1.0,Bird
27.0,ambush,45.0,46.0,1.0,48.0,0.0,Bird
27.0,ambush,45.0,46.0,1.0,48.0,0.0,Bird
27.0,ambush,45.0,46.0,1.0,48.0,0.0,Bird
27.0,ambush,45.0,46.0,1.0,48.0,0.0,Bird
27.0,ambush,45.0,46.0,1.0,48.0,1.0,Bird
27.0,ambush,45.0,46.0,1.0,48.0,0.0,Bird
27.0,ambush,45.0,46.0,1.0,48.0,1.0,Bird
27.0,ambush,49.0,49.0,1.0,48.0,1.0,Bird
27.0,ambush,45.0,46.0,1.0,48.0,1.0,Bird
27.0,ambush,48.0,42.0,2.0,48.0,1.0,Bird
27.0,ambush,45.0,46.0,1.0,48.0,1.0,Bird
27.0,ambush,45.0,46.0,5.0,48.0,0.0,Bird
27.0,ambush,45.0,46.0,1.0,48.0,1.0,Bird
27.0,ambush,45.0,46.0,1.0,48.0,1.0,Bird
27.0,ambush,48.0,46.0,2.0,45.0,1.0,Bird
27.0,ambush,45.0,46.0,1.0,48.0,0.0,Bird
27.0,ambush,45.0,46.0,1.0,48.0,1.0,Bird
27.0,ambush,45.0,46.0,1.0,48.0,0.0,Bird
27.0,ambush,48.0,46.0,2.0,45.0,1.0,Bird
27.0,ambush,48.0,46.0,2.0,45.0,1.0,Bird
27.0,ambush,48.0,46.0,2.0,45.0,1.0,Bird
27.0,ambush,46.0,46.0,1.0,48.0,1.0,Bird
27.0,ambush,48.0,46.0,5.0,46.0,1.0,Bird
27.0,ambush,48.0,46.0,5.0,46.0,1.0,Bird
27.0,ambush,46.0,46.0,1.0,48.0,0.0,Bird
27.0,ambush,48.0,46.0,2.0,45.0,0.0,Bird
27.0,ambush,48.0,46.0,5.0,46.0,0.0,Bird
27.0,ambush,45.0,46.0,1.0,48.0,0.0,Bird
27.0,ambush,48.0,46.0,2.0,45.0,0.0,Bird
28.0,ambush,48.0,38.0,2.0,43.0,1.0,Bird
28.0,ambush,48.0,46.0,1.0,41.0,1.0,Bird
28.0,ambush,48.0,38.0,2.0,43.0,1.0,Bird
28.0,ambush,48.0,46.0,1.0,41.0,1.0,Bird
28.0,ambush,48.0,39.0,2.0,48.0,1.0,Bird
28.0,ambush,48.0,38.0,2.0,43.0,0.0,Bird
28.0,ambush,48.0,38.0,2.0,43.0,0.0,Bird
28.0,ambush,48.0,42.0,2.0,45.0,1.0,Bird
28.0,ambush,48.0,38.0,2.0,43.0,0.0,Bird
28.0,ambush,48.0,39.0,2.0,48.0,1.0,Bird
28.0,ambush,48.0,39.0,2.0,48.0,1.0,Bird
28.0,ambush,48.0,39.0,2.0,48.0,1.0,Bird
28.0,ambush,48.0,42.0,2.0,45.0,1.0,Bird
28.0,ambush,48.0,39.0,2.0,48.0,1.0,Bird
28.0,ambush,48.0,42.0,2.0,45.0,1.0,Bird
28.0,ambush,48.0,42.0,2.0,45.0,1.0,Bird
28.0,ambush,48.0,39.0,2.0,48.0,0.0,Bird
28.0,ambush,48.0,39.0,2.0,48.0,1.0,Bird
28.0,ambush,42.0,38.0,2.0,43.0,0.0,Bird
28.0,ambush,48.0,39.0,2.0,48.0,1.0,Bird
28.0,ambush,48.0,42.0,2.0,45.0,1.0,Bird
28.0,ambush,48.0,39.0,2.0,48.0,1.0,Bird
28.0,ambush,48.0,39.0,2.0,48.0,1.0,Bird
28.0,ambush,48.0,39.0,2.0,48.0,1.0,Bird
28.0,ambush,48.0,39.0,2.0,48.0,0.0,Bird
28.0,ambush,48.0,39.0,2.0,48.0,0.0,Bird
28.0,ambush,48.0,42.0,2.0,45.0,1.0,Bird
28.0,ambush,48.0,39.0,2.0,48.0,1.0,Bird
28.0,ambush,48.0,39.0,2.0,48.0,0.0,Bird
28.0,ambush,47.0,41.0,1.0,48.0,0.0,Bird
28.0,ambush,48.0,39.0,2.0,48.0,0.0,Bird
28.0,ambush,45.0,46.0,1.0,46.0,1.0,Bird
28.0,ambush,45.0,46.0,1.0,46.0,1.0,Bird
28.0,ambush,48.0,46.0,2.0,43.0,1.0,Bird
28.0,ambush,45.0,46.0,1.0,46.0,1.0,Bird
28.0,ambush,48.0,46.0,2.0,43.0,1.0,Bird
28.0,ambush,48.0,46.0,2.0,48.0,1.0,Bird
28.0,ambush,45.0,46.0,1.0,46.0,1.0,Bird
28.0,ambush,45.0,46.0,1.0,46.0,0.0,Bird
28.0,ambush,48.0,39.0,2.0,48.0,0.0,Bird
28.0,ambush,48.0,46.0,2.0,43.0,1.0,Bird
28.0,ambush,48.0,46.0,2.0,43.0,1.0,Bird
28.0,ambush,48.0,46.0,2.0,43.0,1.0,Bird
28.0,ambush,48.0,46.0,2.0,43.0,1.0,Bird
28.0,ambush,48.0,46.0,2.0,43.0,0.0,Bird
28.0,ambush,48.0,46.0,2.0,43.0,0.0,Bird
28.0,ambush,48.0,46.0,1.0,44.0,0.0,Bird
28.0,ambush,48.0,46.0,2.0,43.0,0.0,Bird
28.0,ambush,48.0,46.0,2.0,43.0,1.0,Bird
28.0,ambush,48.0,46.0,2.0,43.0,1.0,Bird
28.0,ambush,48.0,46.0,2.0,43.0,1.0,Bird
28.0,ambush,48.0,46.0,1.0,44.0,1.0,Bird
28.0,ambush,48.0,46.0,2.0,43.0,1.0,Bird
28.0,ambush,48.0,46.0,1.0,44.0,1.0,Bird
28.0,ambush,48.0,46.0,2.0,43.0,1.0,Bird
28.0,ambush,48.0,46.0,2.0,43.0,0.0,Bird
28.0,ambush,48.0,46.0,2.0,43.0,1.0,Bird
28.0,ambush,48.0,46.0,2.0,43.0,1.0,Bird
28.0,ambush,48.0,46.0,2.0,43.0,1.0,Bird
28.0,ambush,48.0,46.0,2.0,43.0,1.0,Bird
28.0,ambush,48.0,46.0,2.0,43.0,0.0,Bird
28.0,ambush,48.0,46.0,2.0,43.0,0.0,Bird
28.0,ambush,48.0,46.0,2.0,43.0,1.0,Bird
28.0,ambush,48.0,46.0,1.0,44.0,0.0,Bird
28.0,ambush,48.0,46.0,1.0,44.0,0.0,Bird
28.0,ambush,48.0,46.0,1.0,44.0,1.0,Bird
28.0,ambush,48.0,46.0,2.0,43.0,0.0,Bird
28.0,ambush,48.0,46.0,2.0,43.0,0.0,Bird
28.0,ambush,48.0,46.0,1.0,44.0,1.0,Bird
28.0,ambush,48.0,46.0,2.0,43.0,0.0,Bird
28.0,ambush,48.0,46.0,2.0,43.0,1.0,Bird
28.0,ambush,48.0,46.0,2.0,43.0,1.0,Bird
28.0,ambush,48.0,46.0,2.0,43.0,1.0,Bird
28.0,ambush,48.0,46.0,2.0,43.0,0.0,Bird
28.0,ambush,48.0,46.0,3.0,43.0,1.0,Bird
28.0,ambush,48.0,46.0,2.0,43.0,0.0,Bird
28.0,ambush,48.0,46.0,2.0,43.0,1.0,Bird
28.0,ambush,48.0,46.0,1.0,44.0,0.0,Bird
28.0,ambush,48.0,46.0,2.0,43.0,1.0,Bird
28.0,ambush,48.0,46.0,2.0,43.0,0.0,Bird
28.0,ambush,48.0,46.0,2.0,43.0,1.0,Bird
28.0,ambush,48.0,46.0,2.0,43.0,1.0,Bird
28.0,ambush,48.0,46.0,2.0,43.0,1.0,Bird
28.0,ambush,48.0,46.0,2.0,43.0,0.0,Bird
28.0,ambush,48.0,46.0,2.0,43.0,1.0,Bird
28.0,ambush,48.0,46.0,2.0,43.0,1.0,Bird
28.0,ambush,48.0,46.0,1.0,44.0,0.0,Bird
28.0,ambush,48.0,46.0,1.0,44.0,1.0,Bird
28.0,ambush,48.0,46.0,2.0,43.0,1.0,Bird
28.0,ambush,48.0,46.0,7.0,44.0,0.0,Bird
28.0,ambush,48.0,46.0,1.0,44.0,1.0,Bird
28.0,ambush,48.0,46.0,2.0,43.0,0.0,Bird
28.0,ambush,48.0,46.0,1.0,44.0,0.0,Bird
28.0,ambush,48.0,46.0,2.0,43.0,1.0,Bird
28.0,ambush,48.0,46.0,1.0,44.0,0.0,Bird
28.0,ambush,48.0,46.0,1.0,44.0,1.0,Bird
28.0,ambush,48.0,46.0,1.0,44.0,1.0,Bird
28.0,ambush,48.0,46.0,2.0,43.0,1.0,Bird
28.0,ambush,48.0,46.0,2.0,43.0,1.0,Bird
28.0,ambush,48.0,46.0,2.0,43.0,1.0,Bird
28.0,ambush,48.0,46.0,1.0,44.0,1.0,Bird
28.0,ambush,48.0,46.0,1.0,44.0,0.0,Bird
28.0,ambush,48.0,46.0,2.0,43.0,1.0,Bird
28.0,ambush,48.0,46.0,2.0,43.0,0.0,Bird
28.0,ambush,48.0,46.0,1.0,44.0,1.0,Bird
28.0,ambush,48.0,46.0,2.0,43.0,1.0,Bird
28.0,ambush,48.0,46.0,2.0,43.0,1.0,Bird
28.0,ambush,48.0,46.0,2.0,43.0,1.0,Bird
28.0,ambush,48.0,46.0,2.0,43.0,1.0,Bird
28.0,ambush,48.0,46.0,1.0,44.0,1.0,Bird
28.0,ambush,48.0,46.0,2.0,43.0,0.0,Bird
28.0,ambush,48.0,46.0,2.0,43.0,0.0,Bird
28.0,ambush,48.0,46.0,2.0,43.0,1.0,Bird
28.0,ambush,48.0,42.0,2.0,43.0,1.0,Bird
28.0,ambush,48.0,46.0,1.0,44.0,1.0,Bird
28.0,ambush,48.0,46.0,2.0,43.0,1.0,Bird
28.0,ambush,48.0,46.0,1.0,44.0,0.0,Bird
28.0,ambush,48.0,46.0,1.0,44.0,0.0,Bird
28.0,ambush,48.0,46.0,2.0,43.0,1.0,Bird
28.0,ambush,48.0,46.0,2.0,43.0,1.0,Bird
28.0,ambush,48.0,46.0,2.0,43.0,0.0,Bird
28.0,ambush,48.0,46.0,2.0,43.0,1.0,Bird
28.0,ambush,48.0,46.0,2.0,43.0,1.0,Bird
28.0,ambush,48.0,46.0,1.0,44.0,1.0,Bird
28.0,ambush,48.0,46.0,2.0,43.0,1.0,Bird
28.0,ambush,48.0,46.0,2.0,43.0,0.0,Bird
28.0,ambush,48.0,46.0,2.0,43.0,0.0,Bird
28.0,ambush,48.0,46.0,1.0,44.0,1.0,Bird
28.0,ambush,48.0,46.0,1.0,44.0,1.0,Bird
28.0,ambush,48.0,46.0,1.0,44.0,1.0,Bird
28.0,ambush,48.0,45.0,1.0,44.0,1.0,Bird
28.0,ambush,48.0,46.0,1.0,44.0,1.0,Bird
28.0,ambush,48.0,46.0,1.0,44.0,0.0,Bird
28.0,ambush,48.0,46.0,1.0,44.0,1.0,Bird
28.0,ambush,48.0,46.0,2.0,43.0,1.0,Bird
28.0,ambush,48.0,46.0,2.0,43.0,1.0,Bird
28.0,ambush,48.0,46.0,1.0,44.0,0.0,Bird
28.0,ambush,48.0,46.0,1.0,44.0,0.0,Bird
28.0,ambush,48.0,46.0,1.0,44.0,0.0,Bird
28.0,ambush,48.0,46.0,1.0,44.0,0.0,Bird
28.0,ambush,48.0,46.0,1.0,44.0,1.0,Bird
28.0,ambush,48.0,46.0,1.0,44.0,1.0,Bird
28.0,ambush,48.0,46.0,1.0,44.0,1.0,Bird
28.0,ambush,48.0,46.0,2.0,43.0,0.0,Bird
28.0,ambush,48.0,46.0,2.0,43.0,1.0,Bird
28.0,ambush,48.0,46.0,2.0,43.0,1.0,Bird
28.0,ambush,48.0,46.0,2.0,43.0,1.0,Bird
28.0,ambush,48.0,46.0,1.0,44.0,1.0,Bird
28.0,ambush,48.0,46.0,2.0,43.0,1.0,Bird
28.0,ambush,48.0,46.0,2.0,43.0,0.0,Bird
28.0,ambush,48.0,46.0,2.0,43.0,0.0,Bird
28.0,ambush,48.0,46.0,2.0,43.0,0.0,Bird
29.0,ambush,48.0,38.0,2.0,43.0,1.0,Bird
29.0,ambush,48.0,46.0,1.0,41.0,1.0,Bird
29.0,ambush,48.0,46.0,1.0,41.0,0.0,Bird
29.0,ambush,48.0,46.0,1.0,41.0,1.0,Bird
29.0,ambush,48.0,42.0,2.0,43.0,1.0,Bird
29.0,ambush,48.0,42.0,2.0,43.0,1.0,Bird
29.0,ambush,44.0,42.0,2.0,43.0,0.0,Bird
29.0,ambush,48.0,46.0,1.0,41.0,0.0,Bird
29.0,ambush,48.0,38.0,2.0,43.0,1.0,Bird
29.0,ambush,48.0,39.0,2.0,48.0,1.0,Bird
29.0,ambush,48.0,39.0,2.0,48.0,1.0,Bird
29.0,ambush,48.0,39.0,2.0,48.0,1.0,Bird
29.0,ambush,48.0,39.0,2.0,48.0,1.0,Bird
29.0,ambush,48.0,39.0,2.0,48.0,0.0,Bird
29.0,ambush,47.0,42.0,6.0,45.0,1.0,Bird
29.0,ambush,48.0,39.0,2.0,48.0,0.0,Bird
29.0,ambush,48.0,39.0,2.0,48.0,1.0,Bird
29.0,ambush,48.0,42.0,2.0,45.0,1.0,Bird
29.0,ambush,48.0,39.0,2.0,48.0,0.0,Bird
29.0,ambush,48.0,42.0,2.0,45.0,1.0,Bird
29.0,ambush,48.0,39.0,2.0,48.0,0.0,Bird
29.0,ambush,48.0,42.0,2.0,45.0,1.0,Bird
29.0,ambush,48.0,42.0,2.0,45.0,1.0,Bird
29.0,ambush,48.0,39.0,2.0,48.0,0.0,Bird
29.0,ambush,48.0,39.0,2.0,48.0,1.0,Bird
29.0,ambush,48.0,39.0,2.0,48.0,1.0,Bird
29.0,ambush,48.0,39.0,2.0,48.0,1.0,Bird
29.0,ambush,48.0,39.0,2.0,48.0,1.0,Bird
29.0,ambush,48.0,39.0,2.0,48.0,1.0,Bird
29.0,ambush,48.0,39.0,2.0,48.0,1.0,Bird
29.0,ambush,45.0,37.0,2.0,48.0,1.0,Bird
29.0,ambush,48.0,39.0,2.0,48.0,0.0,Bird
29.0,ambush,48.0,39.0,2.0,48.0,0.0,Bird
29.0,ambush,48.0,42.0,2.0,45.0,1.0,Bird
29.0,ambush,48.0,42.0,2.0,45.0,1.0,Bird
29.0,ambush,48.0,39.0,2.0,48.0,1.0,Bird
29.0,ambush,45.0,46.0,1.0,46.0,1.0,Bird
29.0,ambush,48.0,42.0,2.0,45.0,0.0,Bird
29.0,ambush,45.0,46.0,1.0,46.0,1.0,Bird
29.0,ambush,48.0,39.0,2.0,48.0,0.0,Bird
29.0,ambush,48.0,45.0,1.0,44.0,1.0,Bird
29.0,ambush,48.0,42.0,2.0,45.0,1.0,Bird
29.0,ambush,48.0,42.0,2.0,45.0,0.0,Bird
29.0,ambush,48.0,42.0,2.0,45.0,1.0,Bird
29.0,ambush,45.0,46.0,1.0,46.0,1.0,Bird
29.0,ambush,45.0,46.0,1.0,46.0,1.0,Bird
29.0,ambush,48.0,39.0,2.0,48.0,0.0,Bird
29.0,ambush,48.0,46.0,1.0,44.0,1.0,Bird
29.0,ambush,45.0,46.0,1.0,46.0,0.0,Bird
29.0,ambush,48.0,46.0,2.0,43.0,1.0,Bird
29.0,ambush,45.0,46.0,1.0,46.0,1.0,Bird
29.0,ambush,48.0,46.0,2.0,43.0,1.0,Bird
29.0,ambush,45.0,46.0,1.0,46.0,0.0,Bird
29.0,ambush,45.0,46.0,1.0,46.0,0.0,Bird
29.0,ambush,48.0,46.0,1.0,44.0,0.0,Bird
29.0,ambush,48.0,46.0,2.0,43.0,1.0,Bird
29.0,ambush,48.0,46.0,2.0,43.0,1.0,Bird
29.0,ambush,48.0,46.0,1.0,44.0,1.0,Bird
29.0,ambush,48.0,46.0,1.0,44.0,1.0,Bird
29.0,ambush,48.0,46.0,2.0,43.0,0.0,Bird
29.0,ambush,48.0,46.0,2.0,43.0,1.0,Bird
29.0,ambush,48.0,46.0,2.0,43.0,1.0,Bird
29.0,ambush,48.0,46.0,2.0,43.0,0.0,Bird
29.0,ambush,46.0,46.0,2.0,43.0,1.0,Bird
29.0,ambush,48.0,46.0,2.0,43.0,0.0,Bird
29.0,ambush,48.0,46.0,1.0,44.0,1.0,Bird
29.0,ambush,48.0,46.0,1.0,44.0,1.0,Bird
29.0,ambush,48.0,46.0,2.0,43.0,0.0,Bird
29.0,ambush,48.0,46.0,1.0,44.0,1.0,Bird
29.0,ambush,50.0,46.0,2.0,39.0,1.0,Bird
29.0,ambush,48.0,46.0,2.0,43.0,1.0,Bird
29.0,ambush,48.0,46.0,1.0,44.0,1.0,Bird
29.0,ambush,48.0,46.0,2.0,43.0,1.0,Bird
29.0,ambush,48.0,46.0,2.0,43.0,1.0,Bird
29.0,ambush,48.0,46.0,1.0,44.0,1.0,Bird
29.0,ambush,48.0,46.0,2.0,43.0,1.0,Bird
29.0,ambush,48.0,46.0,2.0,43.0,1.0,Bird
29.0,ambush,48.0,46.0,1.0,44.0,0.0,Bird
29.0,ambush,48.0,46.0,1.0,44.0,1.0,Bird
29.0,ambush,48.0,46.0,1.0,44.0,1.0,Bird
29.0,ambush,48.0,46.0,1.0,44.0,0.0,Bird
29.0,ambush,48.0,46.0,1.0,44.0,1.0,Bird
29.0,ambush,48.0,46.0,1.0,44.0,1.0,Bird
29.0,ambush,48.0,50.0,1.0,44.0,1.0,Bird
29.0,ambush,48.0,46.0,2.0,43.0,1.0,Bird
29.0,ambush,48.0,46.0,2.0,44.0,0.0,Bird
29.0,ambush,48.0,46.0,2.0,43.0,1.0,Bird
29.0,ambush,48.0,46.0,1.0,44.0,1.0,Bird
29.0,ambush,52.0,42.0,2.0,43.0,0.0,Bird
29.0,ambush,48.0,46.0,2.0,43.0,1.0,Bird
29.0,ambush,48.0,46.0,2.0,43.0,1.0,Bird
29.0,ambush,48.0,46.0,2.0,43.0,1.0,Bird
29.0,ambush,48.0,46.0,2.0,43.0,0.0,Bird
29.0,ambush,48.0,46.0,2.0,43.0,0.0,Bird
29.0,ambush,48.0,46.0,2.0,43.0,1.0,Bird
29.0,ambush,48.0,46.0,2.0,43.0,1.0,Bird
29.0,ambush,48.0,46.0,2.0,39.0,1.0,Bird
29.0,ambush,48.0,46.0,2.0,43.0,1.0,Bird
29.0,ambush,48.0,46.0,2.0,43.0,0.0,Bird
29.0,ambush,48.0,46.0,1.0,44.0,1.0,Bird
29.0,ambush,48.0,46.0,1.0,44.0,1.0,Bird
29.0,ambush,48.0,46.0,2.0,43.0,1.0,Bird
29.0,ambush,48.0,46.0,2.0,43.0,0.0,Bird
29.0,ambush,48.0,46.0,2.0,43.0,0.0,Bird
29.0,ambush,48.0,46.0,2.0,43.0,0.0,Bird
29.0,ambush,48.0,46.0,2.0,43.0,1.0,Bird
29.0,ambush,48.0,46.0,2.0,43.0,0.0,Bird
29.0,ambush,48.0,46.0,1.0,44.0,0.0,Bird
29.0,ambush,48.0,46.0,2.0,43.0,1.0,Bird
29.0,ambush,48.0,46.0,1.0,44.0,0.0,Bird
29.0,ambush,48.0,46.0,2.0,43.0,0.0,Bird
29.0,ambush,48.0,46.0,2.0,43.0,0.0,Bird
29.0,ambush,48.0,46.0,2.0,43.0,1.0,Bird
29.0,ambush,48.0,46.0,2.0,43.0,1.0,Bird
29.0,ambush,48.0,46.0,1.0,44.0,0.0,Bird
29.0,ambush,48.0,46.0,2.0,43.0,0.0,Bird
29.0,ambush,48.0,46.0,3.0,44.0,1.0,Bird
29.0,ambush,48.0,46.0,2.0,43.0,1.0,Bird
29.0,ambush,48.0,46.0,2.0,43.0,1.0,Bird
29.0,ambush,48.0,46.0,2.0,43.0,1.0,Bird
29.0,ambush,48.0,46.0,2.0,43.0,1.0,Bird
29.0,ambush,48.0,46.0,2.0,43.0,1.0,Bird
29.0,ambush,48.0,46.0,2.0,43.0,1.0,Bird
29.0,ambush,48.0,46.0,2.0,43.0,0.0,Bird
29.0,ambush,48.0,46.0,1.0,44.0,1.0,Bird
29.0,ambush,48.0,46.0,2.0,43.0,1.0,Bird
29.0,ambush,48.0,46.0,2.0,43.0,1.0,Bird
29.0,ambush,52.0,46.0,1.0,44.0,1.0,Bird
29.0,ambush,48.0,46.0,2.0,43.0,0.0,Bird
29.0,ambush,48.0,46.0,1.0,44.0,1.0,Bird
29.0,ambush,48.0,46.0,1.0,44.0,1.0,Bird
29.0,ambush,48.0,46.0,1.0,44.0,1.0,Bird
29.0,ambush,48.0,46.0,2.0,43.0,1.0,Bird
29.0,ambush,48.0,46.0,1.0,44.0,0.0,Bird
29.0,ambush,48.0,46.0,1.0,44.0,1.0,Bird
29.0,ambush,48.0,46.0,1.0,44.0,1.0,Bird
29.0,ambush,48.0,46.0,2.0,43.0,1.0,Bird
29.0,ambush,48.0,46.0,1.0,44.0,1.0,Bird
29.0,ambush,48.0,46.0,2.0,43.0,0.0,Bird
29.0,ambush,48.0,46.0,2.0,43.0,1.0,Bird
29.0,ambush,48.0,46.0,2.0,43.0,1.0,Bird
29.0,ambush,48.0,46.0,2.0,43.0,0.0,Bird
29.0,ambush,48.0,46.0,1.0,44.0,1.0,Bird
29.0,ambush,48.0,46.0,2.0,43.0,1.0,Bird
29.0,ambush,48.0,46.0,2.0,43.0,1.0,Bird
29.0,ambush,48.0,46.0,2.0,43.0,1.0,Bird
29.0,ambush,48.0,46.0,2.0,43.0,0.0,Bird
29.0,ambush,48.0,46.0,2.0,43.0,1.0,Bird
29.0,ambush,48.0,46.0,2.0,43.0,0.0,Bird
29.0,ambush,48.0,46.0,2.0,43.0,1.0,Bird
29.0,ambush,48.0,46.0,2.0,43.0,1.0,Bird
29.0,ambush,48.0,46.0,2.0,43.0,0.0,Bird
29.0,ambush,48.0,46.0,2.0,43.0,1.0,Bird
29.0,ambush,48.0,46.0,2.0,43.0,1.0,Bird
29.0,ambush,48.0,46.0,2.0,46.0,1.0,Bird
29.0,ambush,48.0,46.0,2.0,43.0,1.0,Bird
29.0,ambush,48.0,46.0,2.0,43.0,0.0,Bird
29.0,ambush,48.0,46.0,2.0,43.0,0.0,Bird
29.0,ambush,48.0,46.0,1.0,44.0,0.0,Bird
29.0,ambush,48.0,46.0,1.0,44.0,0.0,Bird
29.0,ambush,48.0,46.0,2.0,43.0,1.0,Bird
29.0,ambush,48.0,46.0,2.0,43.0,1.0,Bird
29.0,ambush,48.0,46.0,1.0,44.0,1.0,Bird
29.0,ambush,48.0,46.0,2.0,43.0,0.0,Bird
29.0,ambush,48.0,46.0,2.0,43.0,1.0,Bird
29.0,ambush,48.0,46.0,2.0,43.0,1.0,Bird
29.0,ambush,48.0,46.0,2.0,43.0,1.0,Bird
29.0,ambush,48.0,46.0,1.0,44.0,0.0,Bird
29.0,ambush,48.0,46.0,2.0,43.0,1.0,Bird
29.0,ambush,48.0,46.0,2.0,43.0,0.0,Bird
29.0,ambush,48.0,46.0,2.0,43.0,1.0,Bird
29.0,ambush,48.0,46.0,2.0,43.0,1.0,Bird
29.0,ambush,48.0,46.0,2.0,43.0,0.0,Bird
29.0,ambush,48.0,46.0,2.0,43.0,0.0,Bird
29.0,ambush,48.0,46.0,1.0,44.0,1.0,Bird
29.0,ambush,48.0,46.0,2.0,43.0,0.0,Bird
29.0,ambush,48.0,46.0,2.0,43.0,1.0,Bird
29.0,ambush,48.0,46.0,3.0,43.0,1.0,Bird
29.0,ambush,48.0,46.0,2.0,43.0,0.0,Bird
29.0,ambush,48.0,46.0,1.0,44.0,1.0,Bird
29.0,ambush,48.0,46.0,3.0,43.0,0.0,Bird
29.0,ambush,48.0,46.0,2.0,43.0,0.0,Bird
29.0,ambush,48.0,46.0,2.0,43.0,0.0,Bird
29.0,ambush,48.0,46.0,2.0,48.0,0.0,Bird
30.0,ambush,48.0,38.0,2.0,43.0,1.0,Bird
30.0,ambush,48.0,38.0,2.0,43.0,1.0,Bird
30.0,ambush,48.0,38.0,2.0,43.0,1.0,Bird
30.0,ambush,45.0,37.0,2.0,48.0,1.0,Bird
30.0,ambush,45.0,37.0,2.0,48.0,1.0,Bird
30.0,ambush,48.0,42.0,2.0,43.0,1.0,Bird
30.0,ambush,48.0,42.0,2.0,43.0,1.0,Bird
30.0,ambush,48.0,38.0,2.0,43.0,0.0,Bird
30.0,ambush,48.0,38.0,2.0,43.0,0.0,Bird
30.0,ambush,48.0,46.0,2.0,39.0,1.0,Bird
30.0,ambush,45.0,37.0,2.0,48.0,0.0,Bird
30.0,ambush,48.0,39.0,2.0,48.0,1.0,Bird
30.0,ambush,48.0,46.0,1.0,41.0,1.0,Bird
30.0,ambush,48.0,46.0,2.0,39.0,0.0,Bird
30.0,ambush,48.0,46.0,1.0,41.0,1.0,Bird
30.0,ambush,48.0,39.0,2.0,48.0,1.0,Bird
30.0,ambush,48.0,42.0,2.0,43.0,0.0,Bird
30.0,ambush,48.0,42.0,2.0,43.0,0.0,Bird
30.0,ambush,48.0,39.0,2.0,48.0,1.0,Bird
30.0,ambush,48.0,39.0,2.0,48.0,1.0,Bird
30.0,ambush,48.0,42.0,2.0,45.0,1.0,Bird
30.0,ambush,48.0,42.0,2.0,41.0,1.0,Bird
30.0,ambush,48.0,39.0,2.0,48.0,0.0,Bird
30.0,ambush,48.0,39.0,2.0,48.0,0.0,Bird
30.0,ambush,48.0,44.0,2.0,48.0,1.0,Bird
30.0,ambush,48.0,39.0,2.0,48.0,1.0,Bird
30.0,ambush,48.0,39.0,2.0,48.0,0.0,Bird
30.0,ambush,48.0,39.0,2.0,48.0,0.0,Bird
30.0,ambush,48.0,39.0,1.0,48.0,1.0,Bird
30.0,ambush,48.0,38.0,2.0,43.0,0.0,Bird
30.0,ambush,48.0,39.0,2.0,48.0,1.0,Bird
30.0,ambush,48.0,42.0,2.0,45.0,1.0,Bird
30.0,ambush,48.0,39.0,2.0,48.0,0.0,Bird
30.0,ambush,48.0,39.0,2.0,48.0,0.0,Bird
30.0,ambush,48.0,39.0,2.0,48.0,0.0,Bird
30.0,ambush,48.0,39.0,2.0,48.0,0.0,Bird
30.0,ambush,48.0,42.0,2.0,45.0,0.0,Bird
30.0,ambush,48.0,42.0,2.0,45.0,1.0,Bird
30.0,ambush,48.0,39.0,2.0,48.0,1.0,Bird
30.0,ambush,47.0,42.0,2.0,45.0,0.0,Bird
30.0,ambush,50.0,46.0,2.0,39.0,0.0,Bird
30.0,ambush,48.0,42.0,2.0,45.0,1.0,Bird
30.0,ambush,48.0,39.0,2.0,48.0,1.0,Bird
30.0,ambush,46.0,46.0,2.0,43.0,0.0,Bird
30.0,ambush,50.0,46.0,2.0,39.0,1.0,Bird
30.0,ambush,48.0,39.0,2.0,48.0,1.0,Bird
30.0,ambush,48.0,39.0,2.0,48.0,0.0,Bird
30.0,ambush,48.0,42.0,2.0,45.0,0.0,Bird
30.0,ambush,48.0,42.0,2.0,45.0,1.0,Bird
30.0,ambush,48.0,42.0,2.0,45.0,1.0,Bird
30.0,ambush,46.0,46.0,2.0,43.0,1.0,Bird
30.0,ambush,48.0,42.0,2.0,45.0,1.0,Bird
30.0,ambush,48.0,42.0,2.0,45.0,1.0,Bird
30.0,ambush,48.0,39.0,2.0,48.0,0.0,Bird
30.0,ambush,48.0,42.0,2.0,45.0,1.0,Bird
30.0,ambush,48.0,42.0,2.0,45.0,1.0,Bird
30.0,ambush,48.0,39.0,2.0,48.0,1.0,Bird
30.0,ambush,48.0,42.0,2.0,45.0,0.0,Bird
30.0,ambush,48.0,42.0,2.0,45.0,0.0,Bird
30.0,ambush,45.0,46.0,1.0,46.0,1.0,Bird
30.0,ambush,45.0,46.0,1.0,46.0,1.0,Bird
30.0,ambush,45.0,42.0,2.0,45.0,0.0,Bird
30.0,ambush,48.0,45.0,1.0,44.0,1.0,Bird
30.0,ambush,45.0,46.0,1.0,46.0,0.0,Bird
30.0,ambush,45.0,46.0,1.0,46.0,1.0,Bird
30.0,ambush,48.0,45.0,1.0,44.0,1.0,Bird
30.0,ambush,45.0,46.0,1.0,46.0,1.0,Bird
30.0,ambush,45.0,46.0,1.0,46.0,1.0,Bird
30.0,ambush,48.0,46.0,1.0,44.0,1.0,Bird
30.0,ambush,45.0,46.0,1.0,46.0,1.0,Bird
30.0,ambush,50.0,46.0,2.0,39.0,0.0,Bird
30.0,ambush,48.0,46.0,1.0,44.0,1.0,Bird
30.0,ambush,48.0,46.0,1.0,44.0,1.0,Bird
30.0,ambush,48.0,45.0,1.0,44.0,0.0,Bird
30.0,ambush,48.0,46.0,2.0,43.0,1.0,Bird
30.0,ambush,45.0,46.0,1.0,46.0,1.0,Bird
30.0,ambush,48.0,46.0,2.0,43.0,1.0,Bird
30.0,ambush,48.0,46.0,2.0,43.0,1.0,Bird
30.0,ambush,48.0,46.0,2.0,43.0,1.0,Bird
30.0,ambush,48.0,46.0,1.0,44.0,0.0,Bird
30.0,ambush,48.0,46.0,1.0,44.0,1.0,Bird
30.0,ambush,48.0,46.0,2.0,43.0,1.0,Bird
30.0,ambush,48.0,46.0,1.0,44.0,0.0,Bird
30.0,ambush,48.0,46.0,2.0,43.0,1.0,Bird
30.0,ambush,48.0,46.0,1.0,44.0,1.0,Bird
30.0,ambush,48.0,46.0,2.0,43.0,0.0,Bird
30.0,ambush,48.0,46.0,1.0,44.0,1.0,Bird
30.0,ambush,48.0,46.0,2.0,43.0,0.0,Bird
30.0,ambush,48.0,46.0,1.0,44.0,1.0,Bird
30.0,ambush,48.0,46.0,1.0,44.0,1.0,Bird
30.0,ambush,48.0,39.0,2.0,48.0,0.0,Bird
30.0,ambush,48.0,46.0,1.0,44.0,0.0,Bird
30.0,ambush,48.0,49.0,4.0,44.0,1.0,Bird
30.0,ambush,48.0,46.0,2.0,43.0,1.0,Bird
30.0,ambush,48.0,46.0,1.0,44.0,1.0,Bird
30.0,ambush,48.0,46.0,2.0,43.0,1.0,Bird
30.0,ambush,48.0,46.0,2.0,43.0,1.0,Bird
30.0,ambush,48.0,46.0,2.0,43.0,1.0,Bird
30.0,ambush,48.0,46.0,2.0,43.0,0.0,Bird
30.0,ambush,48.0,46.0,2.0,43.0,1.0,Bird
30.0,ambush,48.0,46.0,2.0,43.0,1.0,Bird
30.0,ambush,48.0,46.0,2.0,43.0,1.0,Bird
30.0,ambush,48.0,46.0,2.0,43.0,1.0,Bird
30.0,ambush,48.0,46.0,2.0,43.0,1.0,Bird
30.0,ambush,48.0,46.0,1.0,44.0,1.0,Bird
30.0,ambush,48.0,46.0,2.0,43.0,1.0,Bird
30.0,ambush,48.0,46.0,2.0,43.0,0.0,Bird
30.0,ambush,48.0,46.0,2.0,43.0,1.0,Bird
30.0,ambush,48.0,46.0,2.0,43.0,0.0,Bird
30.0,ambush,48.0,46.0,2.0,43.0,0.0,Bird
30.0,ambush,48.0,46.0,2.0,43.0,1.0,Bird
30.0,ambush,48.0,46.0,2.0,43.0,1.0,Bird
30.0,ambush,48.0,46.0,2.0,43.0,1.0,Bird
30.0,ambush,48.0,46.0,2.0,43.0,1.0,Bird
30.0,ambush,48.0,46.0,2.0,43.0,1.0,Bird
30.0,ambush,48.0,46.0,2.0,43.0,1.0,Bird
30.0,ambush,48.0,46.0,2.0,43.0,1.0,Bird
30.0,ambush,48.0,46.0,2.0,43.0,1.0,Bird
30.0,ambush,48.0,46.0,2.0,43.0,1.0,Bird
30.0,ambush,48.0,46.0,2.0,43.0,0.0,Bird
30.0,ambush,48.0,46.0,2.0,43.0,1.0,Bird
30.0,ambush,48.0,46.0,2.0,43.0,1.0,Bird
30.0,ambush,48.0,46.0,2.0,43.0,0.0,Bird
30.0,ambush,48.0,46.0,1.0,44.0,0.0,Bird
30.0,ambush,48.0,46.0,2.0,43.0,1.0,Bird
30.0,ambush,48.0,46.0,2.0,43.0,1.0,Bird
30.0,ambush,48.0,46.0,2.0,43.0,1.0,Bird
30.0,ambush,48.0,46.0,2.0,43.0,1.0,Bird
30.0,ambush,48.0,46.0,2.0,43.0,1.0,Bird
30.0,ambush,48.0,46.0,2.0,43.0,0.0,Bird
30.0,ambush,48.0,46.0,2.0,43.0,1.0,Bird
30.0,ambush,48.0,46.0,2.0,43.0,0.0,Bird
30.0,ambush,48.0,46.0,2.0,43.0,1.0,Bird
30.0,ambush,48.0,46.0,2.0,43.0,1.0,Bird
30.0,ambush,48.0,46.0,2.0,43.0,1.0,Bird
30.0,ambush,48.0,46.0,2.0,43.0,1.0,Bird
30.0,ambush,48.0,46.0,2.0,43.0,0.0,Bird
30.0,ambush,48.0,47.0,2.0,43.0,1.0,Bird
30.0,ambush,48.0,46.0,2.0,43.0,1.0,Bird
30.0,ambush,48.0,46.0,1.0,44.0,1.0,Bird
30.0,ambush,48.0,46.0,2.0,43.0,0.0,Bird
30.0,ambush,48.0,46.0,2.0,43.0,1.0,Bird
30.0,ambush,48.0,46.0,2.0,43.0,1.0,Bird
30.0,ambush,48.0,46.0,1.0,44.0,1.0,Bird
30.0,ambush,48.0,46.0,1.0,44.0,0.0,Bird
30.0,ambush,48.0,49.0,1.0,45.0,1.0,Bird
30.0,ambush,48.0,46.0,2.0,43.0,1.0,Bird
30.0,ambush,48.0,46.0,2.0,43.0,1.0,Bird
30.0,ambush,48.0,46.0,1.0,44.0,1.0,Bird
30.0,ambush,48.0,46.0,2.0,43.0,0.0,Bird
30.0,ambush,48.0,46.0,1.0,44.0,1.0,Bird
30.0,ambush,48.0,46.0,2.0,43.0,0.0,Bird
30.0,ambush,48.0,46.0,1.0,44.0,0.0,Bird
30.0,ambush,48.0,46.0,2.0,49.0,0.0,Bird
31.0,ambush,48.0,38.0,2.0,43.0,1.0,Bird
31.0,ambush,48.0,38.0,2.0,43.0,1.0,Bird
31.0,ambush,48.0,38.0,2.0,43.0,1.0,Bird
31.0,ambush,48.0,38.0,2.0,43.0,1.0,Bird
31.0,ambush,48.0,37.0,2.0,45.0,1.0,Bird
31.0,ambush,48.0,42.0,2.0,41.0,1.0,Bird
31.0,ambush,48.0,38.0,2.0,43.0,1.0,Bird
31.0,ambush,45.0,37.0,2.0,48.0,1.0,Bird
31.0,ambush,45.0,37.0,2.0,48.0,1.0,Bird
31.0,ambush,45.0,37.0,2.0,48.0,0.0,Bird
31.0,ambush,45.0,37.0,2.0,48.0,1.0,Bird
31.0,ambush,48.0,42.0,2.0,41.0,0.0,Bird
31.0,ambush,48.0,42.0,1.0,38.0,1.0,Bird
31.0,ambush,48.0,46.0,2.0,39.0,0.0,Bird
31.0,ambush,48.0,46.0,2.0,39.0,1.0,Bird
31.0,ambush,48.0,42.0,2.0,43.0,1.0,Bird
31.0,ambush,48.0,42.0,2.0,43.0,1.0,Bird
31.0,ambush,48.0,39.0,1.0,48.0,1.0,Bird
31.0,ambush,48.0,46.0,2.0,39.0,1.0,Bird
31.0,ambush,48.0,38.0,2.0,43.0,0.0,Bird
31.0,ambush,48.0,46.0,1.0,41.0,1.0,Bird
31.0,ambush,48.0,46.0,1.0,41.0,1.0,Bird
31.0,ambush,48.0,46.0,1.0,41.0,1.0,Bird
31.0,ambush,48.0,39.0,1.0,48.0,0.0,Bird
31.0,ambush,48.0,46.0,1.0,41.0,0.0,Bird
31.0,ambush,48.0,45.0,2.0,46.0,1.0,Bird
31.0,ambush,48.0,42.0,2.0,45.0,1.0,Bird
31.0,ambush,48.0,46.0,1.0,41.0,0.0,Bird
31.0,ambush,48.0,39.0,2.0,48.0,1.0,Bird
31.0,ambush,50.0,46.0,2.0,39.0,1.0,Bird
31.0,ambush,48.0,39.0,2.0,48.0,1.0,Bird
31.0,ambush,50.0,46.0,2.0,39.0,0.0,Bird
31.0,ambush,50.0,46.0,2.0,39.0,1.0,Bird
31.0,ambush,48.0,39.0,2.0,48.0,1.0,Bird
31.0,ambush,48.0,39.0,2.0,48.0,0.0,Bird
31.0,ambush,48.0,42.0,2.0,45.0,1.0,Bird
31.0,ambush,48.0,42.0,2.0,45.0,1.0,Bird
31.0,ambush,48.0,39.0,2.0,48.0,1.0,Bird
31.0,ambush,46.0,39.0,2.0,49.0,1.0,Bird
31.0,ambush,48.0,39.0,2.0,48.0,1.0,Bird
31.0,ambush,48.0,42.0,2.0,45.0,0.0,Bird
31.0,ambush,48.0,39.0,2.0,48.0,0.0,Bird
31.0,ambush,48.0,39.0,2.0,48.0,0.0,Bird
31.0,ambush,48.0,39.0,2.0,48.0,1.0,Bird
31.0,ambush,48.0,39.0,2.0,48.0,0.0,Bird
31.0,ambush,48.0,39.0,2.0,48.0,0.0,Bird
31.0,ambush,48.0,42.0,2.0,45.0,1.0,Bird
31.0,ambush,48.0,39.0,2.0,48.0,1.0,Bird
31.0,ambush,48.0,42.0,2.0,45.0,1.0,Bird
31.0,ambush,48.0,42.0,2.0,45.0,1.0,Bird
31.0,ambush,48.0,39.0,2.0,48.0,1.0,Bird
31.0,ambush,48.0,39.0,1.0,48.0,0.0,Bird
31.0,ambush,48.0,42.0,2.0,45.0,1.0,Bird
31.0,ambush,48.0,42.0,2.0,45.0,1.0,Bird
31.0,ambush,48.0,42.0,2.0,43.0,0.0,Bird
31.0,ambush,48.0,39.0,2.0,48.0,0.0,Bird
31.0,ambush,48.0,39.0,2.0,48.0,1.0,Bird
31.0,ambush,48.0,42.0,2.0,45.0,0.0,Bird
31.0,ambush,48.0,39.0,2.0,48.0,1.0,Bird
31.0,ambush,48.0,42.0,2.0,45.0,0.0,Bird
31.0,ambush,48.0,42.0,2.0,45.0,1.0,Bird
31.0,ambush,48.0,42.0,2.0,45.0,1.0,Bird
31.0,ambush,48.0,42.0,2.0,45.0,0.0,Bird
31.0,ambush,48.0,39.0,2.0,48.0,0.0,Bird
31.0,ambush,48.0,42.0,2.0,45.0,1.0,Bird
31.0,ambush,48.0,42.0,2.0,45.0,1.0,Bird
31.0,ambush,48.0,42.0,2.0,45.0,1.0,Bird
31.0,ambush,48.0,42.0,2.0,45.0,0.0,Bird
31.0,ambush,46.0,46.0,2.0,43.0,0.0,Bird
31.0,ambush,45.0,46.0,1.0,46.0,1.0,Bird
31.0,ambush,45.0,46.0,1.0,46.0,1.0,Bird
31.0,ambush,45.0,46.0,1.0,46.0,1.0,Bird
31.0,ambush,48.0,39.0,2.0,48.0,1.0,Bird
31.0,ambush,48.0,42.0,2.0,45.0,0.0,Bird
31.0,ambush,45.0,46.0,1.0,46.0,1.0,Bird
31.0,ambush,45.0,46.0,1.0,46.0,1.0,Bird
31.0,ambush,48.0,42.0,2.0,45.0,0.0,Bird
31.0,ambush,45.0,46.0,1.0,46.0,0.0,Bird
31.0,ambush,48.0,45.0,1.0,44.0,1.0,Bird
31.0,ambush,48.0,45.0,1.0,44.0,0.0,Bird
31.0,ambush,45.0,46.0,1.0,46.0,1.0,Bird
31.0,ambush,45.0,46.0,1.0,46.0,1.0,Bird
31.0,ambush,48.0,45.0,1.0,44.0,1.0,Bird
31.0,ambush,45.0,46.0,1.0,46.0,1.0,Bird
31.0,ambush,48.0,46.0,1.0,44.0,1.0,Bird
31.0,ambush,48.0,46.0,1.0,44.0,1.0,Bird
31.0,ambush,51.0,42.0,2.0,45.0,0.0,Bird
31.0,ambush,45.0,46.0,1.0,46.0,1.0,Bird
31.0,ambush,48.0,46.0,2.0,43.0,1.0,Bird
31.0,ambush,45.0,46.0,1.0,46.0,0.0,Bird
31.0,ambush,48.0,46.0,2.0,43.0,1.0,Bird
31.0,ambush,48.0,46.0,1.0,44.0,0.0,Bird
31.0,ambush,48.0,46.0,2.0,43.0,1.0,Bird
31.0,ambush,48.0,46.0,2.0,43.0,0.0,Bird
31.0,ambush,48.0,46.0,2.0,43.0,1.0,Bird
31.0,ambush,48.0,46.0,2.0,43.0,0.0,Bird
31.0,ambush,48.0,42.0,2.0,43.0,1.0,Bird
31.0,ambush,48.0,46.0,2.0,43.0,1.0,Bird
31.0,ambush,48.0,46.0,1.0,44.0,1.0,Bird
31.0,ambush,48.0,46.0,2.0,43.0,1.0,Bird
31.0,ambush,48.0,46.0,2.0,43.0,0.0,Bird
31.0,ambush,45.0,46.0,1.0,46.0,0.0,Bird
31.0,ambush,48.0,46.0,2.0,43.0,0.0,Bird
31.0,ambush,48.0,46.0,2.0,43.0,1.0,Bird
31.0,ambush,45.0,46.0,1.0,46.0,0.0,Bird
31.0,ambush,48.0,46.0,2.0,43.0,1.0,Bird
31.0,ambush,48.0,46.0,2.0,43.0,1.0,Bird
31.0,ambush,48.0,46.0,2.0,43.0,1.0,Bird
31.0,ambush,48.0,46.0,1.0,44.0,1.0,Bird
31.0,ambush,48.0,46.0,2.0,43.0,1.0,Bird
31.0,ambush,48.0,46.0,2.0,43.0,0.0,Bird
31.0,ambush,48.0,46.0,2.0,43.0,0.0,Bird
31.0,ambush,48.0,46.0,2.0,43.0,0.0,Bird
31.0,ambush,48.0,46.0,2.0,43.0,0.0,Bird
31.0,ambush,48.0,46.0,1.0,44.0,1.0,Bird
31.0,ambush,48.0,46.0,1.0,44.0,1.0,Bird
31.0,ambush,48.0,46.0,2.0,43.0,1.0,Bird
31.0,ambush,48.0,46.0,1.0,44.0,1.0,Bird
31.0,ambush,48.0,46.0,1.0,44.0,0.0,Bird
31.0,ambush,48.0,46.0,2.0,43.0,0.0,Bird
31.0,ambush,48.0,46.0,2.0,43.0,0.0,Bird
31.0,ambush,48.0,46.0,2.0,43.0,1.0,Bird
31.0,ambush,44.0,46.0,1.0,43.0,0.0,Bird
31.0,ambush,48.0,46.0,2.0,43.0,1.0,Bird
31.0,ambush,48.0,46.0,2.0,43.0,1.0,Bird
31.0,ambush,48.0,46.0,2.0,43.0,0.0,Bird
31.0,ambush,48.0,46.0,2.0,43.0,1.0,Bird
31.0,ambush,48.0,46.0,2.0,43.0,1.0,Bird
31.0,ambush,48.0,46.0,2.0,43.0,1.0,Bird
31.0,ambush,48.0,46.0,2.0,43.0,1.0,Bird
31.0,ambush,48.0,46.0,2.0,43.0,0.0,Bird
31.0,ambush,48.0,50.0,1.0,43.0,1.0,Bird
31.0,ambush,48.0,46.0,2.0,43.0,1.0,Bird
31.0,ambush,48.0,46.0,2.0,43.0,1.0,Bird
31.0,ambush,48.0,46.0,2.0,43.0,1.0,Bird
31.0,ambush,48.0,46.0,2.0,43.0,1.0,Bird
31.0,ambush,48.0,46.0,1.0,44.0,1.0,Bird
31.0,ambush,48.0,46.0,1.0,44.0,1.0,Bird
31.0,ambush,48.0,46.0,1.0,44.0,1.0,Bird
31.0,ambush,48.0,46.0,2.0,43.0,0.0,Bird
31.0,ambush,48.0,46.0,1.0,44.0,1.0,Bird
31.0,ambush,48.0,46.0,2.0,47.0,0.0,Bird
31.0,ambush,48.0,46.0,2.0,43.0,1.0,Bird
31.0,ambush,48.0,46.0,2.0,43.0,1.0,Bird
31.0,ambush,48.0,46.0,1.0,44.0,1.0,Bird
31.0,ambush,48.0,46.0,2.0,43.0,1.0,Bird
31.0,ambush,48.0,46.0,1.0,44.0,0.0,Bird
31.0,ambush,47.0,46.0,2.0,47.0,0.0,Bird
31.0,ambush,48.0,46.0,2.0,43.0,1.0,Bird
31.0,ambush,48.0,46.0,2.0,43.0,0.0,Bird
31.0,ambush,48.0,46.0,2.0,43.0,1.0,Bird
31.0,ambush,48.0,46.0,2.0,43.0,1.0,Bird
31.0,ambush,48.0,46.0,2.0,43.0,1.0,Bird
31.0,ambush,48.0,46.0,2.0,43.0,1.0,Bird
31.0,ambush,48.0,46.0,2.0,43.0,1.0,Bird
31.0,ambush,48.0,46.0,2.0,43.0,1.0,Bird
31.0,ambush,48.0,46.0,2.0,43.0,1.0,Bird
31.0,ambush,48.0,46.0,2.0,43.0,0.0,Bird
31.0,ambush,48.0,46.0,2.0,43.0,0.0,Bird
32.0,ambush,48.0,38.0,3.0,43.0,0.0,Bird
32.0,ambush,48.0,38.0,2.0,43.0,0.0,Bird
32.0,ambush,48.0,38.0,2.0,43.0,1.0,Bird
32.0,ambush,48.0,38.0,2.0,43.0,0.0,Bird
32.0,ambush,48.0,42.0,1.0,38.0,1.0,Bird
32.0,ambush,48.0,38.0,2.0,43.0,1.0,Bird
32.0,ambush,48.0,42.0,1.0,38.0,0.0,Bird
32.0,ambush,48.0,38.0,2.0,43.0,1.0,Bird
32.0,ambush,48.0,38.0,2.0,43.0,1.0,Bird
32.0,ambush,45.0,37.0,2.0,48.0,1.0,Bird
32.0,ambush,48.0,38.0,2.0,43.0,1.0,Bird
32.0,ambush,48.0,38.0,2.0,43.0,1.0,Bird
32.0,ambush,48.0,38.0,2.0,43.0,1.0,Bird
32.0,ambush,48.0,38.0,2.0,43.0,1.0,Bird
32.0,ambush,48.0,38.0,2.0,43.0,1.0,Bird
32.0,ambush,45.0,37.0,2.0,48.0,1.0,Bird
32.0,ambush,45.0,37.0,2.0,48.0,1.0,Bird
32.0,ambush,45.0,37.0,2.0,48.0,1.0,Bird
32.0,ambush,45.0,37.0,2.0,48.0,1.0,Bird
32.0,ambush,48.0,37.0,2.0,45.0,0.0,Bird
32.0,ambush,48.0,38.0,2.0,43.0,0.0,Bird
32.0,ambush,45.0,37.0,2.0,48.0,1.0,Bird
32.0,ambush,48.0,37.0,2.0,45.0,0.0,Bird
32.0,ambush,48.0,42.0,2.0,41.0,1.0,Bird
32.0,ambush,49.0,37.0,2.0,45.0,0.0,Bird
32.0,ambush,45.0,37.0,2.0,48.0,1.0,Bird
32.0,ambush,48.0,42.0,2.0,41.0,1.0,Bird
32.0,ambush,48.0,42.0,2.0,43.0,1.0,Bird
32.0,ambush,48.0,42.0,2.0,43.0,1.0,Bird
32.0,ambush,48.0,42.0,2.0,43.0,1.0,Bird
32.0,ambush,48.0,42.0,2.0,41.0,0.0,Bird
32.0,ambush,45.0,37.0,2.0,48.0,0.0,Bird
32.0,ambush,48.0,42.0,2.0,43.0,1.0,Bird
32.0,ambush,48.0,42.0,2.0,43.0,1.0,Bird
32.0,ambush,48.0,42.0,2.0,43.0,1.0,Bird
32.0,ambush,48.0,42.0,2.0,43.0,1.0,Bird
32.0,ambush,48.0,46.0,2.0,39.0,1.0,Bird
32.0,ambush,45.0,37.0,2.0,48.0,0.0,Bird
32.0,ambush,46.0,39.0,2.0,49.0,1.0,Bird
32.0,ambush,48.0,46.0,2.0,39.0,1.0,Bird
32.0,ambush,48.0,46.0,2.0,39.0,0.0,Bird
32.0,ambush,48.0,46.0,2.0,39.0,1.0,Bird
32.0,ambush,48.0,46.0,2.0,39.0,1.0,Bird
32.0,ambush,48.0,42.0,2.0,43.0,1.0,Bird
32.0,ambush,48.0,46.0,1.0,41.0,1.0,Bird
32.0,ambush,48.0,46.0,2.0,39.0,0.0,Bird
32.0,ambush,46.0,39.0,2.0,49.0,1.0,Bird
32.0,ambush,48.0,46.0,1.0,41.0,1.0,Bird
32.0,ambush,48.0,46.0,1.0,41.0,1.0,Bird
32.0,ambush,48.0,39.0,1.0,48.0,1.0,Bird
32.0,ambush,48.0,46.0,1.0,41.0,1.0,Bird
32.0,ambush,48.0,46.0,1.0,41.0,1.0,Bird
32.0,ambush,48.0,39.0,2.0,48.0,1.0,Bird
32.0,ambush,48.0,46.0,1.0,41.0,1.0,Bird
32.0,ambush,46.0,39.0,2.0,49.0,0.0,Bird
32.0,ambush,48.0,46.0,1.0,41.0,0.0,Bird
32.0,ambush,48.0,39.0,2.0,48.0,1.0,Bird
32.0,ambush,48.0,39.0,2.0,48.0,0.0,Bird
32.0,ambush,48.0,42.0,2.0,45.0,1.0,Bird
32.0,ambush,48.0,39.0,2.0,48.0,1.0,Bird
32.0,ambush,48.0,39.0,2.0,48.0,0.0,Bird
32.0,ambush,48.0,39.0,2.0,48.0,1.0,Bird
32.0,ambush,48.0,42.0,2.0,45.0,1.0,Bird
32.0,ambush,48.0,39.0,2.0,48.0,1.0,Bird
32.0,ambush,48.0,42.0,2.0,45.0,1.0,Bird
32.0,ambush,48.0,39.0,2.0,50.0,1.0,Bird
32.0,ambush,50.0,46.0,2.0,39.0,1.0,Bird
32.0,ambush,48.0,42.0,2.0,45.0,0.0,Bird
32.0,ambush,48.0,42.0,2.0,45.0,1.0,Bird
32.0,ambush,50.0,46.0,2.0,39.0,1.0,Bird
32.0,ambush,48.0,46.0,1.0,41.0,0.0,Bird
32.0,ambush,48.0,42.0,2.0,45.0,0.0,Bird
32.0,ambush,48.0,42.0,2.0,45.0,1.0,Bird
32.0,ambush,48.0,42.0,2.0,45.0,1.0,Bird
32.0,ambush,48.0,42.0,2.0,45.0,0.0,Bird
32.0,ambush,48.0,42.0,2.0,45.0,1.0,Bird
32.0,ambush,48.0,42.0,2.0,45.0,0.0,Bird
32.0,ambush,48.0,42.0,2.0,45.0,0.0,Bird
32.0,ambush,48.0,42.0,2.0,45.0,1.0,Bird
32.0,ambush,48.0,42.0,2.0,45.0,0.0,Bird
32.0,ambush,48.0,42.0,2.0,45.0,0.0,Bird
32.0,ambush,48.0,42.0,2.0,45.0,1.0,Bird
32.0,ambush,48.0,42.0,2.0,45.0,1.0,Bird
32.0,ambush,48.0,42.0,2.0,45.0,0.0,Bird
32.0,ambush,48.0,39.0,2.0,48.0,1.0,Bird
32.0,ambush,48.0,39.0,2.0,48.0,0.0,Bird
32.0,ambush,48.0,39.0,2.0,48.0,0.0,Bird
32.0,ambush,48.0,39.0,2.0,48.0,0.0,Bird
32.0,ambush,48.0,42.0,2.0,45.0,1.0,Bird
32.0,ambush,48.0,42.0,2.0,45.0,1.0,Bird
32.0,ambush,48.0,39.0,2.0,48.0,0.0,Bird
32.0,ambush,48.0,42.0,2.0,45.0,0.0,Bird
32.0,ambush,48.0,42.0,2.0,45.0,1.0,Bird
32.0,ambush,48.0,42.0,2.0,45.0,1.0,Bird
32.0,ambush,48.0,39.0,2.0,48.0,1.0,Bird
32.0,ambush,48.0,39.0,2.0,48.0,1.0,Bird
32.0,ambush,48.0,42.0,2.0,45.0,1.0,Bird
32.0,ambush,48.0,42.0,2.0,45.0,1.0,Bird
32.0,ambush,48.0,39.0,2.0,48.0,1.0,Bird
32.0,ambush,48.0,39.0,2.0,48.0,0.0,Bird
32.0,ambush,50.0,46.0,2.0,39.0,1.0,Bird
32.0,ambush,48.0,42.0,2.0,45.0,1.0,Bird
32.0,ambush,48.0,39.0,2.0,48.0,0.0,Bird
32.0,ambush,50.0,46.0,2.0,39.0,0.0,Bird
32.0,ambush,50.0,46.0,2.0,39.0,0.0,Bird
32.0,ambush,48.0,39.0,2.0,48.0,1.0,Bird
32.0,ambush,48.0,42.0,2.0,45.0,1.0,Bird
32.0,ambush,48.0,42.0,2.0,45.0,1.0,Bird
32.0,ambush,48.0,39.0,2.0,48.0,0.0,Bird
32.0,ambush,48.0,39.0,2.0,48.0,1.0,Bird
32.0,ambush,48.0,39.0,2.0,48.0,1.0,Bird
32.0,ambush,48.0,42.0,2.0,45.0,0.0,Bird
32.0,ambush,48.0,39.0,2.0,48.0,1.0,Bird
32.0,ambush,48.0,42.0,2.0,45.0,0.0,Bird
32.0,ambush,45.0,46.0,1.0,46.0,0.0,Bird
32.0,ambush,45.0,46.0,1.0,46.0,0.0,Bird
32.0,ambush,48.0,39.0,2.0,48.0,0.0,Bird
32.0,ambush,45.0,46.0,1.0,46.0,1.0,Bird
32.0,ambush,43.0,42.0,5.0,45.0,0.0,Bird
32.0,ambush,45.0,46.0,1.0,46.0,1.0,Bird
32.0,ambush,45.0,50.0,1.0,46.0,1.0,Bird
32.0,ambush,45.0,46.0,1.0,46.0,1.0,Bird
32.0,ambush,45.0,46.0,1.0,46.0,1.0,Bird
32.0,ambush,45.0,46.0,1.0,46.0,1.0,Bird
32.0,ambush,45.0,46.0,1.0,46.0,1.0,Bird
32.0,ambush,45.0,46.0,1.0,46.0,0.0,Bird
32.0,ambush,45.0,46.0,1.0,46.0,0.0,Bird
32.0,ambush,45.0,46.0,1.0,46.0,1.0,Bird
32.0,ambush,48.0,45.0,1.0,44.0,0.0,Bird
32.0,ambush,45.0,46.0,1.0,46.0,1.0,Bird
32.0,ambush,48.0,45.0,1.0,44.0,0.0,Bird
32.0,ambush,45.0,46.0,1.0,46.0,1.0,Bird
32.0,ambush,45.0,46.0,1.0,46.0,1.0,Bird
32.0,ambush,45.0,46.0,1.0,46.0,1.0,Bird
32.0,ambush,48.0,45.0,1.0,44.0,0.0,Bird
32.0,ambush,48.0,46.0,2.0,43.0,0.0,Bird
32.0,ambush,45.0,46.0,1.0,46.0,1.0,Bird
32.0,ambush,45.0,46.0,1.0,46.0,1.0,Bird
32.0,ambush,45.0,46.0,1.0,46.0,1.0,Bird
32.0,ambush,48.0,46.0,2.0,43.0,1.0,Bird
32.0,ambush,48.0,46.0,2.0,43.0,1.0,Bird
32.0,ambush,45.0,46.0,1.0,46.0,0.0,Bird
32.0,ambush,48.0,46.0,2.0,43.0,0.0,Bird
32.0,ambush,48.0,46.0,1.0,44.0,0.0,Bird
32.0,ambush,48.0,46.0,2.0,43.0,1.0,Bird
32.0,ambush,48.0,46.0,2.0,43.0,1.0,Bird
32.0,ambush,48.0,46.0,2.0,43.0,1.0,Bird
32.0,ambush,48.0,46.0,2.0,43.0,0.0,Bird
32.0,ambush,48.0,46.0,1.0,44.0,0.0,Bird
32.0,ambush,48.0,46.0,2.0,43.0,1.0,Bird
32.0,ambush,48.0,45.0,1.0,44.0,0.0,Bird
32.0,ambush,48.0,46.0,2.0,43.0,1.0,Bird
32.0,ambush,48.0,46.0,2.0,43.0,1.0,Bird
32.0,ambush,48.0,46.0,2.0,43.0,1.0,Bird
32.0,ambush,48.0,46.0,2.0,43.0,0.0,Bird
32.0,ambush,48.0,46.0,1.0,44.0,0.0,Bird
32.0,ambush,48.0,46.0,2.0,43.0,1.0,Bird
32.0,ambush,48.0,46.0,2.0,43.0,1.0,Bird
32.0,ambush,45.0,46.0,1.0,46.0,0.0,Bird
32.0,ambush,48.0,46.0,2.0,43.0,1.0,Bird
32.0,ambush,48.0,46.0,2.0,43.0,1.0,Bird
32.0,ambush,48.0,46.0,2.0,43.0,1.0,Bird
32.0,ambush,48.0,46.0,1.0,44.0,1.0,Bird
32.0,ambush,48.0,46.0,2.0,43.0,0.0,Bird
32.0,ambush,48.0,46.0,1.0,44.0,1.0,Bird
32.0,ambush,48.0,46.0,2.0,43.0,1.0,Bird
32.0,ambush,48.0,50.0,2.0,43.0,1.0,Bird
32.0,ambush,48.0,46.0,2.0,43.0,0.0,Bird
32.0,ambush,48.0,46.0,2.0,43.0,0.0,Bird
33.0,ambush,48.0,38.0,2.0,43.0,1.0,Bird
33.0,ambush,47.0,38.0,2.0,43.0,1.0,Bird
33.0,ambush,48.0,42.0,1.0,38.0,1.0,Bird
33.0,ambush,48.0,38.0,2.0,43.0,1.0,Bird
33.0,ambush,48.0,38.0,2.0,43.0,1.0,Bird
33.0,ambush,48.0,38.0,2.0,43.0,0.0,Bird
33.0,ambush,48.0,38.0,2.0,43.0,1.0,Bird
33.0,ambush,48.0,38.0,2.0,43.0,1.0,Bird
33.0,ambush,48.0,38.0,2.0,43.0,0.0,Bird
33.0,ambush,48.0,38.0,2.0,43.0,1.0,Bird
33.0,ambush,48.0,37.0,4.0,43.0,1.0,Bird
33.0,ambush,48.0,38.0,2.0,43.0,0.0,Bird
33.0,ambush,48.0,38.0,2.0,43.0,0.0,Bird
33.0,ambush,48.0,38.0,2.0,43.0,0.0,Bird
33.0,ambush,48.0,38.0,2.0,43.0,0.0,Bird
33.0,ambush,48.0,38.0,2.0,43.0,1.0,Bird
33.0,ambush,48.0,38.0,2.0,43.0,0.0,Bird
33.0,ambush,45.0,37.0,2.0,48.0,1.0,Bird
33.0,ambush,45.0,37.0,2.0,48.0,1.0,Bird
33.0,ambush,45.0,37.0,2.0,48.0,0.0,Bird
33.0,ambush,45.0,37.0,2.0,48.0,0.0,Bird
33.0,ambush,48.0,38.0,2.0,43.0,0.0,Bird
33.0,ambush,45.0,37.0,2.0,48.0,0.0,Bird
33.0,ambush,45.0,37.0,2.0,48.0,0.0,Bird
33.0,ambush,45.0,37.0,2.0,48.0,0.0,Bird
33.0,ambush,45.0,37.0,2.0,48.0,0.0,Bird
33.0,ambush,45.0,37.0,2.0,48.0,1.0,Bird
33.0,ambush,45.0,37.0,2.0,48.0,1.0,Bird
33.0,ambush,45.0,37.0,2.0,48.0,1.0,Bird
33.0,ambush,45.0,37.0,2.0,48.0,0.0,Bird
33.0,ambush,45.0,37.0,2.0,48.0,1.0,Bird
33.0,ambush,45.0,37.0,2.0,48.0,1.0,Bird
33.0,ambush,45.0,37.0,2.0,48.0,0.0,Bird
33.0,ambush,48.0,42.0,2.0,41.0,0.0,Bird
33.0,ambush,48.0,38.0,2.0,43.0,0.0,Bird
33.0,ambush,48.0,42.0,2.0,41.0,1.0,Bird
33.0,ambush,48.0,42.0,2.0,43.0,1.0,Bird
33.0,ambush,48.0,42.0,2.0,41.0,0.0,Bird
33.0,ambush,48.0,42.0,2.0,43.0,1.0,Bird
33.0,ambush,48.0,46.0,2.0,39.0,1.0,Bird
33.0,ambush,48.0,42.0,2.0,43.0,1.0,Bird
33.0,ambush,48.0,46.0,2.0,39.0,0.0,Bird
33.0,ambush,48.0,42.0,2.0,43.0,1.0,Bird
33.0,ambush,48.0,42.0,2.0,43.0,0.0,Bird
33.0,ambush,44.0,42.0,2.0,43.0,0.0,Bird
33.0,ambush,48.0,42.0,2.0,43.0,1.0,Bird
33.0,ambush,45.0,37.0,2.0,48.0,0.0,Bird
33.0,ambush,48.0,46.0,2.0,39.0,1.0,Bird
33.0,ambush,48.0,42.0,2.0,43.0,0.0,Bird
33.0,ambush,48.0,42.0,2.0,43.0,0.0,Bird
33.0,ambush,48.0,46.0,2.0,39.0,1.0,Bird
33.0,ambush,48.0,42.0,2.0,43.0,1.0,Bird
33.0,ambush,48.0,42.0,2.0,43.0,1.0,Bird
33.0,ambush,48.0,42.0,2.0,43.0,0.0,Bird
33.0,ambush,48.0,42.0,2.0,43.0,1.0,Bird
33.0,ambush,48.0,46.0,2.0,39.0,1.0,Bird
33.0,ambush,48.0,42.0,2.0,43.0,0.0,Bird
33.0,ambush,48.0,42.0,2.0,43.0,1.0,Bird
33.0,ambush,48.0,46.0,2.0,39.0,1.0,Bird
33.0,ambush,48.0,42.0,2.0,43.0,1.0,Bird
33.0,ambush,48.0,42.0,2.0,43.0,0.0,Bird
33.0,ambush,48.0,39.0,1.0,48.0,1.0,Bird
33.0,ambush,48.0,46.0,1.0,41.0,1.0,Bird
33.0,ambush,46.0,39.0,2.0,49.0,0.0,Bird
33.0,ambush,46.0,39.0,2.0,49.0,0.0,Bird
33.0,ambush,46.0,39.0,2.0,49.0,1.0,Bird
33.0,ambush,48.0,46.0,1.0,41.0,1.0,Bird
33.0,ambush,46.0,39.0,2.0,49.0,1.0,Bird
33.0,ambush,48.0,46.0,1.0,41.0,1.0,Bird
33.0,ambush,48.0,46.0,1.0,41.0,1.0,Bird
33.0,ambush,48.0,46.0,1.0,41.0,1.0,Bird
33.0,ambush,48.0,46.0,1.0,41.0,1.0,Bird
33.0,ambush,48.0,39.0,1.0,48.0,0.0,Bird
33.0,ambush,48.0,46.0,1.0,41.0,1.0,Bird
33.0,ambush,48.0,46.0,1.0,41.0,0.0,Bird
33.0,ambush,48.0,46.0,1.0,41.0,1.0,Bird
33.0,ambush,48.0,46.0,1.0,41.0,1.0,Bird
33.0,ambush,46.0,39.0,2.0,49.0,0.0,Bird
33.0,ambush,48.0,46.0,1.0,41.0,1.0,Bird
33.0,ambush,48.0,46.0,2.0,39.0,0.0,Bird
33.0,ambush,48.0,46.0,1.0,41.0,1.0,Bird
33.0,ambush,48.0,42.0,2.0,45.0,1.0,Bird
33.0,ambush,48.0,42.0,2.0,45.0,1.0,Bird
33.0,ambush,48.0,42.0,2.0,45.0,1.0,Bird
33.0,ambush,48.0,42.0,2.0,45.0,1.0,Bird
33.0,ambush,48.0,42.0,2.0,45.0,1.0,Bird
33.0,ambush,48.0,42.0,2.0,45.0,0.0,Bird
33.0,ambush,48.0,39.0,2.0,48.0,1.0,Bird
33.0,ambush,48.0,42.0,2.0,45.0,0.0,Bird
33.0,ambush,48.0,42.0,2.0,45.0,1.0,Bird
33.0,ambush,50.0,46.0,2.0,39.0,0.0,Bird
33.0,ambush,50.0,46.0,2.0,39.0,1.0,Bird
33.0,ambush,48.0,39.0,2.0,48.0,1.0,Bird
33.0,ambush,48.0,39.0,2.0,48.0,0.0,Bird
33.0,ambush,48.0,39.0,2.0,48.0,0.0,Bird
33.0,ambush,50.0,44.0,2.0,39.0,0.0,Bird
33.0,ambush,48.0,42.0,2.0,45.0,1.0,Bird
33.0,ambush,48.0,39.0,2.0,48.0,0.0,Bird
33.0,ambush,48.0,42.0,2.0,45.0,0.0,Bird
33.0,ambush,48.0,42.0,2.0,45.0,0.0,Bird
33.0,ambush,48.0,42.0,2.0,45.0,1.0,Bird
33.0,ambush,48.0,39.0,2.0,48.0,0.0,Bird
33.0,ambush,50.0,46.0,2.0,39.0,1.0,Bird
33.0,ambush,48.0,42.0,2.0,45.0,0.0,Bird
33.0,ambush,48.0,42.0,2.0,45.0,1.0,Bird
33.0,ambush,50.0,46.0,2.0,39.0,0.0,Bird
33.0,ambush,48.0,42.0,2.0,45.0,1.0,Bird
33.0,ambush,48.0,42.0,2.0,50.0,1.0,Bird
33.0,ambush,48.0,39.0,2.0,48.0,1.0,Bird
33.0,ambush,48.0,42.0,2.0,45.0,0.0,Bird
33.0,ambush,48.0,42.0,2.0,45.0,1.0,Bird
33.0,ambush,48.0,42.0,2.0,45.0,1.0,Bird
33.0,ambush,48.0,42.0,2.0,45.0,1.0,Bird
33.0,ambush,48.0,42.0,2.0,45.0,0.0,Bird
33.0,ambush,48.0,42.0,2.0,45.0,1.0,Bird
33.0,ambush,48.0,39.0,2.0,48.0,1.0,Bird
33.0,ambush,48.0,39.0,2.0,48.0,1.0,Bird
33.0,ambush,48.0,42.0,2.0,45.0,0.0,Bird
33.0,ambush,48.0,42.0,2.0,45.0,1.0,Bird
33.0,ambush,48.0,39.0,2.0,48.0,0.0,Bird
33.0,ambush,48.0,39.0,2.0,48.0,0.0,Bird
33.0,ambush,48.0,39.0,2.0,48.0,1.0,Bird
33.0,ambush,48.0,42.0,2.0,45.0,0.0,Bird
33.0,ambush,48.0,39.0,2.0,48.0,1.0,Bird
33.0,ambush,48.0,42.0,2.0,45.0,1.0,Bird
33.0,ambush,48.0,42.0,2.0,45.0,1.0,Bird
33.0,ambush,48.0,39.0,1.0,48.0,0.0,Bird
33.0,ambush,47.0,42.0,2.0,45.0,1.0,Bird
33.0,ambush,48.0,42.0,2.0,45.0,0.0,Bird
33.0,ambush,48.0,42.0,2.0,45.0,1.0,Bird
33.0,ambush,48.0,42.0,2.0,45.0,1.0,Bird
33.0,ambush,48.0,42.0,2.0,45.0,0.0,Bird
33.0,ambush,48.0,39.0,2.0,48.0,0.0,Bird
33.0,ambush,48.0,42.0,2.0,45.0,1.0,Bird
33.0,ambush,48.0,39.0,2.0,48.0,0.0,Bird
33.0,ambush,48.0,40.0,2.0,45.0,0.0,Bird
33.0,ambush,48.0,42.0,2.0,45.0,1.0,Bird
33.0,ambush,48.0,42.0,2.0,45.0,0.0,Bird
33.0,ambush,48.0,42.0,2.0,45.0,0.0,Bird
33.0,ambush,48.0,39.0,2.0,48.0,0.0,Bird
33.0,ambush,48.0,39.0,2.0,48.0,0.0,Bird
34.0,ambush,48.0,38.0,2.0,43.0,1.0,Bird
34.0,ambush,48.0,38.0,2.0,43.0,1.0,Bird
34.0,ambush,48.0,38.0,2.0,43.0,1.0,Bird
34.0,ambush,48.0,38.0,2.0,43.0,1.0,Bird
34.0,ambush,48.0,38.0,2.0,43.0,0.0,Bird
34.0,ambush,48.0,42.0,1.0,38.0,1.0,Bird
34.0,ambush,48.0,38.0,2.0,43.0,1.0,Bird
34.0,ambush,48.0,38.0,2.0,43.0,0.0,Bird
34.0,ambush,47.0,38.0,2.0,43.0,1.0,Bird
34.0,ambush,48.0,38.0,2.0,43.0,1.0,Bird
34.0,ambush,48.0,38.0,2.0,43.0,0.0,Bird
34.0,ambush,48.0,38.0,2.0,43.0,1.0,Bird
34.0,ambush,45.0,37.0,2.0,49.0,0.0,Bird
34.0,ambush,45.0,37.0,2.0,48.0,1.0,Bird
34.0,ambush,48.0,38.0,2.0,43.0,1.0,Bird
34.0,ambush,48.0,38.0,2.0,43.0,1.0,Bird
34.0,ambush,45.0,37.0,2.0,48.0,1.0,Bird
34.0,ambush,48.0,38.0,2.0,43.0,1.0,Bird
34.0,ambush,45.0,37.0,2.0,48.0,1.0,Bird
34.0,ambush,45.0,37.0,2.0,48.0,1.0,Bird
34.0,ambush,48.0,37.0,4.0,43.0,1.0,Bird
34.0,ambush,45.0,37.0,2.0,48.0,1.0,Bird
34.0,ambush,48.0,38.0,2.0,43.0,0.0,Bird
34.0,ambush,45.0,37.0,2.0,48.0,1.0,Bird
34.0,ambush,45.0,37.0,2.0,49.0,1.0,Bird
34.0,ambush,45.0,37.0,2.0,48.0,0.0,Bird
34.0,ambush,48.0,42.0,2.0,43.0,1.0,Bird
34.0,ambush,45.0,37.0,2.0,48.0,0.0,Bird
34.0,ambush,48.0,42.0,2.0,41.0,1.0,Bird
34.0,ambush,45.0,37.0,2.0,48.0,0.0,Bird
34.0,ambush,45.0,37.0,2.0,48.0,1.0,Bird
34.0,ambush,48.0,42.0,2.0,43.0,0.0,Bird
34.0,ambush,48.0,46.0,2.0,39.0,0.0,Bird
34.0,ambush,48.0,42.0,2.0,43.0,1.0,Bird
34.0,ambush,44.0,42.0,2.0,43.0,0.0,Bird
34.0,ambush,48.0,42.0,2.0,43.0,1.0,Bird
34.0,ambush,48.0,42.0,2.0,43.0,1.0,Bird
34.0,ambush,48.0,42.0,2.0,43.0,1.0,Bird
34.0,ambush,48.0,42.0,2.0,43.0,1.0,Bird
34.0,ambush,48.0,42.0,2.0,43.0,0.0,Bird
34.0,ambush,48.0,42.0,2.0,43.0,1.0,Bird
34.0,ambush,45.0,44.0,2.0,43.0,1.0,Bird
34.0,ambush,48.0,42.0,2.0,43.0,1.0,Bird
34.0,ambush,48.0,42.0,2.0,43.0,0.0,Bird
34.0,ambush,48.0,42.0,2.0,43.0,1.0,Bird
34.0,ambush,48.0,42.0,2.0,41.0,0.0,Bird
34.0,ambush,48.0,46.0,2.0,39.0,1.0,Bird
34.0,ambush,48.0,42.0,2.0,43.0,1.0,Bird
34.0,ambush,48.0,46.0,2.0,39.0,1.0,Bird
34.0,ambush,48.0,46.0,2.0,39.0,1.0,Bird
34.0,ambush,48.0,42.0,2.0,43.0,1.0,Bird
34.0,ambush,48.0,42.0,2.0,43.0,0.0,Bird
34.0,ambush,48.0,46.0,2.0,39.0,1.0,Bird
34.0,ambush,48.0,46.0,2.0,39.0,1.0,Bird
34.0,ambush,48.0,42.0,2.0,43.0,1.0,Bird
34.0,ambush,48.0,46.0,1.0,41.0,1.0,Bird
34.0,ambush,48.0,46.0,1.0,41.0,1.0,Bird
34.0,ambush,48.0,46.0,2.0,39.0,0.0,Bird
34.0,ambush,48.0,42.0,2.0,43.0,0.0,Bird
34.0,ambush,48.0,42.0,2.0,43.0,0.0,Bird
34.0,ambush,48.0,46.0,1.0,41.0,1.0,Bird
34.0,ambush,43.0,42.0,2.0,46.0,0.0,Bird
34.0,ambush,48.0,46.0,1.0,41.0,0.0,Bird
34.0,ambush,45.0,37.0,2.0,48.0,0.0,Bird
34.0,ambush,47.0,42.0,2.0,45.0,1.0,Bird
34.0,ambush,48.0,46.0,1.0,41.0,1.0,Bird
34.0,ambush,48.0,39.0,1.0,48.0,1.0,Bird
34.0,ambush,47.0,42.0,2.0,45.0,0.0,Bird
34.0,ambush,48.0,46.0,1.0,41.0,1.0,Bird
34.0,ambush,46.0,39.0,2.0,49.0,1.0,Bird
34.0,ambush,48.0,46.0,1.0,40.0,1.0,Bird
34.0,ambush,48.0,39.0,1.0,48.0,0.0,Bird
34.0,ambush,48.0,46.0,1.0,41.0,0.0,Bird
34.0,ambush,48.0,46.0,1.0,41.0,1.0,Bird
34.0,ambush,46.0,39.0,2.0,49.0,0.0,Bird
34.0,ambush,48.0,46.0,1.0,41.0,0.0,Bird
34.0,ambush,48.0,46.0,1.0,41.0,0.0,Bird
34.0,ambush,48.0,46.0,1.0,41.0,0.0,Bird
34.0,ambush,48.0,46.0,1.0,41.0,1.0,Bird
34.0,ambush,46.0,39.0,2.0,49.0,1.0,Bird
34.0,ambush,48.0,46.0,1.0,41.0,1.0,Bird
34.0,ambush,48.0,46.0,1.0,41.0,0.0,Bird
34.0,ambush,48.0,42.0,2.0,45.0,1.0,Bird
34.0,ambush,48.0,46.0,1.0,41.0,1.0,Bird
34.0,ambush,48.0,39.0,2.0,48.0,1.0,Bird
34.0,ambush,48.0,46.0,1.0,41.0,0.0,Bird
34.0,ambush,48.0,46.0,1.0,41.0,0.0,Bird
34.0,ambush,48.0,39.0,5.0,48.0,0.0,Bird
34.0,ambush,48.0,42.0,2.0,45.0,0.0,Bird
34.0,ambush,48.0,42.0,2.0,45.0,1.0,Bird
34.0,ambush,48.0,42.0,2.0,45.0,1.0,Bird
34.0,ambush,48.0,39.0,2.0,48.0,0.0,Bird
34.0,ambush,48.0,46.0,1.0,41.0,0.0,Bird
34.0,ambush,48.0,42.0,2.0,45.0,1.0,Bird
34.0,ambush,48.0,42.0,2.0,45.0,0.0,Bird
34.0,ambush,48.0,42.0,2.0,45.0,1.0,Bird
34.0,ambush,48.0,42.0,2.0,45.0,1.0,Bird
34.0,ambush,48.0,42.0,2.0,45.0,1.0,Bird
34.0,ambush,48.0,39.0,2.0,48.0,1.0,Bird
34.0,ambush,48.0,42.0,2.0,45.0,0.0,Bird
34.0,ambush,48.0,42.0,2.0,45.0,1.0,Bird
34.0,ambush,48.0,42.0,2.0,45.0,0.0,Bird
34.0,ambush,48.0,39.0,2.0,48.0,1.0,Bird
34.0,ambush,48.0,42.0,2.0,45.0,0.0,Bird
34.0,ambush,48.0,39.0,2.0,48.0,1.0,Bird
34.0,ambush,48.0,42.0,2.0,45.0,0.0,Bird
34.0,ambush,48.0,42.0,2.0,45.0,1.0,Bird
34.0,ambush,48.0,39.0,2.0,48.0,1.0,Bird
34.0,ambush,48.0,42.0,2.0,45.0,0.0,Bird
34.0,ambush,48.0,39.0,2.0,48.0,1.0,Bird
34.0,ambush,48.0,42.0,2.0,45.0,1.0,Bird
34.0,ambush,48.0,42.0,2.0,45.0,1.0,Bird
34.0,ambush,48.0,39.0,2.0,48.0,1.0,Bird
34.0,ambush,48.0,39.0,2.0,48.0,1.0,Bird
34.0,ambush,48.0,42.0,2.0,45.0,1.0,Bird
34.0,ambush,48.0,42.0,2.0,45.0,1.0,Bird
34.0,ambush,48.0,42.0,2.0,45.0,1.0,Bird
34.0,ambush,48.0,42.0,2.0,45.0,0.0,Bird
34.0,ambush,48.0,42.0,2.0,45.0,0.0,Bird
34.0,ambush,48.0,42.0,2.0,45.0,1.0,Bird
34.0,ambush,48.0,42.0,2.0,45.0,0.0,Bird
34.0,ambush,48.0,42.0,2.0,45.0,0.0,Bird
34.0,ambush,48.0,42.0,2.0,45.0,0.0,Bird
34.0,ambush,48.0,42.0,2.0,45.0,0.0,Bird
34.0,ambush,48.0,39.0,2.0,48.0,0.0,Bird
34.0,ambush,48.0,42.0,2.0,45.0,1.0,Bird
34.0,ambush,45.0,39.0,2.0,52.0,1.0,Bird
34.0,ambush,48.0,39.0,2.0,48.0,0.0,Bird
34.0,ambush,48.0,42.0,2.0,45.0,1.0,Bird
34.0,ambush,48.0,42.0,2.0,45.0,1.0,Bird
34.0,ambush,50.0,46.0,2.0,39.0,1.0,Bird
34.0,ambush,48.0,39.0,2.0,48.0,0.0,Bird
34.0,ambush,48.0,42.0,2.0,45.0,1.0,Bird
34.0,ambush,48.0,39.0,2.0,48.0,1.0,Bird
34.0,ambush,48.0,42.0,2.0,45.0,1.0,Bird
34.0,ambush,48.0,42.0,2.0,45.0,0.0,Bird
34.0,ambush,48.0,42.0,2.0,45.0,1.0,Bird
34.0,ambush,48.0,39.0,2.0,48.0,1.0,Bird
34.0,ambush,50.0,46.0,2.0,39.0,1.0,Bird
34.0,ambush,50.0,46.0,2.0,39.0,1.0,Bird
34.0,ambush,48.0,39.0,2.0,48.0,1.0,Bird
34.0,ambush,48.0,39.0,2.0,48.0,1.0,Bird
34.0,ambush,48.0,42.0,2.0,50.0,1.0,Bird
34.0,ambush,48.0,42.0,2.0,45.0,0.0,Bird
34.0,ambush,48.0,42.0,2.0,49.0,0.0,Bird
35.0,ambush,47.0,38.0,2.0,43.0,1.0,Bird
35.0,ambush,48.0,38.0,2.0,43.0,1.0,Bird
35.0,ambush,48.0,38.0,2.0,43.0,1.0,Bird
35.0,ambush,48.0,38.0,2.0,43.0,1.0,Bird
35.0,ambush,48.0,38.0,2.0,43.0,1.0,Bird
35.0,ambush,48.0,38.0,2.0,43.0,1.0,Bird
35.0,ambush,48.0,38.0,2.0,43.0,1.0,Bird
35.0,ambush,48.0,38.0,2.0,43.0,1.0,Bird
35.0,ambush,48.0,42.0,1.0,38.0,0.0,Bird
35.0,ambush,48.0,38.0,2.0,43.0,0.0,Bird
35.0,ambush,47.0,38.0,2.0,43.0,0.0,Bird
35.0,ambush,48.0,38.0,2.0,43.0,1.0,Bird
35.0,ambush,48.0,38.0,2.0,43.0,0.0,Bird
35.0,ambush,48.0,38.0,2.0,43.0,1.0,Bird
35.0,ambush,48.0,38.0,2.0,43.0,1.0,Bird
35.0,ambush,48.0,38.0,2.0,43.0,0.0,Bird
35.0,ambush,48.0,38.0,2.0,43.0,1.0,Bird
35.0,ambush,48.0,38.0,2.0,43.0,1.0,Bird
35.0,ambush,48.0,38.0,2.0,43.0,1.0,Bird
35.0,ambush,48.0,38.0,2.0,43.0,1.0,Bird
35.0,ambush,48.0,38.0,2.0,43.0,1.0,Bird
35.0,ambush,45.0,34.0,2.0,48.0,1.0,Bird
35.0,ambush,45.0,37.0,2.0,48.0,1.0,Bird
35.0,ambush,45.0,37.0,2.0,48.0,1.0,Bird
35.0,ambush,47.0,43.0,2.0,46.0,0.0,Bird
35.0,ambush,48.0,37.0,4.0,43.0,1.0,Bird
35.0,ambush,45.0,37.0,2.0,48.0,0.0,Bird
35.0,ambush,45.0,37.0,2.0,52.0,0.0,Bird
35.0,ambush,48.0,38.0,2.0,43.0,0.0,Bird
35.0,ambush,48.0,37.0,4.0,43.0,1.0,Bird
35.0,ambush,45.0,37.0,2.0,48.0,0.0,Bird
35.0,ambush,45.0,37.0,2.0,48.0,0.0,Bird
35.0,ambush,48.0,37.0,4.0,43.0,0.0,Bird
35.0,ambush,45.0,37.0,2.0,49.0,1.0,Bird
35.0,ambush,45.0,37.0,2.0,48.0,0.0,Bird
35.0,ambush,45.0,37.0,2.0,48.0,0.0,Bird
35.0,ambush,45.0,37.0,2.0,48.0,1.0,Bird
35.0,ambush,45.0,44.0,2.0,43.0,1.0,Bird
35.0,ambush,45.0,37.0,2.0,49.0,1.0,Bird
35.0,ambush,45.0,37.0,2.0,48.0,0.0,Bird
35.0,ambush,45.0,37.0,2.0,49.0,1.0,Bird
35.0,ambush,48.0,42.0,2.0,41.0,1.0,Bird
35.0,ambush,48.0,42.0,2.0,43.0,0.0,Bird
35.0,ambush,48.0,42.0,2.0,43.0,0.0,Bird
35.0,ambush,48.0,42.0,2.0,41.0,0.0,Bird
35.0,ambush,45.0,37.0,2.0,48.0,0.0,Bird
35.0,ambush,48.0,42.0,2.0,43.0,1.0,Bird
35.0,ambush,48.0,42.0,2.0,43.0,0.0,Bird
35.0,ambush,48.0,42.0,2.0,43.0,1.0,Bird
35.0,ambush,48.0,42.0,2.0,43.0,0.0,Bird
35.0,ambush,48.0,42.0,2.0,43.0,0.0,Bird
35.0,ambush,48.0,46.0,2.0,39.0,0.0,Bird
35.0,ambush,48.0,42.0,2.0,43.0,1.0,Bird
35.0,ambush,48.0,42.0,2.0,43.0,1.0,Bird
35.0,ambush,48.0,46.0,2.0,39.0,1.0,Bird
35.0,ambush,48.0,46.0,2.0,39.0,0.0,Bird
35.0,ambush,48.0,46.0,2.0,39.0,1.0,Bird
35.0,ambush,48.0,42.0,2.0,43.0,0.0,Bird
35.0,ambush,48.0,42.0,2.0,43.0,1.0,Bird
35.0,ambush,48.0,42.0,2.0,43.0,1.0,Bird
35.0,ambush,48.0,46.0,2.0,39.0,1.0,Bird
35.0,ambush,48.0,46.0,2.0,39.0,1.0,Bird
35.0,ambush,45.0,37.0,2.0,48.0,0.0,Bird
35.0,ambush,48.0,46.0,2.0,39.0,1.0,Bird
35.0,ambush,48.0,46.0,2.0,39.0,0.0,Bird
35.0,ambush,48.0,42.0,2.0,43.0,0.0,Bird
35.0,ambush,48.0,42.0,2.0,43.0,1.0,Bird
35.0,ambush,48.0,42.0,2.0,43.0,0.0,Bird
35.0,ambush,48.0,46.0,2.0,39.0,1.0,Bird
35.0,ambush,48.0,42.0,2.0,43.0,0.0,Bird
35.0,ambush,48.0,46.0,2.0,39.0,1.0,Bird
35.0,ambush,48.0,46.0,2.0,39.0,1.0,Bird
35.0,ambush,48.0,42.0,2.0,43.0,1.0,Bird
35.0,ambush,48.0,46.0,2.0,39.0,0.0,Bird
35.0,ambush,48.0,46.0,1.0,40.0,1.0,Bird
35.0,ambush,48.0,46.0,1.0,41.0,1.0,Bird
35.0,ambush,48.0,42.0,2.0,43.0,0.0,Bird
35.0,ambush,48.0,46.0,1.0,40.0,1.0,Bird
35.0,ambush,48.0,46.0,1.0,41.0,1.0,Bird
35.0,ambush,48.0,46.0,1.0,40.0,0.0,Bird
35.0,ambush,48.0,46.0,1.0,41.0,1.0,Bird
35.0,ambush,48.0,46.0,1.0,43.0,1.0,Bird
35.0,ambush,48.0,46.0,1.0,41.0,0.0,Bird
35.0,ambush,48.0,46.0,1.0,41.0,1.0,Bird
35.0,ambush,48.0,46.0,1.0,41.0,1.0,Bird
35.0,ambush,47.0,42.0,2.0,45.0,1.0,Bird
35.0,ambush,48.0,46.0,1.0,41.0,1.0,Bird
35.0,ambush,47.0,42.0,2.0,45.0,1.0,Bird
35.0,ambush,48.0,46.0,1.0,41.0,1.0,Bird
35.0,ambush,48.0,46.0,1.0,41.0,1.0,Bird
35.0,ambush,48.0,46.0,1.0,41.0,1.0,Bird
35.0,ambush,48.0,42.0,2.0,43.0,0.0,Bird
35.0,ambush,48.0,46.0,1.0,41.0,0.0,Bird
35.0,ambush,48.0,46.0,1.0,41.0,1.0,Bird
35.0,ambush,48.0,46.0,1.0,41.0,0.0,Bird
35.0,ambush,48.0,46.0,1.0,41.0,1.0,Bird
35.0,ambush,48.0,42.0,2.0,43.0,0.0,Bird
35.0,ambush,46.0,39.0,2.0,49.0,1.0,Bird
35.0,ambush,48.0,46.0,1.0,41.0,1.0,Bird
35.0,ambush,46.0,39.0,2.0,49.0,0.0,Bird
35.0,ambush,48.0,46.0,1.0,41.0,0.0,Bird
35.0,ambush,48.0,46.0,1.0,41.0,1.0,Bird
35.0,ambush,48.0,39.0,1.0,48.0,1.0,Bird
35.0,ambush,48.0,46.0,1.0,41.0,0.0,Bird
35.0,ambush,48.0,39.0,1.0,48.0,1.0,Bird
35.0,ambush,48.0,42.0,2.0,45.0,1.0,Bird
35.0,ambush,48.0,39.0,2.0,48.0,1.0,Bird
35.0,ambush,46.0,39.0,2.0,49.0,0.0,Bird
35.0,ambush,48.0,39.0,1.0,48.0,1.0,Bird
35.0,ambush,48.0,39.0,2.0,48.0,1.0,Bird
35.0,ambush,48.0,42.0,2.0,46.0,1.0,Bird
35.0,ambush,48.0,42.0,2.0,45.0,1.0,Bird
35.0,ambush,48.0,39.0,2.0,48.0,1.0,Bird
35.0,ambush,48.0,42.0,2.0,45.0,0.0,Bird
35.0,ambush,48.0,42.0,2.0,45.0,1.0,Bird
35.0,ambush,48.0,42.0,2.0,45.0,1.0,Bird
35.0,ambush,48.0,39.0,2.0,48.0,1.0,Bird
35.0,ambush,46.0,39.0,2.0,49.0,0.0,Bird
35.0,ambush,48.0,42.0,2.0,45.0,1.0,Bird
35.0,ambush,48.0,39.0,2.0,48.0,0.0,Bird
35.0,ambush,48.0,39.0,2.0,48.0,1.0,Bird
35.0,ambush,48.0,39.0,2.0,48.0,1.0,Bird
35.0,ambush,48.0,42.0,2.0,45.0,0.0,Bird
35.0,ambush,48.0,39.0,2.0,48.0,0.0,Bird
35.0,ambush,48.0,39.0,2.0,48.0,1.0,Bird
35.0,ambush,48.0,39.0,2.0,48.0,0.0,Bird
35.0,ambush,48.0,39.0,2.0,48.0,0.0,Bird
35.0,ambush,48.0,39.0,2.0,48.0,0.0,Bird
35.0,ambush,50.0,46.0,2.0,39.0,0.0,Bird
35.0,ambush,44.0,42.0,2.0,45.0,0.0,Bird
35.0,ambush,48.0,42.0,2.0,45.0,1.0,Bird
35.0,ambush,48.0,42.0,2.0,45.0,1.0,Bird
35.0,ambush,48.0,39.0,2.0,48.0,1.0,Bird
35.0,ambush,48.0,42.0,2.0,45.0,0.0,Bird
35.0,ambush,48.0,42.0,2.0,45.0,1.0,Bird
35.0,ambush,48.0,39.0,2.0,48.0,0.0,Bird
35.0,ambush,48.0,42.0,2.0,45.0,0.0,Bird
35.0,ambush,48.0,42.0,2.0,45.0,0.0,Bird
35.0,ambush,48.0,42.0,2.0,45.0,1.0,Bird
35.0,ambush,48.0,42.0,2.0,45.0,1.0,Bird
35.0,ambush,48.0,42.0,2.0,45.0,1.0,Bird
35.0,ambush,48.0,42.0,2.0,45.0,0.0,Bird
35.0,ambush,48.0,39.0,2.0,48.0,0.0,Bird
35.0,ambush,48.0,42.0,2.0,45.0,0.0,Bird
36.0,ambush,45.0,34.0,2.0,48.0,1.0,Bird
36.0,ambush,47.0,38.0,2.0,43.0,1.0,Bird
36.0,ambush,48.0,38.0,2.0,43.0,1.0,Bird
36.0,ambush,45.0,34.0,2.0,48.0,1.0,Bird
36.0,ambush,47.0,38.0,2.0,43.0,0.0,Bird
36.0,ambush,48.0,38.0,2.0,43.0,1.0,Bird
36.0,ambush,48.0,38.0,2.0,43.0,1.0,Bird
36.0,ambush,48.0,38.0,2.0,43.0,1.0,Bird
36.0,ambush,48.0,38.0,2.0,47.0,1.0,Bird
36.0,ambush,48.0,38.0,2.0,43.0,1.0,Bird
36.0,ambush,48.0,38.0,2.0,43.0,1.0,Bird
36.0,ambush,48.0,38.0,2.0,43.0,1.0,Bird
36.0,ambush,48.0,38.0,2.0,43.0,1.0,Bird
36.0,ambush,48.0,38.0,2.0,43.0,1.0,Bird
36.0,ambush,45.0,34.0,2.0,48.0,0.0,Bird
36.0,ambush,48.0,38.0,2.0,43.0,1.0,Bird
36.0,ambush,48.0,38.0,1.0,43.0,0.0,Bird
36.0,ambush,48.0,38.0,2.0,43.0,1.0,Bird
36.0,ambush,48.0,38.0,2.0,43.0,0.0,Bird
36.0,ambush,48.0,38.0,2.0,43.0,0.0,Bird
36.0,ambush,48.0,38.0,2.0,43.0,1.0,Bird
36.0,ambush,48.0,38.0,2.0,43.0,1.0,Bird
36.0,ambush,48.0,38.0,2.0,43.0,0.0,Bird
36.0,ambush,48.0,38.0,2.0,43.0,1.0,Bird
36.0,ambush,48.0,37.0,2.0,43.0,1.0,Bird
36.0,ambush,48.0,38.0,2.0,43.0,0.0,Bird
36.0,ambush,48.0,38.0,2.0,43.0,1.0,Bird
36.0,ambush,48.0,38.0,2.0,43.0,1.0,Bird
36.0,ambush,48.0,38.0,2.0,43.0,1.0,Bird
36.0,ambush,48.0,38.0,2.0,43.0,1.0,Bird
36.0,ambush,48.0,38.0,2.0,43.0,0.0,Bird
36.0,ambush,45.0,37.0,2.0,48.0,1.0,Bird
36.0,ambush,48.0,38.0,2.0,43.0,1.0,Bird
36.0,ambush,48.0,38.0,2.0,43.0,1.0,Bird
36.0,ambush,45.0,37.0,2.0,48.0,1.0,Bird
36.0,ambush,48.0,38.0,2.0,43.0,0.0,Bird
36.0,ambush,48.0,38.0,2.0,43.0,1.0,Bird
36.0,ambush,48.0,37.0,2.0,43.0,0.0,Bird
36.0,ambush,45.0,37.0,2.0,47.0,1.0,Bird
36.0,ambush,48.0,37.0,4.0,43.0,1.0,Bird
36.0,ambush,48.0,37.0,4.0,43.0,1.0,Bird
36.0,ambush,48.0,37.0,4.0,43.0,1.0,Bird
36.0,ambush,48.0,42.0,2.0,41.0,1.0,Bird
36.0,ambush,48.0,37.0,4.0,43.0,1.0,Bird
36.0,ambush,48.0,42.0,2.0,41.0,1.0,Bird
36.0,ambush,45.0,37.0,2.0,48.0,1.0,Bird
36.0,ambush,48.0,37.0,4.0,43.0,0.0,Bird
36.0,ambush,45.0,37.0,2.0,49.0,1.0,Bird
36.0,ambush,45.0,37.0,2.0,49.0,0.0,Bird
36.0,ambush,45.0,37.0,2.0,49.0,1.0,Bird
36.0,ambush,45.0,37.0,2.0,49.0,1.0,Bird
36.0,ambush,48.0,46.0,2.0,39.0,1.0,Bird
36.0,ambush,45.0,37.0,2.0,49.0,1.0,Bird
36.0,ambush,45.0,37.0,2.0,49.0,0.0,Bird
36.0,ambush,45.0,37.0,2.0,49.0,1.0,Bird
36.0,ambush,45.0,44.0,2.0,43.0,1.0,Bird
36.0,ambush,48.0,46.0,2.0,39.0,1.0,Bird
36.0,ambush,48.0,46.0,2.0,39.0,0.0,Bird
36.0,ambush,48.0,46.0,2.0,39.0,0.0,Bird
36.0,ambush,48.0,46.0,2.0,39.0,1.0,Bird
36.0,ambush,48.0,38.0,2.0,43.0,0.0,Bird
36.0,ambush,48.0,46.0,2.0,39.0,0.0,Bird
36.0,ambush,48.0,46.0,2.0,39.0,1.0,Bird
36.0,ambush,48.0,42.0,2.0,43.0,0.0,Bird
36.0,ambush,48.0,46.0,2.0,39.0,1.0,Bird
36.0,ambush,48.0,46.0,2.0,39.0,1.0,Bird
36.0,ambush,48.0,46.0,2.0,39.0,0.0,Bird
36.0,ambush,45.0,37.0,2.0,48.0,0.0,Bird
36.0,ambush,48.0,46.0,2.0,39.0,1.0,Bird
36.0,ambush,48.0,46.0,2.0,39.0,1.0,Bird
36.0,ambush,48.0,46.0,1.0,40.0,1.0,Bird
36.0,ambush,48.0,46.0,1.0,40.0,1.0,Bird
36.0,ambush,48.0,42.0,2.0,43.0,0.0,Bird
36.0,ambush,48.0,46.0,2.0,39.0,1.0,Bird
36.0,ambush,48.0,46.0,2.0,39.0,1.0,Bird
36.0,ambush,48.0,42.0,2.0,43.0,1.0,Bird
36.0,ambush,48.0,46.0,2.0,39.0,0.0,Bird
36.0,ambush,48.0,46.0,2.0,39.0,1.0,Bird
36.0,ambush,48.0,46.0,2.0,39.0,1.0,Bird
36.0,ambush,48.0,46.0,1.0,40.0,1.0,Bird
36.0,ambush,48.0,42.0,2.0,43.0,1.0,Bird
36.0,ambush,48.0,42.0,2.0,43.0,1.0,Bird
36.0,ambush,48.0,42.0,2.0,43.0,1.0,Bird
36.0,ambush,48.0,45.0,2.0,45.0,1.0,Bird
36.0,ambush,48.0,42.0,2.0,43.0,1.0,Bird
36.0,ambush,48.0,42.0,2.0,43.0,0.0,Bird
36.0,ambush,53.0,42.0,4.0,43.0,1.0,Bird
36.0,ambush,48.0,42.0,2.0,43.0,0.0,Bird
36.0,ambush,48.0,42.0,2.0,43.0,0.0,Bird
36.0,ambush,48.0,42.0,2.0,43.0,1.0,Bird
36.0,ambush,48.0,42.0,2.0,43.0,1.0,Bird
36.0,ambush,48.0,42.0,2.0,43.0,0.0,Bird
36.0,ambush,48.0,42.0,2.0,43.0,1.0,Bird
36.0,ambush,48.0,42.0,2.0,43.0,0.0,Bird
36.0,ambush,46.0,39.0,2.0,49.0,1.0,Bird
36.0,ambush,48.0,39.0,1.0,48.0,1.0,Bird
36.0,ambush,48.0,39.0,1.0,48.0,0.0,Bird
36.0,ambush,47.0,42.0,2.0,45.0,1.0,Bird
36.0,ambush,48.0,39.0,1.0,48.0,0.0,Bird
36.0,ambush,47.0,42.0,2.0,48.0,1.0,Bird
36.0,ambush,47.0,42.0,2.0,45.0,0.0,Bird
36.0,ambush,47.0,42.0,2.0,45.0,1.0,Bird
36.0,ambush,48.0,46.0,1.0,41.0,1.0,Bird
36.0,ambush,47.0,42.0,2.0,45.0,1.0,Bird
36.0,ambush,48.0,46.0,1.0,41.0,1.0,Bird
36.0,ambush,48.0,46.0,1.0,41.0,1.0,Bird
36.0,ambush,48.0,46.0,1.0,41.0,1.0,Bird
36.0,ambush,48.0,46.0,1.0,41.0,1.0,Bird
36.0,ambush,48.0,42.0,2.0,43.0,0.0,Bird
36.0,ambush,48.0,46.0,1.0,41.0,1.0,Bird
36.0,ambush,48.0,46.0,1.0,41.0,1.0,Bird
36.0,ambush,48.0,46.0,1.0,41.0,1.0,Bird
36.0,ambush,48.0,46.0,1.0,41.0,1.0,Bird
36.0,ambush,48.0,39.0,1.0,48.0,0.0,Bird
36.0,ambush,48.0,46.0,1.0,41.0,0.0,Bird
36.0,ambush,48.0,46.0,1.0,41.0,1.0,Bird
36.0,ambush,48.0,46.0,1.0,41.0,1.0,Bird
36.0,ambush,48.0,46.0,1.0,41.0,0.0,Bird
36.0,ambush,48.0,46.0,2.0,39.0,0.0,Bird
36.0,ambush,48.0,46.0,1.0,41.0,1.0,Bird
36.0,ambush,48.0,46.0,1.0,41.0,1.0,Bird
36.0,ambush,48.0,46.0,1.0,41.0,0.0,Bird
36.0,ambush,48.0,46.0,1.0,41.0,1.0,Bird
36.0,ambush,48.0,46.0,1.0,41.0,1.0,Bird
36.0,ambush,48.0,46.0,1.0,41.0,0.0,Bird
36.0,ambush,48.0,46.0,1.0,41.0,1.0,Bird
36.0,ambush,48.0,46.0,1.0,41.0,1.0,Bird
36.0,ambush,48.0,46.0,1.0,41.0,0.0,Bird
36.0,ambush,48.0,46.0,1.0,41.0,0.0,Bird
36.0,ambush,48.0,42.0,2.0,45.0,1.0,Bird
36.0,ambush,48.0,46.0,1.0,41.0,0.0,Bird
36.0,ambush,48.0,42.0,2.0,45.0,1.0,Bird
36.0,ambush,48.0,39.0,1.0,48.0,1.0,Bird
36.0,ambush,48.0,39.0,2.0,48.0,1.0,Bird
36.0,ambush,48.0,42.0,2.0,45.0,0.0,Bird
36.0,ambush,48.0,42.0,2.0,45.0,0.0,Bird
36.0,ambush,48.0,46.0,1.0,41.0,0.0,Bird
36.0,ambush,48.0,42.0,2.0,45.0,1.0,Bird
36.0,ambush,48.0,42.0,2.0,45.0,1.0,Bird
36.0,ambush,48.0,42.0,2.0,45.0,1.0,Bird
36.0,ambush,48.0,39.0,2.0,48.0,0.0,Bird
36.0,ambush,48.0,42.0,2.0,45.0,0.0,Bird
36.0,ambush,48.0,42.0,2.0,45.0,0.0,Bird
36.0,ambush,48.0,46.0,1.0,41.0,0.0,Bird
37.0,ambush,45.0,34.0,2.0,48.0,0.0,Bird
37.0,ambush,48.0,37.0,2.0,43.0,1.0,Bird
37.0,ambush,48.0,37.0,2.0,43.0,1.0,Bird
37.0,ambush,45.0,34.0,2.0,48.0,1.0,Bird
37.0,ambush,47.0,38.0,2.0,43.0,1.0,Bird
37.0,ambush,45.0,34.0,2.0,48.0,1.0,Bird
37.0,ambush,45.0,34.0,2.0,48.0,1.0,Bird
37.0,ambush,48.0,37.0,2.0,43.0,1.0,Bird
37.0,ambush,48.0,38.0,2.0,43.0,1.0,Bird
37.0,ambush,48.0,38.0,2.0,43.0,1.0,Bird
37.0,ambush,45.0,34.0,2.0,48.0,1.0,Bird
37.0,ambush,48.0,38.0,2.0,43.0,1.0,Bird
37.0,ambush,48.0,38.0,2.0,43.0,1.0,Bird
37.0,ambush,48.0,38.0,2.0,43.0,1.0,Bird
37.0,ambush,48.0,38.0,2.0,43.0,1.0,Bird
37.0,ambush,48.0,38.0,2.0,43.0,1.0,Bird
37.0,ambush,48.0,38.0,2.0,43.0,0.0,Bird
37.0,ambush,48.0,38.0,2.0,43.0,0.0,Bird
37.0,ambush,48.0,38.0,2.0,43.0,1.0,Bird
37.0,ambush,48.0,38.0,2.0,43.0,1.0,Bird
37.0,ambush,48.0,38.0,2.0,43.0,1.0,Bird
37.0,ambush,48.0,38.0,2.0,43.0,1.0,Bird
37.0,ambush,48.0,38.0,2.0,43.0,0.0,Bird
37.0,ambush,48.0,38.0,2.0,43.0,1.0,Bird
37.0,ambush,48.0,38.0,2.0,43.0,0.0,Bird
37.0,ambush,48.0,38.0,2.0,43.0,0.0,Bird
37.0,ambush,45.0,37.0,2.0,47.0,1.0,Bird
37.0,ambush,48.0,38.0,2.0,43.0,1.0,Bird
37.0,ambush,48.0,38.0,2.0,43.0,0.0,Bird
37.0,ambush,48.0,38.0,2.0,43.0,1.0,Bird
37.0,ambush,48.0,38.0,2.0,43.0,1.0,Bird
37.0,ambush,48.0,38.0,2.0,43.0,0.0,Bird
37.0,ambush,48.0,38.0,2.0,43.0,1.0,Bird
37.0,ambush,48.0,38.0,2.0,43.0,1.0,Bird
37.0,ambush,48.0,38.0,2.0,43.0,1.0,Bird
37.0,ambush,48.0,38.0,2.0,43.0,0.0,Bird
37.0,ambush,48.0,38.0,2.0,43.0,1.0,Bird
37.0,ambush,48.0,38.0,2.0,43.0,0.0,Bird
37.0,ambush,48.0,38.0,2.0,43.0,0.0,Bird
37.0,ambush,48.0,38.0,2.0,43.0,0.0,Bird
37.0,ambush,48.0,38.0,2.0,43.0,0.0,Bird
37.0,ambush,48.0,38.0,2.0,43.0,1.0,Bird
37.0,ambush,48.0,38.0,2.0,43.0,0.0,Bird
37.0,ambush,48.0,38.0,2.0,43.0,0.0,Bird
37.0,ambush,48.0,38.0,2.0,43.0,0.0,Bird
37.0,ambush,48.0,38.0,2.0,43.0,1.0,Bird
37.0,ambush,48.0,38.0,2.0,43.0,1.0,Bird
37.0,ambush,48.0,38.0,2.0,43.0,1.0,Bird
37.0,ambush,48.0,38.0,2.0,43.0,1.0,Bird
37.0,ambush,45.0,37.0,2.0,48.0,1.0,Bird
37.0,ambush,48.0,37.0,4.0,43.0,1.0,Bird
37.0,ambush,48.0,38.0,2.0,43.0,0.0,Bird
37.0,ambush,45.0,37.0,2.0,48.0,1.0,Bird
37.0,ambush,48.0,41.0,2.0,45.0,0.0,Bird
37.0,ambush,46.0,37.0,4.0,43.0,1.0,Bird
37.0,ambush,48.0,37.0,4.0,43.0,1.0,Bird
37.0,ambush,45.0,37.0,2.0,48.0,1.0,Bird
37.0,ambush,48.0,38.0,2.0,43.0,0.0,Bird
37.0,ambush,48.0,38.0,2.0,43.0,0.0,Bird
37.0,ambush,45.0,37.0,2.0,48.0,1.0,Bird
37.0,ambush,45.0,37.0,2.0,48.0,0.0,Bird
37.0,ambush,48.0,37.0,4.0,43.0,0.0,Bird
37.0,ambush,48.0,37.0,4.0,43.0,1.0,Bird
37.0,ambush,48.0,37.0,4.0,43.0,1.0,Bird
37.0,ambush,48.0,42.0,2.0,41.0,1.0,Bird
37.0,ambush,45.0,37.0,2.0,49.0,1.0,Bird
37.0,ambush,48.0,37.0,4.0,43.0,0.0,Bird
37.0,ambush,48.0,47.0,2.0,42.0,1.0,Bird
37.0,ambush,48.0,42.0,2.0,41.0,0.0,Bird
37.0,ambush,48.0,42.0,2.0,41.0,0.0,Bird
37.0,ambush,45.0,37.0,2.0,49.0,1.0,Bird
37.0,ambush,48.0,37.0,4.0,43.0,0.0,Bird
37.0,ambush,45.0,37.0,2.0,48.0,0.0,Bird
37.0,ambush,45.0,37.0,2.0,49.0,1.0,Bird
37.0,ambush,45.0,44.0,2.0,43.0,1.0,Bird
37.0,ambush,45.0,37.0,2.0,49.0,1.0,Bird
37.0,ambush,45.0,37.0,2.0,49.0,1.0,Bird
37.0,ambush,45.0,37.0,2.0,49.0,1.0,Bird
37.0,ambush,45.0,37.0,2.0,49.0,0.0,Bird
37.0,ambush,45.0,37.0,2.0,49.0,0.0,Bird
37.0,ambush,48.0,46.0,2.0,39.0,1.0,Bird
37.0,ambush,45.0,44.0,2.0,43.0,0.0,Bird
37.0,ambush,48.0,42.0,2.0,43.0,1.0,Bird
37.0,ambush,48.0,46.0,2.0,39.0,0.0,Bird
37.0,ambush,48.0,46.0,2.0,39.0,0.0,Bird
37.0,ambush,48.0,46.0,2.0,39.0,1.0,Bird
37.0,ambush,48.0,42.0,2.0,43.0,1.0,Bird
37.0,ambush,48.0,42.0,2.0,43.0,1.0,Bird
37.0,ambush,49.0,46.0,1.0,39.0,1.0,Bird
37.0,ambush,48.0,46.0,1.0,40.0,1.0,Bird
37.0,ambush,48.0,46.0,2.0,39.0,1.0,Bird
37.0,ambush,48.0,42.0,2.0,43.0,1.0,Bird
37.0,ambush,48.0,42.0,2.0,43.0,1.0,Bird
37.0,ambush,48.0,42.0,2.0,43.0,1.0,Bird
37.0,ambush,48.0,46.0,1.0,40.0,0.0,Bird
37.0,ambush,48.0,46.0,2.0,39.0,1.0,Bird
37.0,ambush,48.0,42.0,2.0,43.0,1.0,Bird
37.0,ambush,48.0,46.0,2.0,39.0,0.0,Bird
37.0,ambush,48.0,37.0,4.0,43.0,0.0,Bird
37.0,ambush,48.0,46.0,2.0,39.0,0.0,Bird
37.0,ambush,48.0,46.0,2.0,39.0,0.0,Bird
37.0,ambush,48.0,46.0,2.0,39.0,0.0,Bird
37.0,ambush,48.0,42.0,2.0,43.0,0.0,Bird
37.0,ambush,48.0,42.0,2.0,43.0,0.0,Bird
37.0,ambush,48.0,46.0,2.0,39.0,1.0,Bird
37.0,ambush,48.0,46.0,2.0,39.0,1.0,Bird
37.0,ambush,48.0,46.0,2.0,39.0,0.0,Bird
37.0,ambush,48.0,46.0,2.0,39.0,0.0,Bird
37.0,ambush,48.0,42.0,2.0,43.0,1.0,Bird
37.0,ambush,48.0,42.0,2.0,43.0,1.0,Bird
37.0,ambush,48.0,46.0,1.0,40.0,1.0,Bird
37.0,ambush,48.0,46.0,1.0,40.0,0.0,Bird
37.0,ambush,48.0,42.0,2.0,43.0,1.0,Bird
37.0,ambush,48.0,42.0,2.0,43.0,1.0,Bird
37.0,ambush,48.0,46.0,1.0,40.0,0.0,Bird
37.0,ambush,48.0,42.0,2.0,43.0,0.0,Bird
37.0,ambush,48.0,46.0,2.0,39.0,0.0,Bird
37.0,ambush,48.0,42.0,2.0,43.0,0.0,Bird
37.0,ambush,48.0,46.0,2.0,39.0,1.0,Bird
37.0,ambush,48.0,46.0,2.0,39.0,1.0,Bird
37.0,ambush,48.0,42.0,2.0,43.0,1.0,Bird
37.0,ambush,48.0,46.0,2.0,39.0,0.0,Bird
37.0,ambush,48.0,46.0,2.0,39.0,1.0,Bird
37.0,ambush,48.0,46.0,2.0,39.0,1.0,Bird
37.0,ambush,48.0,46.0,2.0,39.0,1.0,Bird
37.0,ambush,48.0,46.0,1.0,41.0,1.0,Bird
37.0,ambush,48.0,38.0,2.0,47.0,1.0,Bird
37.0,ambush,48.0,46.0,2.0,39.0,1.0,Bird
37.0,ambush,47.0,42.0,2.0,45.0,1.0,Bird
37.0,ambush,48.0,38.0,2.0,47.0,0.0,Bird
37.0,ambush,46.0,39.0,2.0,49.0,0.0,Bird
37.0,ambush,48.0,38.0,2.0,47.0,1.0,Bird
37.0,ambush,48.0,46.0,1.0,41.0,1.0,Bird
37.0,ambush,48.0,46.0,1.0,41.0,1.0,Bird
37.0,ambush,46.0,39.0,2.0,49.0,1.0,Bird
37.0,ambush,48.0,46.0,1.0,41.0,1.0,Bird
37.0,ambush,48.0,46.0,1.0,41.0,1.0,Bird
37.0,ambush,48.0,46.0,1.0,41.0,1.0,Bird
37.0,ambush,47.0,42.0,2.0,45.0,0.0,Bird
37.0,ambush,48.0,46.0,1.0,41.0,1.0,Bird
37.0,ambush,48.0,46.0,1.0,41.0,0.0,Bird
37.0,ambush,48.0,46.0,1.0,41.0,0.0,Bird
37.0,ambush,48.0,50.0,1.0,41.0,1.0,Bird
37.0,ambush,48.0,46.0,1.0,41.0,1.0,Bird
37.0,ambush,48.0,46.0,2.0,39.0,0.0,Bird
37.0,ambush,47.0,42.0,2.0,45.0,1.0,Bird
37.0,ambush,48.0,46.0,1.0,41.0,1.0,Bird
37.0,ambush,48.0,46.0,1.0,41.0,0.0,Bird
37.0,ambush,48.0,46.0,1.0,41.0,1.0,Bird
37.0,ambush,48.0,46.0,1.0,41.0,1.0,Bird
37.0,ambush,48.0,46.0,1.0,41.0,1.0,Bird
37.0,ambush,48.0,39.0,1.0,48.0,1.0,Bird
37.0,ambush,48.0,46.0,1.0,41.0,1.0,Bird
37.0,ambush,48.0,46.0,1.0,41.0,0.0,Bird
37.0,ambush,48.0,46.0,1.0,41.0,1.0,Bird
37.0,ambush,48.0,46.0,1.0,41.0,1.0,Bird
37.0,ambush,48.0,46.0,1.0,41.0,1.0,Bird
37.0,ambush,48.0,39.0,1.0,48.0,0.0,Bird
37.0,ambush,50.0,46.0,1.0,41.0,1.0,Bird
37.0,ambush,48.0,46.0,1.0,41.0,1.0,Bird
37.0,ambush,47.0,42.0,2.0,45.0,0.0,Bird
37.0,ambush,48.0,46.0,1.0,41.0,0.0,Bird
37.0,ambush,47.0,46.0,1.0,36.0,0.0,Bird
37.0,ambush,48.0,46.0,1.0,41.0,0.0,Bird
37.0,ambush,48.0,46.0,1.0,41.0,1.0,Bird
37.0,ambush,47.0,42.0,2.0,45.0,0.0,Bird
37.0,ambush,48.0,46.0,1.0,41.0,1.0,Bird
37.0,ambush,48.0,46.0,1.0,42.0,1.0,Bird
37.0,ambush,48.0,39.0,1.0,48.0,1.0,Bird
37.0,ambush,48.0,39.0,1.0,48.0,1.0,Bird
37.0,ambush,48.0,42.0,2.0,45.0,1.0,Bird
37.0,ambush,48.0,46.0,1.0,41.0,1.0,Bird
37.0,ambush,48.0,39.0,2.0,48.0,1.0,Bird
37.0,ambush,48.0,46.0,1.0,41.0,1.0,Bird
37.0,ambush,48.0,42.0,2.0,45.0,1.0,Bird
37.0,ambush,48.0,39.0,1.0,48.0,1.0,Bird
37.0,ambush,48.0,42.0,2.0,45.0,1.0,Bird
37.0,ambush,48.0,42.0,2.0,45.0,1.0,Bird
37.0,ambush,48.0,42.0,2.0,45.0,0.0,Bird
37.0,ambush,48.0,42.0,2.0,45.0,0.0,Bird
37.0,ambush,48.0,42.0,2.0,45.0,1.0,Bird
37.0,ambush,47.0,42.0,2.0,48.0,0.0,Bird
37.0,ambush,48.0,42.0,2.0,45.0,1.0,Bird
37.0,ambush,53.0,42.0,4.0,43.0,0.0,Bird
37.0,ambush,48.0,42.0,2.0,45.0,1.0,Bird
37.0,ambush,48.0,45.0,2.0,45.0,1.0,Bird
37.0,ambush,48.0,42.0,2.0,45.0,1.0,Bird
38.0,ambush,47.0,38.0,2.0,43.0,0.0,Bird
38.0,ambush,45.0,34.0,2.0,48.0,1.0,Bird
38.0,ambush,48.0,37.0,2.0,43.0,1.0,Bird
38.0,ambush,45.0,34.0,2.0,48.0,1.0,Bird
38.0,ambush,45.0,34.0,2.0,48.0,0.0,Bird
38.0,ambush,53.0,37.0,2.0,43.0,1.0,Bird
38.0,ambush,48.0,37.0,2.0,43.0,1.0,Bird
38.0,ambush,45.0,34.0,2.0,48.0,1.0,Bird
38.0,ambush,48.0,37.0,2.0,43.0,1.0,Bird
38.0,ambush,48.0,37.0,2.0,43.0,1.0,Bird
38.0,ambush,48.0,37.0,2.0,43.0,1.0,Bird
38.0,ambush,48.0,38.0,2.0,43.0,1.0,Bird
38.0,ambush,45.0,34.0,2.0,48.0,0.0,Bird
38.0,ambush,48.0,38.0,2.0,43.0,1.0,Bird
38.0,ambush,48.0,38.0,2.0,43.0,1.0,Bird
38.0,ambush,52.0,42.0,2.0,43.0,1.0,Bird
38.0,ambush,46.0,37.0,4.0,43.0,0.0,Bird
38.0,ambush,48.0,37.0,2.0,43.0,0.0,Bird
38.0,ambush,48.0,38.0,2.0,43.0,1.0,Bird
38.0,ambush,48.0,37.0,2.0,43.0,1.0,Bird
38.0,ambush,48.0,38.0,2.0,43.0,0.0,Bird
38.0,ambush,48.0,38.0,2.0,43.0,1.0,Bird
38.0,ambush,48.0,38.0,2.0,43.0,1.0,Bird
38.0,ambush,48.0,38.0,2.0,43.0,0.0,Bird
38.0,ambush,48.0,38.0,2.0,43.0,0.0,Bird
38.0,ambush,45.0,34.0,2.0,48.0,0.0,Bird
38.0,ambush,48.0,38.0,2.0,43.0,0.0,Bird
38.0,ambush,48.0,38.0,2.0,43.0,1.0,Bird
38.0,ambush,48.0,38.0,2.0,43.0,0.0,Bird
38.0,ambush,48.0,38.0,2.0,43.0,1.0,Bird
38.0,ambush,48.0,38.0,2.0,43.0,0.0,Bird
38.0,ambush,48.0,38.0,2.0,43.0,0.0,Bird
38.0,ambush,48.0,38.0,2.0,43.0,0.0,Bird
38.0,ambush,48.0,38.0,2.0,43.0,1.0,Bird
38.0,ambush,48.0,38.0,2.0,43.0,1.0,Bird
38.0,ambush,48.0,38.0,2.0,43.0,1.0,Bird
38.0,ambush,48.0,38.0,2.0,43.0,0.0,Bird
38.0,ambush,48.0,38.0,2.0,43.0,1.0,Bird
38.0,ambush,48.0,38.0,2.0,43.0,1.0,Bird
38.0,ambush,48.0,38.0,2.0,43.0,1.0,Bird
38.0,ambush,48.0,38.0,2.0,43.0,1.0,Bird
38.0,ambush,48.0,38.0,2.0,43.0,1.0,Bird
38.0,ambush,48.0,38.0,2.0,43.0,1.0,Bird
38.0,ambush,48.0,38.0,2.0,43.0,1.0,Bird
38.0,ambush,45.0,37.0,2.0,47.0,1.0,Bird
38.0,ambush,48.0,38.0,2.0,43.0,1.0,Bird
38.0,ambush,49.0,42.0,2.0,43.0,0.0,Bird
38.0,ambush,45.0,37.0,2.0,47.0,1.0,Bird
38.0,ambush,45.0,37.0,2.0,47.0,1.0,Bird
38.0,ambush,48.0,38.0,2.0,43.0,1.0,Bird
38.0,ambush,48.0,38.0,2.0,43.0,1.0,Bird
38.0,ambush,48.0,38.0,2.0,43.0,1.0,Bird
38.0,ambush,48.0,38.0,2.0,43.0,0.0,Bird
38.0,ambush,48.0,38.0,2.0,43.0,1.0,Bird
38.0,ambush,48.0,38.0,2.0,43.0,1.0,Bird
38.0,ambush,48.0,43.0,2.0,43.0,0.0,Bird
38.0,ambush,48.0,38.0,2.0,43.0,0.0,Bird
38.0,ambush,48.0,38.0,2.0,43.0,0.0,Bird
38.0,ambush,48.0,38.0,2.0,43.0,1.0,Bird
38.0,ambush,48.0,38.0,12.0,43.0,1.0,Bird
38.0,ambush,48.0,38.0,2.0,43.0,1.0,Bird
38.0,ambush,48.0,38.0,2.0,43.0,1.0,Bird
38.0,ambush,48.0,38.0,2.0,43.0,1.0,Bird
38.0,ambush,48.0,38.0,2.0,43.0,1.0,Bird
38.0,ambush,48.0,37.0,4.0,43.0,1.0,Bird
38.0,ambush,48.0,38.0,2.0,43.0,1.0,Bird
38.0,ambush,48.0,38.0,2.0,43.0,0.0,Bird
38.0,ambush,48.0,38.0,2.0,43.0,1.0,Bird
38.0,ambush,45.0,37.0,2.0,48.0,1.0,Bird
38.0,ambush,48.0,37.0,4.0,43.0,1.0,Bird
38.0,ambush,45.0,37.0,2.0,48.0,1.0,Bird
38.0,ambush,48.0,37.0,4.0,43.0,1.0,Bird
38.0,ambush,45.0,37.0,2.0,48.0,1.0,Bird
38.0,ambush,48.0,37.0,4.0,43.0,0.0,Bird
38.0,ambush,45.0,37.0,2.0,48.0,1.0,Bird
38.0,ambush,45.0,37.0,2.0,48.0,1.0,Bird
38.0,ambush,48.0,37.0,4.0,43.0,0.0,Bird
38.0,ambush,45.0,37.0,2.0,48.0,1.0,Bird
38.0,ambush,45.0,37.0,2.0,48.0,1.0,Bird
38.0,ambush,45.0,37.0,2.0,49.0,1.0,Bird
38.0,ambush,45.0,37.0,2.0,49.0,1.0,Bird
38.0,ambush,48.0,42.0,2.0,41.0,1.0,Bird
38.0,ambush,48.0,38.0,3.0,43.0,0.0,Bird
38.0,ambush,45.0,37.0,2.0,48.0,0.0,Bird
38.0,ambush,48.0,42.0,2.0,41.0,1.0,Bird
38.0,ambush,45.0,37.0,2.0,49.0,0.0,Bird
38.0,ambush,45.0,37.0,2.0,49.0,1.0,Bird
38.0,ambush,45.0,37.0,2.0,49.0,0.0,Bird
38.0,ambush,45.0,37.0,2.0,49.0,1.0,Bird
38.0,ambush,45.0,37.0,2.0,49.0,0.0,Bird
38.0,ambush,45.0,37.0,2.0,49.0,1.0,Bird
38.0,ambush,45.0,37.0,2.0,49.0,1.0,Bird
38.0,ambush,45.0,37.0,2.0,49.0,0.0,Bird
38.0,ambush,45.0,37.0,2.0,49.0,0.0,Bird
38.0,ambush,45.0,44.0,2.0,43.0,0.0,Bird
38.0,ambush,45.0,37.0,2.0,49.0,0.0,Bird
38.0,ambush,45.0,37.0,2.0,49.0,0.0,Bird
38.0,ambush,45.0,37.0,2.0,49.0,0.0,Bird
38.0,ambush,48.0,46.0,2.0,39.0,0.0,Bird
38.0,ambush,48.0,46.0,2.0,39.0,0.0,Bird
38.0,ambush,48.0,46.0,2.0,39.0,0.0,Bird
38.0,ambush,48.0,46.0,2.0,39.0,0.0,Bird
38.0,ambush,48.0,46.0,2.0,39.0,1.0,Bird
38.0,ambush,48.0,46.0,2.0,39.0,1.0,Bird
38.0,ambush,48.0,46.0,1.0,40.0,1.0,Bird
38.0,ambush,48.0,46.0,2.0,39.0,1.0,Bird
38.0,ambush,48.0,46.0,2.0,39.0,1.0,Bird
38.0,ambush,48.0,42.0,2.0,43.0,0.0,Bird
38.0,ambush,48.0,46.0,2.0,39.0,0.0,Bird
38.0,ambush,45.0,44.0,2.0,43.0,0.0,Bird
38.0,ambush,48.0,42.0,2.0,43.0,1.0,Bird
38.0,ambush,48.0,42.0,2.0,43.0,0.0,Bird
38.0,ambush,48.0,46.0,2.0,39.0,0.0,Bird
38.0,ambush,48.0,42.0,2.0,43.0,1.0,Bird
38.0,ambush,48.0,42.0,2.0,43.0,0.0,Bird
38.0,ambush,48.0,42.0,2.0,43.0,1.0,Bird
38.0,ambush,48.0,42.0,2.0,43.0,1.0,Bird
38.0,ambush,53.0,42.0,2.0,43.0,1.0,Bird
38.0,ambush,48.0,46.0,2.0,39.0,0.0,Bird
38.0,ambush,48.0,42.0,2.0,43.0,1.0,Bird
38.0,ambush,48.0,42.0,2.0,43.0,0.0,Bird
38.0,ambush,48.0,42.0,2.0,43.0,1.0,Bird
38.0,ambush,48.0,42.0,2.0,43.0,0.0,Bird
38.0,ambush,48.0,46.0,1.0,40.0,1.0,Bird
38.0,ambush,48.0,46.0,2.0,39.0,0.0,Bird
38.0,ambush,48.0,42.0,2.0,43.0,1.0,Bird
38.0,ambush,48.0,46.0,2.0,39.0,1.0,Bird
38.0,ambush,48.0,46.0,1.0,40.0,1.0,Bird
38.0,ambush,48.0,46.0,2.0,39.0,0.0,Bird
38.0,ambush,48.0,46.0,1.0,40.0,0.0,Bird
39.0,ambush,45.0,34.0,2.0,48.0,0.0,Bird
39.0,ambush,45.0,34.0,2.0,48.0,1.0,Bird
39.0,ambush,45.0,34.0,2.0,48.0,1.0,Bird
39.0,ambush,45.0,34.0,2.0,48.0,1.0,Bird
39.0,ambush,45.0,34.0,2.0,48.0,1.0,Bird
39.0,ambush,48.0,37.0,2.0,43.0,1.0,Bird
39.0,ambush,48.0,37.0,2.0,43.0,1.0,Bird
39.0,ambush,45.0,34.0,2.0,48.0,1.0,Bird
39.0,ambush,48.0,37.0,2.0,43.0,1.0,Bird
39.0,ambush,48.0,37.0,2.0,43.0,1.0,Bird
39.0,ambush,48.0,37.0,2.0,43.0,1.0,Bird
39.0,ambush,45.0,34.0,2.0,48.0,0.0,Bird
39.0,ambush,48.0,37.0,2.0,43.0,1.0,Bird
39.0,ambush,48.0,37.0,2.0,43.0,1.0,Bird
39.0,ambush,48.0,37.0,2.0,43.0,1.0,Bird
39.0,ambush,48.0,37.0,2.0,43.0,0.0,Bird
39.0,ambush,48.0,37.0,2.0,43.0,1.0,Bird
39.0,ambush,48.0,37.0,2.0,43.0,0.0,Bird
39.0,ambush,48.0,38.0,2.0,43.0,1.0,Bird
39.0,ambush,48.0,37.0,2.0,43.0,0.0,Bird
39.0,ambush,48.0,38.0,2.0,43.0,1.0,Bird
39.0,ambush,48.0,38.0,2.0,43.0,1.0,Bird
39.0,ambush,48.0,38.0,2.0,43.0,0.0,Bird
39.0,ambush,45.0,37.0,2.0,47.0,1.0,Bird
39.0,ambush,48.0,38.0,2.0,43.0,0.0,Bird
39.0,ambush,48.0,38.0,2.0,43.0,1.0,Bird
39.0,ambush,48.0,38.0,2.0,43.0,1.0,Bird
39.0,ambush,48.0,38.0,2.0,43.0,0.0,Bird
39.0,ambush,48.0,38.0,2.0,43.0,1.0,Bird
39.0,ambush,48.0,37.0,2.0,43.0,0.0,Bird
39.0,ambush,48.0,38.0,2.0,43.0,0.0,Bird
39.0,ambush,45.0,34.0,2.0,48.0,0.0,Bird
39.0,ambush,48.0,38.0,2.0,43.0,0.0,Bird
39.0,ambush,48.0,38.0,2.0,43.0,1.0,Bird
39.0,ambush,48.0,38.0,2.0,43.0,0.0,Bird
39.0,ambush,48.0,38.0,2.0,43.0,0.0,Bird
39.0,ambush,48.0,38.0,2.0,43.0,0.0,Bird
39.0,ambush,48.0,38.0,2.0,43.0,0.0,Bird
39.0,ambush,48.0,38.0,2.0,43.0,1.0,Bird
39.0,ambush,48.0,38.0,2.0,43.0,0.0,Bird
39.0,ambush,48.0,38.0,2.0,43.0,1.0,Bird
39.0,ambush,48.0,38.0,3.0,43.0,0.0,Bird
39.0,ambush,48.0,38.0,2.0,43.0,1.0,Bird
39.0,ambush,48.0,38.0,2.0,43.0,0.0,Bird
39.0,ambush,48.0,38.0,2.0,43.0,1.0,Bird
39.0,ambush,48.0,38.0,2.0,43.0,0.0,Bird
39.0,ambush,48.0,38.0,2.0,43.0,0.0,Bird
39.0,ambush,48.0,38.0,2.0,43.0,1.0,Bird
39.0,ambush,48.0,38.0,2.0,43.0,1.0,Bird
39.0,ambush,45.0,37.0,2.0,47.0,1.0,Bird
39.0,ambush,48.0,38.0,2.0,43.0,1.0,Bird
39.0,ambush,45.0,37.0,2.0,47.0,0.0,Bird
39.0,ambush,48.0,38.0,2.0,43.0,1.0,Bird
39.0,ambush,48.0,38.0,2.0,43.0,0.0,Bird
39.0,ambush,48.0,38.0,2.0,43.0,1.0,Bird
39.0,ambush,48.0,38.0,2.0,43.0,1.0,Bird
39.0,ambush,48.0,38.0,2.0,43.0,1.0,Bird
39.0,ambush,48.0,38.0,2.0,43.0,0.0,Bird
39.0,ambush,48.0,38.0,2.0,43.0,0.0,Bird
39.0,ambush,48.0,38.0,3.0,43.0,0.0,Bird
39.0,ambush,48.0,38.0,2.0,43.0,1.0,Bird
39.0,ambush,48.0,38.0,2.0,43.0,0.0,Bird
39.0,ambush,48.0,38.0,2.0,43.0,1.0,Bird
39.0,ambush,48.0,38.0,2.0,43.0,0.0,Bird
39.0,ambush,48.0,38.0,2.0,43.0,1.0,Bird
39.0,ambush,48.0,38.0,2.0,43.0,0.0,Bird
39.0,ambush,48.0,38.0,2.0,43.0,1.0,Bird
39.0,ambush,48.0,38.0,2.0,43.0,1.0,Bird
39.0,ambush,48.0,38.0,2.0,43.0,0.0,Bird
39.0,ambush,48.0,38.0,2.0,43.0,1.0,Bird
39.0,ambush,48.0,38.0,2.0,43.0,1.0,Bird
39.0,ambush,48.0,38.0,2.0,43.0,1.0,Bird
39.0,ambush,48.0,38.0,2.0,43.0,1.0,Bird
39.0,ambush,48.0,38.0,2.0,43.0,1.0,Bird
39.0,ambush,48.0,38.0,2.0,43.0,0.0,Bird
39.0,ambush,48.0,38.0,2.0,43.0,0.0,Bird
39.0,ambush,48.0,38.0,2.0,43.0,0.0,Bird
39.0,ambush,48.0,38.0,2.0,43.0,1.0,Bird
39.0,ambush,48.0,38.0,2.0,43.0,0.0,Bird
39.0,ambush,48.0,38.0,2.0,43.0,1.0,Bird
39.0,ambush,48.0,38.0,2.0,43.0,0.0,Bird
39.0,ambush,48.0,38.0,2.0,43.0,0.0,Bird
39.0,ambush,48.0,38.0,2.0,43.0,1.0,Bird
39.0,ambush,48.0,38.0,2.0,43.0,1.0,Bird
39.0,ambush,48.0,38.0,2.0,43.0,1.0,Bird
39.0,ambush,48.0,38.0,2.0,43.0,1.0,Bird
39.0,ambush,48.0,38.0,2.0,43.0,0.0,Bird
39.0,ambush,48.0,38.0,2.0,43.0,1.0,Bird
39.0,ambush,48.0,38.0,2.0,43.0,1.0,Bird
39.0,ambush,48.0,38.0,2.0,43.0,0.0,Bird
39.0,ambush,48.0,38.0,2.0,43.0,0.0,Bird
39.0,ambush,48.0,38.0,2.0,43.0,1.0,Bird
39.0,ambush,45.0,37.0,2.0,48.0,1.0,Bird
39.0,ambush,45.0,37.0,2.0,48.0,1.0,Bird
39.0,ambush,48.0,37.0,4.0,43.0,1.0,Bird
39.0,ambush,45.0,37.0,2.0,47.0,0.0,Bird
39.0,ambush,45.0,37.0,2.0,48.0,1.0,Bird
39.0,ambush,45.0,37.0,2.0,48.0,0.0,Bird
39.0,ambush,48.0,37.0,4.0,43.0,1.0,Bird
39.0,ambush,45.0,37.0,2.0,48.0,1.0,Bird
39.0,ambush,48.0,37.0,4.0,43.0,0.0,Bird
39.0,ambush,48.0,37.0,4.0,43.0,1.0,Bird
39.0,ambush,45.0,37.0,2.0,48.0,1.0,Bird
39.0,ambush,48.0,37.0,4.0,43.0,1.0,Bird
39.0,ambush,48.0,37.0,4.0,43.0,1.0,Bird
39.0,ambush,45.0,37.0,2.0,48.0,0.0,Bird
39.0,ambush,45.0,37.0,2.0,48.0,1.0,Bird
39.0,ambush,48.0,37.0,4.0,43.0,1.0,Bird
39.0,ambush,45.0,37.0,2.0,48.0,0.0,Bird
39.0,ambush,48.0,37.0,4.0,43.0,1.0,Bird
39.0,ambush,45.0,37.0,2.0,49.0,1.0,Bird
39.0,ambush,45.0,37.0,2.0,48.0,1.0,Bird
39.0,ambush,45.0,37.0,2.0,48.0,1.0,Bird
39.0,ambush,48.0,42.0,2.0,41.0,1.0,Bird
39.0,ambush,45.0,37.0,2.0,49.0,1.0,Bird
39.0,ambush,45.0,37.0,2.0,49.0,1.0,Bird
39.0,ambush,45.0,37.0,2.0,49.0,1.0,Bird
39.0,ambush,45.0,37.0,2.0,48.0,0.0,Bird
39.0,ambush,48.0,42.0,2.0,41.0,1.0,Bird
39.0,ambush,45.0,37.0,2.0,48.0,0.0,Bird
39.0,ambush,45.0,37.0,2.0,49.0,1.0,Bird
39.0,ambush,45.0,37.0,2.0,49.0,0.0,Bird
39.0,ambush,48.0,42.0,2.0,41.0,0.0,Bird
39.0,ambush,45.0,37.0,2.0,49.0,1.0,Bird
39.0,ambush,45.0,37.0,2.0,49.0,1.0,Bird
39.0,ambush,48.0,42.0,2.0,41.0,0.0,Bird
39.0,ambush,45.0,37.0,2.0,49.0,0.0,Bird
39.0,ambush,48.0,42.0,2.0,43.0,1.0,Bird
39.0,ambush,48.0,42.0,2.0,41.0,0.0,Bird
39.0,ambush,45.0,37.0,2.0,49.0,1.0,Bird
39.0,ambush,45.0,37.0,2.0,49.0,0.0,Bird
39.0,ambush,48.0,46.0,2.0,39.0,1.0,Bird
39.0,ambush,48.0,42.0,2.0,43.0,1.0,Bird
39.0,ambush,48.0,42.0,2.0,43.0,1.0,Bird
39.0,ambush,48.0,46.0,2.0,39.0,1.0,Bird
39.0,ambush,48.0,42.0,2.0,43.0,1.0,Bird
39.0,ambush,45.0,37.0,2.0,49.0,0.0,Bird
39.0,ambush,45.0,37.0,2.0,48.0,0.0,Bird
39.0,ambush,45.0,37.0,2.0,48.0,0.0,Bird
40.0,ambush,45.0,34.0,2.0,48.0,1.0,Bird
40.0,ambush,45.0,36.0,2.0,48.0,1.0,Bird
40.0,ambush,45.0,34.0,2.0,48.0,1.0,Bird
40.0,ambush,45.0,34.0,2.0,48.0,1.0,Bird
40.0,ambush,45.0,34.0,2.0,48.0,1.0,Bird
40.0,ambush,45.0,34.0,2.0,48.0,1.0,Bird
40.0,ambush,45.0,34.0,2.0,48.0,0.0,Bird
40.0,ambush,48.0,37.0,2.0,43.0,1.0,Bird
40.0,ambush,45.0,34.0,2.0,48.0,1.0,Bird
40.0,ambush,48.0,37.0,2.0,43.0,1.0,Bird
40.0,ambush,48.0,37.0,2.0,43.0,1.0,Bird
40.0,ambush,48.0,37.0,2.0,43.0,1.0,Bird
40.0,ambush,45.0,34.0,2.0,48.0,0.0,Bird
40.0,ambush,48.0,37.0,2.0,43.0,1.0,Bird
40.0,ambush,48.0,37.0,2.0,43.0,0.0,Bird
40.0,ambush,48.0,37.0,2.0,43.0,1.0,Bird
40.0,ambush,48.0,37.0,2.0,43.0,1.0,Bird
40.0,ambush,48.0,37.0,2.0,43.0,1.0,Bird
40.0,ambush,48.0,37.0,2.0,43.0,1.0,Bird
40.0,ambush,48.0,37.0,2.0,43.0,0.0,Bird
40.0,ambush,48.0,37.0,2.0,43.0,1.0,Bird
40.0,ambush,48.0,37.0,2.0,43.0,0.0,Bird
40.0,ambush,48.0,37.0,2.0,46.0,0.0,Bird
40.0,ambush,48.0,37.0,2.0,43.0,0.0,Bird
40.0,ambush,48.0,38.0,2.0,43.0,0.0,Bird
40.0,ambush,48.0,38.0,2.0,43.0,1.0,Bird
40.0,ambush,48.0,38.0,2.0,43.0,1.0,Bird
40.0,ambush,40.0,38.0,2.0,48.0,0.0,Bird
40.0,ambush,48.0,38.0,2.0,43.0,0.0,Bird
40.0,ambush,48.0,38.0,2.0,43.0,1.0,Bird
40.0,ambush,48.0,38.0,2.0,43.0,0.0,Bird
40.0,ambush,48.0,38.0,2.0,43.0,1.0,Bird
40.0,ambush,48.0,37.0,2.0,43.0,0.0,Bird
40.0,ambush,48.0,37.0,2.0,43.0,0.0,Bird
40.0,ambush,48.0,38.0,2.0,43.0,1.0,Bird
40.0,ambush,48.0,39.0,2.0,43.0,1.0,Bird
40.0,ambush,48.0,38.0,2.0,43.0,0.0,Bird
40.0,ambush,48.0,38.0,2.0,43.0,1.0,Bird
40.0,ambush,48.0,38.0,2.0,43.0,1.0,Bird
40.0,ambush,48.0,38.0,2.0,43.0,1.0,Bird
40.0,ambush,48.0,38.0,2.0,43.0,0.0,Bird
40.0,ambush,48.0,38.0,2.0,43.0,1.0,Bird
40.0,ambush,48.0,38.0,2.0,43.0,0.0,Bird
40.0,ambush,48.0,38.0,2.0,43.0,1.0,Bird
40.0,ambush,48.0,38.0,2.0,43.0,0.0,Bird
40.0,ambush,48.0,38.0,2.0,43.0,0.0,Bird
40.0,ambush,48.0,38.0,2.0,43.0,1.0,Bird
40.0,ambush,48.0,38.0,2.0,43.0,0.0,Bird
40.0,ambush,48.0,38.0,2.0,43.0,0.0,Bird
40.0,ambush,48.0,38.0,2.0,43.0,0.0,Bird
40.0,ambush,48.0,38.0,2.0,43.0,1.0,Bird
40.0,ambush,48.0,38.0,2.0,43.0,1.0,Bird
40.0,ambush,45.0,37.0,2.0,47.0,1.0,Bird
40.0,ambush,48.0,38.0,2.0,43.0,0.0,Bird
40.0,ambush,48.0,38.0,2.0,43.0,1.0,Bird
40.0,ambush,48.0,38.0,2.0,43.0,1.0,Bird
40.0,ambush,48.0,38.0,2.0,43.0,0.0,Bird
40.0,ambush,48.0,36.0,2.0,47.0,0.0,Bird
40.0,ambush,48.0,38.0,2.0,43.0,1.0,Bird
40.0,ambush,48.0,38.0,2.0,43.0,0.0,Bird
40.0,ambush,48.0,38.0,2.0,43.0,1.0,Bird
40.0,ambush,48.0,38.0,2.0,43.0,1.0,Bird
40.0,ambush,48.0,38.0,2.0,43.0,0.0,Bird
40.0,ambush,48.0,38.0,2.0,43.0,0.0,Bird
40.0,ambush,48.0,38.0,2.0,43.0,1.0,Bird
40.0,ambush,48.0,38.0,2.0,43.0,1.0,Bird
40.0,ambush,48.0,38.0,2.0,43.0,1.0,Bird
40.0,ambush,45.0,37.0,2.0,47.0,0.0,Bird
40.0,ambush,48.0,38.0,2.0,43.0,1.0,Bird
40.0,ambush,48.0,38.0,2.0,43.0,0.0,Bird
40.0,ambush,48.0,38.0,2.0,43.0,1.0,Bird
40.0,ambush,48.0,38.0,2.0,43.0,0.0,Bird
40.0,ambush,48.0,38.0,2.0,43.0,1.0,Bird
40.0,ambush,48.0,38.0,2.0,43.0,1.0,Bird
40.0,ambush,48.0,38.0,2.0,43.0,1.0,Bird
40.0,ambush,48.0,38.0,2.0,43.0,1.0,Bird
40.0,ambush,48.0,38.0,2.0,43.0,0.0,Bird
40.0,ambush,48.0,38.0,2.0,43.0,1.0,Bird
40.0,ambush,48.0,38.0,2.0,43.0,0.0,Bird
40.0,ambush,48.0,39.0,2.0,42.0,0.0,Bird
40.0,ambush,48.0,38.0,2.0,43.0,0.0,Bird
40.0,ambush,48.0,38.0,2.0,43.0,1.0,Bird
40.0,ambush,48.0,38.0,2.0,43.0,0.0,Bird
40.0,ambush,48.0,38.0,2.0,43.0,1.0,Bird
40.0,ambush,48.0,38.0,2.0,43.0,1.0,Bird
40.0,ambush,48.0,38.0,2.0,43.0,1.0,Bird
40.0,ambush,48.0,38.0,2.0,43.0,0.0,Bird
40.0,ambush,48.0,38.0,2.0,43.0,0.0,Bird
40.0,ambush,48.0,38.0,2.0,43.0,0.0,Bird
40.0,ambush,48.0,38.0,2.0,43.0,1.0,Bird
40.0,ambush,48.0,38.0,2.0,43.0,0.0,Bird
40.0,ambush,48.0,38.0,2.0,43.0,1.0,Bird
40.0,ambush,48.0,38.0,2.0,43.0,0.0,Bird
40.0,ambush,48.0,38.0,2.0,43.0,1.0,Bird
40.0,ambush,48.0,38.0,2.0,43.0,1.0,Bird
40.0,ambush,48.0,38.0,2.0,43.0,1.0,Bird
40.0,ambush,48.0,38.0,2.0,43.0,1.0,Bird
40.0,ambush,48.0,38.0,2.0,43.0,1.0,Bird
40.0,ambush,48.0,38.0,2.0,43.0,1.0,Bird
40.0,ambush,48.0,38.0,2.0,43.0,1.0,Bird
40.0,ambush,48.0,37.0,4.0,43.0,1.0,Bird
40.0,ambush,48.0,37.0,4.0,43.0,0.0,Bird
40.0,ambush,45.0,37.0,2.0,48.0,1.0,Bird
40.0,ambush,48.0,38.0,2.0,43.0,0.0,Bird
40.0,ambush,48.0,37.0,4.0,43.0,1.0,Bird
40.0,ambush,48.0,37.0,4.0,43.0,1.0,Bird
40.0,ambush,48.0,37.0,4.0,43.0,1.0,Bird
40.0,ambush,48.0,38.0,2.0,43.0,0.0,Bird
40.0,ambush,45.0,37.0,2.0,48.0,0.0,Bird
40.0,ambush,48.0,37.0,4.0,43.0,1.0,Bird
40.0,ambush,45.0,37.0,2.0,48.0,1.0,Bird
40.0,ambush,45.0,37.0,2.0,47.0,0.0,Bird
40.0,ambush,48.0,37.0,4.0,43.0,0.0,Bird
40.0,ambush,45.0,37.0,2.0,48.0,1.0,Bird
40.0,ambush,48.0,37.0,4.0,43.0,1.0,Bird
40.0,ambush,48.0,37.0,4.0,43.0,0.0,Bird
40.0,ambush,45.0,37.0,2.0,48.0,0.0,Bird
40.0,ambush,45.0,37.0,2.0,48.0,0.0,Bird
40.0,ambush,45.0,37.0,2.0,48.0,0.0,Bird
40.0,ambush,48.0,37.0,4.0,43.0,1.0,Bird
40.0,ambush,48.0,37.0,4.0,51.0,1.0,Bird
40.0,ambush,45.0,37.0,2.0,48.0,1.0,Bird
40.0,ambush,48.0,38.0,2.0,43.0,0.0,Bird
40.0,ambush,48.0,37.0,4.0,43.0,0.0,Bird
40.0,ambush,48.0,37.0,4.0,43.0,1.0,Bird
40.0,ambush,45.0,37.0,2.0,48.0,0.0,Bird
40.0,ambush,45.0,37.0,2.0,48.0,1.0,Bird
40.0,ambush,48.0,38.0,4.0,43.0,0.0,Bird
40.0,ambush,45.0,37.0,2.0,48.0,0.0,Bird
40.0,ambush,48.0,37.0,4.0,43.0,0.0,Bird
40.0,ambush,45.0,37.0,2.0,48.0,1.0,Bird
40.0,ambush,45.0,37.0,2.0,48.0,1.0,Bird
40.0,ambush,45.0,37.0,2.0,48.0,0.0,Bird
40.0,ambush,45.0,37.0,2.0,48.0,1.0,Bird
40.0,ambush,45.0,37.0,2.0,49.0,1.0,Bird
40.0,ambush,45.0,37.0,2.0,49.0,1.0,Bird
40.0,ambush,45.0,37.0,2.0,49.0,1.0,Bird
40.0,ambush,45.0,34.0,1.0,49.0,1.0,Bird
40.0,ambush,48.0,42.0,2.0,41.0,1.0,Bird
40.0,ambush,45.0,37.0,2.0,49.0,1.0,Bird
40.0,ambush,48.0,42.0,2.0,41.0,1.0,Bird
40.0,ambush,48.0,42.0,2.0,41.0,1.0,Bird
40.0,ambush,45.0,37.0,2.0,49.0,1.0,Bird
40.0,ambush,45.0,37.0,2.0,49.0,0.0,Bird
40.0,ambush,45.0,37.0,2.0,49.0,0.0,Bird
40.0,ambush,45.0,37.0,2.0,49.0,0.0,Bird
40.0,ambush,45.0,37.0,2.0,49.0,1.0,Bird
40.0,ambush,45.0,37.0,2.0,49.0,1.0,Bird
40.0,ambush,48.0,42.0,2.0,41.0,1.0,Bird
40.0,ambush,48.0,42.0,2.0,41.0,1.0,Bird
40.0,ambush,48.0,46.0,2.0,39.0,1.0,Bird
40.0,ambush,48.0,42.0,2.0,43.0,1.0,Bird
40.0,ambush,48.0,46.0,2.0,39.0,0.0,Bird
40.0,ambush,45.0,37.0,2.0,49.0,0.0,Bird
40.0,ambush,45.0,37.0,2.0,48.0,0.0,Bird
40.0,ambush,45.0,37.0,2.0,49.0,1.0,Bird
40.0,ambush,48.0,42.0,2.0,43.0,1.0,Bird
40.0,ambush,48.0,42.0,2.0,43.0,1.0,Bird
40.0,ambush,48.0,46.0,2.0,39.0,1.0,Bird
40.0,ambush,48.0,42.0,2.0,43.0,1.0,Bird
40.0,ambush,48.0,46.0,2.0,39.0,1.0,Bird
40.0,ambush,48.0,42.0,2.0,43.0,0.0,Bird
40.0,ambush,48.0,42.0,2.0,43.0,0.0,Bird
41.0,ambush,45.0,34.0,2.0,48.0,1.0,Bird
41.0,ambush,45.0,34.0,2.0,48.0,0.0,Bird
41.0,ambush,45.0,34.0,2.0,48.0,1.0,Bird
41.0,ambush,45.0,34.0,2.0,48.0,1.0,Bird
41.0,ambush,45.0,34.0,2.0,48.0,1.0,Bird
41.0,ambush,45.0,34.0,2.0,48.0,1.0,Bird
41.0,ambush,45.0,34.0,1.0,49.0,1.0,Bird
41.0,ambush,45.0,34.0,2.0,48.0,1.0,Bird
41.0,ambush,45.0,34.0,2.0,48.0,1.0,Bird
41.0,ambush,45.0,34.0,2.0,48.0,0.0,Bird
41.0,ambush,45.0,34.0,2.0,48.0,1.0,Bird
41.0,ambush,45.0,34.0,2.0,48.0,0.0,Bird
41.0,ambush,45.0,34.0,2.0,48.0,1.0,Bird
41.0,ambush,48.0,37.0,2.0,43.0,0.0,Bird
41.0,ambush,48.0,37.0,2.0,43.0,1.0,Bird
41.0,ambush,48.0,37.0,2.0,43.0,1.0,Bird
41.0,ambush,48.0,37.0,2.0,43.0,1.0,Bird
41.0,ambush,48.0,37.0,2.0,43.0,1.0,Bird
41.0,ambush,48.0,37.0,2.0,43.0,1.0,Bird
41.0,ambush,48.0,37.0,2.0,43.0,1.0,Bird
41.0,ambush,45.0,34.0,2.0,48.0,0.0,Bird
41.0,ambush,45.0,34.0,2.0,48.0,0.0,Bird
41.0,ambush,45.0,34.0,2.0,48.0,0.0,Bird
41.0,ambush,48.0,37.0,2.0,43.0,0.0,Bird
41.0,ambush,48.0,37.0,2.0,43.0,0.0,Bird
41.0,ambush,48.0,37.0,2.0,43.0,1.0,Bird
41.0,ambush,48.0,37.0,2.0,43.0,1.0,Bird
41.0,ambush,48.0,37.0,2.0,43.0,1.0,Bird
41.0,ambush,48.0,37.0,2.0,43.0,1.0,Bird
41.0,ambush,48.0,37.0,2.0,43.0,0.0,Bird
41.0,ambush,48.0,37.0,2.0,43.0,0.0,Bird
41.0,ambush,48.0,37.0,2.0,43.0,1.0,Bird
41.0,ambush,48.0,37.0,2.0,43.0,0.0,Bird
41.0,ambush,48.0,37.0,2.0,43.0,1.0,Bird
41.0,ambush,48.0,37.0,2.0,43.0,0.0,Bird
41.0,ambush,48.0,38.0,2.0,43.0,0.0,Bird
41.0,ambush,48.0,38.0,2.0,43.0,1.0,Bird
41.0,ambush,48.0,37.0,2.0,43.0,0.0,Bird
41.0,ambush,48.0,38.0,2.0,43.0,0.0,Bird
41.0,ambush,48.0,38.0,2.0,43.0,1.0,Bird
41.0,ambush,48.0,38.0,2.0,43.0,0.0,Bird
41.0,ambush,48.0,38.0,2.0,43.0,1.0,Bird
41.0,ambush,48.0,38.0,2.0,43.0,0.0,Bird
41.0,ambush,45.0,37.0,2.0,47.0,1.0,Bird
41.0,ambush,48.0,38.0,2.0,43.0,1.0,Bird
41.0,ambush,48.0,38.0,2.0,43.0,1.0,Bird
41.0,ambush,48.0,38.0,2.0,43.0,1.0,Bird
41.0,ambush,48.0,37.0,2.0,43.0,0.0,Bird
41.0,ambush,48.0,38.0,2.0,43.0,0.0,Bird
41.0,ambush,48.0,38.0,2.0,43.0,0.0,Bird
41.0,ambush,45.0,37.0,2.0,47.0,0.0,Bird
41.0,ambush,48.0,38.0,2.0,43.0,1.0,Bird
41.0,ambush,48.0,38.0,2.0,43.0,1.0,Bird
41.0,ambush,48.0,38.0,2.0,43.0,1.0,Bird
41.0,ambush,53.0,38.0,5.0,43.0,0.0,Bird
41.0,ambush,48.0,38.0,2.0,43.0,1.0,Bird
41.0,ambush,48.0,38.0,2.0,43.0,0.0,Bird
41.0,ambush,48.0,38.0,2.0,43.0,0.0,Bird
41.0,ambush,48.0,38.0,2.0,43.0,1.0,Bird
41.0,ambush,48.0,38.0,2.0,43.0,0.0,Bird
41.0,ambush,48.0,38.0,2.0,43.0,0.0,Bird
41.0,ambush,48.0,38.0,2.0,43.0,1.0,Bird
41.0,ambush,48.0,38.0,2.0,43.0,1.0,Bird
41.0,ambush,48.0,38.0,2.0,43.0,1.0,Bird
41.0,ambush,45.0,37.0,2.0,47.0,0.0,Bird
41.0,ambush,48.0,38.0,2.0,43.0,0.0,Bird
41.0,ambush,48.0,38.0,2.0,43.0,1.0,Bird
41.0,ambush,48.0,38.0,2.0,43.0,1.0,Bird
41.0,ambush,48.0,38.0,2.0,43.0,1.0,Bird
41.0,ambush,48.0,38.0,2.0,43.0,1.0,Bird
41.0,ambush,48.0,38.0,2.0,43.0,0.0,Bird
41.0,ambush,48.0,38.0,2.0,43.0,0.0,Bird
41.0,ambush,48.0,38.0,2.0,43.0,1.0,Bird
41.0,ambush,45.0,36.0,2.0,48.0,1.0,Bird
41.0,ambush,48.0,38.0,2.0,43.0,1.0,Bird
41.0,ambush,48.0,38.0,2.0,43.0,0.0,Bird
41.0,ambush,48.0,38.0,2.0,43.0,0.0,Bird
41.0,ambush,48.0,38.0,2.0,43.0,0.0,Bird
41.0,ambush,48.0,38.0,2.0,43.0,0.0,Bird
41.0,ambush,48.0,38.0,2.0,43.0,1.0,Bird
41.0,ambush,48.0,38.0,2.0,41.0,1.0,Bird
41.0,ambush,48.0,38.0,2.0,43.0,0.0,Bird
41.0,ambush,48.0,38.0,2.0,43.0,0.0,Bird
41.0,ambush,48.0,38.0,2.0,43.0,1.0,Bird
41.0,ambush,48.0,38.0,2.0,43.0,1.0,Bird
41.0,ambush,48.0,38.0,2.0,43.0,0.0,Bird
41.0,ambush,48.0,38.0,2.0,43.0,1.0,Bird
41.0,ambush,48.0,38.0,2.0,43.0,0.0,Bird
41.0,ambush,48.0,38.0,2.0,43.0,0.0,Bird
41.0,ambush,48.0,38.0,2.0,43.0,1.0,Bird
41.0,ambush,48.0,38.0,2.0,43.0,1.0,Bird
41.0,ambush,48.0,38.0,2.0,43.0,0.0,Bird
41.0,ambush,48.0,38.0,2.0,43.0,0.0,Bird
41.0,ambush,48.0,38.0,2.0,43.0,1.0,Bird
41.0,ambush,48.0,38.0,2.0,43.0,0.0,Bird
41.0,ambush,48.0,38.0,2.0,43.0,0.0,Bird
41.0,ambush,53.0,38.0,2.0,43.0,0.0,Bird
41.0,ambush,48.0,38.0,2.0,43.0,0.0,Bird
41.0,ambush,48.0,38.0,2.0,43.0,0.0,Bird
41.0,ambush,48.0,38.0,2.0,43.0,0.0,Bird
41.0,ambush,48.0,38.0,2.0,43.0,0.0,Bird
41.0,ambush,48.0,38.0,2.0,43.0,1.0,Bird
41.0,ambush,48.0,38.0,2.0,43.0,1.0,Bird
41.0,ambush,48.0,38.0,2.0,43.0,1.0,Bird
41.0,ambush,48.0,38.0,2.0,43.0,1.0,Bird
41.0,ambush,48.0,38.0,2.0,43.0,0.0,Bird
41.0,ambush,48.0,38.0,2.0,43.0,1.0,Bird
41.0,ambush,48.0,38.0,2.0,43.0,1.0,Bird
41.0,ambush,48.0,38.0,2.0,43.0,0.0,Bird
41.0,ambush,48.0,38.0,2.0,43.0,0.0,Bird
41.0,ambush,48.0,38.0,2.0,43.0,0.0,Bird
41.0,ambush,48.0,38.0,2.0,43.0,1.0,Bird
41.0,ambush,48.0,38.0,2.0,43.0,0.0,Bird
41.0,ambush,48.0,38.0,2.0,43.0,0.0,Bird
41.0,ambush,48.0,38.0,2.0,43.0,1.0,Bird
41.0,ambush,48.0,38.0,2.0,43.0,1.0,Bird
41.0,ambush,48.0,38.0,2.0,43.0,0.0,Bird
41.0,ambush,48.0,37.0,4.0,43.0,0.0,Bird
41.0,ambush,48.0,38.0,2.0,43.0,1.0,Bird
41.0,ambush,48.0,38.0,2.0,43.0,0.0,Bird
41.0,ambush,45.0,37.0,2.0,48.0,1.0,Bird
41.0,ambush,48.0,38.0,2.0,43.0,0.0,Bird
41.0,ambush,48.0,37.0,4.0,43.0,1.0,Bird
41.0,ambush,48.0,37.0,4.0,43.0,1.0,Bird
41.0,ambush,48.0,37.0,4.0,43.0,0.0,Bird
41.0,ambush,45.0,37.0,2.0,48.0,1.0,Bird
41.0,ambush,48.0,37.0,4.0,43.0,1.0,Bird
41.0,ambush,45.0,37.0,2.0,48.0,1.0,Bird
41.0,ambush,45.0,37.0,2.0,48.0,1.0,Bird
41.0,ambush,48.0,38.0,2.0,43.0,0.0,Bird
41.0,ambush,48.0,37.0,4.0,43.0,1.0,Bird
41.0,ambush,48.0,39.0,2.0,43.0,1.0,Bird
41.0,ambush,48.0,37.0,4.0,43.0,1.0,Bird
41.0,ambush,48.0,39.0,2.0,43.0,1.0,Bird
41.0,ambush,48.0,37.0,4.0,43.0,0.0,Bird
41.0,ambush,48.0,37.0,4.0,43.0,0.0,Bird
41.0,ambush,48.0,37.0,4.0,43.0,1.0,Bird
41.0,ambush,45.0,37.0,2.0,48.0,1.0,Bird
41.0,ambush,45.0,37.0,2.0,48.0,0.0,Bird
41.0,ambush,45.0,37.0,2.0,48.0,1.0,Bird
41.0,ambush,45.0,37.0,2.0,48.0,1.0,Bird
41.0,ambush,48.0,37.0,4.0,43.0,1.0,Bird
41.0,ambush,48.0,37.0,4.0,43.0,0.0,Bird
41.0,ambush,45.0,37.0,2.0,48.0,1.0,Bird
41.0,ambush,48.0,37.0,4.0,43.0,1.0,Bird
41.0,ambush,48.0,37.0,4.0,43.0,1.0,Bird
41.0,ambush,48.0,37.0,4.0,43.0,0.0,Bird
41.0,ambush,45.0,37.0,2.0,48.0,0.0,Bird
41.0,ambush,48.0,37.0,4.0,43.0,0.0,Bird
41.0,ambush,45.0,37.0,2.0,49.0,1.0,Bird
41.0,ambush,45.0,37.0,2.0,48.0,0.0,Bird
41.0,ambush,48.0,37.0,4.0,43.0,0.0,Bird
41.0,ambush,48.0,37.0,4.0,43.0,0.0,Bird
41.0,ambush,48.0,42.0,2.0,41.0,1.0,Bird
41.0,ambush,45.0,37.0,2.0,49.0,0.0,Bird
41.0,ambush,48.0,42.0,2.0,41.0,0.0,Bird
41.0,ambush,45.0,37.0,2.0,49.0,1.0,Bird
41.0,ambush,45.0,37.0,2.0,49.0,0.0,Bird
41.0,ambush,45.0,37.0,2.0,49.0,1.0,Bird
41.0,ambush,45.0,37.0,2.0,49.0,1.0,Bird
41.0,ambush,48.0,42.0,2.0,41.0,0.0,Bird
41.0,ambush,48.0,42.0,1.0,40.0,0.0,Bird
41.0,ambush,48.0,42.0,2.0,41.0,1.0,Bird
41.0,ambush,45.0,37.0,2.0,48.0,0.0,Bird
41.0,ambush,48.0,42.0,2.0,41.0,1.0,Bird
41.0,ambush,45.0,37.0,2.0,49.0,1.0,Bird
41.0,ambush,48.0,42.0,2.0,41.0,0.0,Bird
41.0,ambush,45.0,37.0,2.0,49.0,0.0,Bird
41.0,ambush,45.0,37.0,2.0,49.0,1.0,Bird
41.0,ambush,45.0,37.0,2.0,49.0,1.0,Bird
41.0,ambush,43.0,37.0,2.0,49.0,1.0,Bird
41.0,ambush,45.0,37.0,2.0,49.0,0.0,Bird
41.0,ambush,48.0,42.0,2.0,41.0,1.0,Bird
41.0,ambush,48.0,37.0,4.0,43.0,0.0,Bird
41.0,ambush,45.0,37.0,2.0,49.0,1.0,Bird
41.0,ambush,48.0,42.0,2.0,41.0,1.0,Bird
41.0,ambush,48.0,42.0,2.0,41.0,0.0,Bird
41.0,ambush,48.0,42.0,2.0,41.0,1.0,Bird
41.0,ambush,48.0,46.0,2.0,39.0,1.0,Bird
41.0,ambush,48.0,46.0,2.0,39.0,1.0,Bird
41.0,ambush,48.0,46.0,2.0,39.0,1.0,Bird
41.0,ambush,48.0,42.0,2.0,43.0,1.0,Bird
41.0,ambush,45.0,37.0,2.0,49.0,0.0,Bird
41.0,ambush,48.0,42.0,2.0,41.0,0.0,Bird
41.0,ambush,48.0,42.0,2.0,43.0,1.0,Bird
41.0,ambush,48.0,42.0,2.0,43.0,1.0,Bird
41.0,ambush,48.0,42.0,2.0,43.0,1.0,Bird
41.0,ambush,48.0,42.0,2.0,43.0,1.0,Bird
41.0,ambush,48.0,42.0,2.0,43.0,1.0,Bird
41.0,ambush,48.0,39.0,2.0,43.0,0.0,Bird
41.0,ambush,48.0,46.0,2.0,39.0,0.0,Bird
41.0,ambush,48.0,37.0,4.0,51.0,1.0,Bird
41.0,ambush,48.0,37.0,4.0,51.0,0.0,Bird
41.0,ambush,48.0,37.0,4.0,51.0,0.0,Bird
42.0,ambush,45.0,34.0,2.0,48.0,1.0,Bird
42.0,ambush,45.0,34.0,2.0,48.0,1.0,Bird
42.0,ambush,48.0,38.0,2.0,41.0,1.0,Bird
42.0,ambush,48.0,38.0,2.0,41.0,0.0,Bird
42.0,ambush,45.0,34.0,2.0,48.0,1.0,Bird
42.0,ambush,45.0,34.0,2.0,48.0,1.0,Bird
42.0,ambush,45.0,34.0,2.0,48.0,1.0,Bird
42.0,ambush,45.0,34.0,2.0,48.0,0.0,Bird
42.0,ambush,45.0,34.0,2.0,48.0,1.0,Bird
42.0,ambush,45.0,34.0,2.0,48.0,1.0,Bird
42.0,ambush,45.0,34.0,2.0,48.0,1.0,Bird
42.0,ambush,45.0,34.0,1.0,49.0,1.0,Bird
42.0,ambush,45.0,34.0,2.0,48.0,1.0,Bird
42.0,ambush,45.0,34.0,2.0,48.0,1.0,Bird
42.0,ambush,45.0,34.0,2.0,48.0,1.0,Bird
42.0,ambush,45.0,34.0,2.0,48.0,1.0,Bird
42.0,ambush,45.0,34.0,1.0,49.0,0.0,Bird
42.0,ambush,48.0,37.0,2.0,43.0,1.0,Bird
42.0,ambush,48.0,37.0,2.0,43.0,0.0,Bird
42.0,ambush,48.0,37.0,2.0,43.0,1.0,Bird
42.0,ambush,48.0,37.0,2.0,43.0,0.0,Bird
42.0,ambush,45.0,34.0,2.0,48.0,0.0,Bird
42.0,ambush,48.0,37.0,2.0,43.0,1.0,Bird
42.0,ambush,52.0,37.0,6.0,43.0,1.0,Bird
42.0,ambush,48.0,37.0,2.0,43.0,1.0,Bird
42.0,ambush,48.0,37.0,2.0,43.0,1.0,Bird
42.0,ambush,48.0,37.0,2.0,43.0,1.0,Bird
42.0,ambush,48.0,37.0,2.0,43.0,1.0,Bird
42.0,ambush,48.0,37.0,2.0,43.0,1.0,Bird
42.0,ambush,48.0,37.0,2.0,43.0,1.0,Bird
42.0,ambush,48.0,37.0,2.0,43.0,0.0,Bird
42.0,ambush,48.0,37.0,2.0,43.0,0.0,Bird
42.0,ambush,48.0,37.0,2.0,43.0,0.0,Bird
42.0,ambush,48.0,37.0,2.0,43.0,0.0,Bird
42.0,ambush,50.0,37.0,2.0,43.0,1.0,Bird
42.0,ambush,48.0,37.0,2.0,43.0,1.0,Bird
42.0,ambush,48.0,37.0,2.0,43.0,1.0,Bird
42.0,ambush,45.0,34.0,2.0,48.0,0.0,Bird
42.0,ambush,48.0,37.0,2.0,43.0,0.0,Bird
42.0,ambush,48.0,38.0,2.0,43.0,1.0,Bird
42.0,ambush,48.0,38.0,2.0,43.0,1.0,Bird
42.0,ambush,48.0,38.0,2.0,43.0,1.0,Bird
42.0,ambush,48.0,37.0,2.0,43.0,1.0,Bird
42.0,ambush,48.0,37.0,2.0,43.0,0.0,Bird
42.0,ambush,48.0,37.0,2.0,43.0,0.0,Bird
42.0,ambush,48.0,38.0,2.0,43.0,1.0,Bird
42.0,ambush,48.0,42.0,6.0,43.0,0.0,Bird
42.0,ambush,48.0,38.0,2.0,43.0,1.0,Bird
42.0,ambush,48.0,37.0,2.0,43.0,1.0,Bird
42.0,ambush,48.0,38.0,2.0,43.0,1.0,Bird
42.0,ambush,48.0,38.0,2.0,43.0,0.0,Bird
42.0,ambush,48.0,38.0,2.0,43.0,1.0,Bird
42.0,ambush,48.0,38.0,2.0,43.0,1.0,Bird
42.0,ambush,50.0,38.0,2.0,43.0,1.0,Bird
42.0,ambush,48.0,38.0,2.0,43.0,0.0,Bird
42.0,ambush,48.0,38.0,2.0,43.0,0.0,Bird
42.0,ambush,48.0,38.0,2.0,43.0,1.0,Bird
42.0,ambush,48.0,38.0,2.0,43.0,0.0,Bird
42.0,ambush,48.0,38.0,2.0,43.0,0.0,Bird
42.0,ambush,48.0,38.0,2.0,43.0,1.0,Bird
42.0,ambush,48.0,38.0,2.0,43.0,0.0,Bird
42.0,ambush,48.0,38.0,2.0,43.0,1.0,Bird
42.0,ambush,48.0,38.0,2.0,43.0,0.0,Bird
42.0,ambush,48.0,38.0,2.0,43.0,1.0,Bird
42.0,ambush,48.0,38.0,2.0,43.0,1.0,Bird
42.0,ambush,48.0,33.0,2.0,42.0,1.0,Bird
42.0,ambush,48.0,38.0,2.0,43.0,0.0,Bird
42.0,ambush,48.0,38.0,2.0,43.0,0.0,Bird
42.0,ambush,48.0,38.0,2.0,43.0,0.0,Bird
42.0,ambush,48.0,38.0,2.0,43.0,1.0,Bird
42.0,ambush,48.0,38.0,2.0,43.0,1.0,Bird
42.0,ambush,48.0,38.0,2.0,43.0,0.0,Bird
42.0,ambush,48.0,38.0,2.0,43.0,1.0,Bird
42.0,ambush,48.0,38.0,2.0,43.0,0.0,Bird
42.0,ambush,48.0,38.0,2.0,43.0,1.0,Bird
42.0,ambush,48.0,38.0,2.0,43.0,1.0,Bird
42.0,ambush,48.0,38.0,2.0,43.0,1.0,Bird
42.0,ambush,48.0,38.0,2.0,43.0,0.0,Bird
42.0,ambush,48.0,38.0,2.0,43.0,0.0,Bird
42.0,ambush,48.0,38.0,2.0,43.0,1.0,Bird
42.0,ambush,48.0,38.0,2.0,43.0,1.0,Bird
42.0,ambush,48.0,38.0,2.0,43.0,1.0,Bird
42.0,ambush,48.0,38.0,2.0,43.0,1.0,Bird
42.0,ambush,48.0,38.0,2.0,43.0,0.0,Bird
42.0,ambush,48.0,38.0,2.0,43.0,1.0,Bird
42.0,ambush,48.0,38.0,2.0,43.0,0.0,Bird
42.0,ambush,48.0,38.0,2.0,43.0,1.0,Bird
42.0,ambush,48.0,38.0,2.0,43.0,0.0,Bird
42.0,ambush,48.0,38.0,2.0,43.0,1.0,Bird
42.0,ambush,48.0,38.0,2.0,43.0,1.0,Bird
42.0,ambush,48.0,38.0,2.0,43.0,1.0,Bird
42.0,ambush,48.0,38.0,2.0,43.0,0.0,Bird
42.0,ambush,48.0,38.0,2.0,43.0,0.0,Bird
42.0,ambush,48.0,38.0,2.0,43.0,0.0,Bird
42.0,ambush,48.0,38.0,2.0,43.0,1.0,Bird
42.0,ambush,45.0,37.0,2.0,47.0,1.0,Bird
42.0,ambush,48.0,38.0,2.0,43.0,0.0,Bird
42.0,ambush,48.0,38.0,2.0,43.0,1.0,Bird
42.0,ambush,45.0,37.0,2.0,47.0,1.0,Bird
42.0,ambush,48.0,38.0,2.0,43.0,0.0,Bird
42.0,ambush,45.0,36.0,2.0,48.0,1.0,Bird
42.0,ambush,48.0,38.0,2.0,43.0,0.0,Bird
42.0,ambush,48.0,38.0,2.0,43.0,1.0,Bird
42.0,ambush,48.0,38.0,2.0,43.0,0.0,Bird
42.0,ambush,48.0,38.0,2.0,43.0,1.0,Bird
42.0,ambush,45.0,36.0,2.0,48.0,0.0,Bird
42.0,ambush,48.0,38.0,2.0,43.0,1.0,Bird
42.0,ambush,48.0,38.0,2.0,43.0,1.0,Bird
42.0,ambush,48.0,38.0,2.0,43.0,0.0,Bird
42.0,ambush,48.0,38.0,2.0,43.0,0.0,Bird
42.0,ambush,48.0,38.0,2.0,43.0,1.0,Bird
42.0,ambush,48.0,38.0,2.0,47.0,0.0,Bird
42.0,ambush,48.0,38.0,2.0,43.0,0.0,Bird
42.0,ambush,48.0,38.0,2.0,43.0,0.0,Bird
42.0,ambush,48.0,38.0,2.0,43.0,0.0,Bird
42.0,ambush,43.0,37.0,2.0,49.0,1.0,Bird
42.0,ambush,48.0,38.0,2.0,41.0,1.0,Bird
42.0,ambush,48.0,38.0,2.0,43.0,1.0,Bird
42.0,ambush,48.0,38.0,2.0,43.0,0.0,Bird
42.0,ambush,48.0,38.0,2.0,43.0,1.0,Bird
42.0,ambush,48.0,38.0,2.0,43.0,1.0,Bird
42.0,ambush,45.0,36.0,2.0,48.0,0.0,Bird
42.0,ambush,48.0,37.0,4.0,43.0,1.0,Bird
42.0,ambush,48.0,37.0,4.0,43.0,1.0,Bird
42.0,ambush,45.0,37.0,2.0,48.0,0.0,Bird
42.0,ambush,43.0,37.0,2.0,49.0,0.0,Bird
42.0,ambush,48.0,39.0,2.0,43.0,0.0,Bird
42.0,ambush,48.0,39.0,2.0,43.0,0.0,Bird
42.0,ambush,48.0,38.0,2.0,43.0,0.0,Bird
42.0,ambush,48.0,37.0,4.0,43.0,1.0,Bird
42.0,ambush,48.0,39.0,2.0,43.0,1.0,Bird
42.0,ambush,45.0,37.0,2.0,48.0,1.0,Bird
42.0,ambush,45.0,37.0,2.0,48.0,1.0,Bird
42.0,ambush,45.0,37.0,2.0,48.0,1.0,Bird
42.0,ambush,45.0,37.0,2.0,48.0,1.0,Bird
42.0,ambush,48.0,37.0,4.0,43.0,1.0,Bird
42.0,ambush,48.0,37.0,4.0,43.0,0.0,Bird
42.0,ambush,48.0,39.0,2.0,43.0,0.0,Bird
42.0,ambush,48.0,39.0,2.0,43.0,0.0,Bird
42.0,ambush,48.0,37.0,4.0,43.0,1.0,Bird
42.0,ambush,45.0,37.0,2.0,48.0,0.0,Bird
42.0,ambush,45.0,37.0,2.0,48.0,1.0,Bird
42.0,ambush,45.0,37.0,2.0,48.0,1.0,Bird
42.0,ambush,48.0,37.0,4.0,43.0,0.0,Bird
42.0,ambush,45.0,37.0,2.0,48.0,0.0,Bird
42.0,ambush,48.0,37.0,4.0,43.0,0.0,Bird
42.0,ambush,45.0,37.0,2.0,48.0,1.0,Bird
42.0,ambush,48.0,37.0,4.0,43.0,1.0,Bird
42.0,ambush,48.0,37.0,4.0,43.0,1.0,Bird
42.0,ambush,48.0,37.0,4.0,43.0,1.0,Bird
42.0,ambush,45.0,37.0,2.0,48.0,0.0,Bird
42.0,ambush,48.0,37.0,4.0,43.0,0.0,Bird
42.0,ambush,45.0,37.0,2.0,48.0,0.0,Bird
42.0,ambush,45.0,37.0,2.0,48.0,0.0,Bird
42.0,ambush,43.0,37.0,2.0,49.0,0.0,Bird
42.0,ambush,45.0,37.0,2.0,48.0,0.0,Bird
42.0,ambush,48.0,42.0,2.0,41.0,1.0,Bird
42.0,ambush,48.0,37.0,4.0,43.0,1.0,Bird
42.0,ambush,48.0,42.0,2.0,41.0,1.0,Bird
42.0,ambush,48.0,42.0,2.0,41.0,1.0,Bird
42.0,ambush,48.0,42.0,2.0,41.0,0.0,Bird
42.0,ambush,48.0,42.0,2.0,41.0,1.0,Bird
42.0,ambush,45.0,37.0,2.0,49.0,1.0,Bird
42.0,ambush,45.0,37.0,2.0,49.0,1.0,Bird
42.0,ambush,48.0,42.0,2.0,41.0,1.0,Bird
42.0,ambush,45.0,37.0,2.0,49.0,1.0,Bird
42.0,ambush,45.0,37.0,2.0,49.0,1.0,Bird
42.0,ambush,45.0,37.0,2.0,49.0,1.0,Bird
42.0,ambush,45.0,37.0,2.0,49.0,0.0,Bird
42.0,ambush,48.0,42.0,2.0,41.0,1.0,Bird
42.0,ambush,48.0,42.0,2.0,41.0,1.0,Bird
42.0,ambush,45.0,37.0,2.0,49.0,0.0,Bird
42.0,ambush,45.0,37.0,2.0,49.0,1.0,Bird
42.0,ambush,45.0,37.0,2.0,49.0,0.0,Bird
42.0,ambush,48.0,42.0,2.0,41.0,1.0,Bird
42.0,ambush,48.0,42.0,2.0,41.0,1.0,Bird
42.0,ambush,45.0,37.0,2.0,49.0,0.0,Bird
42.0,ambush,45.0,37.0,2.0,49.0,1.0,Bird
42.0,ambush,45.0,37.0,2.0,48.0,0.0,Bird
42.0,ambush,48.0,46.0,2.0,39.0,1.0,Bird
42.0,ambush,48.0,42.0,2.0,41.0,0.0,Bird
42.0,ambush,48.0,42.0,2.0,43.0,1.0,Bird
42.0,ambush,45.0,37.0,2.0,49.0,1.0,Bird
42.0,ambush,48.0,46.0,2.0,39.0,0.0,Bird
42.0,ambush,45.0,37.0,2.0,49.0,0.0,Bird
42.0,ambush,48.0,46.0,2.0,39.0,1.0,Bird
42.0,ambush,48.0,42.0,2.0,43.0,1.0,Bird
42.0,ambush,48.0,42.0,2.0,43.0,1.0,Bird
42.0,ambush,48.0,42.0,2.0,43.0,1.0,Bird
42.0,ambush,48.0,42.0,2.0,43.0,1.0,Bird
42.0,ambush,48.0,42.0,2.0,40.0,1.0,Bird
42.0,ambush,48.0,46.0,2.0,39.0,1.0,Bird
42.0,ambush,48.0,42.0,2.0,43.0,1.0,Bird
42.0,ambush,45.0,37.0,2.0,49.0,0.0,Bird
42.0,ambush,48.0,42.0,2.0,43.0,1.0,Bird
42.0,ambush,48.0,46.0,2.0,39.0,0.0,Bird
42.0,ambush,48.0,42.0,2.0,43.0,1.0,Bird
42.0,ambush,48.0,42.0,2.0,43.0,0.0,Bird
42.0,ambush,48.0,42.0,2.0,43.0,1.0,Bird
42.0,ambush,48.0,37.0,4.0,51.0,1.0,Bird
42.0,ambush,48.0,37.0,4.0,51.0,1.0,Bird
42.0,ambush,48.0,42.0,2.0,43.0,0.0,Bird
42.0,ambush,48.0,42.0,2.0,43.0,0.0,Bird
42.0,ambush,48.0,42.0,2.0,43.0,0.0,Bird
43.0,ambush,45.0,34.0,2.0,48.0,1.0,Bird
43.0,ambush,45.0,34.0,2.0,48.0,1.0,Bird
43.0,ambush,45.0,34.0,2.0,48.0,1.0,Bird
43.0,ambush,45.0,34.0,2.0,48.0,1.0,Bird
43.0,ambush,45.0,34.0,2.0,48.0,1.0,Bird
43.0,ambush,48.0,33.0,2.0,42.0,1.0,Bird
43.0,ambush,45.0,34.0,2.0,48.0,1.0,Bird
43.0,ambush,48.0,38.0,2.0,41.0,0.0,Bird
43.0,ambush,45.0,34.0,2.0,48.0,1.0,Bird
43.0,ambush,45.0,34.0,2.0,48.0,1.0,Bird
43.0,ambush,45.0,34.0,2.0,48.0,1.0,Bird
43.0,ambush,45.0,34.0,2.0,48.0,1.0,Bird
43.0,ambush,48.0,38.0,2.0,41.0,1.0,Bird
43.0,ambush,45.0,34.0,2.0,48.0,1.0,Bird
43.0,ambush,45.0,34.0,2.0,48.0,0.0,Bird
43.0,ambush,45.0,34.0,2.0,48.0,1.0,Bird
43.0,ambush,45.0,34.0,2.0,48.0,1.0,Bird
43.0,ambush,45.0,34.0,2.0,48.0,0.0,Bird
43.0,ambush,45.0,34.0,2.0,48.0,1.0,Bird
43.0,ambush,48.0,37.0,2.0,43.0,1.0,Bird
43.0,ambush,45.0,34.0,1.0,49.0,1.0,Bird
43.0,ambush,45.0,34.0,2.0,48.0,0.0,Bird
43.0,ambush,48.0,37.0,2.0,43.0,0.0,Bird
43.0,ambush,48.0,37.0,2.0,43.0,1.0,Bird
43.0,ambush,45.0,34.0,2.0,48.0,0.0,Bird
43.0,ambush,48.0,37.0,2.0,43.0,1.0,Bird
43.0,ambush,48.0,37.0,2.0,43.0,1.0,Bird
43.0,ambush,48.0,37.0,2.0,43.0,1.0,Bird
43.0,ambush,48.0,37.0,2.0,43.0,1.0,Bird
43.0,ambush,45.0,34.0,2.0,48.0,0.0,Bird
43.0,ambush,48.0,37.0,2.0,43.0,1.0,Bird
43.0,ambush,48.0,37.0,2.0,43.0,1.0,Bird
43.0,ambush,48.0,37.0,2.0,43.0,1.0,Bird
43.0,ambush,48.0,37.0,2.0,43.0,0.0,Bird
43.0,ambush,48.0,37.0,2.0,43.0,0.0,Bird
43.0,ambush,48.0,37.0,2.0,43.0,0.0,Bird
43.0,ambush,48.0,37.0,2.0,43.0,0.0,Bird
43.0,ambush,48.0,37.0,2.0,43.0,0.0,Bird
43.0,ambush,48.0,37.0,2.0,43.0,1.0,Bird
43.0,ambush,48.0,37.0,2.0,43.0,0.0,Bird
43.0,ambush,48.0,37.0,2.0,43.0,1.0,Bird
43.0,ambush,48.0,37.0,2.0,43.0,0.0,Bird
43.0,ambush,48.0,38.0,2.0,43.0,1.0,Bird
43.0,ambush,48.0,38.0,2.0,43.0,1.0,Bird
43.0,ambush,48.0,37.0,2.0,43.0,0.0,Bird
43.0,ambush,48.0,37.0,2.0,43.0,1.0,Bird
43.0,ambush,48.0,38.0,2.0,43.0,0.0,Bird
43.0,ambush,48.0,37.0,2.0,43.0,0.0,Bird
43.0,ambush,48.0,38.0,2.0,43.0,1.0,Bird
43.0,ambush,48.0,38.0,2.0,43.0,1.0,Bird
43.0,ambush,48.0,37.0,2.0,43.0,0.0,Bird
43.0,ambush,48.0,38.0,2.0,43.0,1.0,Bird
43.0,ambush,48.0,38.0,2.0,43.0,0.0,Bird
43.0,ambush,48.0,38.0,2.0,43.0,0.0,Bird
43.0,ambush,44.0,35.0,2.0,43.0,1.0,Bird
43.0,ambush,48.0,38.0,2.0,43.0,1.0,Bird
43.0,ambush,48.0,37.0,2.0,43.0,0.0,Bird
43.0,ambush,48.0,38.0,2.0,43.0,0.0,Bird
43.0,ambush,48.0,38.0,2.0,43.0,0.0,Bird
43.0,ambush,48.0,37.0,2.0,43.0,0.0,Bird
43.0,ambush,48.0,38.0,2.0,43.0,1.0,Bird
43.0,ambush,48.0,38.0,2.0,43.0,0.0,Bird
43.0,ambush,48.0,38.0,2.0,43.0,0.0,Bird
43.0,ambush,48.0,38.0,2.0,43.0,1.0,Bird
43.0,ambush,48.0,38.0,2.0,43.0,0.0,Bird
43.0,ambush,48.0,38.0,2.0,43.0,1.0,Bird
43.0,ambush,48.0,38.0,2.0,45.0,1.0,Bird
43.0,ambush,48.0,38.0,2.0,43.0,1.0,Bird
43.0,ambush,48.0,38.0,2.0,43.0,1.0,Bird
43.0,ambush,48.0,38.0,2.0,43.0,1.0,Bird
43.0,ambush,48.0,38.0,2.0,43.0,1.0,Bird
43.0,ambush,48.0,38.0,2.0,43.0,1.0,Bird
43.0,ambush,48.0,38.0,2.0,43.0,1.0,Bird
43.0,ambush,48.0,38.0,2.0,43.0,1.0,Bird
43.0,ambush,48.0,38.0,2.0,43.0,1.0,Bird
43.0,ambush,48.0,38.0,2.0,43.0,0.0,Bird
43.0,ambush,48.0,38.0,2.0,43.0,0.0,Bird
43.0,ambush,48.0,38.0,2.0,43.0,1.0,Bird
43.0,ambush,48.0,38.0,2.0,43.0,1.0,Bird
43.0,ambush,48.0,38.0,2.0,43.0,1.0,Bird
43.0,ambush,48.0,38.0,2.0,43.0,1.0,Bird
43.0,ambush,48.0,38.0,2.0,43.0,0.0,Bird
43.0,ambush,48.0,38.0,2.0,43.0,1.0,Bird
43.0,ambush,48.0,38.0,2.0,43.0,1.0,Bird
43.0,ambush,48.0,38.0,2.0,47.0,1.0,Bird
43.0,ambush,48.0,38.0,2.0,43.0,1.0,Bird
43.0,ambush,48.0,38.0,2.0,43.0,1.0,Bird
43.0,ambush,48.0,38.0,2.0,43.0,0.0,Bird
43.0,ambush,48.0,38.0,2.0,43.0,1.0,Bird
43.0,ambush,45.0,37.0,2.0,47.0,1.0,Bird
43.0,ambush,48.0,38.0,2.0,43.0,1.0,Bird
43.0,ambush,45.0,37.0,2.0,47.0,1.0,Bird
43.0,ambush,48.0,38.0,2.0,43.0,0.0,Bird
43.0,ambush,48.0,38.0,2.0,43.0,1.0,Bird
43.0,ambush,45.0,36.0,2.0,48.0,1.0,Bird
43.0,ambush,48.0,38.0,2.0,43.0,1.0,Bird
43.0,ambush,48.0,38.0,2.0,43.0,1.0,Bird
43.0,ambush,48.0,38.0,2.0,43.0,0.0,Bird
43.0,ambush,48.0,38.0,2.0,43.0,1.0,Bird
43.0,ambush,48.0,38.0,2.0,43.0,1.0,Bird
43.0,ambush,48.0,38.0,2.0,43.0,1.0,Bird
43.0,ambush,48.0,38.0,2.0,43.0,0.0,Bird
43.0,ambush,48.0,38.0,2.0,43.0,1.0,Bird
43.0,ambush,43.0,37.0,2.0,49.0,1.0,Bird
43.0,ambush,48.0,38.0,2.0,43.0,0.0,Bird
43.0,ambush,48.0,38.0,2.0,43.0,1.0,Bird
43.0,ambush,48.0,38.0,2.0,43.0,1.0,Bird
43.0,ambush,48.0,38.0,2.0,43.0,0.0,Bird
43.0,ambush,48.0,38.0,2.0,43.0,0.0,Bird
43.0,ambush,48.0,38.0,2.0,43.0,0.0,Bird
43.0,ambush,52.0,38.0,2.0,43.0,1.0,Bird
43.0,ambush,48.0,38.0,2.0,43.0,1.0,Bird
43.0,ambush,43.0,37.0,2.0,49.0,0.0,Bird
43.0,ambush,44.0,40.0,2.0,43.0,0.0,Bird
43.0,ambush,48.0,38.0,2.0,43.0,0.0,Bird
44.0,ambush,48.0,36.0,5.0,42.0,1.0,Bird
44.0,ambush,48.0,33.0,2.0,42.0,1.0,Bird
44.0,ambush,45.0,34.0,2.0,48.0,1.0,Bird
44.0,ambush,45.0,34.0,2.0,48.0,1.0,Bird
44.0,ambush,45.0,34.0,2.0,48.0,1.0,Bird
44.0,ambush,45.0,34.0,2.0,48.0,1.0,Bird
44.0,ambush,45.0,34.0,2.0,48.0,0.0,Bird
44.0,ambush,45.0,34.0,2.0,48.0,0.0,Bird
44.0,ambush,45.0,34.0,2.0,48.0,1.0,Bird
44.0,ambush,45.0,34.0,2.0,48.0,1.0,Bird
44.0,ambush,45.0,34.0,2.0,48.0,0.0,Bird
44.0,ambush,45.0,34.0,1.0,48.0,0.0,Bird
44.0,ambush,45.0,34.0,2.0,48.0,1.0,Bird
44.0,ambush,44.0,35.0,2.0,43.0,0.0,Bird
44.0,ambush,45.0,34.0,2.0,48.0,1.0,Bird
44.0,ambush,45.0,34.0,2.0,48.0,1.0,Bird
44.0,ambush,45.0,34.0,2.0,48.0,0.0,Bird
44.0,ambush,45.0,34.0,2.0,48.0,1.0,Bird
44.0,ambush,48.0,33.0,6.0,42.0,0.0,Bird
44.0,ambush,45.0,34.0,2.0,48.0,0.0,Bird
44.0,ambush,45.0,34.0,2.0,48.0,1.0,Bird
44.0,ambush,45.0,34.0,2.0,48.0,1.0,Bird
44.0,ambush,45.0,34.0,2.0,48.0,1.0,Bird
44.0,ambush,45.0,34.0,2.0,48.0,1.0,Bird
44.0,ambush,45.0,34.0,2.0,48.0,1.0,Bird
44.0,ambush,45.0,34.0,2.0,49.0,1.0,Bird
44.0,ambush,45.0,34.0,2.0,48.0,1.0,Bird
44.0,ambush,45.0,34.0,2.0,48.0,1.0,Bird
44.0,ambush,45.0,34.0,2.0,48.0,1.0,Bird
44.0,ambush,48.0,38.0,2.0,41.0,1.0,Bird
44.0,ambush,45.0,34.0,1.0,49.0,1.0,Bird
44.0,ambush,45.0,34.0,2.0,48.0,0.0,Bird
44.0,ambush,45.0,34.0,2.0,48.0,0.0,Bird
44.0,ambush,45.0,34.0,2.0,48.0,1.0,Bird
44.0,ambush,45.0,34.0,2.0,48.0,0.0,Bird
44.0,ambush,45.0,34.0,2.0,48.0,0.0,Bird
44.0,ambush,48.0,37.0,2.0,43.0,0.0,Bird
44.0,ambush,48.0,37.0,2.0,43.0,1.0,Bird
44.0,ambush,48.0,37.0,2.0,43.0,1.0,Bird
44.0,ambush,45.0,34.0,2.0,48.0,0.0,Bird
44.0,ambush,48.0,37.0,2.0,43.0,1.0,Bird
44.0,ambush,48.0,37.0,2.0,43.0,1.0,Bird
44.0,ambush,48.0,37.0,2.0,43.0,0.0,Bird
44.0,ambush,48.0,37.0,2.0,43.0,0.0,Bird
44.0,ambush,48.0,37.0,2.0,43.0,0.0,Bird
44.0,ambush,48.0,37.0,2.0,43.0,1.0,Bird
44.0,ambush,48.0,37.0,2.0,43.0,1.0,Bird
44.0,ambush,45.0,34.0,2.0,48.0,0.0,Bird
44.0,ambush,48.0,37.0,2.0,43.0,0.0,Bird
44.0,ambush,48.0,37.0,2.0,43.0,1.0,Bird
44.0,ambush,48.0,37.0,2.0,43.0,0.0,Bird
44.0,ambush,45.0,34.0,2.0,48.0,0.0,Bird
44.0,ambush,48.0,37.0,2.0,43.0,0.0,Bird
44.0,ambush,48.0,37.0,2.0,43.0,0.0,Bird
44.0,ambush,48.0,37.0,2.0,43.0,0.0,Bird
44.0,ambush,48.0,37.0,2.0,43.0,0.0,Bird
44.0,ambush,48.0,37.0,2.0,43.0,1.0,Bird
44.0,ambush,48.0,37.0,2.0,43.0,0.0,Bird
44.0,ambush,48.0,37.0,2.0,43.0,1.0,Bird
44.0,ambush,48.0,38.0,2.0,43.0,1.0,Bird
44.0,ambush,48.0,37.0,2.0,43.0,0.0,Bird
44.0,ambush,48.0,38.0,2.0,43.0,1.0,Bird
44.0,ambush,48.0,37.0,2.0,43.0,0.0,Bird
44.0,ambush,48.0,38.0,2.0,43.0,0.0,Bird
44.0,ambush,48.0,38.0,2.0,43.0,0.0,Bird
44.0,ambush,48.0,37.0,2.0,43.0,0.0,Bird
44.0,ambush,48.0,38.0,2.0,43.0,1.0,Bird
44.0,ambush,48.0,38.0,2.0,43.0,1.0,Bird
44.0,ambush,48.0,38.0,2.0,43.0,0.0,Bird
44.0,ambush,48.0,38.0,2.0,43.0,1.0,Bird
44.0,ambush,48.0,38.0,2.0,43.0,0.0,Bird
44.0,ambush,48.0,38.0,2.0,43.0,0.0,Bird
44.0,ambush,48.0,38.0,2.0,43.0,1.0,Bird
44.0,ambush,45.0,37.0,2.0,47.0,1.0,Bird
44.0,ambush,48.0,38.0,2.0,43.0,1.0,Bird
44.0,ambush,45.0,37.0,2.0,47.0,1.0,Bird
44.0,ambush,48.0,38.0,2.0,43.0,0.0,Bird
44.0,ambush,48.0,38.0,2.0,43.0,1.0,Bird
44.0,ambush,48.0,38.0,2.0,43.0,1.0,Bird
44.0,ambush,45.0,37.0,1.0,47.0,1.0,Bird
44.0,ambush,48.0,38.0,2.0,43.0,1.0,Bird
44.0,ambush,48.0,38.0,2.0,43.0,1.0,Bird
44.0,ambush,48.0,38.0,2.0,43.0,1.0,Bird
44.0,ambush,48.0,38.0,2.0,43.0,0.0,Bird
44.0,ambush,48.0,38.0,2.0,43.0,1.0,Bird
44.0,ambush,48.0,38.0,2.0,43.0,1.0,Bird
44.0,ambush,48.0,38.0,2.0,43.0,1.0,Bird
44.0,ambush,48.0,38.0,2.0,43.0,0.0,Bird
44.0,ambush,48.0,38.0,2.0,43.0,0.0,Bird
44.0,ambush,48.0,38.0,2.0,43.0,0.0,Bird
44.0,ambush,48.0,38.0,2.0,43.0,1.0,Bird
44.0,ambush,45.0,37.0,2.0,47.0,1.0,Bird
44.0,ambush,48.0,38.0,2.0,43.0,1.0,Bird
44.0,ambush,45.0,37.0,2.0,47.0,1.0,Bird
44.0,ambush,48.0,38.0,2.0,43.0,1.0,Bird
44.0,ambush,48.0,38.0,2.0,43.0,0.0,Bird
44.0,ambush,48.0,38.0,2.0,43.0,0.0,Bird
44.0,ambush,48.0,38.0,3.0,40.0,1.0,Bird
44.0,ambush,48.0,38.0,2.0,43.0,1.0,Bird
44.0,ambush,45.0,37.0,2.0,47.0,0.0,Bird
44.0,ambush,48.0,38.0,2.0,43.0,1.0,Bird
44.0,ambush,48.0,38.0,2.0,43.0,1.0,Bird
44.0,ambush,48.0,38.0,2.0,43.0,0.0,Bird
44.0,ambush,48.0,38.0,2.0,43.0,1.0,Bird
44.0,ambush,48.0,38.0,2.0,43.0,0.0,Bird
44.0,ambush,48.0,33.0,2.0,39.0,0.0,Bird
44.0,ambush,48.0,38.0,2.0,43.0,1.0,Bird
44.0,ambush,48.0,38.0,2.0,43.0,1.0,Bird
44.0,ambush,48.0,38.0,2.0,43.0,1.0,Bird
44.0,ambush,48.0,38.0,2.0,43.0,0.0,Bird
44.0,ambush,48.0,38.0,2.0,43.0,1.0,Bird
44.0,ambush,48.0,38.0,2.0,43.0,1.0,Bird
44.0,ambush,48.0,38.0,1.0,46.0,0.0,Bird
44.0,ambush,48.0,38.0,2.0,43.0,0.0,Bird
44.0,ambush,43.0,37.0,2.0,49.0,0.0,Bird
44.0,ambush,48.0,38.0,2.0,43.0,0.0,Bird
44.0,ambush,48.0,38.0,2.0,43.0,1.0,Bird
44.0,ambush,48.0,38.0,2.0,43.0,1.0,Bird
44.0,ambush,48.0,38.0,2.0,43.0,1.0,Bird
44.0,ambush,43.0,37.0,2.0,49.0,0.0,Bird
44.0,ambush,48.0,38.0,2.0,43.0,0.0,Bird
44.0,ambush,48.0,38.0,2.0,43.0,0.0,Bird
44.0,ambush,48.0,38.0,2.0,43.0,1.0,Bird
45.0,ambush,45.0,34.0,2.0,48.0,1.0,Bird
45.0,ambush,45.0,34.0,2.0,48.0,1.0,Bird
45.0,ambush,45.0,34.0,2.0,48.0,0.0,Bird
45.0,ambush,48.0,33.0,2.0,42.0,0.0,Bird
45.0,ambush,45.0,34.0,2.0,48.0,1.0,Bird
45.0,ambush,48.0,38.0,2.0,41.0,1.0,Bird
45.0,ambush,45.0,34.0,2.0,48.0,0.0,Bird
45.0,ambush,45.0,34.0,2.0,48.0,0.0,Bird
45.0,ambush,45.0,34.0,2.0,48.0,1.0,Bird
45.0,ambush,48.0,38.0,2.0,41.0,0.0,Bird
45.0,ambush,48.0,38.0,2.0,41.0,1.0,Bird
45.0,ambush,45.0,34.0,2.0,48.0,1.0,Bird
45.0,ambush,48.0,33.0,2.0,42.0,0.0,Bird
45.0,ambush,45.0,34.0,2.0,48.0,0.0,Bird
45.0,ambush,45.0,34.0,2.0,48.0,1.0,Bird
45.0,ambush,45.0,34.0,2.0,48.0,1.0,Bird
45.0,ambush,45.0,34.0,2.0,48.0,0.0,Bird
45.0,ambush,45.0,34.0,2.0,48.0,1.0,Bird
45.0,ambush,45.0,34.0,2.0,48.0,1.0,Bird
45.0,ambush,45.0,34.0,2.0,48.0,1.0,Bird
45.0,ambush,45.0,34.0,2.0,48.0,1.0,Bird
45.0,ambush,45.0,34.0,2.0,48.0,1.0,Bird
45.0,ambush,45.0,34.0,2.0,48.0,0.0,Bird
45.0,ambush,45.0,34.0,2.0,48.0,0.0,Bird
45.0,ambush,45.0,34.0,2.0,48.0,1.0,Bird
45.0,ambush,45.0,34.0,2.0,48.0,1.0,Bird
45.0,ambush,45.0,34.0,2.0,48.0,1.0,Bird
45.0,ambush,45.0,34.0,2.0,48.0,0.0,Bird
45.0,ambush,45.0,34.0,2.0,48.0,1.0,Bird
45.0,ambush,45.0,34.0,2.0,48.0,1.0,Bird
45.0,ambush,45.0,34.0,1.0,49.0,1.0,Bird
45.0,ambush,45.0,34.0,2.0,48.0,0.0,Bird
45.0,ambush,45.0,34.0,2.0,48.0,1.0,Bird
45.0,ambush,45.0,34.0,2.0,48.0,1.0,Bird
45.0,ambush,45.0,34.0,2.0,48.0,0.0,Bird
45.0,ambush,45.0,34.0,2.0,48.0,0.0,Bird
45.0,ambush,45.0,34.0,2.0,48.0,0.0,Bird
45.0,ambush,45.0,34.0,2.0,48.0,1.0,Bird
45.0,ambush,45.0,34.0,2.0,48.0,0.0,Bird
45.0,ambush,45.0,34.0,1.0,49.0,0.0,Bird
45.0,ambush,45.0,34.0,2.0,48.0,1.0,Bird
45.0,ambush,45.0,34.0,2.0,48.0,0.0,Bird
45.0,ambush,45.0,34.0,2.0,48.0,1.0,Bird
45.0,ambush,45.0,34.0,2.0,48.0,1.0,Bird
45.0,ambush,48.0,37.0,2.0,43.0,1.0,Bird
45.0,ambush,45.0,34.0,2.0,48.0,1.0,Bird
45.0,ambush,48.0,38.0,3.0,40.0,1.0,Bird
45.0,ambush,48.0,37.0,2.0,43.0,1.0,Bird
45.0,ambush,48.0,37.0,2.0,43.0,1.0,Bird
45.0,ambush,45.0,34.0,2.0,48.0,1.0,Bird
45.0,ambush,45.0,34.0,2.0,48.0,1.0,Bird
45.0,ambush,48.0,37.0,2.0,43.0,1.0,Bird
45.0,ambush,48.0,37.0,2.0,43.0,1.0,Bird
45.0,ambush,45.0,37.0,1.0,47.0,0.0,Bird
45.0,ambush,48.0,37.0,2.0,43.0,1.0,Bird
45.0,ambush,48.0,37.0,2.0,43.0,0.0,Bird
45.0,ambush,48.0,37.0,2.0,43.0,1.0,Bird
45.0,ambush,48.0,37.0,2.0,43.0,0.0,Bird
45.0,ambush,48.0,37.0,2.0,43.0,0.0,Bird
45.0,ambush,45.0,34.0,2.0,49.0,1.0,Bird
45.0,ambush,48.0,37.0,2.0,43.0,1.0,Bird
45.0,ambush,48.0,37.0,2.0,43.0,1.0,Bird
45.0,ambush,45.0,34.0,2.0,49.0,1.0,Bird
45.0,ambush,45.0,34.0,2.0,49.0,1.0,Bird
45.0,ambush,48.0,37.0,2.0,43.0,1.0,Bird
45.0,ambush,48.0,37.0,2.0,43.0,1.0,Bird
45.0,ambush,48.0,37.0,2.0,43.0,1.0,Bird
45.0,ambush,48.0,38.0,6.0,41.0,0.0,Bird
45.0,ambush,48.0,37.0,2.0,43.0,0.0,Bird
45.0,ambush,48.0,38.0,2.0,43.0,1.0,Bird
45.0,ambush,48.0,38.0,2.0,43.0,1.0,Bird
45.0,ambush,48.0,38.0,2.0,43.0,1.0,Bird
45.0,ambush,48.0,38.0,2.0,43.0,1.0,Bird
45.0,ambush,45.0,37.0,2.0,47.0,0.0,Bird
45.0,ambush,48.0,38.0,2.0,43.0,1.0,Bird
45.0,ambush,48.0,38.0,2.0,43.0,0.0,Bird
45.0,ambush,45.0,38.0,2.0,43.0,1.0,Bird
45.0,ambush,48.0,38.0,2.0,43.0,1.0,Bird
45.0,ambush,48.0,38.0,2.0,43.0,0.0,Bird
45.0,ambush,48.0,38.0,2.0,43.0,1.0,Bird
45.0,ambush,48.0,37.0,2.0,43.0,0.0,Bird
45.0,ambush,48.0,38.0,2.0,43.0,1.0,Bird
45.0,ambush,48.0,38.0,2.0,43.0,1.0,Bird
45.0,ambush,48.0,38.0,2.0,43.0,1.0,Bird
45.0,ambush,48.0,38.0,2.0,43.0,1.0,Bird
45.0,ambush,48.0,38.0,2.0,38.0,1.0,Bird
45.0,ambush,48.0,38.0,2.0,43.0,1.0,Bird
45.0,ambush,48.0,38.0,2.0,43.0,0.0,Bird
45.0,ambush,48.0,38.0,2.0,43.0,0.0,Bird
45.0,ambush,48.0,38.0,2.0,43.0,1.0,Bird
45.0,ambush,45.0,37.0,2.0,47.0,1.0,Bird
45.0,ambush,48.0,38.0,2.0,43.0,0.0,Bird
45.0,ambush,48.0,38.0,2.0,43.0,1.0,Bird
45.0,ambush,48.0,38.0,2.0,43.0,1.0,Bird
45.0,ambush,48.0,38.0,2.0,43.0,1.0,Bird
45.0,ambush,48.0,38.0,2.0,43.0,1.0,Bird
45.0,ambush,48.0,38.0,2.0,43.0,1.0,Bird
45.0,ambush,48.0,38.0,2.0,43.0,1.0,Bird
45.0,ambush,48.0,38.0,2.0,43.0,0.0,Bird
45.0,ambush,48.0,38.0,2.0,43.0,1.0,Bird
45.0,ambush,48.0,38.0,2.0,43.0,1.0,Bird
45.0,ambush,48.0,38.0,2.0,43.0,1.0,Bird
45.0,ambush,48.0,38.0,2.0,43.0,1.0,Bird
45.0,ambush,48.0,38.0,2.0,43.0,1.0,Bird
45.0,ambush,48.0,38.0,2.0,43.0,1.0,Bird
45.0,ambush,48.0,38.0,2.0,43.0,0.0,Bird
45.0,ambush,48.0,38.0,2.0,43.0,1.0,Bird
45.0,ambush,48.0,38.0,2.0,43.0,1.0,Bird
45.0,ambush,48.0,38.0,2.0,43.0,1.0,Bird
45.0,ambush,48.0,38.0,2.0,43.0,0.0,Bird
45.0,ambush,48.0,38.0,2.0,43.0,0.0,Bird
45.0,ambush,48.0,38.0,2.0,43.0,1.0,Bird
45.0,ambush,48.0,38.0,2.0,43.0,0.0,Bird
45.0,ambush,48.0,38.0,2.0,43.0,1.0,Bird
45.0,ambush,48.0,38.0,2.0,43.0,1.0,Bird
45.0,ambush,48.0,38.0,2.0,43.0,1.0,Bird
45.0,ambush,48.0,38.0,2.0,43.0,1.0,Bird
45.0,ambush,48.0,38.0,2.0,43.0,0.0,Bird
45.0,ambush,48.0,38.0,2.0,43.0,0.0,Bird
45.0,ambush,48.0,38.0,2.0,43.0,1.0,Bird
45.0,ambush,48.0,38.0,2.0,43.0,0.0,Bird
45.0,ambush,48.0,38.0,2.0,43.0,1.0,Bird
45.0,ambush,48.0,38.0,2.0,43.0,1.0,Bird
45.0,ambush,45.0,37.0,2.0,47.0,1.0,Bird
45.0,ambush,45.0,37.0,2.0,47.0,1.0,Bird
45.0,ambush,48.0,38.0,2.0,43.0,0.0,Bird
45.0,ambush,48.0,36.0,5.0,42.0,0.0,Bird
45.0,ambush,48.0,38.0,2.0,43.0,1.0,Bird
45.0,ambush,45.0,37.0,2.0,47.0,0.0,Bird
45.0,ambush,48.0,38.0,2.0,43.0,0.0,Bird
45.0,ambush,48.0,38.0,2.0,43.0,1.0,Bird
45.0,ambush,48.0,38.0,2.0,43.0,0.0,Bird
45.0,ambush,48.0,38.0,2.0,43.0,1.0,Bird
45.0,ambush,45.0,37.0,2.0,47.0,0.0,Bird
45.0,ambush,48.0,38.0,2.0,43.0,1.0,Bird
45.0,ambush,48.0,38.0,2.0,43.0,1.0,Bird
45.0,ambush,48.0,38.0,2.0,43.0,0.0,Bird
45.0,ambush,48.0,38.0,2.0,43.0,0.0,Bird
46.0,ambush,48.0,38.0,2.0,38.0,1.0,Bird
46.0,ambush,45.0,34.0,2.0,48.0,1.0,Bird
46.0,ambush,45.0,34.0,2.0,48.0,1.0,Bird
46.0,ambush,45.0,38.0,2.0,43.0,1.0,Bird
46.0,ambush,45.0,34.0,2.0,48.0,1.0,Bird
46.0,ambush,45.0,38.0,2.0,43.0,0.0,Bird
46.0,ambush,45.0,34.0,2.0,48.0,0.0,Bird
46.0,ambush,45.0,34.0,2.0,48.0,0.0,Bird
46.0,ambush,45.0,34.0,2.0,48.0,1.0,Bird
46.0,ambush,45.0,34.0,2.0,48.0,1.0,Bird
46.0,ambush,45.0,34.0,2.0,48.0,1.0,Bird
46.0,ambush,45.0,34.0,2.0,48.0,1.0,Bird
46.0,ambush,45.0,34.0,2.0,48.0,1.0,Bird
46.0,ambush,45.0,34.0,2.0,48.0,1.0,Bird
46.0,ambush,45.0,34.0,2.0,48.0,1.0,Bird
46.0,ambush,45.0,34.0,2.0,48.0,1.0,Bird
46.0,ambush,45.0,34.0,2.0,48.0,1.0,Bird
46.0,ambush,45.0,34.0,2.0,48.0,0.0,Bird
46.0,ambush,45.0,34.0,2.0,48.0,0.0,Bird
46.0,ambush,45.0,38.0,2.0,43.0,0.0,Bird
46.0,ambush,45.0,34.0,2.0,48.0,1.0,Bird
46.0,ambush,45.0,34.0,2.0,48.0,0.0,Bird
46.0,ambush,45.0,34.0,2.0,48.0,0.0,Bird
46.0,ambush,45.0,34.0,2.0,48.0,1.0,Bird
46.0,ambush,45.0,34.0,2.0,48.0,0.0,Bird
46.0,ambush,45.0,34.0,2.0,48.0,1.0,Bird
46.0,ambush,45.0,34.0,2.0,48.0,0.0,Bird
46.0,ambush,45.0,34.0,2.0,48.0,1.0,Bird
46.0,ambush,48.0,38.0,2.0,41.0,1.0,Bird
46.0,ambush,45.0,34.0,2.0,48.0,1.0,Bird
46.0,ambush,48.0,38.0,2.0,41.0,0.0,Bird
46.0,ambush,45.0,34.0,2.0,48.0,0.0,Bird
46.0,ambush,45.0,34.0,2.0,48.0,0.0,Bird
46.0,ambush,48.0,38.0,2.0,41.0,0.0,Bird
46.0,ambush,45.0,34.0,2.0,48.0,1.0,Bird
46.0,ambush,45.0,34.0,2.0,48.0,0.0,Bird
46.0,ambush,45.0,34.0,2.0,48.0,1.0,Bird
46.0,ambush,45.0,34.0,2.0,48.0,1.0,Bird
46.0,ambush,48.0,38.0,3.0,40.0,1.0,Bird
46.0,ambush,45.0,34.0,2.0,48.0,1.0,Bird
46.0,ambush,45.0,34.0,2.0,48.0,0.0,Bird
46.0,ambush,45.0,32.0,2.0,48.0,1.0,Bird
46.0,ambush,45.0,34.0,2.0,48.0,1.0,Bird
46.0,ambush,45.0,34.0,2.0,48.0,1.0,Bird
46.0,ambush,45.0,34.0,2.0,48.0,0.0,Bird
46.0,ambush,45.0,34.0,2.0,48.0,0.0,Bird
46.0,ambush,45.0,34.0,2.0,48.0,1.0,Bird
46.0,ambush,45.0,34.0,2.0,48.0,0.0,Bird
46.0,ambush,45.0,34.0,2.0,48.0,0.0,Bird
46.0,ambush,45.0,34.0,1.0,49.0,1.0,Bird
46.0,ambush,45.0,34.0,2.0,48.0,0.0,Bird
46.0,ambush,45.0,34.0,2.0,48.0,0.0,Bird
46.0,ambush,45.0,34.0,2.0,48.0,0.0,Bird
46.0,ambush,45.0,34.0,2.0,49.0,1.0,Bird
46.0,ambush,45.0,34.0,2.0,48.0,0.0,Bird
46.0,ambush,45.0,35.0,2.0,49.0,1.0,Bird
46.0,ambush,45.0,34.0,2.0,48.0,1.0,Bird
46.0,ambush,45.0,34.0,2.0,49.0,1.0,Bird
46.0,ambush,45.0,34.0,2.0,48.0,0.0,Bird
46.0,ambush,45.0,34.0,2.0,48.0,0.0,Bird
46.0,ambush,48.0,37.0,2.0,43.0,1.0,Bird
46.0,ambush,48.0,37.0,2.0,43.0,1.0,Bird
46.0,ambush,48.0,40.0,2.0,43.0,0.0,Bird
46.0,ambush,48.0,37.0,2.0,43.0,1.0,Bird
46.0,ambush,45.0,34.0,2.0,48.0,0.0,Bird
46.0,ambush,48.0,37.0,2.0,43.0,1.0,Bird
46.0,ambush,45.0,34.0,2.0,49.0,1.0,Bird
46.0,ambush,45.0,34.0,2.0,49.0,1.0,Bird
46.0,ambush,45.0,34.0,1.0,49.0,0.0,Bird
46.0,ambush,45.0,34.0,2.0,49.0,1.0,Bird
46.0,ambush,48.0,37.0,2.0,43.0,1.0,Bird
46.0,ambush,48.0,37.0,2.0,43.0,1.0,Bird
46.0,ambush,48.0,37.0,2.0,43.0,0.0,Bird
46.0,ambush,48.0,37.0,2.0,43.0,1.0,Bird
46.0,ambush,48.0,37.0,2.0,43.0,1.0,Bird
46.0,ambush,48.0,37.0,2.0,43.0,1.0,Bird
46.0,ambush,48.0,37.0,2.0,43.0,1.0,Bird
46.0,ambush,48.0,37.0,2.0,43.0,1.0,Bird
46.0,ambush,48.0,37.0,2.0,43.0,0.0,Bird
46.0,ambush,48.0,37.0,2.0,43.0,1.0,Bird
46.0,ambush,48.0,37.0,2.0,43.0,1.0,Bird
46.0,ambush,48.0,37.0,2.0,43.0,1.0,Bird
46.0,ambush,45.0,34.0,2.0,49.0,0.0,Bird
46.0,ambush,48.0,37.0,2.0,43.0,1.0,Bird
46.0,ambush,48.0,37.0,2.0,43.0,0.0,Bird
46.0,ambush,48.0,37.0,2.0,43.0,1.0,Bird
46.0,ambush,48.0,37.0,2.0,43.0,1.0,Bird
46.0,ambush,48.0,37.0,2.0,43.0,1.0,Bird
46.0,ambush,48.0,38.0,1.0,43.0,1.0,Bird
46.0,ambush,48.0,37.0,2.0,43.0,1.0,Bird
46.0,ambush,48.0,38.0,2.0,43.0,1.0,Bird
46.0,ambush,45.0,37.0,2.0,47.0,1.0,Bird
46.0,ambush,45.0,37.0,2.0,47.0,1.0,Bird
46.0,ambush,48.0,38.0,2.0,43.0,0.0,Bird
46.0,ambush,48.0,37.0,2.0,43.0,0.0,Bird
46.0,ambush,48.0,38.0,2.0,43.0,1.0,Bird
46.0,ambush,48.0,38.0,2.0,43.0,0.0,Bird
46.0,ambush,48.0,37.0,2.0,43.0,0.0,Bird
46.0,ambush,48.0,37.0,2.0,43.0,0.0,Bird
46.0,ambush,48.0,38.0,2.0,43.0,1.0,Bird
46.0,ambush,48.0,38.0,2.0,43.0,1.0,Bird
46.0,ambush,48.0,38.0,2.0,43.0,1.0,Bird
46.0,ambush,48.0,38.0,2.0,43.0,1.0,Bird
46.0,ambush,48.0,38.0,2.0,43.0,0.0,Bird
46.0,ambush,48.0,38.0,2.0,43.0,0.0,Bird
46.0,ambush,48.0,38.0,2.0,43.0,1.0,Bird
46.0,ambush,48.0,38.0,2.0,43.0,1.0,Bird
46.0,ambush,48.0,38.0,1.0,47.0,1.0,Bird
46.0,ambush,48.0,38.0,2.0,43.0,1.0,Bird
46.0,ambush,48.0,38.0,2.0,43.0,0.0,Bird
46.0,ambush,48.0,38.0,2.0,43.0,1.0,Bird
46.0,ambush,52.0,38.0,2.0,43.0,1.0,Bird
46.0,ambush,48.0,38.0,2.0,43.0,1.0,Bird
46.0,ambush,48.0,38.0,2.0,43.0,1.0,Bird
46.0,ambush,48.0,38.0,2.0,43.0,0.0,Bird
46.0,ambush,48.0,38.0,2.0,43.0,1.0,Bird
46.0,ambush,48.0,38.0,2.0,43.0,0.0,Bird
46.0,ambush,48.0,38.0,2.0,43.0,0.0,Bird
47.0,ambush,48.0,38.0,2.0,38.0,1.0,Bird
47.0,ambush,45.0,38.0,2.0,43.0,1.0,Bird
47.0,ambush,45.0,34.0,2.0,48.0,0.0,Bird
47.0,ambush,48.0,38.0,2.0,38.0,1.0,Bird
47.0,ambush,45.0,32.0,2.0,48.0,1.0,Bird
47.0,ambush,45.0,34.0,2.0,48.0,1.0,Bird
47.0,ambush,45.0,34.0,2.0,48.0,1.0,Bird
47.0,ambush,48.0,38.0,2.0,38.0,0.0,Bird
47.0,ambush,45.0,34.0,2.0,48.0,1.0,Bird
47.0,ambush,45.0,38.0,2.0,43.0,0.0,Bird
47.0,ambush,45.0,34.0,2.0,48.0,0.0,Bird
47.0,ambush,48.0,38.0,2.0,41.0,1.0,Bird
47.0,ambush,48.0,38.0,2.0,41.0,1.0,Bird
47.0,ambush,45.0,34.0,2.0,48.0,1.0,Bird
47.0,ambush,45.0,34.0,2.0,48.0,1.0,Bird
47.0,ambush,45.0,34.0,2.0,48.0,1.0,Bird
47.0,ambush,48.0,38.0,2.0,41.0,1.0,Bird
47.0,ambush,45.0,34.0,2.0,48.0,1.0,Bird
47.0,ambush,45.0,34.0,2.0,48.0,1.0,Bird
47.0,ambush,45.0,34.0,2.0,48.0,0.0,Bird
47.0,ambush,45.0,34.0,2.0,48.0,1.0,Bird
47.0,ambush,45.0,34.0,2.0,48.0,0.0,Bird
47.0,ambush,45.0,34.0,2.0,48.0,0.0,Bird
47.0,ambush,45.0,34.0,2.0,48.0,1.0,Bird
47.0,ambush,45.0,34.0,2.0,48.0,0.0,Bird
47.0,ambush,45.0,34.0,3.0,48.0,0.0,Bird
47.0,ambush,45.0,34.0,2.0,48.0,1.0,Bird
47.0,ambush,45.0,34.0,2.0,48.0,1.0,Bird
47.0,ambush,45.0,34.0,2.0,48.0,0.0,Bird
47.0,ambush,45.0,34.0,2.0,48.0,0.0,Bird
47.0,ambush,45.0,34.0,2.0,48.0,0.0,Bird
47.0,ambush,45.0,34.0,5.0,44.0,0.0,Bird
47.0,ambush,45.0,34.0,2.0,48.0,1.0,Bird
47.0,ambush,45.0,34.0,2.0,48.0,0.0,Bird
47.0,ambush,45.0,34.0,2.0,48.0,1.0,Bird
47.0,ambush,45.0,34.0,2.0,48.0,1.0,Bird
47.0,ambush,48.0,38.0,3.0,40.0,1.0,Bird
47.0,ambush,48.0,38.0,3.0,40.0,1.0,Bird
47.0,ambush,45.0,34.0,2.0,48.0,0.0,Bird
47.0,ambush,45.0,34.0,2.0,48.0,1.0,Bird
47.0,ambush,45.0,34.0,2.0,48.0,0.0,Bird
47.0,ambush,45.0,34.0,2.0,48.0,1.0,Bird
47.0,ambush,45.0,34.0,2.0,48.0,1.0,Bird
47.0,ambush,45.0,34.0,2.0,48.0,1.0,Bird
47.0,ambush,49.0,38.0,2.0,48.0,1.0,Bird
47.0,ambush,45.0,34.0,2.0,48.0,1.0,Bird
47.0,ambush,45.0,34.0,2.0,48.0,1.0,Bird
47.0,ambush,45.0,34.0,2.0,48.0,1.0,Bird
47.0,ambush,45.0,34.0,2.0,48.0,1.0,Bird
47.0,ambush,45.0,34.0,2.0,48.0,0.0,Bird
47.0,ambush,45.0,34.0,2.0,48.0,1.0,Bird
47.0,ambush,45.0,34.0,1.0,49.0,1.0,Bird
47.0,ambush,45.0,34.0,2.0,48.0,1.0,Bird
47.0,ambush,45.0,34.0,2.0,48.0,1.0,Bird
47.0,ambush,45.0,34.0,2.0,48.0,0.0,Bird
47.0,ambush,45.0,34.0,2.0,48.0,0.0,Bird
47.0,ambush,45.0,34.0,1.0,49.0,0.0,Bird
47.0,ambush,45.0,34.0,2.0,48.0,1.0,Bird
47.0,ambush,45.0,34.0,2.0,48.0,1.0,Bird
47.0,ambush,45.0,34.0,2.0,49.0,1.0,Bird
47.0,ambush,45.0,34.0,2.0,48.0,0.0,Bird
47.0,ambush,45.0,34.0,2.0,49.0,1.0,Bird
47.0,ambush,45.0,34.0,2.0,48.0,0.0,Bird
47.0,ambush,45.0,34.0,2.0,49.0,1.0,Bird
47.0,ambush,45.0,34.0,2.0,49.0,1.0,Bird
47.0,ambush,45.0,34.0,2.0,48.0,0.0,Bird
47.0,ambush,45.0,34.0,2.0,48.0,0.0,Bird
47.0,ambush,48.0,37.0,2.0,43.0,1.0,Bird
47.0,ambush,48.0,37.0,2.0,43.0,1.0,Bird
47.0,ambush,45.0,34.0,2.0,49.0,1.0,Bird
47.0,ambush,48.0,37.0,2.0,43.0,0.0,Bird
47.0,ambush,48.0,37.0,2.0,43.0,1.0,Bird
47.0,ambush,45.0,34.0,2.0,49.0,0.0,Bird
47.0,ambush,48.0,37.0,2.0,43.0,1.0,Bird
47.0,ambush,48.0,37.0,2.0,43.0,0.0,Bird
47.0,ambush,48.0,37.0,2.0,43.0,1.0,Bird
47.0,ambush,45.0,34.0,2.0,49.0,0.0,Bird
47.0,ambush,45.0,34.0,2.0,49.0,0.0,Bird
47.0,ambush,48.0,37.0,2.0,43.0,1.0,Bird
47.0,ambush,48.0,37.0,2.0,43.0,1.0,Bird
47.0,ambush,48.0,37.0,2.0,43.0,1.0,Bird
47.0,ambush,48.0,37.0,2.0,43.0,0.0,Bird
47.0,ambush,48.0,37.0,2.0,43.0,0.0,Bird
47.0,ambush,45.0,34.0,2.0,49.0,1.0,Bird
47.0,ambush,48.0,37.0,2.0,43.0,1.0,Bird
47.0,ambush,48.0,37.0,2.0,43.0,1.0,Bird
47.0,ambush,48.0,38.0,1.0,43.0,1.0,Bird
47.0,ambush,45.0,34.0,2.0,49.0,0.0,Bird
47.0,ambush,48.0,37.0,2.0,43.0,1.0,Bird
47.0,ambush,48.0,37.0,2.0,43.0,1.0,Bird
47.0,ambush,48.0,37.0,2.0,43.0,1.0,Bird
47.0,ambush,48.0,37.0,2.0,43.0,0.0,Bird
47.0,ambush,48.0,37.0,2.0,43.0,0.0,Bird
47.0,ambush,45.0,34.0,2.0,49.0,0.0,Bird
47.0,ambush,48.0,37.0,2.0,43.0,1.0,Bird
47.0,ambush,48.0,37.0,2.0,43.0,0.0,Bird
47.0,ambush,53.0,37.0,2.0,43.0,0.0,Bird
47.0,ambush,48.0,37.0,2.0,43.0,0.0,Bird
47.0,ambush,48.0,37.0,2.0,43.0,1.0,Bird
47.0,ambush,48.0,37.0,2.0,43.0,1.0,Bird
47.0,ambush,48.0,37.0,2.0,43.0,0.0,Bird
47.0,ambush,48.0,37.0,2.0,43.0,1.0,Bird
47.0,ambush,45.0,37.0,2.0,47.0,1.0,Bird
47.0,ambush,48.0,37.0,2.0,43.0,0.0,Bird
47.0,ambush,48.0,37.0,2.0,43.0,1.0,Bird
47.0,ambush,48.0,37.0,2.0,43.0,1.0,Bird
47.0,ambush,48.0,38.0,2.0,43.0,1.0,Bird
47.0,ambush,48.0,37.0,2.0,43.0,1.0,Bird
47.0,ambush,48.0,38.0,2.0,43.0,1.0,Bird
47.0,ambush,48.0,38.0,2.0,43.0,1.0,Bird
47.0,ambush,45.0,37.0,2.0,47.0,1.0,Bird
47.0,ambush,48.0,37.0,2.0,43.0,1.0,Bird
47.0,ambush,48.0,38.0,2.0,43.0,1.0,Bird
47.0,ambush,45.0,37.0,2.0,47.0,0.0,Bird
47.0,ambush,48.0,38.0,2.0,43.0,0.0,Bird
47.0,ambush,48.0,38.0,2.0,43.0,0.0,Bird
47.0,ambush,48.0,38.0,2.0,43.0,1.0,Bird
47.0,ambush,45.0,37.0,2.0,47.0,0.0,Bird
47.0,ambush,48.0,38.0,2.0,43.0,0.0,Bird
47.0,ambush,48.0,38.0,2.0,43.0,0.0,Bird
47.0,ambush,48.0,38.0,2.0,43.0,1.0,Bird
47.0,ambush,48.0,38.0,2.0,43.0,0.0,Bird
47.0,ambush,48.0,38.0,2.0,43.0,0.0,Bird
47.0,ambush,48.0,38.0,2.0,43.0,1.0,Bird
47.0,ambush,48.0,38.0,2.0,43.0,1.0,Bird
47.0,ambush,48.0,38.0,2.0,43.0,1.0,Bird
47.0,ambush,48.0,38.0,2.0,43.0,0.0,Bird
47.0,ambush,48.0,38.0,2.0,43.0,1.0,Bird
47.0,ambush,48.0,38.0,2.0,43.0,0.0,Bird
47.0,ambush,45.0,35.0,2.0,49.0,0.0,Bird
47.0,ambush,48.0,38.0,2.0,43.0,0.0,Bird
47.0,ambush,45.0,35.0,2.0,49.0,1.0,Bird
47.0,ambush,48.0,35.0,2.0,43.0,1.0,Bird
47.0,ambush,48.0,38.0,2.0,43.0,1.0,Bird
47.0,ambush,49.0,37.0,2.0,47.0,0.0,Bird
47.0,ambush,48.0,38.0,2.0,43.0,1.0,Bird
47.0,ambush,48.0,38.0,1.0,43.0,0.0,Bird
47.0,ambush,48.0,38.0,2.0,43.0,1.0,Bird
47.0,ambush,48.0,38.0,1.0,47.0,0.0,Bird
47.0,ambush,48.0,38.0,2.0,43.0,1.0,Bird
47.0,ambush,47.0,35.0,2.0,49.0,0.0,Bird
47.0,ambush,52.0,38.0,2.0,43.0,1.0,Bird
48.0,ambush,45.0,32.0,2.0,48.0,1.0,Bird
48.0,ambush,48.0,38.0,2.0,38.0,1.0,Bird
48.0,ambush,48.0,38.0,2.0,41.0,1.0,Bird
48.0,ambush,48.0,38.0,6.0,38.0,1.0,Bird
48.0,ambush,45.0,32.0,2.0,48.0,0.0,Bird
48.0,ambush,48.0,38.0,2.0,38.0,1.0,Bird
48.0,ambush,45.0,34.0,2.0,48.0,0.0,Bird
48.0,ambush,48.0,38.0,3.0,40.0,1.0,Bird
48.0,ambush,45.0,34.0,2.0,48.0,1.0,Bird
48.0,ambush,48.0,35.0,2.0,43.0,0.0,Bird
48.0,ambush,48.0,38.0,3.0,40.0,1.0,Bird
48.0,ambush,48.0,38.0,3.0,40.0,1.0,Bird
48.0,ambush,45.0,34.0,2.0,48.0,0.0,Bird
48.0,ambush,48.0,35.0,2.0,43.0,0.0,Bird
48.0,ambush,45.0,34.0,2.0,48.0,1.0,Bird
48.0,ambush,45.0,34.0,2.0,48.0,1.0,Bird
48.0,ambush,45.0,34.0,2.0,48.0,1.0,Bird
48.0,ambush,45.0,34.0,1.0,49.0,1.0,Bird
48.0,ambush,45.0,34.0,2.0,48.0,1.0,Bird
48.0,ambush,45.0,34.0,2.0,48.0,1.0,Bird
48.0,ambush,45.0,34.0,2.0,48.0,0.0,Bird
48.0,ambush,45.0,38.0,2.0,48.0,0.0,Bird
48.0,ambush,45.0,34.0,2.0,48.0,0.0,Bird
48.0,ambush,45.0,38.0,2.0,48.0,0.0,Bird
48.0,ambush,48.0,38.0,2.0,41.0,1.0,Bird
48.0,ambush,48.0,38.0,2.0,41.0,0.0,Bird
48.0,ambush,45.0,34.0,2.0,45.0,0.0,Bird
48.0,ambush,45.0,34.0,2.0,48.0,1.0,Bird
48.0,ambush,45.0,38.0,2.0,43.0,0.0,Bird
48.0,ambush,45.0,34.0,2.0,48.0,1.0,Bird
48.0,ambush,45.0,34.0,2.0,48.0,0.0,Bird
48.0,ambush,46.0,34.0,2.0,48.0,1.0,Bird
48.0,ambush,45.0,34.0,2.0,48.0,1.0,Bird
48.0,ambush,48.0,38.0,2.0,41.0,0.0,Bird
48.0,ambush,45.0,34.0,2.0,48.0,1.0,Bird
48.0,ambush,45.0,34.0,2.0,48.0,1.0,Bird
48.0,ambush,45.0,34.0,2.0,48.0,0.0,Bird
48.0,ambush,45.0,34.0,1.0,49.0,0.0,Bird
48.0,ambush,45.0,34.0,2.0,48.0,1.0,Bird
48.0,ambush,45.0,34.0,2.0,48.0,1.0,Bird
48.0,ambush,45.0,34.0,2.0,48.0,0.0,Bird
48.0,ambush,48.0,38.0,2.0,41.0,0.0,Bird
48.0,ambush,45.0,34.0,2.0,48.0,1.0,Bird
48.0,ambush,45.0,34.0,2.0,48.0,1.0,Bird
48.0,ambush,47.0,34.0,2.0,48.0,0.0,Bird
48.0,ambush,45.0,34.0,2.0,48.0,1.0,Bird
48.0,ambush,49.0,30.0,2.0,48.0,0.0,Bird
48.0,ambush,45.0,34.0,2.0,48.0,0.0,Bird
48.0,ambush,45.0,34.0,2.0,48.0,1.0,Bird
48.0,ambush,48.0,38.0,2.0,41.0,0.0,Bird
48.0,ambush,45.0,34.0,2.0,48.0,1.0,Bird
48.0,ambush,45.0,34.0,1.0,43.0,0.0,Bird
48.0,ambush,45.0,34.0,2.0,48.0,1.0,Bird
48.0,ambush,45.0,34.0,2.0,48.0,0.0,Bird
48.0,ambush,45.0,34.0,2.0,48.0,1.0,Bird
48.0,ambush,45.0,34.0,2.0,48.0,1.0,Bird
48.0,ambush,45.0,34.0,2.0,48.0,1.0,Bird
48.0,ambush,45.0,34.0,2.0,48.0,1.0,Bird
48.0,ambush,45.0,34.0,2.0,48.0,1.0,Bird
48.0,ambush,45.0,34.0,2.0,48.0,0.0,Bird
48.0,ambush,45.0,34.0,2.0,48.0,1.0,Bird
48.0,ambush,45.0,34.0,2.0,48.0,1.0,Bird
48.0,ambush,45.0,34.0,2.0,48.0,1.0,Bird
48.0,ambush,45.0,34.0,2.0,48.0,0.0,Bird
48.0,ambush,45.0,34.0,2.0,48.0,1.0,Bird
48.0,ambush,48.0,38.0,3.0,40.0,1.0,Bird
48.0,ambush,48.0,38.0,3.0,40.0,1.0,Bird
48.0,ambush,45.0,34.0,2.0,48.0,1.0,Bird
48.0,ambush,45.0,34.0,2.0,48.0,1.0,Bird
48.0,ambush,45.0,34.0,2.0,48.0,1.0,Bird
48.0,ambush,45.0,34.0,2.0,48.0,0.0,Bird
48.0,ambush,45.0,34.0,2.0,48.0,0.0,Bird
48.0,ambush,45.0,34.0,2.0,48.0,0.0,Bird
48.0,ambush,45.0,34.0,2.0,48.0,0.0,Bird
48.0,ambush,45.0,34.0,2.0,48.0,1.0,Bird
48.0,ambush,45.0,34.0,2.0,48.0,0.0,Bird
48.0,ambush,45.0,34.0,2.0,48.0,1.0,Bird
48.0,ambush,45.0,34.0,2.0,48.0,1.0,Bird
48.0,ambush,45.0,34.0,2.0,48.0,0.0,Bird
48.0,ambush,45.0,34.0,2.0,48.0,1.0,Bird
48.0,ambush,45.0,34.0,2.0,48.0,1.0,Bird
48.0,ambush,45.0,34.0,2.0,48.0,1.0,Bird
48.0,ambush,45.0,34.0,2.0,48.0,1.0,Bird
48.0,ambush,45.0,34.0,2.0,48.0,1.0,Bird
48.0,ambush,45.0,34.0,2.0,48.0,1.0,Bird
48.0,ambush,45.0,34.0,2.0,48.0,1.0,Bird
48.0,ambush,45.0,26.0,2.0,48.0,1.0,Bird
48.0,ambush,45.0,34.0,2.0,48.0,0.0,Bird
48.0,ambush,45.0,34.0,2.0,48.0,0.0,Bird
48.0,ambush,48.0,38.0,2.0,41.0,1.0,Bird
48.0,ambush,48.0,33.0,2.0,38.0,1.0,Bird
48.0,ambush,48.0,38.0,2.0,41.0,0.0,Bird
48.0,ambush,45.0,34.0,2.0,48.0,0.0,Bird
48.0,ambush,48.0,37.0,2.0,43.0,1.0,Bird
48.0,ambush,48.0,37.0,2.0,43.0,0.0,Bird
48.0,ambush,48.0,37.0,2.0,43.0,0.0,Bird
48.0,ambush,48.0,37.0,2.0,43.0,1.0,Bird
48.0,ambush,48.0,37.0,2.0,43.0,1.0,Bird
48.0,ambush,45.0,34.0,2.0,48.0,0.0,Bird
48.0,ambush,45.0,34.0,2.0,49.0,1.0,Bird
48.0,ambush,48.0,37.0,2.0,43.0,0.0,Bird
48.0,ambush,48.0,37.0,2.0,43.0,1.0,Bird
48.0,ambush,45.0,34.0,2.0,49.0,1.0,Bird
48.0,ambush,48.0,37.0,2.0,43.0,0.0,Bird
48.0,ambush,48.0,37.0,2.0,43.0,1.0,Bird
48.0,ambush,48.0,40.0,1.0,43.0,0.0,Bird
48.0,ambush,48.0,37.0,2.0,43.0,0.0,Bird
48.0,ambush,48.0,37.0,2.0,43.0,1.0,Bird
48.0,ambush,45.0,34.0,2.0,49.0,0.0,Bird
48.0,ambush,48.0,37.0,2.0,43.0,1.0,Bird
48.0,ambush,48.0,37.0,2.0,43.0,1.0,Bird
48.0,ambush,48.0,37.0,2.0,43.0,0.0,Bird
48.0,ambush,48.0,37.0,2.0,43.0,1.0,Bird
48.0,ambush,48.0,37.0,2.0,43.0,0.0,Bird
48.0,ambush,45.0,34.0,2.0,49.0,1.0,Bird
48.0,ambush,45.0,34.0,2.0,49.0,1.0,Bird
48.0,ambush,45.0,34.0,2.0,49.0,1.0,Bird
48.0,ambush,48.0,37.0,2.0,43.0,1.0,Bird
48.0,ambush,45.0,34.0,2.0,49.0,0.0,Bird
48.0,ambush,45.0,34.0,2.0,49.0,0.0,Bird
48.0,ambush,48.0,40.0,2.0,41.0,1.0,Bird
48.0,ambush,48.0,37.0,2.0,43.0,0.0,Bird
48.0,ambush,45.0,34.0,2.0,49.0,1.0,Bird
48.0,ambush,45.0,34.0,2.0,49.0,0.0,Bird
48.0,ambush,48.0,38.0,1.0,43.0,0.0,Bird
48.0,ambush,48.0,37.0,2.0,43.0,1.0,Bird
48.0,ambush,48.0,37.0,2.0,43.0,1.0,Bird
48.0,ambush,45.0,34.0,2.0,49.0,0.0,Bird
48.0,ambush,45.0,34.0,2.0,49.0,0.0,Bird
49.0,ambush,48.0,38.0,2.0,38.0,1.0,Bird
49.0,ambush,48.0,38.0,2.0,38.0,1.0,Bird
49.0,ambush,48.0,33.0,2.0,38.0,0.0,Bird
49.0,ambush,48.0,33.0,2.0,38.0,0.0,Bird
49.0,ambush,48.0,38.0,2.0,38.0,1.0,Bird
49.0,ambush,48.0,38.0,2.0,38.0,1.0,Bird
49.0,ambush,45.0,26.0,2.0,48.0,1.0,Bird
49.0,ambush,48.0,38.0,2.0,38.0,1.0,Bird
49.0,ambush,45.0,26.0,2.0,48.0,1.0,Bird
49.0,ambush,45.0,34.0,2.0,48.0,1.0,Bird
49.0,ambush,45.0,32.0,2.0,48.0,1.0,Bird
49.0,ambush,45.0,26.0,2.0,48.0,0.0,Bird
49.0,ambush,45.0,34.0,2.0,48.0,0.0,Bird
49.0,ambush,45.0,34.0,2.0,48.0,1.0,Bird
49.0,ambush,45.0,34.0,2.0,48.0,0.0,Bird
49.0,ambush,45.0,34.0,2.0,48.0,0.0,Bird
49.0,ambush,45.0,34.0,2.0,48.0,0.0,Bird
49.0,ambush,45.0,34.0,2.0,48.0,1.0,Bird
49.0,ambush,45.0,34.0,2.0,48.0,1.0,Bird
49.0,ambush,45.0,34.0,2.0,48.0,0.0,Bird
49.0,ambush,48.0,38.0,3.0,40.0,1.0,Bird
49.0,ambush,45.0,34.0,2.0,48.0,1.0,Bird
49.0,ambush,48.0,38.0,3.0,40.0,0.0,Bird
49.0,ambush,45.0,34.0,2.0,48.0,1.0,Bird
49.0,ambush,48.0,38.0,2.0,41.0,1.0,Bird
49.0,ambush,48.0,38.0,2.0,41.0,1.0,Bird
49.0,ambush,45.0,34.0,2.0,48.0,1.0,Bird
49.0,ambush,48.0,38.0,7.0,40.0,0.0,Bird
49.0,ambush,45.0,34.0,2.0,48.0,1.0,Bird
49.0,ambush,48.0,38.0,3.0,40.0,0.0,Bird
49.0,ambush,48.0,38.0,2.0,41.0,1.0,Bird
49.0,ambush,45.0,34.0,2.0,48.0,0.0,Bird
49.0,ambush,45.0,34.0,2.0,48.0,1.0,Bird
49.0,ambush,45.0,34.0,2.0,48.0,1.0,Bird
49.0,ambush,48.0,38.0,2.0,41.0,0.0,Bird
49.0,ambush,48.0,38.0,3.0,40.0,1.0,Bird
49.0,ambush,45.0,34.0,2.0,48.0,0.0,Bird
49.0,ambush,45.0,34.0,2.0,48.0,0.0,Bird
49.0,ambush,45.0,34.0,2.0,48.0,1.0,Bird
49.0,ambush,45.0,34.0,2.0,48.0,1.0,Bird
49.0,ambush,45.0,34.0,2.0,48.0,0.0,Bird
49.0,ambush,45.0,34.0,2.0,48.0,1.0,Bird
49.0,ambush,45.0,34.0,2.0,48.0,0.0,Bird
49.0,ambush,45.0,34.0,2.0,48.0,1.0,Bird
49.0,ambush,45.0,34.0,2.0,48.0,1.0,Bird
49.0,ambush,45.0,34.0,2.0,48.0,1.0,Bird
49.0,ambush,45.0,34.0,2.0,48.0,0.0,Bird
49.0,ambush,45.0,34.0,2.0,48.0,1.0,Bird
49.0,ambush,45.0,34.0,2.0,48.0,1.0,Bird
49.0,ambush,45.0,34.0,2.0,48.0,1.0,Bird
49.0,ambush,45.0,34.0,2.0,48.0,0.0,Bird
49.0,ambush,45.0,34.0,2.0,48.0,1.0,Bird
49.0,ambush,45.0,34.0,2.0,48.0,1.0,Bird
49.0,ambush,45.0,34.0,2.0,48.0,1.0,Bird
49.0,ambush,45.0,34.0,2.0,48.0,1.0,Bird
49.0,ambush,45.0,34.0,2.0,48.0,1.0,Bird
49.0,ambush,45.0,34.0,2.0,48.0,0.0,Bird
49.0,ambush,45.0,34.0,2.0,48.0,1.0,Bird
49.0,ambush,45.0,34.0,2.0,48.0,1.0,Bird
49.0,ambush,45.0,34.0,2.0,48.0,0.0,Bird
49.0,ambush,45.0,34.0,2.0,48.0,1.0,Bird
49.0,ambush,45.0,34.0,2.0,48.0,1.0,Bird
49.0,ambush,45.0,34.0,2.0,48.0,1.0,Bird
49.0,ambush,45.0,34.0,2.0,48.0,1.0,Bird
49.0,ambush,45.0,34.0,2.0,48.0,1.0,Bird
49.0,ambush,45.0,34.0,2.0,48.0,0.0,Bird
49.0,ambush,45.0,34.0,2.0,48.0,1.0,Bird
49.0,ambush,47.0,31.0,1.0,49.0,1.0,Bird
49.0,ambush,45.0,34.0,1.0,49.0,1.0,Bird
49.0,ambush,45.0,34.0,2.0,48.0,0.0,Bird
49.0,ambush,45.0,34.0,2.0,48.0,0.0,Bird
49.0,ambush,45.0,34.0,2.0,48.0,0.0,Bird
49.0,ambush,45.0,34.0,2.0,48.0,1.0,Bird
49.0,ambush,44.0,34.0,2.0,48.0,0.0,Bird
49.0,ambush,45.0,34.0,2.0,48.0,1.0,Bird
49.0,ambush,45.0,34.0,2.0,48.0,1.0,Bird
49.0,ambush,45.0,34.0,2.0,48.0,1.0,Bird
49.0,ambush,45.0,34.0,2.0,48.0,1.0,Bird
49.0,ambush,45.0,34.0,2.0,48.0,1.0,Bird
49.0,ambush,45.0,34.0,2.0,48.0,0.0,Bird
49.0,ambush,45.0,34.0,2.0,48.0,0.0,Bird
49.0,ambush,45.0,34.0,2.0,48.0,0.0,Bird
49.0,ambush,45.0,34.0,2.0,48.0,0.0,Bird
49.0,ambush,45.0,34.0,2.0,48.0,1.0,Bird
49.0,ambush,45.0,34.0,2.0,48.0,1.0,Bird
49.0,ambush,45.0,34.0,2.0,48.0,0.0,Bird
49.0,ambush,48.0,38.0,2.0,41.0,0.0,Bird
49.0,ambush,48.0,38.0,3.0,40.0,1.0,Bird
49.0,ambush,45.0,34.0,2.0,48.0,1.0,Bird
49.0,ambush,45.0,34.0,2.0,48.0,0.0,Bird
49.0,ambush,48.0,38.0,3.0,40.0,1.0,Bird
49.0,ambush,48.0,38.0,3.0,40.0,1.0,Bird
49.0,ambush,45.0,34.0,2.0,48.0,0.0,Bird
49.0,ambush,48.0,38.0,3.0,40.0,1.0,Bird
49.0,ambush,48.0,38.0,2.0,41.0,1.0,Bird
49.0,ambush,48.0,38.0,3.0,40.0,1.0,Bird
49.0,ambush,45.0,34.0,2.0,48.0,1.0,Bird
49.0,ambush,45.0,34.0,2.0,48.0,1.0,Bird
49.0,ambush,45.0,34.0,2.0,48.0,1.0,Bird
49.0,ambush,45.0,34.0,2.0,48.0,1.0,Bird
49.0,ambush,45.0,34.0,2.0,48.0,1.0,Bird
49.0,ambush,45.0,34.0,2.0,48.0,1.0,Bird
49.0,ambush,45.0,34.0,2.0,48.0,1.0,Bird
49.0,ambush,45.0,34.0,2.0,46.0,1.0,Bird
49.0,ambush,45.0,34.0,2.0,48.0,0.0,Bird
49.0,ambush,45.0,34.0,1.0,49.0,0.0,Bird
49.0,ambush,45.0,34.0,2.0,48.0,0.0,Bird
49.0,ambush,45.0,34.0,2.0,48.0,0.0,Bird
50.0,ambush,48.0,39.0,4.0,38.0,1.0,Bird
50.0,ambush,45.0,26.0,2.0,48.0,1.0,Bird
50.0,ambush,48.0,38.0,2.0,38.0,1.0,Bird
50.0,ambush,48.0,38.0,2.0,38.0,1.0,Bird
50.0,ambush,48.0,38.0,2.0,38.0,1.0,Bird
50.0,ambush,48.0,38.0,2.0,38.0,1.0,Bird
50.0,ambush,45.0,26.0,2.0,48.0,1.0,Bird
50.0,ambush,48.0,38.0,2.0,38.0,1.0,Bird
50.0,ambush,48.0,38.0,2.0,38.0,1.0,Bird
50.0,ambush,48.0,38.0,2.0,38.0,1.0,Bird
50.0,ambush,48.0,38.0,2.0,38.0,0.0,Bird
50.0,ambush,48.0,38.0,2.0,38.0,1.0,Bird
50.0,ambush,48.0,38.0,2.0,38.0,1.0,Bird
50.0,ambush,47.0,31.0,1.0,49.0,1.0,Bird
50.0,ambush,45.0,32.0,2.0,48.0,1.0,Bird
50.0,ambush,45.0,32.0,2.0,48.0,1.0,Bird
50.0,ambush,48.0,38.0,2.0,41.0,0.0,Bird
50.0,ambush,45.0,32.0,2.0,48.0,0.0,Bird
50.0,ambush,47.0,31.0,1.0,49.0,1.0,Bird
50.0,ambush,48.0,38.0,2.0,41.0,1.0,Bird
50.0,ambush,45.0,34.0,2.0,48.0,0.0,Bird
50.0,ambush,45.0,34.0,2.0,48.0,1.0,Bird
50.0,ambush,45.0,34.0,2.0,48.0,1.0,Bird
50.0,ambush,45.0,34.0,2.0,48.0,1.0,Bird
50.0,ambush,47.0,31.0,1.0,49.0,0.0,Bird
50.0,ambush,45.0,34.0,2.0,48.0,0.0,Bird
50.0,ambush,45.0,34.0,2.0,48.0,0.0,Bird
50.0,ambush,45.0,34.0,2.0,48.0,1.0,Bird
50.0,ambush,45.0,33.0,2.0,50.0,1.0,Bird
50.0,ambush,45.0,34.0,2.0,48.0,1.0,Bird
50.0,ambush,45.0,34.0,2.0,48.0,0.0,Bird
50.0,ambush,45.0,34.0,2.0,48.0,0.0,Bird
50.0,ambush,45.0,34.0,2.0,46.0,0.0,Bird
50.0,ambush,45.0,34.0,2.0,48.0,1.0,Bird
50.0,ambush,48.0,38.0,2.0,41.0,0.0,Bird
50.0,ambush,45.0,34.0,2.0,48.0,1.0,Bird
50.0,ambush,45.0,34.0,2.0,48.0,1.0,Bird
50.0,ambush,45.0,31.0,5.0,48.0,1.0,Bird
50.0,ambush,45.0,34.0,2.0,48.0,1.0,Bird
50.0,ambush,48.0,38.0,3.0,40.0,1.0,Bird
50.0,ambush,48.0,38.0,3.0,40.0,1.0,Bird
50.0,ambush,45.0,34.0,2.0,48.0,1.0,Bird
50.0,ambush,48.0,38.0,3.0,40.0,1.0,Bird
50.0,ambush,45.0,34.0,2.0,48.0,1.0,Bird
50.0,ambush,45.0,34.0,2.0,48.0,0.0,Bird
50.0,ambush,45.0,34.0,2.0,48.0,0.0,Bird
50.0,ambush,45.0,34.0,2.0,48.0,0.0,Bird
50.0,ambush,45.0,34.0,2.0,48.0,0.0,Bird
50.0,ambush,48.0,38.0,3.0,40.0,0.0,Bird
50.0,ambush,45.0,34.0,2.0,48.0,0.0,Bird
50.0,ambush,45.0,34.0,2.0,48.0,0.0,Bird
50.0,ambush,48.0,38.0,2.0,41.0,1.0,Bird
50.0,ambush,48.0,38.0,2.0,41.0,1.0,Bird
50.0,ambush,45.0,34.0,2.0,48.0,0.0,Bird
50.0,ambush,45.0,34.0,2.0,48.0,0.0,Bird
50.0,ambush,45.0,34.0,2.0,48.0,1.0,Bird
50.0,ambush,48.0,38.0,2.0,41.0,0.0,Bird
50.0,ambush,45.0,34.0,2.0,48.0,1.0,Bird
50.0,ambush,48.0,38.0,3.0,40.0,1.0,Bird
50.0,ambush,45.0,34.0,2.0,48.0,1.0,Bird
50.0,ambush,48.0,38.0,3.0,40.0,1.0,Bird
50.0,ambush,45.0,34.0,2.0,48.0,0.0,Bird
50.0,ambush,45.0,34.0,2.0,48.0,1.0,Bird
50.0,ambush,48.0,38.0,3.0,40.0,1.0,Bird
50.0,ambush,45.0,34.0,2.0,48.0,0.0,Bird
50.0,ambush,45.0,34.0,2.0,48.0,1.0,Bird
50.0,ambush,45.0,34.0,2.0,48.0,0.0,Bird
50.0,ambush,45.0,34.0,2.0,48.0,1.0,Bird
50.0,ambush,45.0,34.0,2.0,48.0,1.0,Bird
50.0,ambush,45.0,34.0,2.0,48.0,1.0,Bird
50.0,ambush,45.0,34.0,2.0,48.0,0.0,Bird
50.0,ambush,45.0,34.0,2.0,48.0,0.0,Bird
50.0,ambush,48.0,38.0,3.0,44.0,0.0,Bird
50.0,ambush,45.0,34.0,2.0,48.0,1.0,Bird
50.0,ambush,45.0,34.0,2.0,48.0,1.0,Bird
50.0,ambush,45.0,34.0,2.0,48.0,1.0,Bird
50.0,ambush,48.0,38.0,2.0,41.0,1.0,Bird
50.0,ambush,48.0,38.0,2.0,41.0,1.0,Bird
50.0,ambush,45.0,34.0,2.0,48.0,0.0,Bird
50.0,ambush,41.0,34.0,4.0,48.0,0.0,Bird
50.0,ambush,45.0,34.0,2.0,48.0,1.0,Bird
50.0,ambush,45.0,34.0,2.0,48.0,1.0,Bird
50.0,ambush,45.0,34.0,2.0,48.0,1.0,Bird
50.0,ambush,45.0,34.0,2.0,48.0,0.0,Bird
50.0,ambush,45.0,34.0,2.0,48.0,0.0,Bird
50.0,ambush,45.0,34.0,2.0,48.0,0.0,Bird
50.0,ambush,45.0,36.0,2.0,48.0,1.0,Bird
50.0,ambush,45.0,34.0,2.0,48.0,1.0,Bird
50.0,ambush,48.0,38.0,3.0,40.0,1.0,Bird
50.0,ambush,45.0,34.0,2.0,48.0,1.0,Bird
50.0,ambush,48.0,38.0,3.0,40.0,1.0,Bird
50.0,ambush,45.0,34.0,2.0,48.0,1.0,Bird
50.0,ambush,45.0,34.0,2.0,48.0,0.0,Bird
50.0,ambush,45.0,34.0,2.0,48.0,0.0,Bird
50.0,ambush,48.0,38.0,3.0,40.0,0.0,Bird
50.0,ambush,45.0,34.0,2.0,48.0,1.0,Bird
50.0,ambush,45.0,34.0,2.0,48.0,1.0,Bird
50.0,ambush,45.0,34.0,2.0,48.0,0.0,Bird
50.0,ambush,45.0,34.0,2.0,48.0,1.0,Bird
50.0,ambush,45.0,34.0,2.0,48.0,1.0,Bird
50.0,ambush,45.0,34.0,2.0,48.0,0.0,Bird
50.0,ambush,45.0,34.0,2.0,48.0,0.0,Bird
50.0,ambush,45.0,34.0,2.0,48.0,0.0,Bird
50.0,ambush,45.0,34.0,2.0,48.0,0.0,Bird
50.0,ambush,45.0,34.0,2.0,48.0,1.0,Bird
50.0,ambush,45.0,34.0,2.0,48.0,1.0,Bird
50.0,ambush,45.0,34.0,2.0,48.0,0.0,Bird
50.0,ambush,45.0,34.0,2.0,48.0,0.0,Bird
50.0,ambush,45.0,34.0,2.0,48.0,0.0,Bird
50.0,ambush,45.0,34.0,2.0,48.0,0.0,Bird
50.0,ambush,45.0,34.0,2.0,48.0,0.0,Bird
50.0,ambush,45.0,34.0,2.0,48.0,0.0,Bird
50.0,ambush,45.0,34.0,1.0,48.0,1.0,Bird
50.0,ambush,45.0,34.0,2.0,48.0,0.0,Bird
50.0,ambush,45.0,34.0,2.0,48.0,0.0,Bird
50.0,ambush,48.0,38.0,3.0,40.0,0.0,Bird
