Generation,Hunting Strategy,Speed,Stealth,Stamina,Sense,Hunting Outcome,Prey Type
0.0,pursuit,27.0,10.0,18.0,45.0,0.0,Rabbit
0.0,pursuit,21.0,92.0,19.0,30.0,0.0,Rabbit
0.0,pursuit,78.0,69.0,36.0,15.0,0.0,Rabbit
0.0,pursuit,67.0,26.0,81.0,16.0,0.0,Rabbit
0.0,pursuit,20.0,90.0,80.0,59.0,0.0,Rabbit
0.0,pursuit,38.0,90.0,23.0,90.0,0.0,Rabbit
0.0,pursuit,11.0,87.0,87.0,100.0,0.0,Rabbit
0.0,pursuit,46.0,34.0,57.0,73.0,0.0,Rabbit
0.0,pursuit,85.0,95.0,62.0,90.0,0.0,Rabbit
0.0,pursuit,99.0,71.0,57.0,81.0,1.0,Rabbit
0.0,pursuit,60.0,70.0,58.0,58.0,0.0,Rabbit
0.0,pursuit,40.0,63.0,27.0,99.0,0.0,Rabbit
0.0,pursuit,49.0,59.0,47.0,6.0,0.0,Rabbit
0.0,pursuit,74.0,20.0,84.0,94.0,0.0,Rabbit
0.0,pursuit,1.0,54.0,51.0,36.0,0.0,Rabbit
0.0,pursuit,67.0,29.0,20.0,1.0,0.0,Rabbit
0.0,pursuit,52.0,11.0,59.0,68.0,0.0,Rabbit
0.0,pursuit,18.0,94.0,96.0,54.0,1.0,Rabbit
0.0,pursuit,90.0,3.0,18.0,84.0,0.0,Rabbit
0.0,pursuit,88.0,83.0,1.0,14.0,0.0,Rabbit
0.0,pursuit,14.0,100.0,52.0,99.0,0.0,Rabbit
0.0,pursuit,67.0,34.0,11.0,76.0,0.0,Rabbit
0.0,pursuit,71.0,100.0,97.0,10.0,0.0,Rabbit
0.0,pursuit,44.0,58.0,7.0,87.0,0.0,Rabbit
0.0,pursuit,79.0,73.0,93.0,29.0,0.0,Rabbit
0.0,pursuit,21.0,91.0,54.0,88.0,0.0,Rabbit
0.0,pursuit,21.0,51.0,2.0,82.0,0.0,Rabbit
0.0,pursuit,56.0,54.0,18.0,27.0,0.0,Rabbit
0.0,pursuit,1.0,80.0,95.0,71.0,0.0,Rabbit
0.0,pursuit,44.0,34.0,6.0,38.0,0.0,Rabbit
0.0,pursuit,51.0,5.0,36.0,42.0,1.0,Rabbit
0.0,pursuit,55.0,7.0,21.0,90.0,0.0,Rabbit
0.0,pursuit,22.0,56.0,73.0,34.0,1.0,Rabbit
0.0,pursuit,72.0,21.0,22.0,21.0,0.0,Rabbit
0.0,pursuit,91.0,98.0,73.0,19.0,0.0,Rabbit
0.0,pursuit,89.0,66.0,20.0,34.0,0.0,Rabbit
0.0,pursuit,70.0,97.0,55.0,35.0,0.0,Rabbit
0.0,pursuit,5.0,24.0,54.0,24.0,0.0,Rabbit
0.0,pursuit,38.0,37.0,38.0,77.0,0.0,Rabbit
0.0,pursuit,9.0,31.0,57.0,17.0,0.0,Rabbit
0.0,pursuit,81.0,75.0,24.0,35.0,1.0,Rabbit
0.0,pursuit,49.0,6.0,74.0,4.0,0.0,Rabbit
0.0,pursuit,67.0,52.0,17.0,1.0,0.0,Rabbit
0.0,pursuit,28.0,46.0,65.0,56.0,0.0,Rabbit
0.0,pursuit,42.0,14.0,30.0,90.0,0.0,Rabbit
0.0,pursuit,23.0,22.0,94.0,34.0,0.0,Rabbit
0.0,pursuit,61.0,19.0,77.0,48.0,0.0,Rabbit
0.0,pursuit,49.0,67.0,90.0,40.0,0.0,Rabbit
0.0,pursuit,62.0,19.0,64.0,80.0,1.0,Rabbit
0.0,pursuit,11.0,36.0,98.0,50.0,0.0,Rabbit
0.0,pursuit,31.0,6.0,3.0,57.0,1.0,Rabbit
0.0,pursuit,48.0,71.0,18.0,89.0,0.0,Rabbit
0.0,pursuit,65.0,92.0,59.0,99.0,0.0,Rabbit
0.0,pursuit,86.0,11.0,99.0,98.0,0.0,Rabbit
0.0,pursuit,37.0,36.0,51.0,56.0,0.0,Rabbit
0.0,pursuit,63.0,5.0,62.0,50.0,0.0,Rabbit
0.0,pursuit,23.0,76.0,10.0,43.0,0.0,Rabbit
0.0,pursuit,97.0,69.0,94.0,7.0,0.0,Rabbit
0.0,pursuit,16.0,43.0,18.0,15.0,0.0,Rabbit
0.0,pursuit,14.0,46.0,10.0,12.0,0.0,Rabbit
0.0,pursuit,32.0,79.0,69.0,40.0,0.0,Rabbit
0.0,pursuit,41.0,99.0,14.0,66.0,1.0,Rabbit
0.0,pursuit,14.0,50.0,63.0,26.0,1.0,Rabbit
0.0,pursuit,70.0,78.0,85.0,95.0,0.0,Rabbit
0.0,pursuit,46.0,24.0,59.0,76.0,0.0,Rabbit
0.0,pursuit,30.0,91.0,51.0,22.0,0.0,Rabbit
0.0,pursuit,3.0,26.0,34.0,3.0,0.0,Rabbit
0.0,pursuit,57.0,9.0,73.0,67.0,1.0,Rabbit
0.0,pursuit,90.0,7.0,29.0,76.0,0.0,Rabbit
0.0,pursuit,93.0,32.0,22.0,26.0,0.0,Rabbit
0.0,pursuit,33.0,54.0,77.0,28.0,0.0,Rabbit
0.0,pursuit,60.0,3.0,47.0,76.0,0.0,Rabbit
0.0,pursuit,11.0,52.0,91.0,58.0,1.0,Rabbit
0.0,pursuit,92.0,36.0,20.0,4.0,0.0,Rabbit
0.0,pursuit,16.0,10.0,9.0,91.0,0.0,Rabbit
0.0,pursuit,84.0,42.0,49.0,4.0,0.0,Rabbit
0.0,pursuit,71.0,92.0,66.0,8.0,0.0,Rabbit
0.0,pursuit,95.0,91.0,77.0,57.0,1.0,Rabbit
0.0,pursuit,19.0,77.0,12.0,63.0,0.0,Rabbit
0.0,pursuit,29.0,51.0,65.0,65.0,0.0,Rabbit
0.0,pursuit,54.0,12.0,96.0,63.0,0.0,Rabbit
0.0,pursuit,92.0,1.0,68.0,29.0,0.0,Rabbit
0.0,pursuit,4.0,18.0,60.0,41.0,0.0,Rabbit
0.0,pursuit,9.0,20.0,71.0,43.0,0.0,Rabbit
0.0,pursuit,21.0,3.0,53.0,39.0,1.0,Rabbit
0.0,pursuit,53.0,46.0,76.0,18.0,0.0,Rabbit
0.0,pursuit,95.0,80.0,85.0,58.0,0.0,Rabbit
0.0,pursuit,42.0,83.0,4.0,10.0,0.0,Rabbit
0.0,pursuit,65.0,21.0,37.0,85.0,0.0,Rabbit
0.0,pursuit,1.0,41.0,78.0,13.0,0.0,Rabbit
0.0,pursuit,31.0,2.0,36.0,48.0,0.0,Rabbit
0.0,pursuit,33.0,18.0,60.0,76.0,1.0,Rabbit
0.0,pursuit,82.0,98.0,56.0,56.0,0.0,Rabbit
0.0,pursuit,93.0,76.0,97.0,92.0,1.0,Rabbit
0.0,pursuit,38.0,56.0,2.0,39.0,0.0,Rabbit
0.0,pursuit,19.0,76.0,40.0,44.0,0.0,Rabbit
0.0,pursuit,15.0,72.0,77.0,87.0,0.0,Rabbit
0.0,pursuit,19.0,31.0,91.0,91.0,0.0,Rabbit
0.0,pursuit,44.0,63.0,99.0,50.0,0.0,Rabbit
0.0,pursuit,43.0,43.0,80.0,62.0,0.0,Rabbit
0.0,pursuit,8.0,52.0,82.0,53.0,0.0,Rabbit
0.0,pursuit,5.0,12.0,76.0,14.0,0.0,Rabbit
0.0,pursuit,64.0,29.0,29.0,4.0,0.0,Rabbit
0.0,pursuit,56.0,23.0,48.0,82.0,0.0,Rabbit
0.0,pursuit,31.0,35.0,84.0,19.0,0.0,Rabbit
0.0,pursuit,80.0,88.0,65.0,54.0,0.0,Rabbit
0.0,pursuit,22.0,77.0,32.0,52.0,0.0,Rabbit
0.0,pursuit,5.0,30.0,100.0,22.0,0.0,Rabbit
0.0,pursuit,13.0,20.0,73.0,8.0,0.0,Rabbit
0.0,pursuit,34.0,93.0,51.0,14.0,0.0,Rabbit
0.0,pursuit,40.0,86.0,54.0,84.0,0.0,Rabbit
0.0,pursuit,86.0,99.0,2.0,34.0,0.0,Rabbit
0.0,pursuit,10.0,91.0,52.0,45.0,0.0,Rabbit
0.0,pursuit,83.0,40.0,27.0,16.0,0.0,Rabbit
0.0,pursuit,17.0,90.0,95.0,20.0,0.0,Rabbit
0.0,pursuit,80.0,84.0,27.0,67.0,0.0,Rabbit
0.0,pursuit,21.0,5.0,100.0,67.0,0.0,Rabbit
0.0,pursuit,97.0,6.0,71.0,9.0,0.0,Rabbit
0.0,pursuit,19.0,4.0,67.0,79.0,0.0,Rabbit
0.0,pursuit,83.0,29.0,87.0,60.0,0.0,Rabbit
0.0,pursuit,21.0,28.0,71.0,52.0,0.0,Rabbit
0.0,pursuit,75.0,32.0,36.0,29.0,0.0,Rabbit
0.0,pursuit,26.0,100.0,89.0,25.0,0.0,Rabbit
0.0,pursuit,91.0,64.0,43.0,91.0,0.0,Rabbit
0.0,pursuit,8.0,8.0,56.0,99.0,0.0,Rabbit
0.0,pursuit,1.0,4.0,57.0,77.0,0.0,Rabbit
0.0,pursuit,99.0,56.0,65.0,85.0,0.0,Rabbit
0.0,pursuit,18.0,67.0,19.0,42.0,0.0,Rabbit
0.0,pursuit,28.0,71.0,41.0,63.0,0.0,Rabbit
0.0,pursuit,66.0,44.0,19.0,62.0,0.0,Rabbit
0.0,pursuit,46.0,37.0,59.0,55.0,0.0,Rabbit
0.0,pursuit,76.0,57.0,48.0,56.0,1.0,Rabbit
0.0,pursuit,36.0,89.0,71.0,99.0,0.0,Rabbit
0.0,pursuit,83.0,58.0,76.0,70.0,1.0,Rabbit
0.0,pursuit,51.0,43.0,100.0,96.0,0.0,Rabbit
0.0,pursuit,20.0,89.0,89.0,87.0,0.0,Rabbit
0.0,pursuit,81.0,71.0,3.0,8.0,0.0,Rabbit
0.0,pursuit,25.0,13.0,40.0,38.0,0.0,Rabbit
0.0,pursuit,39.0,99.0,74.0,71.0,0.0,Rabbit
0.0,pursuit,49.0,88.0,72.0,33.0,0.0,Rabbit
0.0,pursuit,91.0,28.0,88.0,70.0,0.0,Rabbit
0.0,pursuit,60.0,50.0,2.0,17.0,0.0,Rabbit
0.0,pursuit,3.0,89.0,67.0,30.0,0.0,Rabbit
0.0,pursuit,59.0,15.0,66.0,48.0,0.0,Rabbit
0.0,pursuit,9.0,74.0,95.0,51.0,0.0,Rabbit
0.0,pursuit,21.0,91.0,62.0,2.0,0.0,Rabbit
0.0,pursuit,46.0,82.0,52.0,79.0,0.0,Rabbit
0.0,pursuit,8.0,56.0,25.0,35.0,0.0,Rabbit
0.0,pursuit,44.0,65.0,52.0,74.0,0.0,Rabbit
0.0,pursuit,69.0,77.0,26.0,1.0,0.0,Rabbit
0.0,pursuit,18.0,23.0,15.0,23.0,0.0,Rabbit
0.0,pursuit,94.0,100.0,78.0,16.0,0.0,Rabbit
0.0,pursuit,12.0,24.0,6.0,75.0,0.0,Rabbit
0.0,pursuit,7.0,72.0,91.0,47.0,0.0,Rabbit
0.0,pursuit,90.0,77.0,16.0,40.0,0.0,Rabbit
0.0,pursuit,47.0,66.0,73.0,46.0,0.0,Rabbit
0.0,pursuit,35.0,92.0,83.0,84.0,0.0,Rabbit
0.0,pursuit,9.0,35.0,98.0,53.0,1.0,Rabbit
0.0,pursuit,29.0,2.0,54.0,36.0,0.0,Rabbit
0.0,pursuit,57.0,41.0,22.0,11.0,0.0,Rabbit
0.0,pursuit,28.0,31.0,85.0,5.0,0.0,Rabbit
0.0,pursuit,31.0,60.0,70.0,16.0,0.0,Rabbit
0.0,pursuit,5.0,62.0,98.0,32.0,0.0,Rabbit
0.0,pursuit,65.0,98.0,69.0,41.0,0.0,Rabbit
0.0,pursuit,94.0,65.0,61.0,55.0,1.0,Rabbit
0.0,pursuit,55.0,73.0,99.0,100.0,1.0,Rabbit
0.0,pursuit,71.0,39.0,36.0,32.0,0.0,Rabbit
0.0,pursuit,55.0,12.0,86.0,24.0,0.0,Rabbit
0.0,pursuit,84.0,24.0,84.0,5.0,0.0,Rabbit
0.0,pursuit,18.0,93.0,93.0,88.0,0.0,Rabbit
0.0,pursuit,48.0,59.0,25.0,72.0,0.0,Rabbit
0.0,pursuit,29.0,61.0,56.0,4.0,0.0,Rabbit
0.0,pursuit,83.0,3.0,91.0,40.0,0.0,Rabbit
0.0,pursuit,33.0,18.0,8.0,77.0,0.0,Rabbit
0.0,pursuit,43.0,32.0,37.0,5.0,0.0,Rabbit
0.0,pursuit,26.0,82.0,54.0,83.0,0.0,Rabbit
0.0,pursuit,72.0,57.0,72.0,52.0,0.0,Rabbit
0.0,pursuit,39.0,74.0,44.0,75.0,0.0,Rabbit
0.0,pursuit,84.0,79.0,6.0,45.0,0.0,Rabbit
0.0,pursuit,20.0,79.0,62.0,42.0,0.0,Rabbit
0.0,pursuit,56.0,2.0,15.0,37.0,0.0,Rabbit
0.0,pursuit,57.0,93.0,71.0,12.0,0.0,Rabbit
0.0,pursuit,54.0,40.0,91.0,57.0,0.0,Rabbit
0.0,pursuit,3.0,31.0,16.0,98.0,0.0,Rabbit
0.0,pursuit,96.0,40.0,39.0,77.0,0.0,Rabbit
0.0,pursuit,23.0,29.0,34.0,56.0,0.0,Rabbit
0.0,pursuit,20.0,100.0,48.0,24.0,0.0,Rabbit
0.0,pursuit,10.0,97.0,90.0,86.0,0.0,Rabbit
0.0,pursuit,38.0,95.0,30.0,30.0,0.0,Rabbit
0.0,pursuit,48.0,20.0,8.0,50.0,0.0,Rabbit
0.0,pursuit,49.0,93.0,14.0,100.0,0.0,Rabbit
0.0,pursuit,63.0,86.0,28.0,58.0,0.0,Rabbit
0.0,pursuit,88.0,12.0,76.0,55.0,0.0,Rabbit
0.0,pursuit,6.0,77.0,72.0,36.0,1.0,Rabbit
0.0,pursuit,33.0,40.0,22.0,77.0,0.0,Rabbit
0.0,pursuit,83.0,89.0,9.0,77.0,1.0,Rabbit
0.0,pursuit,33.0,91.0,63.0,42.0,0.0,Rabbit
0.0,pursuit,42.0,69.0,62.0,77.0,1.0,Rabbit
0.0,pursuit,21.0,22.0,88.0,83.0,1.0,Rabbit
0.0,pursuit,8.0,70.0,15.0,92.0,0.0,Rabbit
0.0,pursuit,11.0,57.0,12.0,10.0,0.0,Rabbit
0.0,pursuit,66.0,87.0,73.0,65.0,0.0,Rabbit
0.0,pursuit,53.0,4.0,86.0,21.0,0.0,Rabbit
0.0,pursuit,21.0,91.0,24.0,98.0,0.0,Rabbit
0.0,pursuit,91.0,12.0,66.0,67.0,1.0,Rabbit
0.0,pursuit,28.0,90.0,1.0,40.0,0.0,Rabbit
0.0,pursuit,68.0,59.0,61.0,81.0,0.0,Rabbit
0.0,pursuit,95.0,33.0,63.0,49.0,1.0,Rabbit
0.0,pursuit,16.0,66.0,47.0,92.0,0.0,Rabbit
0.0,pursuit,75.0,39.0,28.0,26.0,0.0,Rabbit
0.0,pursuit,13.0,90.0,94.0,29.0,0.0,Rabbit
0.0,pursuit,15.0,93.0,57.0,30.0,0.0,Rabbit
0.0,pursuit,95.0,27.0,56.0,66.0,0.0,Rabbit
0.0,pursuit,87.0,47.0,62.0,85.0,0.0,Rabbit
0.0,pursuit,79.0,92.0,50.0,21.0,0.0,Rabbit
0.0,pursuit,49.0,76.0,12.0,83.0,0.0,Rabbit
0.0,pursuit,52.0,9.0,72.0,36.0,1.0,Rabbit
0.0,pursuit,29.0,15.0,63.0,49.0,1.0,Rabbit
0.0,pursuit,9.0,21.0,3.0,42.0,0.0,Rabbit
0.0,pursuit,46.0,48.0,46.0,91.0,0.0,Rabbit
0.0,pursuit,22.0,61.0,34.0,83.0,0.0,Rabbit
0.0,pursuit,6.0,97.0,51.0,84.0,0.0,Rabbit
0.0,pursuit,79.0,27.0,38.0,29.0,0.0,Rabbit
0.0,pursuit,37.0,40.0,80.0,49.0,1.0,Rabbit
0.0,pursuit,18.0,11.0,93.0,23.0,0.0,Rabbit
0.0,pursuit,67.0,82.0,48.0,87.0,1.0,Rabbit
0.0,pursuit,84.0,35.0,64.0,6.0,0.0,Rabbit
0.0,pursuit,81.0,39.0,29.0,5.0,0.0,Rabbit
0.0,pursuit,34.0,53.0,8.0,2.0,0.0,Rabbit
0.0,pursuit,83.0,87.0,73.0,98.0,0.0,Rabbit
0.0,pursuit,6.0,89.0,89.0,94.0,0.0,Rabbit
0.0,pursuit,57.0,80.0,78.0,81.0,0.0,Rabbit
0.0,pursuit,37.0,13.0,70.0,29.0,0.0,Rabbit
0.0,pursuit,39.0,56.0,42.0,49.0,0.0,Rabbit
0.0,pursuit,92.0,95.0,52.0,81.0,0.0,Rabbit
0.0,pursuit,32.0,54.0,6.0,83.0,0.0,Rabbit
0.0,pursuit,93.0,90.0,46.0,12.0,0.0,Rabbit
0.0,pursuit,92.0,97.0,6.0,59.0,0.0,Rabbit
0.0,pursuit,47.0,40.0,81.0,51.0,0.0,Rabbit
0.0,pursuit,35.0,14.0,100.0,87.0,1.0,Rabbit
0.0,pursuit,42.0,55.0,82.0,19.0,0.0,Rabbit
0.0,pursuit,27.0,16.0,93.0,77.0,0.0,Rabbit
0.0,pursuit,78.0,46.0,10.0,32.0,0.0,Rabbit
0.0,pursuit,93.0,41.0,21.0,97.0,0.0,Rabbit
0.0,pursuit,84.0,99.0,79.0,36.0,0.0,Rabbit
0.0,pursuit,59.0,19.0,78.0,40.0,1.0,Rabbit
0.0,pursuit,75.0,9.0,14.0,91.0,0.0,Rabbit
0.0,pursuit,76.0,93.0,59.0,33.0,0.0,Rabbit
0.0,pursuit,56.0,83.0,96.0,31.0,0.0,Rabbit
0.0,pursuit,46.0,30.0,50.0,19.0,0.0,Rabbit
0.0,pursuit,38.0,64.0,41.0,79.0,0.0,Rabbit
0.0,pursuit,43.0,96.0,83.0,37.0,1.0,Rabbit
0.0,pursuit,40.0,21.0,46.0,78.0,0.0,Rabbit
0.0,pursuit,72.0,98.0,62.0,56.0,1.0,Rabbit
0.0,pursuit,67.0,16.0,65.0,29.0,1.0,Rabbit
0.0,pursuit,1.0,42.0,45.0,36.0,0.0,Rabbit
0.0,pursuit,72.0,90.0,78.0,18.0,0.0,Rabbit
0.0,pursuit,42.0,48.0,72.0,71.0,0.0,Rabbit
0.0,pursuit,73.0,46.0,22.0,24.0,0.0,Rabbit
0.0,pursuit,55.0,29.0,96.0,31.0,0.0,Rabbit
0.0,pursuit,4.0,11.0,24.0,64.0,0.0,Rabbit
0.0,pursuit,77.0,18.0,89.0,26.0,0.0,Rabbit
0.0,pursuit,22.0,41.0,17.0,18.0,1.0,Rabbit
0.0,pursuit,99.0,94.0,54.0,27.0,0.0,Rabbit
0.0,pursuit,40.0,45.0,99.0,2.0,0.0,Rabbit
0.0,pursuit,72.0,66.0,52.0,88.0,0.0,Rabbit
0.0,pursuit,70.0,29.0,7.0,96.0,1.0,Rabbit
0.0,pursuit,60.0,97.0,34.0,42.0,0.0,Rabbit
0.0,pursuit,73.0,20.0,28.0,33.0,0.0,Rabbit
0.0,pursuit,51.0,16.0,46.0,29.0,0.0,Rabbit
0.0,pursuit,90.0,47.0,92.0,62.0,1.0,Rabbit
0.0,pursuit,12.0,15.0,52.0,67.0,1.0,Rabbit
0.0,pursuit,62.0,49.0,14.0,11.0,0.0,Rabbit
0.0,pursuit,4.0,33.0,35.0,26.0,0.0,Rabbit
0.0,pursuit,63.0,11.0,82.0,20.0,0.0,Rabbit
0.0,pursuit,56.0,41.0,19.0,88.0,0.0,Rabbit
0.0,pursuit,59.0,58.0,40.0,91.0,0.0,Rabbit
0.0,pursuit,69.0,21.0,69.0,37.0,0.0,Rabbit
0.0,pursuit,50.0,99.0,89.0,58.0,0.0,Rabbit
0.0,pursuit,73.0,98.0,15.0,2.0,0.0,Rabbit
0.0,pursuit,69.0,64.0,93.0,41.0,0.0,Rabbit
0.0,pursuit,73.0,77.0,34.0,79.0,0.0,Rabbit
0.0,pursuit,95.0,64.0,79.0,59.0,0.0,Rabbit
0.0,pursuit,57.0,91.0,13.0,69.0,0.0,Rabbit
0.0,pursuit,79.0,86.0,94.0,44.0,1.0,Rabbit
0.0,pursuit,17.0,62.0,64.0,80.0,0.0,Rabbit
0.0,pursuit,83.0,18.0,28.0,74.0,0.0,Rabbit
0.0,pursuit,28.0,81.0,41.0,82.0,0.0,Rabbit
0.0,pursuit,50.0,63.0,78.0,61.0,0.0,Rabbit
0.0,pursuit,72.0,47.0,79.0,85.0,1.0,Rabbit
0.0,pursuit,95.0,60.0,32.0,93.0,0.0,Rabbit
0.0,pursuit,80.0,54.0,14.0,91.0,0.0,Rabbit
0.0,pursuit,69.0,46.0,28.0,40.0,1.0,Rabbit
0.0,pursuit,32.0,12.0,7.0,20.0,1.0,Rabbit
0.0,pursuit,31.0,73.0,60.0,21.0,0.0,Rabbit
0.0,pursuit,82.0,4.0,67.0,84.0,0.0,Rabbit
0.0,pursuit,69.0,54.0,30.0,32.0,0.0,Rabbit
0.0,pursuit,88.0,70.0,64.0,33.0,0.0,Rabbit
0.0,pursuit,48.0,11.0,79.0,38.0,1.0,Rabbit
0.0,pursuit,64.0,96.0,31.0,10.0,0.0,Rabbit
0.0,pursuit,6.0,51.0,83.0,97.0,1.0,Rabbit
0.0,pursuit,9.0,44.0,27.0,57.0,0.0,Rabbit
0.0,pursuit,82.0,17.0,34.0,10.0,0.0,Rabbit
0.0,pursuit,43.0,67.0,15.0,40.0,0.0,Rabbit
0.0,pursuit,84.0,30.0,39.0,62.0,1.0,Rabbit
0.0,pursuit,94.0,87.0,85.0,7.0,0.0,Rabbit
0.0,pursuit,6.0,7.0,95.0,35.0,0.0,Rabbit
0.0,pursuit,41.0,91.0,63.0,56.0,0.0,Rabbit
0.0,pursuit,65.0,14.0,56.0,77.0,1.0,Rabbit
0.0,pursuit,35.0,74.0,95.0,17.0,0.0,Rabbit
0.0,pursuit,90.0,4.0,90.0,82.0,0.0,Rabbit
0.0,pursuit,20.0,33.0,60.0,54.0,1.0,Rabbit
0.0,pursuit,20.0,64.0,70.0,54.0,0.0,Rabbit
0.0,pursuit,20.0,22.0,47.0,51.0,1.0,Rabbit
0.0,pursuit,6.0,85.0,14.0,6.0,0.0,Rabbit
0.0,pursuit,10.0,100.0,97.0,20.0,0.0,Rabbit
0.0,pursuit,90.0,25.0,43.0,10.0,0.0,Rabbit
0.0,pursuit,32.0,71.0,79.0,76.0,0.0,Rabbit
0.0,pursuit,2.0,29.0,2.0,58.0,0.0,Rabbit
0.0,pursuit,3.0,41.0,76.0,37.0,0.0,Rabbit
0.0,pursuit,1.0,84.0,8.0,74.0,0.0,Rabbit
0.0,pursuit,34.0,32.0,52.0,31.0,0.0,Rabbit
0.0,pursuit,60.0,41.0,98.0,5.0,0.0,Rabbit
0.0,pursuit,45.0,91.0,21.0,93.0,0.0,Rabbit
0.0,pursuit,90.0,6.0,57.0,84.0,0.0,Rabbit
0.0,pursuit,50.0,10.0,64.0,87.0,0.0,Rabbit
0.0,pursuit,29.0,71.0,64.0,54.0,0.0,Rabbit
0.0,pursuit,55.0,45.0,45.0,83.0,0.0,Rabbit
0.0,pursuit,21.0,10.0,6.0,43.0,1.0,Rabbit
0.0,pursuit,31.0,86.0,70.0,69.0,0.0,Rabbit
0.0,pursuit,11.0,26.0,40.0,60.0,1.0,Rabbit
0.0,pursuit,84.0,67.0,7.0,48.0,1.0,Rabbit
0.0,pursuit,72.0,60.0,45.0,42.0,1.0,Rabbit
0.0,pursuit,7.0,75.0,26.0,3.0,0.0,Rabbit
0.0,pursuit,28.0,62.0,63.0,55.0,0.0,Rabbit
0.0,pursuit,22.0,13.0,80.0,13.0,0.0,Rabbit
0.0,pursuit,85.0,74.0,36.0,81.0,0.0,Rabbit
0.0,pursuit,32.0,75.0,87.0,3.0,0.0,Rabbit
0.0,pursuit,45.0,52.0,65.0,29.0,0.0,Rabbit
0.0,pursuit,62.0,56.0,46.0,95.0,0.0,Rabbit
0.0,pursuit,42.0,27.0,63.0,3.0,0.0,Rabbit
0.0,pursuit,38.0,18.0,59.0,33.0,0.0,Rabbit
0.0,pursuit,9.0,85.0,99.0,45.0,1.0,Rabbit
0.0,pursuit,26.0,75.0,33.0,91.0,0.0,Rabbit
0.0,pursuit,60.0,33.0,78.0,11.0,0.0,Rabbit
0.0,pursuit,76.0,19.0,81.0,47.0,1.0,Rabbit
0.0,pursuit,54.0,62.0,47.0,59.0,0.0,Rabbit
0.0,pursuit,39.0,56.0,22.0,88.0,0.0,Rabbit
0.0,pursuit,11.0,15.0,55.0,64.0,1.0,Rabbit
0.0,pursuit,8.0,16.0,23.0,12.0,0.0,Rabbit
0.0,pursuit,21.0,94.0,28.0,36.0,0.0,Rabbit
0.0,pursuit,14.0,39.0,28.0,28.0,0.0,Rabbit
0.0,pursuit,88.0,37.0,93.0,42.0,1.0,Rabbit
0.0,pursuit,77.0,87.0,41.0,75.0,0.0,Rabbit
0.0,pursuit,84.0,81.0,2.0,82.0,0.0,Rabbit
0.0,pursuit,43.0,6.0,54.0,58.0,0.0,Rabbit
0.0,pursuit,8.0,26.0,26.0,15.0,0.0,Rabbit
0.0,pursuit,88.0,51.0,15.0,18.0,0.0,Rabbit
0.0,pursuit,40.0,97.0,21.0,39.0,0.0,Rabbit
0.0,pursuit,97.0,9.0,67.0,22.0,0.0,Rabbit
0.0,pursuit,11.0,61.0,74.0,6.0,0.0,Rabbit
0.0,pursuit,48.0,84.0,60.0,20.0,0.0,Rabbit
0.0,pursuit,23.0,58.0,67.0,65.0,0.0,Rabbit
0.0,pursuit,96.0,50.0,22.0,57.0,0.0,Rabbit
0.0,pursuit,41.0,1.0,64.0,6.0,0.0,Rabbit
0.0,pursuit,32.0,14.0,87.0,93.0,1.0,Rabbit
0.0,pursuit,19.0,11.0,18.0,63.0,1.0,Rabbit
0.0,pursuit,4.0,91.0,25.0,56.0,0.0,Rabbit
0.0,pursuit,73.0,60.0,8.0,8.0,0.0,Rabbit
0.0,pursuit,45.0,100.0,6.0,37.0,0.0,Rabbit
0.0,pursuit,3.0,96.0,4.0,72.0,0.0,Rabbit
0.0,pursuit,18.0,61.0,54.0,5.0,0.0,Rabbit
0.0,pursuit,25.0,72.0,80.0,26.0,0.0,Rabbit
0.0,pursuit,52.0,32.0,23.0,62.0,0.0,Rabbit
0.0,pursuit,86.0,8.0,10.0,86.0,0.0,Rabbit
0.0,pursuit,41.0,54.0,75.0,37.0,0.0,Rabbit
0.0,pursuit,91.0,24.0,46.0,31.0,0.0,Rabbit
0.0,pursuit,42.0,90.0,88.0,73.0,0.0,Rabbit
0.0,pursuit,76.0,13.0,34.0,73.0,0.0,Rabbit
0.0,pursuit,65.0,31.0,77.0,84.0,0.0,Rabbit
0.0,pursuit,49.0,62.0,15.0,83.0,0.0,Rabbit
0.0,pursuit,7.0,29.0,48.0,72.0,0.0,Rabbit
0.0,pursuit,78.0,28.0,99.0,83.0,1.0,Rabbit
0.0,pursuit,46.0,60.0,56.0,96.0,0.0,Rabbit
0.0,pursuit,41.0,6.0,82.0,91.0,1.0,Rabbit
0.0,pursuit,87.0,48.0,97.0,60.0,0.0,Rabbit
0.0,pursuit,18.0,51.0,37.0,34.0,0.0,Rabbit
0.0,pursuit,92.0,37.0,86.0,39.0,0.0,Rabbit
0.0,pursuit,21.0,67.0,2.0,8.0,0.0,Rabbit
0.0,pursuit,79.0,60.0,91.0,86.0,1.0,Rabbit
0.0,pursuit,90.0,90.0,43.0,40.0,1.0,Rabbit
0.0,pursuit,73.0,20.0,79.0,80.0,1.0,Rabbit
0.0,pursuit,61.0,46.0,29.0,41.0,0.0,Rabbit
0.0,pursuit,50.0,72.0,22.0,99.0,0.0,Rabbit
0.0,pursuit,43.0,4.0,69.0,5.0,0.0,Rabbit
0.0,pursuit,40.0,96.0,48.0,2.0,0.0,Rabbit
0.0,pursuit,1.0,44.0,32.0,9.0,0.0,Rabbit
0.0,pursuit,39.0,50.0,43.0,90.0,0.0,Rabbit
0.0,pursuit,99.0,13.0,33.0,56.0,0.0,Rabbit
0.0,pursuit,1.0,40.0,10.0,42.0,0.0,Rabbit
0.0,pursuit,10.0,83.0,34.0,94.0,0.0,Rabbit
0.0,pursuit,55.0,20.0,75.0,11.0,0.0,Rabbit
0.0,pursuit,77.0,37.0,65.0,52.0,0.0,Rabbit
0.0,pursuit,9.0,62.0,66.0,64.0,0.0,Rabbit
0.0,pursuit,39.0,3.0,4.0,80.0,0.0,Rabbit
0.0,pursuit,98.0,12.0,18.0,3.0,0.0,Rabbit
0.0,pursuit,6.0,3.0,57.0,72.0,0.0,Rabbit
0.0,pursuit,68.0,49.0,16.0,56.0,0.0,Rabbit
0.0,pursuit,82.0,71.0,42.0,83.0,0.0,Rabbit
0.0,pursuit,69.0,97.0,13.0,34.0,0.0,Rabbit
0.0,pursuit,46.0,86.0,35.0,97.0,0.0,Rabbit
0.0,pursuit,89.0,6.0,70.0,41.0,1.0,Rabbit
0.0,pursuit,79.0,33.0,3.0,26.0,0.0,Rabbit
0.0,pursuit,67.0,53.0,43.0,96.0,1.0,Rabbit
0.0,pursuit,34.0,66.0,39.0,54.0,0.0,Rabbit
0.0,pursuit,72.0,47.0,54.0,82.0,0.0,Rabbit
0.0,pursuit,22.0,92.0,78.0,57.0,0.0,Rabbit
0.0,pursuit,16.0,67.0,1.0,22.0,0.0,Rabbit
0.0,pursuit,99.0,42.0,61.0,79.0,1.0,Rabbit
0.0,pursuit,18.0,94.0,77.0,54.0,0.0,Rabbit
0.0,pursuit,58.0,9.0,57.0,9.0,1.0,Rabbit
0.0,pursuit,14.0,20.0,36.0,29.0,0.0,Rabbit
0.0,pursuit,60.0,44.0,38.0,83.0,0.0,Rabbit
0.0,pursuit,73.0,31.0,47.0,50.0,1.0,Rabbit
0.0,pursuit,46.0,41.0,80.0,15.0,0.0,Rabbit
0.0,pursuit,33.0,52.0,68.0,95.0,0.0,Rabbit
0.0,pursuit,36.0,98.0,57.0,12.0,0.0,Rabbit
0.0,pursuit,54.0,77.0,30.0,22.0,0.0,Rabbit
0.0,pursuit,50.0,44.0,30.0,8.0,0.0,Rabbit
0.0,pursuit,1.0,32.0,59.0,92.0,0.0,Rabbit
0.0,pursuit,44.0,46.0,27.0,46.0,0.0,Rabbit
0.0,pursuit,92.0,50.0,83.0,48.0,0.0,Rabbit
0.0,pursuit,37.0,67.0,53.0,30.0,0.0,Rabbit
0.0,pursuit,5.0,55.0,74.0,100.0,0.0,Rabbit
0.0,pursuit,30.0,1.0,42.0,100.0,0.0,Rabbit
0.0,pursuit,45.0,36.0,87.0,99.0,0.0,Rabbit
0.0,pursuit,36.0,41.0,58.0,6.0,0.0,Rabbit
0.0,pursuit,77.0,13.0,61.0,56.0,0.0,Rabbit
0.0,pursuit,69.0,68.0,25.0,20.0,1.0,Rabbit
0.0,pursuit,59.0,73.0,73.0,8.0,0.0,Rabbit
0.0,pursuit,20.0,1.0,83.0,79.0,1.0,Rabbit
0.0,pursuit,77.0,79.0,39.0,77.0,0.0,Rabbit
0.0,pursuit,51.0,28.0,79.0,98.0,0.0,Rabbit
0.0,pursuit,51.0,36.0,87.0,83.0,1.0,Rabbit
0.0,pursuit,84.0,45.0,33.0,45.0,0.0,Rabbit
0.0,pursuit,74.0,55.0,11.0,21.0,0.0,Rabbit
0.0,pursuit,66.0,22.0,37.0,1.0,0.0,Rabbit
0.0,pursuit,11.0,46.0,21.0,75.0,0.0,Rabbit
0.0,pursuit,44.0,86.0,93.0,94.0,0.0,Rabbit
0.0,pursuit,65.0,85.0,74.0,72.0,0.0,Rabbit
0.0,pursuit,85.0,19.0,29.0,94.0,0.0,Rabbit
0.0,pursuit,12.0,57.0,58.0,53.0,0.0,Rabbit
0.0,pursuit,97.0,5.0,6.0,42.0,1.0,Rabbit
0.0,pursuit,20.0,23.0,77.0,50.0,1.0,Rabbit
0.0,pursuit,40.0,79.0,81.0,6.0,0.0,Rabbit
0.0,pursuit,38.0,36.0,100.0,64.0,1.0,Rabbit
0.0,pursuit,68.0,31.0,66.0,67.0,0.0,Rabbit
0.0,pursuit,70.0,20.0,90.0,88.0,0.0,Rabbit
0.0,pursuit,83.0,78.0,16.0,10.0,0.0,Rabbit
0.0,pursuit,7.0,65.0,1.0,87.0,0.0,Rabbit
0.0,pursuit,70.0,52.0,65.0,47.0,0.0,Rabbit
0.0,pursuit,12.0,50.0,72.0,39.0,1.0,Rabbit
0.0,pursuit,75.0,100.0,54.0,59.0,0.0,Rabbit
0.0,pursuit,88.0,95.0,11.0,96.0,0.0,Rabbit
0.0,pursuit,53.0,52.0,43.0,10.0,0.0,Rabbit
0.0,pursuit,84.0,39.0,53.0,52.0,0.0,Rabbit
0.0,pursuit,22.0,78.0,60.0,95.0,0.0,Rabbit
0.0,pursuit,8.0,11.0,97.0,48.0,0.0,Rabbit
0.0,pursuit,71.0,46.0,86.0,42.0,0.0,Rabbit
0.0,pursuit,70.0,97.0,28.0,34.0,0.0,Rabbit
0.0,pursuit,42.0,14.0,69.0,26.0,0.0,Rabbit
0.0,pursuit,44.0,88.0,62.0,73.0,0.0,Rabbit
0.0,pursuit,12.0,72.0,3.0,17.0,0.0,Rabbit
0.0,pursuit,56.0,5.0,2.0,91.0,0.0,Rabbit
0.0,pursuit,98.0,47.0,76.0,12.0,0.0,Rabbit
0.0,pursuit,44.0,99.0,98.0,15.0,0.0,Rabbit
0.0,pursuit,13.0,28.0,67.0,72.0,1.0,Rabbit
0.0,pursuit,43.0,28.0,17.0,91.0,0.0,Rabbit
0.0,pursuit,20.0,85.0,14.0,7.0,0.0,Rabbit
0.0,pursuit,90.0,8.0,60.0,11.0,0.0,Rabbit
0.0,pursuit,14.0,17.0,43.0,66.0,1.0,Rabbit
0.0,pursuit,21.0,70.0,72.0,3.0,0.0,Rabbit
0.0,pursuit,53.0,67.0,18.0,24.0,0.0,Rabbit
0.0,pursuit,68.0,47.0,30.0,70.0,0.0,Rabbit
0.0,pursuit,20.0,24.0,10.0,74.0,0.0,Rabbit
0.0,pursuit,1.0,46.0,99.0,16.0,0.0,Rabbit
0.0,pursuit,43.0,78.0,19.0,63.0,0.0,Rabbit
0.0,pursuit,59.0,72.0,16.0,95.0,0.0,Rabbit
0.0,pursuit,33.0,42.0,33.0,82.0,0.0,Rabbit
0.0,pursuit,90.0,12.0,75.0,34.0,0.0,Rabbit
0.0,pursuit,33.0,85.0,95.0,34.0,0.0,Rabbit
0.0,pursuit,46.0,97.0,6.0,79.0,0.0,Rabbit
0.0,pursuit,7.0,83.0,78.0,10.0,0.0,Rabbit
0.0,pursuit,41.0,40.0,62.0,98.0,0.0,Rabbit
0.0,pursuit,52.0,51.0,95.0,36.0,0.0,Rabbit
0.0,pursuit,93.0,85.0,9.0,48.0,0.0,Rabbit
0.0,pursuit,95.0,41.0,97.0,37.0,0.0,Rabbit
0.0,pursuit,54.0,48.0,64.0,38.0,0.0,Rabbit
0.0,pursuit,100.0,4.0,24.0,44.0,1.0,Rabbit
0.0,pursuit,55.0,90.0,81.0,43.0,0.0,Rabbit
0.0,pursuit,34.0,29.0,36.0,3.0,0.0,Rabbit
0.0,pursuit,51.0,45.0,72.0,39.0,0.0,Rabbit
0.0,pursuit,76.0,38.0,96.0,23.0,0.0,Rabbit
0.0,pursuit,8.0,21.0,18.0,66.0,0.0,Rabbit
0.0,pursuit,84.0,44.0,77.0,66.0,0.0,Rabbit
0.0,pursuit,5.0,62.0,53.0,8.0,0.0,Rabbit
0.0,pursuit,31.0,89.0,90.0,45.0,0.0,Rabbit
0.0,pursuit,62.0,85.0,21.0,99.0,0.0,Rabbit
0.0,pursuit,34.0,90.0,93.0,6.0,0.0,Rabbit
0.0,pursuit,45.0,41.0,67.0,97.0,0.0,Rabbit
0.0,pursuit,33.0,34.0,8.0,25.0,0.0,Rabbit
0.0,pursuit,9.0,56.0,52.0,24.0,0.0,Rabbit
0.0,pursuit,7.0,41.0,1.0,22.0,0.0,Rabbit
0.0,pursuit,28.0,94.0,45.0,3.0,0.0,Rabbit
0.0,pursuit,58.0,75.0,70.0,78.0,0.0,Rabbit
0.0,pursuit,55.0,10.0,51.0,30.0,1.0,Rabbit
0.0,pursuit,7.0,17.0,20.0,14.0,0.0,Rabbit
0.0,pursuit,44.0,77.0,70.0,14.0,0.0,Rabbit
0.0,pursuit,73.0,26.0,57.0,50.0,0.0,Rabbit
0.0,pursuit,61.0,18.0,40.0,77.0,0.0,Rabbit
0.0,pursuit,31.0,55.0,83.0,29.0,0.0,Rabbit
0.0,pursuit,49.0,18.0,13.0,83.0,0.0,Rabbit
0.0,pursuit,10.0,97.0,70.0,84.0,0.0,Rabbit
0.0,pursuit,91.0,85.0,77.0,92.0,0.0,Rabbit
0.0,pursuit,76.0,33.0,1.0,32.0,0.0,Rabbit
0.0,pursuit,54.0,95.0,13.0,62.0,0.0,Rabbit
0.0,pursuit,43.0,91.0,64.0,74.0,0.0,Rabbit
0.0,pursuit,41.0,6.0,92.0,7.0,0.0,Rabbit
0.0,pursuit,3.0,37.0,82.0,75.0,0.0,Rabbit
0.0,pursuit,71.0,17.0,34.0,41.0,0.0,Rabbit
0.0,pursuit,95.0,10.0,4.0,65.0,1.0,Rabbit
0.0,pursuit,23.0,97.0,1.0,55.0,0.0,Rabbit
0.0,pursuit,5.0,21.0,37.0,88.0,0.0,Rabbit
0.0,pursuit,18.0,89.0,47.0,31.0,0.0,Rabbit
0.0,pursuit,28.0,56.0,8.0,22.0,0.0,Rabbit
0.0,pursuit,80.0,65.0,88.0,94.0,0.0,Rabbit
0.0,pursuit,52.0,72.0,24.0,94.0,0.0,Rabbit
0.0,pursuit,14.0,97.0,60.0,25.0,0.0,Rabbit
0.0,pursuit,78.0,24.0,65.0,54.0,0.0,Rabbit
0.0,pursuit,12.0,40.0,96.0,98.0,0.0,Rabbit
0.0,pursuit,52.0,70.0,63.0,20.0,0.0,Rabbit
0.0,pursuit,14.0,60.0,72.0,48.0,1.0,Rabbit
0.0,pursuit,35.0,35.0,51.0,27.0,0.0,Rabbit
0.0,pursuit,23.0,54.0,80.0,57.0,0.0,Rabbit
0.0,pursuit,5.0,5.0,72.0,9.0,0.0,Rabbit
0.0,pursuit,91.0,86.0,71.0,86.0,1.0,Rabbit
0.0,pursuit,53.0,71.0,64.0,47.0,0.0,Rabbit
0.0,pursuit,79.0,62.0,88.0,82.0,0.0,Rabbit
0.0,pursuit,46.0,56.0,7.0,34.0,0.0,Rabbit
0.0,pursuit,42.0,92.0,38.0,40.0,0.0,Rabbit
0.0,pursuit,46.0,67.0,67.0,86.0,0.0,Rabbit
0.0,pursuit,86.0,92.0,67.0,75.0,0.0,Rabbit
0.0,pursuit,76.0,10.0,33.0,25.0,0.0,Rabbit
0.0,pursuit,46.0,20.0,88.0,5.0,0.0,Rabbit
0.0,pursuit,77.0,78.0,73.0,74.0,0.0,Rabbit
0.0,pursuit,31.0,86.0,64.0,44.0,0.0,Rabbit
0.0,pursuit,40.0,14.0,80.0,57.0,0.0,Rabbit
0.0,pursuit,38.0,34.0,10.0,56.0,0.0,Rabbit
0.0,pursuit,76.0,89.0,1.0,19.0,0.0,Rabbit
0.0,pursuit,100.0,51.0,100.0,66.0,0.0,Rabbit
0.0,pursuit,24.0,76.0,22.0,66.0,1.0,Rabbit
0.0,pursuit,3.0,99.0,79.0,83.0,0.0,Rabbit
0.0,pursuit,68.0,4.0,83.0,56.0,1.0,Rabbit
0.0,pursuit,96.0,31.0,23.0,92.0,0.0,Rabbit
0.0,pursuit,80.0,59.0,94.0,82.0,0.0,Rabbit
0.0,pursuit,37.0,11.0,28.0,5.0,0.0,Rabbit
0.0,pursuit,72.0,81.0,51.0,15.0,0.0,Rabbit
0.0,pursuit,51.0,42.0,37.0,97.0,0.0,Rabbit
0.0,pursuit,80.0,48.0,36.0,41.0,1.0,Rabbit
0.0,pursuit,30.0,92.0,16.0,1.0,0.0,Rabbit
0.0,pursuit,13.0,28.0,56.0,18.0,0.0,Rabbit
0.0,pursuit,46.0,59.0,95.0,92.0,0.0,Rabbit
0.0,pursuit,100.0,19.0,30.0,89.0,0.0,Rabbit
0.0,pursuit,74.0,2.0,38.0,78.0,1.0,Rabbit
0.0,pursuit,25.0,30.0,61.0,47.0,0.0,Rabbit
0.0,pursuit,13.0,36.0,29.0,52.0,0.0,Rabbit
0.0,pursuit,56.0,5.0,29.0,20.0,0.0,Rabbit
0.0,pursuit,33.0,69.0,57.0,39.0,0.0,Rabbit
0.0,pursuit,16.0,12.0,39.0,87.0,0.0,Rabbit
0.0,pursuit,27.0,7.0,53.0,92.0,0.0,Rabbit
0.0,pursuit,70.0,91.0,51.0,42.0,0.0,Rabbit
0.0,pursuit,77.0,5.0,4.0,42.0,0.0,Rabbit
0.0,pursuit,3.0,4.0,89.0,20.0,0.0,Rabbit
0.0,pursuit,27.0,27.0,31.0,48.0,0.0,Rabbit
0.0,pursuit,59.0,20.0,10.0,23.0,0.0,Rabbit
0.0,pursuit,4.0,92.0,74.0,31.0,0.0,Rabbit
0.0,pursuit,36.0,26.0,75.0,62.0,0.0,Rabbit
0.0,pursuit,26.0,37.0,34.0,4.0,0.0,Rabbit
0.0,pursuit,36.0,48.0,27.0,31.0,0.0,Rabbit
0.0,pursuit,27.0,39.0,5.0,12.0,0.0,Rabbit
0.0,pursuit,64.0,44.0,3.0,61.0,0.0,Rabbit
0.0,pursuit,43.0,93.0,90.0,86.0,0.0,Rabbit
0.0,pursuit,28.0,79.0,4.0,41.0,0.0,Rabbit
0.0,pursuit,10.0,42.0,54.0,95.0,0.0,Rabbit
0.0,pursuit,46.0,95.0,79.0,43.0,0.0,Rabbit
0.0,pursuit,59.0,8.0,23.0,51.0,0.0,Rabbit
0.0,pursuit,35.0,33.0,42.0,14.0,0.0,Rabbit
0.0,pursuit,100.0,69.0,29.0,16.0,0.0,Rabbit
0.0,pursuit,53.0,46.0,50.0,96.0,0.0,Rabbit
0.0,pursuit,47.0,10.0,60.0,58.0,0.0,Rabbit
0.0,pursuit,57.0,61.0,37.0,41.0,0.0,Rabbit
0.0,pursuit,10.0,100.0,78.0,14.0,0.0,Rabbit
0.0,pursuit,66.0,42.0,55.0,65.0,1.0,Rabbit
0.0,pursuit,25.0,75.0,98.0,22.0,0.0,Rabbit
0.0,pursuit,19.0,27.0,34.0,10.0,0.0,Rabbit
0.0,pursuit,38.0,39.0,61.0,60.0,1.0,Rabbit
0.0,pursuit,22.0,95.0,94.0,35.0,0.0,Rabbit
0.0,pursuit,54.0,53.0,70.0,18.0,0.0,Rabbit
0.0,pursuit,64.0,25.0,89.0,71.0,0.0,Rabbit
0.0,pursuit,93.0,25.0,59.0,10.0,0.0,Rabbit
0.0,pursuit,91.0,5.0,24.0,38.0,0.0,Rabbit
0.0,pursuit,23.0,93.0,65.0,72.0,0.0,Rabbit
0.0,pursuit,44.0,25.0,74.0,75.0,0.0,Rabbit
0.0,pursuit,45.0,30.0,39.0,89.0,0.0,Rabbit
0.0,pursuit,72.0,72.0,33.0,54.0,1.0,Rabbit
0.0,pursuit,71.0,2.0,21.0,96.0,0.0,Rabbit
0.0,pursuit,81.0,73.0,58.0,77.0,0.0,Rabbit
0.0,pursuit,66.0,58.0,89.0,90.0,0.0,Rabbit
0.0,pursuit,20.0,97.0,95.0,38.0,1.0,Rabbit
0.0,pursuit,65.0,96.0,69.0,59.0,1.0,Rabbit
0.0,pursuit,40.0,71.0,4.0,67.0,0.0,Rabbit
0.0,pursuit,8.0,31.0,83.0,18.0,0.0,Rabbit
0.0,pursuit,6.0,40.0,92.0,88.0,0.0,Rabbit
0.0,pursuit,39.0,52.0,31.0,59.0,0.0,Rabbit
0.0,pursuit,67.0,10.0,45.0,32.0,0.0,Rabbit
0.0,pursuit,59.0,45.0,59.0,10.0,0.0,Rabbit
0.0,pursuit,54.0,61.0,38.0,4.0,0.0,Rabbit
0.0,pursuit,14.0,43.0,70.0,65.0,0.0,Rabbit
0.0,pursuit,87.0,87.0,33.0,77.0,0.0,Rabbit
0.0,pursuit,85.0,5.0,87.0,29.0,0.0,Rabbit
0.0,pursuit,92.0,41.0,83.0,59.0,0.0,Rabbit
0.0,pursuit,5.0,12.0,2.0,48.0,0.0,Rabbit
0.0,pursuit,71.0,88.0,12.0,60.0,0.0,Rabbit
0.0,pursuit,68.0,35.0,89.0,21.0,0.0,Rabbit
0.0,pursuit,52.0,50.0,16.0,93.0,0.0,Rabbit
0.0,pursuit,87.0,34.0,11.0,39.0,0.0,Rabbit
0.0,pursuit,36.0,34.0,49.0,26.0,0.0,Rabbit
0.0,pursuit,47.0,77.0,70.0,11.0,0.0,Rabbit
0.0,pursuit,14.0,3.0,57.0,33.0,0.0,Rabbit
0.0,pursuit,18.0,15.0,68.0,50.0,1.0,Rabbit
0.0,pursuit,22.0,20.0,21.0,53.0,0.0,Rabbit
0.0,pursuit,76.0,63.0,59.0,78.0,0.0,Rabbit
0.0,pursuit,17.0,97.0,67.0,34.0,0.0,Rabbit
0.0,pursuit,6.0,53.0,38.0,69.0,0.0,Rabbit
0.0,pursuit,78.0,14.0,23.0,55.0,0.0,Rabbit
0.0,pursuit,34.0,79.0,83.0,13.0,0.0,Rabbit
0.0,pursuit,88.0,85.0,63.0,52.0,0.0,Rabbit
0.0,pursuit,70.0,21.0,28.0,33.0,0.0,Rabbit
0.0,pursuit,25.0,17.0,30.0,86.0,0.0,Rabbit
0.0,pursuit,6.0,97.0,53.0,10.0,0.0,Rabbit
0.0,pursuit,99.0,80.0,51.0,32.0,0.0,Rabbit
0.0,pursuit,18.0,79.0,29.0,12.0,0.0,Rabbit
0.0,pursuit,8.0,48.0,11.0,64.0,0.0,Rabbit
0.0,pursuit,40.0,78.0,24.0,50.0,0.0,Rabbit
0.0,pursuit,57.0,96.0,95.0,1.0,0.0,Rabbit
0.0,pursuit,34.0,63.0,27.0,71.0,1.0,Rabbit
0.0,pursuit,88.0,79.0,71.0,35.0,0.0,Rabbit
0.0,pursuit,94.0,75.0,39.0,99.0,0.0,Rabbit
0.0,pursuit,67.0,87.0,37.0,85.0,1.0,Rabbit
0.0,pursuit,29.0,33.0,39.0,63.0,0.0,Rabbit
0.0,pursuit,47.0,19.0,47.0,36.0,0.0,Rabbit
0.0,pursuit,9.0,65.0,17.0,84.0,0.0,Rabbit
0.0,pursuit,51.0,80.0,24.0,82.0,0.0,Rabbit
0.0,pursuit,72.0,99.0,50.0,22.0,0.0,Rabbit
0.0,pursuit,84.0,94.0,76.0,15.0,0.0,Rabbit
0.0,pursuit,77.0,10.0,27.0,76.0,0.0,Rabbit
0.0,pursuit,96.0,22.0,14.0,90.0,0.0,Rabbit
0.0,pursuit,75.0,44.0,39.0,51.0,0.0,Rabbit
0.0,pursuit,91.0,80.0,27.0,84.0,1.0,Rabbit
0.0,pursuit,75.0,90.0,92.0,33.0,0.0,Rabbit
0.0,pursuit,96.0,14.0,63.0,16.0,0.0,Rabbit
0.0,pursuit,64.0,100.0,10.0,70.0,0.0,Rabbit
0.0,pursuit,42.0,36.0,38.0,82.0,0.0,Rabbit
0.0,pursuit,19.0,17.0,52.0,48.0,0.0,Rabbit
0.0,pursuit,53.0,85.0,53.0,18.0,0.0,Rabbit
0.0,pursuit,30.0,2.0,76.0,3.0,0.0,Rabbit
0.0,pursuit,39.0,1.0,98.0,83.0,0.0,Rabbit
0.0,pursuit,30.0,87.0,47.0,15.0,0.0,Rabbit
0.0,pursuit,65.0,46.0,39.0,45.0,1.0,Rabbit
0.0,pursuit,2.0,79.0,67.0,12.0,0.0,Rabbit
0.0,pursuit,43.0,58.0,74.0,58.0,0.0,Rabbit
0.0,pursuit,60.0,36.0,30.0,7.0,0.0,Rabbit
0.0,pursuit,48.0,68.0,93.0,77.0,0.0,Rabbit
0.0,pursuit,99.0,46.0,27.0,73.0,0.0,Rabbit
0.0,pursuit,24.0,53.0,69.0,41.0,1.0,Rabbit
0.0,pursuit,4.0,11.0,39.0,90.0,0.0,Rabbit
0.0,pursuit,23.0,96.0,49.0,81.0,0.0,Rabbit
0.0,pursuit,83.0,41.0,32.0,2.0,0.0,Rabbit
0.0,pursuit,73.0,83.0,31.0,89.0,0.0,Rabbit
0.0,pursuit,92.0,9.0,71.0,84.0,1.0,Rabbit
0.0,pursuit,76.0,83.0,51.0,57.0,0.0,Rabbit
0.0,pursuit,16.0,45.0,41.0,17.0,1.0,Rabbit
0.0,pursuit,52.0,98.0,2.0,35.0,0.0,Rabbit
0.0,pursuit,4.0,24.0,54.0,30.0,0.0,Rabbit
0.0,pursuit,33.0,70.0,88.0,32.0,0.0,Rabbit
0.0,pursuit,15.0,66.0,85.0,98.0,0.0,Rabbit
0.0,pursuit,1.0,58.0,50.0,24.0,0.0,Rabbit
0.0,pursuit,42.0,8.0,50.0,66.0,1.0,Rabbit
0.0,pursuit,23.0,31.0,86.0,95.0,1.0,Rabbit
0.0,pursuit,93.0,19.0,52.0,27.0,0.0,Rabbit
0.0,pursuit,23.0,100.0,18.0,59.0,0.0,Rabbit
0.0,pursuit,30.0,95.0,19.0,90.0,0.0,Rabbit
0.0,pursuit,95.0,20.0,76.0,74.0,1.0,Rabbit
0.0,pursuit,24.0,77.0,57.0,76.0,1.0,Rabbit
0.0,pursuit,76.0,94.0,63.0,3.0,0.0,Rabbit
0.0,pursuit,89.0,86.0,60.0,68.0,1.0,Rabbit
0.0,pursuit,36.0,73.0,16.0,44.0,0.0,Rabbit
0.0,pursuit,53.0,85.0,7.0,97.0,0.0,Rabbit
0.0,pursuit,100.0,42.0,45.0,90.0,1.0,Rabbit
0.0,pursuit,89.0,61.0,2.0,27.0,0.0,Rabbit
0.0,pursuit,96.0,94.0,95.0,31.0,0.0,Rabbit
0.0,pursuit,75.0,30.0,53.0,14.0,0.0,Rabbit
0.0,pursuit,80.0,73.0,31.0,39.0,0.0,Rabbit
0.0,pursuit,55.0,6.0,45.0,13.0,0.0,Rabbit
0.0,pursuit,94.0,20.0,62.0,78.0,0.0,Rabbit
0.0,pursuit,91.0,3.0,89.0,7.0,0.0,Rabbit
0.0,pursuit,68.0,61.0,53.0,90.0,0.0,Rabbit
0.0,pursuit,95.0,14.0,97.0,86.0,0.0,Rabbit
0.0,pursuit,34.0,21.0,30.0,13.0,0.0,Rabbit
0.0,pursuit,80.0,33.0,24.0,80.0,1.0,Rabbit
0.0,pursuit,2.0,99.0,62.0,68.0,0.0,Rabbit
0.0,pursuit,1.0,54.0,50.0,62.0,0.0,Rabbit
0.0,pursuit,36.0,13.0,69.0,47.0,0.0,Rabbit
0.0,pursuit,51.0,34.0,62.0,1.0,0.0,Rabbit
0.0,pursuit,87.0,55.0,96.0,57.0,1.0,Rabbit
0.0,pursuit,71.0,22.0,53.0,4.0,0.0,Rabbit
0.0,pursuit,68.0,56.0,35.0,29.0,0.0,Rabbit
0.0,pursuit,50.0,51.0,70.0,34.0,0.0,Rabbit
0.0,pursuit,39.0,85.0,20.0,31.0,0.0,Rabbit
0.0,pursuit,18.0,84.0,8.0,59.0,0.0,Rabbit
0.0,pursuit,95.0,58.0,36.0,19.0,0.0,Rabbit
0.0,pursuit,99.0,96.0,26.0,28.0,0.0,Rabbit
0.0,pursuit,31.0,70.0,62.0,16.0,0.0,Rabbit
0.0,pursuit,33.0,48.0,64.0,52.0,0.0,Rabbit
0.0,pursuit,44.0,2.0,75.0,4.0,0.0,Rabbit
0.0,pursuit,29.0,68.0,3.0,44.0,0.0,Rabbit
0.0,pursuit,17.0,35.0,67.0,12.0,0.0,Rabbit
0.0,pursuit,96.0,70.0,86.0,60.0,0.0,Rabbit
0.0,pursuit,50.0,52.0,58.0,55.0,0.0,Rabbit
0.0,pursuit,18.0,100.0,62.0,56.0,0.0,Rabbit
0.0,pursuit,92.0,32.0,75.0,98.0,0.0,Rabbit
0.0,pursuit,68.0,32.0,62.0,94.0,0.0,Rabbit
0.0,pursuit,4.0,77.0,32.0,19.0,0.0,Rabbit
0.0,pursuit,55.0,31.0,30.0,11.0,0.0,Rabbit
0.0,pursuit,46.0,30.0,78.0,17.0,0.0,Rabbit
0.0,pursuit,90.0,56.0,48.0,76.0,0.0,Rabbit
0.0,pursuit,97.0,85.0,3.0,96.0,0.0,Rabbit
0.0,pursuit,55.0,74.0,63.0,45.0,0.0,Rabbit
0.0,pursuit,17.0,12.0,24.0,12.0,0.0,Rabbit
0.0,pursuit,61.0,1.0,83.0,15.0,0.0,Rabbit
0.0,pursuit,73.0,87.0,8.0,30.0,0.0,Rabbit
0.0,pursuit,11.0,32.0,4.0,18.0,0.0,Rabbit
0.0,pursuit,37.0,17.0,97.0,41.0,1.0,Rabbit
0.0,pursuit,31.0,16.0,2.0,41.0,0.0,Rabbit
0.0,pursuit,85.0,36.0,83.0,86.0,0.0,Rabbit
0.0,pursuit,95.0,70.0,68.0,59.0,0.0,Rabbit
0.0,pursuit,84.0,30.0,97.0,52.0,1.0,Rabbit
0.0,pursuit,28.0,27.0,72.0,33.0,1.0,Rabbit
0.0,pursuit,93.0,35.0,93.0,44.0,1.0,Rabbit
0.0,pursuit,26.0,44.0,44.0,48.0,0.0,Rabbit
0.0,pursuit,60.0,18.0,44.0,72.0,0.0,Rabbit
0.0,pursuit,14.0,95.0,85.0,97.0,0.0,Rabbit
0.0,pursuit,2.0,17.0,22.0,61.0,0.0,Rabbit
0.0,pursuit,52.0,86.0,50.0,8.0,0.0,Rabbit
0.0,pursuit,74.0,57.0,27.0,60.0,0.0,Rabbit
0.0,pursuit,6.0,37.0,89.0,62.0,0.0,Rabbit
0.0,pursuit,92.0,30.0,69.0,33.0,0.0,Rabbit
0.0,pursuit,18.0,55.0,93.0,1.0,0.0,Rabbit
0.0,pursuit,10.0,77.0,98.0,93.0,0.0,Rabbit
0.0,pursuit,43.0,27.0,48.0,57.0,0.0,Rabbit
0.0,pursuit,64.0,26.0,65.0,73.0,0.0,Rabbit
0.0,pursuit,43.0,88.0,21.0,99.0,0.0,Rabbit
0.0,pursuit,52.0,39.0,29.0,69.0,0.0,Rabbit
0.0,pursuit,97.0,2.0,20.0,57.0,1.0,Rabbit
0.0,pursuit,24.0,26.0,13.0,14.0,0.0,Rabbit
0.0,pursuit,64.0,74.0,86.0,99.0,0.0,Rabbit
0.0,pursuit,4.0,6.0,69.0,50.0,0.0,Rabbit
0.0,pursuit,63.0,54.0,45.0,12.0,0.0,Rabbit
0.0,pursuit,99.0,42.0,55.0,20.0,0.0,Rabbit
0.0,pursuit,72.0,94.0,98.0,18.0,1.0,Rabbit
0.0,pursuit,39.0,67.0,93.0,70.0,0.0,Rabbit
0.0,pursuit,49.0,47.0,15.0,6.0,0.0,Rabbit
0.0,pursuit,43.0,28.0,97.0,79.0,1.0,Rabbit
0.0,pursuit,99.0,13.0,34.0,37.0,0.0,Rabbit
0.0,pursuit,59.0,59.0,26.0,14.0,0.0,Rabbit
0.0,pursuit,13.0,53.0,66.0,21.0,0.0,Rabbit
0.0,pursuit,2.0,100.0,96.0,90.0,0.0,Rabbit
0.0,pursuit,79.0,28.0,66.0,50.0,0.0,Rabbit
0.0,pursuit,67.0,98.0,48.0,51.0,0.0,Rabbit
0.0,pursuit,77.0,89.0,85.0,81.0,0.0,Rabbit
0.0,pursuit,26.0,60.0,3.0,5.0,0.0,Rabbit
0.0,pursuit,71.0,70.0,68.0,14.0,0.0,Rabbit
0.0,pursuit,60.0,39.0,52.0,84.0,0.0,Rabbit
0.0,pursuit,9.0,79.0,60.0,58.0,0.0,Rabbit
0.0,pursuit,68.0,27.0,89.0,98.0,0.0,Rabbit
0.0,pursuit,58.0,9.0,41.0,84.0,0.0,Rabbit
0.0,pursuit,38.0,96.0,6.0,23.0,0.0,Rabbit
0.0,pursuit,37.0,89.0,89.0,23.0,0.0,Rabbit
0.0,pursuit,78.0,95.0,8.0,43.0,0.0,Rabbit
0.0,pursuit,40.0,58.0,68.0,47.0,0.0,Rabbit
0.0,pursuit,63.0,60.0,94.0,48.0,0.0,Rabbit
0.0,pursuit,17.0,58.0,72.0,47.0,0.0,Rabbit
0.0,pursuit,19.0,35.0,65.0,32.0,0.0,Rabbit
0.0,pursuit,15.0,64.0,51.0,93.0,0.0,Rabbit
0.0,pursuit,77.0,9.0,65.0,62.0,0.0,Rabbit
0.0,pursuit,81.0,47.0,42.0,45.0,0.0,Rabbit
0.0,pursuit,49.0,94.0,50.0,92.0,0.0,Rabbit
0.0,pursuit,23.0,32.0,93.0,36.0,0.0,Rabbit
0.0,pursuit,34.0,11.0,9.0,70.0,0.0,Rabbit
0.0,pursuit,72.0,1.0,21.0,60.0,1.0,Rabbit
0.0,pursuit,89.0,27.0,32.0,85.0,0.0,Rabbit
0.0,pursuit,92.0,19.0,61.0,70.0,0.0,Rabbit
0.0,pursuit,14.0,72.0,36.0,44.0,1.0,Rabbit
0.0,pursuit,35.0,7.0,50.0,56.0,0.0,Rabbit
0.0,pursuit,51.0,22.0,93.0,92.0,0.0,Rabbit
0.0,pursuit,40.0,29.0,96.0,15.0,0.0,Rabbit
0.0,pursuit,4.0,15.0,32.0,58.0,0.0,Rabbit
0.0,pursuit,79.0,51.0,62.0,11.0,0.0,Rabbit
0.0,pursuit,27.0,17.0,25.0,13.0,0.0,Rabbit
0.0,pursuit,39.0,14.0,90.0,4.0,0.0,Rabbit
0.0,pursuit,2.0,27.0,21.0,65.0,0.0,Rabbit
0.0,pursuit,53.0,73.0,86.0,33.0,0.0,Rabbit
0.0,pursuit,65.0,48.0,95.0,81.0,0.0,Rabbit
0.0,pursuit,35.0,81.0,76.0,23.0,0.0,Rabbit
0.0,pursuit,84.0,19.0,3.0,70.0,0.0,Rabbit
0.0,pursuit,78.0,53.0,41.0,92.0,1.0,Rabbit
0.0,pursuit,80.0,83.0,10.0,71.0,1.0,Rabbit
0.0,pursuit,29.0,58.0,44.0,73.0,0.0,Rabbit
0.0,pursuit,14.0,68.0,31.0,24.0,0.0,Rabbit
0.0,pursuit,28.0,34.0,29.0,11.0,0.0,Rabbit
0.0,pursuit,48.0,40.0,99.0,48.0,0.0,Rabbit
0.0,pursuit,87.0,43.0,14.0,48.0,0.0,Rabbit
0.0,pursuit,95.0,69.0,80.0,72.0,0.0,Rabbit
0.0,pursuit,93.0,60.0,37.0,66.0,0.0,Rabbit
0.0,pursuit,91.0,14.0,6.0,71.0,0.0,Rabbit
0.0,pursuit,97.0,9.0,35.0,20.0,0.0,Rabbit
0.0,pursuit,68.0,93.0,8.0,52.0,0.0,Rabbit
0.0,pursuit,43.0,35.0,40.0,45.0,0.0,Rabbit
0.0,pursuit,7.0,18.0,10.0,44.0,0.0,Rabbit
0.0,pursuit,33.0,29.0,36.0,22.0,0.0,Rabbit
0.0,pursuit,30.0,23.0,93.0,83.0,1.0,Rabbit
0.0,pursuit,34.0,21.0,70.0,34.0,0.0,Rabbit
0.0,pursuit,73.0,75.0,13.0,38.0,0.0,Rabbit
0.0,pursuit,64.0,86.0,74.0,84.0,1.0,Rabbit
0.0,pursuit,7.0,40.0,56.0,91.0,0.0,Rabbit
0.0,pursuit,4.0,59.0,32.0,39.0,0.0,Rabbit
0.0,pursuit,69.0,50.0,38.0,81.0,1.0,Rabbit
0.0,pursuit,77.0,93.0,59.0,70.0,0.0,Rabbit
0.0,pursuit,62.0,46.0,32.0,35.0,0.0,Rabbit
0.0,pursuit,2.0,53.0,11.0,40.0,0.0,Rabbit
0.0,pursuit,57.0,94.0,55.0,59.0,0.0,Rabbit
0.0,pursuit,56.0,71.0,53.0,62.0,0.0,Rabbit
0.0,pursuit,32.0,15.0,53.0,94.0,0.0,Rabbit
0.0,pursuit,53.0,82.0,79.0,17.0,0.0,Rabbit
0.0,pursuit,39.0,8.0,57.0,58.0,1.0,Rabbit
0.0,pursuit,98.0,96.0,36.0,68.0,0.0,Rabbit
0.0,pursuit,15.0,5.0,93.0,82.0,0.0,Rabbit
0.0,pursuit,59.0,85.0,44.0,20.0,0.0,Rabbit
0.0,pursuit,2.0,55.0,9.0,21.0,0.0,Rabbit
0.0,pursuit,8.0,63.0,34.0,66.0,0.0,Rabbit
0.0,pursuit,90.0,2.0,3.0,43.0,0.0,Rabbit
0.0,pursuit,58.0,2.0,10.0,24.0,0.0,Rabbit
0.0,pursuit,58.0,89.0,62.0,25.0,0.0,Rabbit
0.0,pursuit,5.0,6.0,22.0,84.0,0.0,Rabbit
0.0,pursuit,48.0,43.0,18.0,80.0,0.0,Rabbit
0.0,pursuit,36.0,3.0,87.0,46.0,0.0,Rabbit
0.0,pursuit,82.0,74.0,44.0,22.0,0.0,Rabbit
0.0,pursuit,11.0,17.0,26.0,80.0,1.0,Rabbit
0.0,pursuit,64.0,63.0,95.0,5.0,0.0,Rabbit
0.0,pursuit,12.0,76.0,54.0,46.0,0.0,Rabbit
0.0,pursuit,42.0,61.0,97.0,30.0,0.0,Rabbit
0.0,pursuit,71.0,1.0,71.0,70.0,1.0,Rabbit
0.0,pursuit,81.0,93.0,77.0,97.0,0.0,Rabbit
0.0,pursuit,66.0,36.0,25.0,57.0,0.0,Rabbit
0.0,pursuit,31.0,86.0,6.0,22.0,0.0,Rabbit
0.0,pursuit,50.0,35.0,90.0,44.0,1.0,Rabbit
0.0,pursuit,79.0,58.0,76.0,2.0,0.0,Rabbit
0.0,pursuit,36.0,90.0,74.0,16.0,0.0,Rabbit
0.0,pursuit,78.0,100.0,21.0,50.0,0.0,Rabbit
0.0,pursuit,41.0,2.0,6.0,76.0,0.0,Rabbit
0.0,pursuit,83.0,70.0,65.0,50.0,0.0,Rabbit
0.0,pursuit,64.0,41.0,100.0,64.0,1.0,Rabbit
0.0,pursuit,6.0,55.0,20.0,89.0,0.0,Rabbit
0.0,pursuit,47.0,89.0,17.0,17.0,0.0,Rabbit
0.0,pursuit,70.0,94.0,32.0,46.0,0.0,Rabbit
0.0,pursuit,57.0,20.0,30.0,86.0,0.0,Rabbit
0.0,pursuit,52.0,3.0,65.0,12.0,0.0,Rabbit
0.0,pursuit,30.0,25.0,90.0,31.0,0.0,Rabbit
0.0,pursuit,49.0,8.0,49.0,44.0,1.0,Rabbit
0.0,pursuit,90.0,79.0,57.0,95.0,1.0,Rabbit
0.0,pursuit,99.0,18.0,76.0,23.0,0.0,Rabbit
0.0,pursuit,59.0,88.0,4.0,48.0,0.0,Rabbit
0.0,pursuit,69.0,24.0,17.0,89.0,1.0,Rabbit
0.0,pursuit,71.0,44.0,29.0,20.0,0.0,Rabbit
0.0,pursuit,18.0,85.0,17.0,94.0,0.0,Rabbit
0.0,pursuit,3.0,22.0,97.0,19.0,0.0,Rabbit
0.0,pursuit,34.0,20.0,99.0,15.0,0.0,Rabbit
0.0,pursuit,20.0,67.0,84.0,16.0,0.0,Rabbit
0.0,pursuit,81.0,87.0,5.0,81.0,0.0,Rabbit
0.0,pursuit,27.0,78.0,92.0,96.0,0.0,Rabbit
0.0,pursuit,44.0,21.0,67.0,34.0,1.0,Rabbit
0.0,pursuit,60.0,12.0,68.0,39.0,1.0,Rabbit
0.0,pursuit,3.0,6.0,100.0,62.0,0.0,Rabbit
0.0,pursuit,47.0,70.0,22.0,26.0,0.0,Rabbit
0.0,pursuit,57.0,36.0,1.0,52.0,0.0,Rabbit
0.0,pursuit,84.0,54.0,69.0,29.0,0.0,Rabbit
0.0,pursuit,94.0,76.0,84.0,25.0,0.0,Rabbit
0.0,pursuit,74.0,57.0,98.0,26.0,0.0,Rabbit
0.0,pursuit,7.0,70.0,48.0,97.0,0.0,Rabbit
0.0,pursuit,9.0,86.0,62.0,4.0,0.0,Rabbit
0.0,pursuit,94.0,42.0,55.0,42.0,0.0,Rabbit
0.0,pursuit,24.0,75.0,76.0,81.0,0.0,Rabbit
0.0,pursuit,13.0,43.0,54.0,82.0,0.0,Rabbit
0.0,pursuit,73.0,94.0,5.0,89.0,0.0,Rabbit
0.0,pursuit,100.0,48.0,68.0,65.0,1.0,Rabbit
0.0,pursuit,54.0,69.0,62.0,22.0,0.0,Rabbit
0.0,pursuit,26.0,22.0,78.0,65.0,1.0,Rabbit
0.0,pursuit,95.0,18.0,28.0,67.0,0.0,Rabbit
0.0,pursuit,71.0,60.0,51.0,41.0,0.0,Rabbit
0.0,pursuit,22.0,89.0,13.0,53.0,0.0,Rabbit
0.0,pursuit,2.0,36.0,100.0,29.0,0.0,Rabbit
0.0,pursuit,24.0,26.0,12.0,29.0,0.0,Rabbit
0.0,pursuit,44.0,86.0,81.0,76.0,0.0,Rabbit
0.0,pursuit,11.0,85.0,38.0,25.0,0.0,Rabbit
0.0,pursuit,71.0,44.0,55.0,6.0,0.0,Rabbit
0.0,pursuit,12.0,40.0,42.0,30.0,1.0,Rabbit
0.0,pursuit,80.0,60.0,86.0,81.0,0.0,Rabbit
0.0,pursuit,78.0,62.0,16.0,97.0,0.0,Rabbit
0.0,pursuit,87.0,20.0,73.0,31.0,0.0,Rabbit
0.0,pursuit,76.0,1.0,67.0,24.0,0.0,Rabbit
0.0,pursuit,95.0,71.0,41.0,51.0,0.0,Rabbit
0.0,pursuit,6.0,62.0,40.0,37.0,0.0,Rabbit
0.0,pursuit,64.0,53.0,16.0,56.0,1.0,Rabbit
0.0,pursuit,68.0,2.0,24.0,46.0,1.0,Rabbit
0.0,pursuit,24.0,32.0,31.0,87.0,0.0,Rabbit
0.0,pursuit,24.0,57.0,74.0,69.0,0.0,Rabbit
0.0,pursuit,65.0,79.0,40.0,74.0,0.0,Rabbit
0.0,pursuit,31.0,12.0,65.0,7.0,0.0,Rabbit
0.0,pursuit,66.0,30.0,18.0,11.0,0.0,Rabbit
0.0,pursuit,51.0,85.0,27.0,89.0,0.0,Rabbit
0.0,pursuit,7.0,48.0,54.0,32.0,0.0,Rabbit
0.0,pursuit,69.0,73.0,13.0,67.0,0.0,Rabbit
0.0,pursuit,70.0,12.0,77.0,74.0,0.0,Rabbit
0.0,pursuit,85.0,91.0,24.0,67.0,0.0,Rabbit
0.0,pursuit,45.0,77.0,64.0,74.0,0.0,Rabbit
0.0,pursuit,96.0,9.0,96.0,19.0,0.0,Rabbit
0.0,pursuit,94.0,5.0,21.0,23.0,0.0,Rabbit
0.0,pursuit,24.0,19.0,89.0,91.0,1.0,Rabbit
0.0,pursuit,62.0,47.0,81.0,15.0,0.0,Rabbit
0.0,pursuit,73.0,98.0,67.0,72.0,0.0,Rabbit
0.0,pursuit,37.0,80.0,35.0,35.0,0.0,Rabbit
0.0,pursuit,7.0,34.0,75.0,88.0,0.0,Rabbit
0.0,pursuit,16.0,94.0,71.0,90.0,0.0,Rabbit
0.0,pursuit,17.0,20.0,91.0,48.0,0.0,Rabbit
0.0,pursuit,11.0,73.0,23.0,48.0,0.0,Rabbit
0.0,pursuit,58.0,97.0,78.0,14.0,0.0,Rabbit
0.0,pursuit,97.0,70.0,17.0,23.0,0.0,Rabbit
0.0,pursuit,88.0,92.0,29.0,25.0,0.0,Rabbit
0.0,pursuit,83.0,13.0,48.0,84.0,1.0,Rabbit
0.0,pursuit,29.0,54.0,91.0,80.0,0.0,Rabbit
0.0,pursuit,76.0,28.0,4.0,70.0,0.0,Rabbit
0.0,pursuit,5.0,4.0,86.0,13.0,0.0,Rabbit
0.0,pursuit,15.0,56.0,27.0,33.0,1.0,Rabbit
0.0,pursuit,30.0,40.0,94.0,77.0,0.0,Rabbit
0.0,pursuit,34.0,19.0,27.0,79.0,0.0,Rabbit
0.0,pursuit,67.0,92.0,88.0,39.0,0.0,Rabbit
0.0,pursuit,25.0,23.0,99.0,48.0,0.0,Rabbit
0.0,pursuit,51.0,8.0,78.0,74.0,0.0,Rabbit
0.0,pursuit,27.0,86.0,2.0,26.0,0.0,Rabbit
0.0,pursuit,79.0,30.0,13.0,55.0,1.0,Rabbit
0.0,pursuit,32.0,27.0,79.0,75.0,1.0,Rabbit
0.0,pursuit,61.0,17.0,88.0,33.0,0.0,Rabbit
0.0,pursuit,10.0,16.0,45.0,80.0,0.0,Rabbit
0.0,pursuit,85.0,40.0,87.0,34.0,0.0,Rabbit
0.0,pursuit,88.0,70.0,1.0,69.0,0.0,Rabbit
0.0,pursuit,28.0,16.0,61.0,34.0,1.0,Rabbit
0.0,pursuit,64.0,23.0,40.0,30.0,0.0,Rabbit
0.0,pursuit,10.0,90.0,71.0,28.0,0.0,Rabbit
0.0,pursuit,42.0,7.0,57.0,95.0,0.0,Rabbit
0.0,pursuit,37.0,88.0,23.0,29.0,0.0,Rabbit
0.0,pursuit,70.0,89.0,70.0,19.0,0.0,Rabbit
0.0,pursuit,67.0,17.0,91.0,85.0,0.0,Rabbit
0.0,pursuit,37.0,69.0,9.0,99.0,0.0,Rabbit
0.0,pursuit,48.0,28.0,68.0,98.0,1.0,Rabbit
0.0,pursuit,55.0,68.0,63.0,72.0,0.0,Rabbit
0.0,pursuit,2.0,38.0,49.0,24.0,0.0,Rabbit
0.0,pursuit,26.0,18.0,38.0,13.0,0.0,Rabbit
0.0,pursuit,31.0,25.0,19.0,17.0,0.0,Rabbit
0.0,pursuit,55.0,83.0,25.0,82.0,0.0,Rabbit
0.0,pursuit,32.0,1.0,35.0,12.0,0.0,Rabbit
0.0,pursuit,69.0,30.0,94.0,42.0,1.0,Rabbit
0.0,pursuit,71.0,3.0,57.0,97.0,0.0,Rabbit
0.0,pursuit,31.0,3.0,4.0,11.0,0.0,Rabbit
0.0,pursuit,11.0,51.0,41.0,28.0,0.0,Rabbit
0.0,pursuit,7.0,25.0,67.0,70.0,0.0,Rabbit
0.0,pursuit,46.0,2.0,68.0,48.0,0.0,Rabbit
0.0,pursuit,93.0,33.0,3.0,83.0,0.0,Rabbit
0.0,pursuit,10.0,48.0,35.0,64.0,0.0,Rabbit
0.0,pursuit,31.0,71.0,13.0,69.0,0.0,Rabbit
0.0,pursuit,66.0,38.0,23.0,10.0,0.0,Rabbit
0.0,pursuit,95.0,74.0,20.0,51.0,0.0,Rabbit
0.0,pursuit,93.0,4.0,61.0,98.0,0.0,Rabbit
0.0,pursuit,6.0,52.0,80.0,8.0,0.0,Rabbit
0.0,pursuit,51.0,21.0,64.0,40.0,1.0,Rabbit
0.0,pursuit,84.0,22.0,23.0,40.0,0.0,Rabbit
0.0,pursuit,19.0,93.0,67.0,3.0,0.0,Rabbit
0.0,pursuit,34.0,8.0,55.0,65.0,1.0,Rabbit
0.0,pursuit,69.0,37.0,84.0,54.0,0.0,Rabbit
0.0,pursuit,24.0,46.0,24.0,60.0,0.0,Rabbit
0.0,pursuit,71.0,91.0,18.0,79.0,1.0,Rabbit
0.0,pursuit,59.0,37.0,20.0,78.0,0.0,Rabbit
0.0,pursuit,31.0,70.0,46.0,6.0,0.0,Rabbit
0.0,pursuit,65.0,52.0,74.0,38.0,0.0,Rabbit
0.0,pursuit,89.0,85.0,77.0,63.0,1.0,Rabbit
0.0,pursuit,47.0,92.0,45.0,60.0,0.0,Rabbit
0.0,pursuit,82.0,48.0,17.0,95.0,0.0,Rabbit
0.0,pursuit,92.0,2.0,48.0,93.0,0.0,Rabbit
0.0,pursuit,85.0,17.0,4.0,61.0,1.0,Rabbit
0.0,pursuit,17.0,51.0,55.0,86.0,0.0,Rabbit
0.0,pursuit,89.0,26.0,95.0,47.0,1.0,Rabbit
0.0,pursuit,19.0,69.0,18.0,24.0,0.0,Rabbit
0.0,pursuit,18.0,95.0,86.0,19.0,0.0,Rabbit
0.0,pursuit,68.0,51.0,32.0,7.0,0.0,Rabbit
0.0,pursuit,32.0,81.0,49.0,47.0,0.0,Rabbit
0.0,pursuit,53.0,19.0,32.0,55.0,0.0,Rabbit
0.0,pursuit,64.0,12.0,59.0,44.0,0.0,Rabbit
0.0,pursuit,92.0,76.0,47.0,13.0,0.0,Rabbit
0.0,pursuit,78.0,30.0,25.0,95.0,1.0,Rabbit
0.0,pursuit,12.0,55.0,22.0,21.0,0.0,Rabbit
0.0,pursuit,49.0,48.0,41.0,57.0,0.0,Rabbit
0.0,pursuit,88.0,90.0,25.0,48.0,0.0,Rabbit
0.0,pursuit,14.0,100.0,48.0,11.0,0.0,Rabbit
0.0,pursuit,27.0,31.0,90.0,68.0,1.0,Rabbit
0.0,pursuit,55.0,56.0,71.0,39.0,0.0,Rabbit
0.0,pursuit,88.0,47.0,93.0,71.0,1.0,Rabbit
0.0,pursuit,67.0,89.0,14.0,81.0,0.0,Rabbit
0.0,pursuit,67.0,31.0,29.0,37.0,0.0,Rabbit
0.0,pursuit,81.0,37.0,87.0,93.0,0.0,Rabbit
0.0,pursuit,47.0,99.0,51.0,76.0,0.0,Rabbit
0.0,pursuit,2.0,87.0,12.0,76.0,0.0,Rabbit
0.0,pursuit,67.0,70.0,13.0,44.0,0.0,Rabbit
0.0,pursuit,31.0,96.0,38.0,20.0,0.0,Rabbit
0.0,pursuit,82.0,89.0,13.0,40.0,1.0,Rabbit
0.0,pursuit,62.0,91.0,56.0,14.0,0.0,Rabbit
0.0,pursuit,57.0,24.0,51.0,93.0,0.0,Rabbit
0.0,pursuit,73.0,59.0,96.0,96.0,1.0,Rabbit
0.0,pursuit,67.0,54.0,91.0,88.0,0.0,Rabbit
0.0,pursuit,91.0,95.0,42.0,7.0,0.0,Rabbit
0.0,pursuit,1.0,69.0,11.0,85.0,0.0,Rabbit
0.0,pursuit,92.0,49.0,53.0,16.0,0.0,Rabbit
0.0,pursuit,40.0,73.0,99.0,21.0,0.0,Rabbit
0.0,pursuit,26.0,37.0,95.0,14.0,0.0,Rabbit
0.0,pursuit,20.0,76.0,18.0,88.0,0.0,Rabbit
0.0,pursuit,16.0,90.0,67.0,18.0,0.0,Rabbit
0.0,pursuit,82.0,56.0,83.0,64.0,0.0,Rabbit
0.0,pursuit,77.0,42.0,32.0,82.0,1.0,Rabbit
0.0,pursuit,73.0,51.0,37.0,37.0,0.0,Rabbit
0.0,pursuit,89.0,81.0,23.0,68.0,0.0,Rabbit
0.0,pursuit,64.0,88.0,29.0,62.0,0.0,Rabbit
0.0,pursuit,25.0,38.0,76.0,18.0,0.0,Rabbit
0.0,pursuit,31.0,32.0,48.0,79.0,0.0,Rabbit
0.0,pursuit,57.0,75.0,34.0,36.0,0.0,Rabbit
0.0,pursuit,84.0,76.0,62.0,32.0,0.0,Rabbit
0.0,pursuit,24.0,92.0,90.0,18.0,0.0,Rabbit
0.0,pursuit,42.0,22.0,35.0,18.0,0.0,Rabbit
0.0,pursuit,54.0,50.0,73.0,24.0,0.0,Rabbit
0.0,pursuit,79.0,52.0,5.0,46.0,0.0,Rabbit
0.0,pursuit,74.0,24.0,54.0,79.0,1.0,Rabbit
0.0,pursuit,28.0,78.0,2.0,13.0,0.0,Rabbit
0.0,pursuit,57.0,9.0,72.0,1.0,0.0,Rabbit
0.0,pursuit,65.0,67.0,27.0,37.0,0.0,Rabbit
0.0,pursuit,85.0,77.0,77.0,74.0,0.0,Rabbit
0.0,pursuit,99.0,35.0,45.0,31.0,0.0,Rabbit
0.0,pursuit,75.0,45.0,24.0,18.0,0.0,Rabbit
0.0,pursuit,25.0,98.0,96.0,33.0,0.0,Rabbit
0.0,pursuit,30.0,75.0,65.0,12.0,0.0,Rabbit
0.0,pursuit,4.0,19.0,66.0,8.0,0.0,Rabbit
0.0,pursuit,68.0,45.0,22.0,3.0,0.0,Rabbit
0.0,pursuit,72.0,19.0,35.0,26.0,0.0,Rabbit
0.0,pursuit,31.0,56.0,6.0,46.0,0.0,Rabbit
0.0,pursuit,100.0,18.0,79.0,27.0,0.0,Rabbit
0.0,pursuit,66.0,90.0,5.0,36.0,0.0,Rabbit
0.0,pursuit,2.0,85.0,73.0,42.0,0.0,Rabbit
0.0,pursuit,23.0,3.0,30.0,14.0,0.0,Rabbit
0.0,pursuit,29.0,90.0,75.0,5.0,0.0,Rabbit
0.0,pursuit,55.0,25.0,29.0,19.0,0.0,Rabbit
0.0,pursuit,10.0,46.0,72.0,72.0,0.0,Rabbit
0.0,pursuit,58.0,56.0,82.0,7.0,0.0,Rabbit
0.0,pursuit,55.0,68.0,41.0,77.0,0.0,Rabbit
0.0,pursuit,92.0,91.0,64.0,49.0,0.0,Rabbit
0.0,pursuit,33.0,41.0,75.0,6.0,0.0,Rabbit
0.0,pursuit,52.0,45.0,7.0,51.0,1.0,Rabbit
0.0,pursuit,52.0,25.0,86.0,2.0,0.0,Rabbit
0.0,pursuit,54.0,51.0,44.0,83.0,0.0,Rabbit
0.0,pursuit,72.0,39.0,27.0,88.0,0.0,Rabbit
0.0,pursuit,73.0,72.0,73.0,90.0,0.0,Rabbit
0.0,pursuit,12.0,3.0,48.0,83.0,0.0,Rabbit
0.0,pursuit,60.0,10.0,18.0,78.0,1.0,Rabbit
0.0,pursuit,71.0,75.0,35.0,12.0,0.0,Rabbit
0.0,pursuit,19.0,56.0,75.0,46.0,1.0,Rabbit
0.0,pursuit,7.0,94.0,78.0,77.0,0.0,Rabbit
0.0,pursuit,31.0,99.0,68.0,98.0,0.0,Rabbit
0.0,pursuit,28.0,19.0,47.0,39.0,0.0,Rabbit
0.0,pursuit,83.0,53.0,95.0,88.0,0.0,Rabbit
0.0,pursuit,55.0,83.0,34.0,44.0,0.0,Rabbit
0.0,pursuit,85.0,24.0,14.0,12.0,0.0,Rabbit
0.0,pursuit,17.0,24.0,42.0,93.0,0.0,Rabbit
0.0,pursuit,53.0,98.0,85.0,94.0,1.0,Rabbit
0.0,pursuit,22.0,60.0,91.0,49.0,0.0,Rabbit
0.0,pursuit,84.0,45.0,38.0,80.0,0.0,Rabbit
0.0,pursuit,96.0,68.0,71.0,76.0,0.0,Rabbit
0.0,pursuit,57.0,13.0,80.0,78.0,0.0,Rabbit
0.0,pursuit,21.0,54.0,3.0,14.0,0.0,Rabbit
0.0,pursuit,93.0,28.0,12.0,83.0,1.0,Rabbit
0.0,pursuit,30.0,1.0,2.0,32.0,0.0,Rabbit
0.0,pursuit,65.0,13.0,88.0,86.0,0.0,Rabbit
0.0,pursuit,21.0,65.0,2.0,39.0,0.0,Rabbit
0.0,pursuit,76.0,75.0,77.0,91.0,1.0,Rabbit
0.0,pursuit,1.0,99.0,84.0,99.0,0.0,Rabbit
0.0,pursuit,18.0,75.0,69.0,73.0,0.0,Rabbit
0.0,pursuit,50.0,59.0,84.0,45.0,0.0,Rabbit
0.0,pursuit,20.0,75.0,85.0,70.0,0.0,Rabbit
0.0,pursuit,12.0,81.0,37.0,27.0,0.0,Rabbit
0.0,pursuit,65.0,94.0,65.0,4.0,0.0,Rabbit
0.0,pursuit,37.0,25.0,43.0,74.0,0.0,Rabbit
0.0,pursuit,69.0,94.0,41.0,3.0,0.0,Rabbit
0.0,pursuit,17.0,51.0,96.0,100.0,0.0,Rabbit
0.0,pursuit,84.0,25.0,65.0,31.0,0.0,Rabbit
0.0,pursuit,81.0,99.0,29.0,77.0,0.0,Rabbit
0.0,pursuit,27.0,2.0,46.0,23.0,0.0,Rabbit
0.0,pursuit,74.0,80.0,87.0,15.0,0.0,Rabbit
0.0,pursuit,47.0,49.0,5.0,94.0,0.0,Rabbit
0.0,pursuit,92.0,22.0,84.0,75.0,1.0,Rabbit
0.0,pursuit,66.0,17.0,4.0,85.0,1.0,Rabbit
0.0,pursuit,79.0,40.0,6.0,22.0,1.0,Rabbit
0.0,pursuit,76.0,24.0,9.0,43.0,0.0,Rabbit
0.0,pursuit,26.0,1.0,56.0,9.0,0.0,Rabbit
0.0,pursuit,31.0,83.0,5.0,56.0,0.0,Rabbit
0.0,pursuit,37.0,42.0,46.0,70.0,0.0,Rabbit
0.0,pursuit,18.0,6.0,86.0,74.0,0.0,Rabbit
0.0,pursuit,39.0,83.0,48.0,42.0,0.0,Rabbit
0.0,pursuit,80.0,20.0,70.0,25.0,0.0,Rabbit
0.0,pursuit,40.0,81.0,50.0,89.0,0.0,Rabbit
0.0,pursuit,5.0,49.0,60.0,47.0,1.0,Rabbit
0.0,pursuit,44.0,66.0,1.0,24.0,0.0,Rabbit
0.0,pursuit,98.0,93.0,100.0,88.0,0.0,Rabbit
0.0,pursuit,96.0,53.0,59.0,20.0,0.0,Rabbit
0.0,pursuit,54.0,69.0,85.0,61.0,0.0,Rabbit
0.0,pursuit,60.0,50.0,38.0,26.0,1.0,Rabbit
0.0,pursuit,43.0,73.0,66.0,45.0,0.0,Rabbit
0.0,pursuit,27.0,15.0,70.0,72.0,1.0,Rabbit
0.0,pursuit,93.0,38.0,76.0,34.0,0.0,Rabbit
0.0,pursuit,36.0,76.0,15.0,85.0,0.0,Rabbit
0.0,pursuit,15.0,82.0,42.0,14.0,0.0,Rabbit
0.0,pursuit,32.0,48.0,40.0,22.0,0.0,Rabbit
0.0,pursuit,56.0,81.0,4.0,95.0,0.0,Rabbit
0.0,pursuit,53.0,8.0,54.0,20.0,0.0,Rabbit
0.0,pursuit,1.0,96.0,69.0,44.0,0.0,Rabbit
0.0,pursuit,44.0,13.0,86.0,83.0,1.0,Rabbit
0.0,pursuit,46.0,15.0,77.0,96.0,0.0,Rabbit
0.0,pursuit,40.0,51.0,35.0,81.0,0.0,Rabbit
0.0,pursuit,36.0,78.0,33.0,45.0,0.0,Rabbit
0.0,pursuit,76.0,7.0,4.0,39.0,0.0,Rabbit
0.0,pursuit,46.0,92.0,75.0,91.0,0.0,Rabbit
0.0,pursuit,16.0,99.0,54.0,83.0,0.0,Rabbit
0.0,pursuit,77.0,90.0,94.0,48.0,0.0,Rabbit
0.0,pursuit,17.0,59.0,60.0,11.0,0.0,Rabbit
0.0,pursuit,75.0,25.0,36.0,64.0,0.0,Rabbit
0.0,pursuit,39.0,49.0,5.0,25.0,0.0,Rabbit
0.0,pursuit,54.0,67.0,46.0,83.0,0.0,Rabbit
0.0,pursuit,31.0,40.0,65.0,20.0,0.0,Rabbit
0.0,pursuit,72.0,1.0,32.0,82.0,0.0,Rabbit
0.0,pursuit,98.0,19.0,36.0,80.0,0.0,Rabbit
0.0,pursuit,92.0,6.0,92.0,79.0,1.0,Rabbit
0.0,pursuit,15.0,3.0,67.0,31.0,0.0,Rabbit
0.0,pursuit,51.0,42.0,80.0,72.0,0.0,Rabbit
0.0,pursuit,21.0,84.0,9.0,97.0,0.0,Rabbit
0.0,pursuit,35.0,28.0,98.0,46.0,1.0,Rabbit
0.0,pursuit,36.0,5.0,16.0,25.0,0.0,Rabbit
0.0,pursuit,87.0,58.0,74.0,90.0,0.0,Rabbit
0.0,pursuit,54.0,29.0,70.0,30.0,0.0,Rabbit
0.0,pursuit,35.0,63.0,29.0,87.0,0.0,Rabbit
0.0,pursuit,67.0,90.0,31.0,92.0,0.0,Rabbit
0.0,pursuit,54.0,19.0,30.0,79.0,0.0,Rabbit
0.0,pursuit,63.0,34.0,98.0,66.0,0.0,Rabbit
0.0,pursuit,99.0,2.0,30.0,89.0,0.0,Rabbit
0.0,pursuit,8.0,92.0,25.0,38.0,0.0,Rabbit
0.0,pursuit,61.0,11.0,91.0,63.0,1.0,Rabbit
0.0,pursuit,90.0,27.0,92.0,90.0,0.0,Rabbit
0.0,pursuit,14.0,26.0,22.0,72.0,0.0,Rabbit
0.0,pursuit,58.0,43.0,42.0,40.0,0.0,Rabbit
0.0,pursuit,86.0,13.0,84.0,15.0,0.0,Rabbit
0.0,pursuit,10.0,79.0,88.0,29.0,0.0,Rabbit
0.0,pursuit,70.0,18.0,41.0,17.0,0.0,Rabbit
0.0,pursuit,97.0,85.0,39.0,18.0,0.0,Rabbit
0.0,pursuit,30.0,47.0,76.0,57.0,0.0,Rabbit
0.0,pursuit,9.0,65.0,43.0,75.0,0.0,Rabbit
0.0,pursuit,28.0,38.0,18.0,27.0,0.0,Rabbit
0.0,pursuit,20.0,56.0,35.0,95.0,0.0,Rabbit
0.0,pursuit,24.0,50.0,40.0,33.0,0.0,Rabbit
0.0,pursuit,63.0,98.0,45.0,81.0,0.0,Rabbit
0.0,pursuit,62.0,43.0,98.0,46.0,0.0,Rabbit
0.0,pursuit,96.0,33.0,67.0,3.0,0.0,Rabbit
0.0,pursuit,25.0,74.0,57.0,85.0,0.0,Rabbit
0.0,pursuit,63.0,98.0,59.0,60.0,1.0,Rabbit
0.0,pursuit,27.0,95.0,7.0,82.0,0.0,Rabbit
0.0,pursuit,57.0,63.0,19.0,93.0,0.0,Rabbit
0.0,pursuit,25.0,2.0,40.0,52.0,1.0,Rabbit
0.0,pursuit,97.0,7.0,34.0,24.0,1.0,Rabbit
0.0,pursuit,26.0,36.0,21.0,20.0,0.0,Rabbit
0.0,pursuit,60.0,90.0,13.0,45.0,0.0,Rabbit
0.0,pursuit,48.0,3.0,2.0,83.0,0.0,Rabbit
0.0,pursuit,92.0,81.0,55.0,8.0,0.0,Rabbit
0.0,pursuit,98.0,12.0,2.0,58.0,1.0,Rabbit
0.0,pursuit,46.0,1.0,98.0,62.0,1.0,Rabbit
0.0,pursuit,82.0,32.0,1.0,41.0,1.0,Rabbit
0.0,pursuit,48.0,34.0,22.0,19.0,0.0,Rabbit
0.0,pursuit,72.0,87.0,21.0,33.0,0.0,Rabbit
0.0,pursuit,50.0,1.0,91.0,94.0,0.0,Rabbit
0.0,pursuit,76.0,15.0,30.0,99.0,0.0,Rabbit
0.0,pursuit,48.0,81.0,28.0,66.0,0.0,Rabbit
0.0,pursuit,81.0,58.0,93.0,68.0,1.0,Rabbit
0.0,pursuit,4.0,22.0,26.0,35.0,0.0,Rabbit
0.0,pursuit,17.0,79.0,55.0,39.0,0.0,Rabbit
0.0,pursuit,75.0,68.0,47.0,82.0,0.0,Rabbit
0.0,pursuit,43.0,71.0,12.0,46.0,1.0,Rabbit
0.0,pursuit,74.0,60.0,25.0,37.0,0.0,Rabbit
0.0,pursuit,7.0,83.0,74.0,64.0,0.0,Rabbit
0.0,pursuit,65.0,84.0,21.0,66.0,0.0,Rabbit
0.0,pursuit,26.0,78.0,95.0,65.0,0.0,Rabbit
0.0,pursuit,29.0,95.0,64.0,73.0,0.0,Rabbit
0.0,pursuit,41.0,92.0,88.0,27.0,0.0,Rabbit
0.0,pursuit,85.0,99.0,24.0,94.0,1.0,Rabbit
0.0,pursuit,43.0,84.0,94.0,15.0,0.0,Rabbit
0.0,pursuit,89.0,28.0,89.0,60.0,0.0,Rabbit
0.0,pursuit,18.0,70.0,82.0,32.0,0.0,Rabbit
0.0,pursuit,49.0,9.0,9.0,33.0,0.0,Rabbit
0.0,pursuit,77.0,72.0,63.0,30.0,0.0,Rabbit
0.0,pursuit,72.0,54.0,14.0,16.0,0.0,Rabbit
0.0,pursuit,43.0,47.0,69.0,8.0,0.0,Rabbit
0.0,pursuit,73.0,18.0,30.0,69.0,1.0,Rabbit
0.0,pursuit,76.0,72.0,14.0,62.0,0.0,Rabbit
0.0,pursuit,33.0,39.0,6.0,54.0,0.0,Rabbit
0.0,pursuit,54.0,52.0,34.0,78.0,0.0,Rabbit
0.0,pursuit,22.0,100.0,8.0,25.0,0.0,Rabbit
0.0,pursuit,36.0,47.0,73.0,13.0,0.0,Rabbit
0.0,pursuit,93.0,76.0,9.0,19.0,0.0,Rabbit
0.0,pursuit,91.0,50.0,97.0,56.0,0.0,Rabbit
0.0,pursuit,92.0,68.0,15.0,3.0,0.0,Rabbit
0.0,pursuit,48.0,8.0,50.0,91.0,0.0,Rabbit
0.0,pursuit,94.0,18.0,58.0,36.0,0.0,Rabbit
0.0,pursuit,69.0,56.0,3.0,53.0,1.0,Rabbit
0.0,pursuit,3.0,92.0,56.0,4.0,0.0,Rabbit
0.0,pursuit,25.0,82.0,84.0,84.0,0.0,Rabbit
0.0,pursuit,25.0,69.0,81.0,89.0,0.0,Rabbit
0.0,pursuit,30.0,6.0,8.0,57.0,0.0,Rabbit
0.0,pursuit,87.0,85.0,57.0,44.0,0.0,Rabbit
0.0,pursuit,91.0,64.0,100.0,6.0,0.0,Rabbit
0.0,pursuit,92.0,50.0,23.0,95.0,1.0,Rabbit
0.0,pursuit,46.0,79.0,19.0,97.0,0.0,Rabbit
0.0,pursuit,28.0,15.0,24.0,95.0,0.0,Rabbit
0.0,pursuit,21.0,43.0,72.0,42.0,1.0,Rabbit
0.0,pursuit,83.0,27.0,98.0,32.0,0.0,Rabbit
0.0,pursuit,95.0,42.0,78.0,21.0,0.0,Rabbit
0.0,pursuit,22.0,75.0,84.0,38.0,0.0,Rabbit
0.0,pursuit,26.0,81.0,10.0,66.0,0.0,Rabbit
0.0,pursuit,63.0,39.0,58.0,81.0,0.0,Rabbit
0.0,pursuit,12.0,19.0,77.0,85.0,0.0,Rabbit
0.0,pursuit,55.0,85.0,55.0,94.0,0.0,Rabbit
0.0,pursuit,34.0,1.0,44.0,18.0,0.0,Rabbit
0.0,pursuit,36.0,9.0,46.0,63.0,1.0,Rabbit
0.0,pursuit,72.0,2.0,82.0,90.0,0.0,Rabbit
0.0,pursuit,35.0,100.0,70.0,81.0,0.0,Rabbit
0.0,pursuit,53.0,75.0,21.0,37.0,0.0,Rabbit
0.0,pursuit,48.0,70.0,37.0,51.0,0.0,Rabbit
0.0,pursuit,13.0,98.0,38.0,69.0,0.0,Rabbit
0.0,pursuit,58.0,64.0,62.0,38.0,0.0,Rabbit
0.0,pursuit,13.0,48.0,11.0,76.0,0.0,Rabbit
0.0,pursuit,29.0,33.0,5.0,16.0,0.0,Rabbit
0.0,pursuit,43.0,78.0,55.0,59.0,1.0,Rabbit
0.0,pursuit,18.0,48.0,4.0,63.0,0.0,Rabbit
0.0,pursuit,8.0,24.0,53.0,17.0,0.0,Rabbit
0.0,pursuit,5.0,5.0,54.0,93.0,0.0,Rabbit
0.0,pursuit,18.0,62.0,68.0,12.0,0.0,Rabbit
0.0,pursuit,11.0,85.0,52.0,34.0,1.0,Rabbit
0.0,pursuit,60.0,7.0,70.0,21.0,0.0,Rabbit
0.0,pursuit,46.0,68.0,57.0,75.0,0.0,Rabbit
0.0,pursuit,58.0,41.0,69.0,35.0,0.0,Rabbit
0.0,pursuit,58.0,2.0,57.0,85.0,0.0,Rabbit
0.0,pursuit,19.0,77.0,74.0,33.0,0.0,Rabbit
0.0,pursuit,16.0,15.0,84.0,37.0,0.0,Rabbit
0.0,pursuit,65.0,24.0,26.0,46.0,0.0,Rabbit
0.0,pursuit,60.0,64.0,14.0,96.0,0.0,Rabbit
0.0,pursuit,32.0,7.0,82.0,83.0,0.0,Rabbit
0.0,pursuit,71.0,60.0,30.0,8.0,0.0,Rabbit
0.0,pursuit,88.0,52.0,4.0,36.0,0.0,Rabbit
0.0,pursuit,38.0,56.0,96.0,16.0,0.0,Rabbit
0.0,pursuit,46.0,39.0,34.0,72.0,0.0,Rabbit
0.0,pursuit,64.0,11.0,22.0,23.0,1.0,Rabbit
0.0,pursuit,52.0,12.0,41.0,80.0,0.0,Rabbit
0.0,pursuit,98.0,98.0,58.0,58.0,0.0,Rabbit
0.0,pursuit,98.0,34.0,84.0,59.0,0.0,Rabbit
0.0,pursuit,29.0,8.0,19.0,13.0,0.0,Rabbit
0.0,pursuit,32.0,90.0,40.0,24.0,0.0,Rabbit
0.0,pursuit,10.0,42.0,55.0,78.0,0.0,Rabbit
0.0,pursuit,44.0,34.0,23.0,57.0,0.0,Rabbit
0.0,pursuit,90.0,6.0,93.0,9.0,0.0,Rabbit
0.0,pursuit,38.0,57.0,4.0,88.0,0.0,Rabbit
0.0,pursuit,48.0,95.0,49.0,33.0,0.0,Rabbit
0.0,pursuit,73.0,49.0,84.0,31.0,0.0,Rabbit
0.0,pursuit,49.0,40.0,41.0,26.0,0.0,Rabbit
0.0,pursuit,42.0,86.0,49.0,80.0,0.0,Rabbit
0.0,pursuit,71.0,98.0,67.0,4.0,0.0,Rabbit
0.0,pursuit,4.0,31.0,28.0,38.0,0.0,Rabbit
0.0,pursuit,86.0,23.0,81.0,51.0,0.0,Rabbit
0.0,pursuit,70.0,20.0,29.0,85.0,0.0,Rabbit
0.0,pursuit,22.0,53.0,94.0,94.0,0.0,Rabbit
0.0,pursuit,24.0,48.0,63.0,60.0,0.0,Rabbit
0.0,pursuit,37.0,63.0,63.0,69.0,0.0,Rabbit
0.0,pursuit,27.0,49.0,58.0,65.0,0.0,Rabbit
0.0,pursuit,5.0,32.0,86.0,92.0,0.0,Rabbit
0.0,pursuit,30.0,50.0,6.0,88.0,0.0,Rabbit
0.0,pursuit,84.0,5.0,43.0,1.0,0.0,Rabbit
0.0,pursuit,91.0,38.0,63.0,20.0,0.0,Rabbit
0.0,pursuit,9.0,50.0,28.0,31.0,1.0,Rabbit
0.0,pursuit,70.0,51.0,12.0,17.0,0.0,Rabbit
0.0,pursuit,30.0,27.0,64.0,75.0,0.0,Rabbit
0.0,pursuit,25.0,74.0,98.0,29.0,0.0,Rabbit
0.0,pursuit,10.0,54.0,66.0,89.0,0.0,Rabbit
0.0,pursuit,84.0,97.0,86.0,19.0,0.0,Rabbit
0.0,pursuit,75.0,98.0,85.0,42.0,0.0,Rabbit
0.0,pursuit,15.0,30.0,70.0,59.0,1.0,Rabbit
0.0,pursuit,60.0,19.0,51.0,1.0,0.0,Rabbit
0.0,pursuit,26.0,12.0,58.0,52.0,0.0,Rabbit
0.0,pursuit,54.0,56.0,5.0,35.0,0.0,Rabbit
0.0,pursuit,93.0,24.0,88.0,27.0,0.0,Rabbit
0.0,pursuit,43.0,58.0,85.0,42.0,0.0,Rabbit
0.0,pursuit,46.0,76.0,89.0,21.0,0.0,Rabbit
0.0,pursuit,10.0,7.0,53.0,54.0,0.0,Rabbit
0.0,pursuit,80.0,1.0,42.0,67.0,1.0,Rabbit
0.0,pursuit,32.0,35.0,79.0,100.0,0.0,Rabbit
0.0,pursuit,5.0,47.0,52.0,1.0,0.0,Rabbit
0.0,pursuit,55.0,48.0,47.0,35.0,0.0,Rabbit
0.0,pursuit,12.0,60.0,51.0,61.0,0.0,Rabbit
0.0,pursuit,37.0,8.0,39.0,47.0,0.0,Rabbit
0.0,pursuit,9.0,60.0,53.0,71.0,0.0,Rabbit
0.0,pursuit,17.0,87.0,1.0,63.0,0.0,Rabbit
0.0,pursuit,73.0,38.0,8.0,30.0,0.0,Rabbit
0.0,pursuit,75.0,56.0,5.0,16.0,0.0,Rabbit
0.0,pursuit,81.0,58.0,84.0,70.0,0.0,Rabbit
0.0,pursuit,53.0,52.0,4.0,63.0,0.0,Rabbit
0.0,pursuit,5.0,76.0,62.0,99.0,0.0,Rabbit
0.0,pursuit,41.0,61.0,17.0,14.0,0.0,Rabbit
0.0,pursuit,70.0,31.0,80.0,71.0,1.0,Rabbit
0.0,pursuit,30.0,48.0,17.0,15.0,0.0,Rabbit
0.0,pursuit,50.0,32.0,62.0,62.0,1.0,Rabbit
0.0,pursuit,26.0,45.0,76.0,4.0,0.0,Rabbit
0.0,pursuit,41.0,36.0,56.0,87.0,1.0,Rabbit
0.0,pursuit,63.0,5.0,77.0,75.0,1.0,Rabbit
0.0,pursuit,48.0,49.0,96.0,79.0,0.0,Rabbit
0.0,pursuit,35.0,84.0,84.0,18.0,0.0,Rabbit
0.0,pursuit,88.0,95.0,53.0,89.0,0.0,Rabbit
0.0,pursuit,33.0,38.0,69.0,10.0,0.0,Rabbit
0.0,pursuit,33.0,26.0,78.0,53.0,0.0,Rabbit
0.0,pursuit,25.0,80.0,31.0,98.0,0.0,Rabbit
0.0,pursuit,64.0,46.0,22.0,75.0,0.0,Rabbit
0.0,pursuit,95.0,4.0,61.0,94.0,1.0,Rabbit
0.0,pursuit,59.0,35.0,46.0,37.0,0.0,Rabbit
0.0,pursuit,8.0,6.0,38.0,56.0,0.0,Rabbit
0.0,pursuit,14.0,22.0,10.0,40.0,1.0,Rabbit
0.0,pursuit,44.0,31.0,82.0,4.0,0.0,Rabbit
0.0,pursuit,58.0,87.0,21.0,22.0,0.0,Rabbit
0.0,pursuit,47.0,38.0,78.0,3.0,0.0,Rabbit
0.0,pursuit,87.0,38.0,93.0,77.0,0.0,Rabbit
0.0,pursuit,23.0,49.0,21.0,91.0,0.0,Rabbit
0.0,pursuit,28.0,18.0,78.0,34.0,0.0,Rabbit
0.0,pursuit,31.0,20.0,1.0,80.0,0.0,Rabbit
0.0,pursuit,98.0,56.0,79.0,80.0,0.0,Rabbit
0.0,pursuit,29.0,6.0,43.0,45.0,0.0,Rabbit
0.0,pursuit,86.0,70.0,44.0,74.0,1.0,Rabbit
0.0,pursuit,60.0,3.0,21.0,40.0,0.0,Rabbit
0.0,pursuit,40.0,78.0,38.0,13.0,0.0,Rabbit
0.0,pursuit,39.0,42.0,83.0,40.0,1.0,Rabbit
0.0,pursuit,28.0,7.0,65.0,1.0,0.0,Rabbit
0.0,pursuit,72.0,73.0,37.0,55.0,0.0,Rabbit
0.0,pursuit,15.0,36.0,85.0,66.0,0.0,Rabbit
0.0,pursuit,85.0,61.0,58.0,82.0,1.0,Rabbit
0.0,pursuit,78.0,23.0,51.0,86.0,0.0,Rabbit
0.0,pursuit,94.0,31.0,10.0,49.0,1.0,Rabbit
0.0,pursuit,9.0,39.0,73.0,37.0,1.0,Rabbit
0.0,pursuit,52.0,29.0,45.0,78.0,0.0,Rabbit
0.0,pursuit,67.0,20.0,77.0,61.0,1.0,Rabbit
0.0,pursuit,45.0,58.0,9.0,73.0,0.0,Rabbit
0.0,pursuit,40.0,1.0,45.0,40.0,1.0,Rabbit
0.0,pursuit,43.0,19.0,70.0,75.0,1.0,Rabbit
0.0,pursuit,74.0,49.0,37.0,69.0,1.0,Rabbit
0.0,pursuit,53.0,74.0,79.0,33.0,0.0,Rabbit
0.0,pursuit,84.0,78.0,11.0,87.0,0.0,Rabbit
0.0,pursuit,6.0,55.0,32.0,3.0,0.0,Rabbit
0.0,pursuit,8.0,49.0,19.0,9.0,0.0,Rabbit
0.0,pursuit,64.0,25.0,50.0,39.0,1.0,Rabbit
0.0,pursuit,1.0,71.0,80.0,86.0,0.0,Rabbit
0.0,pursuit,92.0,45.0,14.0,15.0,0.0,Rabbit
0.0,pursuit,84.0,49.0,43.0,86.0,1.0,Rabbit
0.0,pursuit,59.0,37.0,6.0,32.0,0.0,Rabbit
0.0,pursuit,89.0,2.0,39.0,9.0,0.0,Rabbit
0.0,pursuit,91.0,10.0,13.0,8.0,0.0,Rabbit
0.0,pursuit,40.0,80.0,62.0,4.0,0.0,Rabbit
0.0,pursuit,78.0,77.0,14.0,30.0,0.0,Rabbit
0.0,pursuit,58.0,43.0,12.0,41.0,0.0,Rabbit
0.0,pursuit,21.0,11.0,29.0,31.0,0.0,Rabbit
0.0,pursuit,100.0,82.0,49.0,63.0,0.0,Rabbit
0.0,pursuit,16.0,73.0,56.0,32.0,0.0,Rabbit
0.0,pursuit,76.0,40.0,42.0,56.0,0.0,Rabbit
0.0,pursuit,71.0,36.0,73.0,96.0,0.0,Rabbit
0.0,pursuit,66.0,58.0,56.0,38.0,0.0,Rabbit
0.0,pursuit,27.0,49.0,34.0,58.0,0.0,Rabbit
0.0,pursuit,73.0,96.0,84.0,96.0,0.0,Rabbit
0.0,pursuit,69.0,100.0,59.0,63.0,0.0,Rabbit
0.0,pursuit,1.0,7.0,48.0,70.0,0.0,Rabbit
0.0,pursuit,93.0,4.0,76.0,97.0,0.0,Rabbit
0.0,pursuit,7.0,53.0,85.0,50.0,1.0,Rabbit
0.0,pursuit,53.0,64.0,38.0,9.0,0.0,Rabbit
0.0,pursuit,35.0,38.0,100.0,48.0,0.0,Rabbit
0.0,pursuit,5.0,22.0,26.0,62.0,0.0,Rabbit
0.0,pursuit,21.0,36.0,63.0,78.0,0.0,Rabbit
0.0,pursuit,44.0,34.0,77.0,75.0,0.0,Rabbit
0.0,pursuit,52.0,60.0,78.0,8.0,0.0,Rabbit
0.0,pursuit,36.0,97.0,89.0,55.0,0.0,Rabbit
0.0,pursuit,41.0,42.0,7.0,28.0,0.0,Rabbit
0.0,pursuit,31.0,59.0,7.0,96.0,0.0,Rabbit
0.0,pursuit,34.0,71.0,57.0,72.0,0.0,Rabbit
0.0,pursuit,62.0,49.0,29.0,2.0,0.0,Rabbit
0.0,pursuit,57.0,80.0,98.0,40.0,0.0,Rabbit
0.0,pursuit,92.0,9.0,8.0,91.0,1.0,Rabbit
0.0,pursuit,77.0,47.0,69.0,77.0,1.0,Rabbit
0.0,pursuit,93.0,14.0,60.0,77.0,0.0,Rabbit
0.0,pursuit,82.0,24.0,11.0,39.0,0.0,Rabbit
0.0,pursuit,70.0,59.0,73.0,40.0,0.0,Rabbit
0.0,pursuit,98.0,95.0,22.0,100.0,1.0,Rabbit
0.0,pursuit,90.0,44.0,1.0,1.0,0.0,Rabbit
0.0,pursuit,97.0,15.0,50.0,90.0,1.0,Rabbit
0.0,pursuit,51.0,12.0,28.0,49.0,0.0,Rabbit
0.0,pursuit,23.0,17.0,32.0,77.0,0.0,Rabbit
0.0,pursuit,50.0,64.0,24.0,17.0,0.0,Rabbit
0.0,pursuit,59.0,25.0,88.0,99.0,0.0,Rabbit
0.0,pursuit,78.0,16.0,91.0,87.0,0.0,Rabbit
0.0,pursuit,32.0,55.0,30.0,66.0,0.0,Rabbit
0.0,pursuit,70.0,16.0,76.0,54.0,0.0,Rabbit
0.0,pursuit,51.0,45.0,3.0,12.0,0.0,Rabbit
0.0,pursuit,98.0,64.0,15.0,1.0,0.0,Rabbit
0.0,pursuit,17.0,87.0,37.0,100.0,0.0,Rabbit
0.0,pursuit,64.0,21.0,37.0,4.0,0.0,Rabbit
0.0,pursuit,28.0,89.0,82.0,86.0,0.0,Rabbit
0.0,pursuit,56.0,5.0,31.0,85.0,0.0,Rabbit
0.0,pursuit,58.0,41.0,66.0,31.0,0.0,Rabbit
0.0,pursuit,3.0,54.0,91.0,21.0,0.0,Rabbit
0.0,pursuit,55.0,23.0,46.0,55.0,0.0,Rabbit
0.0,pursuit,63.0,79.0,1.0,99.0,0.0,Rabbit
0.0,pursuit,66.0,12.0,63.0,93.0,1.0,Rabbit
0.0,pursuit,81.0,60.0,10.0,9.0,0.0,Rabbit
0.0,pursuit,70.0,37.0,18.0,92.0,0.0,Rabbit
0.0,pursuit,95.0,50.0,11.0,26.0,0.0,Rabbit
0.0,pursuit,97.0,93.0,35.0,56.0,0.0,Rabbit
0.0,pursuit,55.0,72.0,2.0,90.0,0.0,Rabbit
0.0,pursuit,49.0,9.0,89.0,61.0,0.0,Rabbit
0.0,pursuit,59.0,86.0,42.0,78.0,0.0,Rabbit
0.0,pursuit,36.0,91.0,51.0,71.0,0.0,Rabbit
0.0,pursuit,47.0,50.0,18.0,67.0,0.0,Rabbit
0.0,pursuit,55.0,16.0,67.0,87.0,0.0,Rabbit
0.0,pursuit,64.0,46.0,19.0,77.0,0.0,Rabbit
0.0,pursuit,15.0,14.0,67.0,84.0,0.0,Rabbit
0.0,pursuit,33.0,52.0,4.0,45.0,0.0,Rabbit
0.0,pursuit,76.0,76.0,38.0,87.0,0.0,Rabbit
0.0,pursuit,57.0,85.0,81.0,29.0,0.0,Rabbit
0.0,pursuit,81.0,44.0,41.0,76.0,1.0,Rabbit
0.0,pursuit,60.0,13.0,20.0,38.0,0.0,Rabbit
0.0,pursuit,88.0,59.0,97.0,84.0,0.0,Rabbit
0.0,pursuit,45.0,96.0,70.0,64.0,0.0,Rabbit
0.0,pursuit,98.0,19.0,25.0,34.0,1.0,Rabbit
0.0,pursuit,18.0,16.0,85.0,14.0,0.0,Rabbit
0.0,pursuit,95.0,94.0,3.0,13.0,0.0,Rabbit
0.0,pursuit,3.0,31.0,52.0,45.0,0.0,Rabbit
0.0,pursuit,17.0,9.0,88.0,24.0,0.0,Rabbit
0.0,pursuit,54.0,90.0,97.0,17.0,0.0,Rabbit
0.0,pursuit,69.0,46.0,69.0,70.0,0.0,Rabbit
0.0,pursuit,62.0,18.0,63.0,85.0,1.0,Rabbit
0.0,pursuit,31.0,96.0,47.0,8.0,0.0,Rabbit
0.0,pursuit,56.0,99.0,8.0,10.0,0.0,Rabbit
0.0,pursuit,52.0,18.0,69.0,15.0,0.0,Rabbit
0.0,pursuit,61.0,8.0,59.0,32.0,1.0,Rabbit
0.0,pursuit,42.0,85.0,39.0,38.0,0.0,Rabbit
0.0,pursuit,24.0,35.0,72.0,42.0,0.0,Rabbit
0.0,pursuit,44.0,91.0,59.0,11.0,0.0,Rabbit
0.0,pursuit,84.0,72.0,85.0,83.0,0.0,Rabbit
0.0,pursuit,89.0,7.0,37.0,97.0,1.0,Rabbit
0.0,pursuit,38.0,90.0,75.0,75.0,0.0,Rabbit
0.0,pursuit,5.0,67.0,59.0,36.0,0.0,Rabbit
0.0,pursuit,64.0,44.0,54.0,86.0,1.0,Rabbit
0.0,pursuit,74.0,95.0,85.0,9.0,0.0,Rabbit
0.0,pursuit,56.0,80.0,82.0,4.0,0.0,Rabbit
0.0,pursuit,60.0,77.0,19.0,27.0,0.0,Rabbit
0.0,pursuit,17.0,41.0,9.0,43.0,0.0,Rabbit
0.0,pursuit,57.0,41.0,5.0,85.0,0.0,Rabbit
0.0,pursuit,92.0,23.0,42.0,30.0,0.0,Rabbit
0.0,pursuit,54.0,43.0,56.0,52.0,0.0,Rabbit
0.0,pursuit,69.0,87.0,90.0,47.0,1.0,Rabbit
0.0,pursuit,24.0,85.0,38.0,24.0,0.0,Rabbit
0.0,pursuit,31.0,28.0,59.0,11.0,0.0,Rabbit
0.0,pursuit,28.0,74.0,10.0,33.0,0.0,Rabbit
0.0,pursuit,12.0,10.0,21.0,50.0,0.0,Rabbit
0.0,pursuit,62.0,51.0,17.0,64.0,1.0,Rabbit
0.0,pursuit,78.0,29.0,34.0,40.0,0.0,Rabbit
0.0,pursuit,4.0,66.0,3.0,5.0,0.0,Rabbit
0.0,pursuit,92.0,77.0,4.0,11.0,0.0,Rabbit
0.0,pursuit,86.0,73.0,65.0,71.0,1.0,Rabbit
0.0,pursuit,64.0,35.0,75.0,98.0,1.0,Rabbit
0.0,pursuit,20.0,4.0,49.0,73.0,0.0,Rabbit
0.0,pursuit,1.0,40.0,87.0,54.0,0.0,Rabbit
0.0,pursuit,29.0,58.0,45.0,38.0,0.0,Rabbit
0.0,pursuit,10.0,85.0,10.0,79.0,0.0,Rabbit
0.0,pursuit,63.0,88.0,59.0,91.0,0.0,Rabbit
0.0,pursuit,48.0,44.0,100.0,8.0,0.0,Rabbit
0.0,pursuit,53.0,96.0,47.0,28.0,0.0,Rabbit
0.0,pursuit,12.0,50.0,43.0,97.0,0.0,Rabbit
0.0,pursuit,84.0,21.0,48.0,60.0,1.0,Rabbit
0.0,pursuit,2.0,73.0,3.0,25.0,0.0,Rabbit
0.0,pursuit,17.0,69.0,23.0,20.0,0.0,Rabbit
0.0,pursuit,67.0,42.0,69.0,17.0,0.0,Rabbit
0.0,pursuit,72.0,14.0,93.0,47.0,0.0,Rabbit
0.0,pursuit,30.0,7.0,19.0,94.0,0.0,Rabbit
0.0,pursuit,61.0,20.0,21.0,74.0,0.0,Rabbit
0.0,pursuit,97.0,26.0,78.0,81.0,0.0,Rabbit
0.0,pursuit,20.0,39.0,89.0,38.0,0.0,Rabbit
0.0,pursuit,28.0,72.0,18.0,96.0,0.0,Rabbit
0.0,pursuit,78.0,68.0,41.0,64.0,0.0,Rabbit
0.0,pursuit,97.0,20.0,22.0,6.0,0.0,Rabbit
0.0,pursuit,22.0,15.0,45.0,85.0,1.0,Rabbit
0.0,pursuit,8.0,55.0,71.0,37.0,1.0,Rabbit
0.0,pursuit,80.0,92.0,17.0,20.0,0.0,Rabbit
0.0,pursuit,80.0,57.0,98.0,51.0,0.0,Rabbit
0.0,pursuit,9.0,26.0,3.0,31.0,0.0,Rabbit
0.0,pursuit,45.0,62.0,75.0,70.0,0.0,Rabbit
0.0,pursuit,17.0,36.0,45.0,57.0,0.0,Rabbit
0.0,pursuit,80.0,15.0,5.0,94.0,1.0,Rabbit
0.0,pursuit,13.0,14.0,79.0,98.0,0.0,Rabbit
0.0,pursuit,83.0,79.0,14.0,75.0,0.0,Rabbit
0.0,pursuit,42.0,45.0,44.0,54.0,0.0,Rabbit
0.0,pursuit,4.0,75.0,5.0,4.0,0.0,Rabbit
0.0,pursuit,18.0,26.0,81.0,77.0,0.0,Rabbit
0.0,pursuit,62.0,34.0,89.0,34.0,0.0,Rabbit
0.0,pursuit,6.0,9.0,30.0,56.0,0.0,Rabbit
0.0,pursuit,46.0,57.0,38.0,98.0,0.0,Rabbit
0.0,pursuit,94.0,28.0,48.0,85.0,0.0,Rabbit
0.0,pursuit,78.0,44.0,84.0,92.0,0.0,Rabbit
0.0,pursuit,10.0,33.0,7.0,73.0,0.0,Rabbit
0.0,pursuit,71.0,62.0,83.0,72.0,0.0,Rabbit
0.0,pursuit,82.0,38.0,80.0,60.0,1.0,Rabbit
0.0,pursuit,86.0,94.0,25.0,12.0,0.0,Rabbit
0.0,pursuit,70.0,32.0,6.0,60.0,0.0,Rabbit
0.0,pursuit,98.0,52.0,65.0,21.0,0.0,Rabbit
0.0,pursuit,22.0,48.0,60.0,52.0,0.0,Rabbit
0.0,pursuit,66.0,20.0,82.0,19.0,0.0,Rabbit
0.0,pursuit,76.0,32.0,96.0,43.0,0.0,Rabbit
0.0,pursuit,40.0,49.0,69.0,37.0,0.0,Rabbit
0.0,pursuit,74.0,84.0,83.0,84.0,1.0,Rabbit
0.0,pursuit,97.0,11.0,62.0,31.0,0.0,Rabbit
0.0,pursuit,47.0,64.0,93.0,44.0,0.0,Rabbit
0.0,pursuit,20.0,49.0,4.0,54.0,0.0,Rabbit
0.0,pursuit,99.0,86.0,11.0,28.0,0.0,Rabbit
0.0,pursuit,41.0,70.0,12.0,86.0,0.0,Rabbit
0.0,pursuit,14.0,18.0,93.0,90.0,0.0,Rabbit
0.0,pursuit,74.0,77.0,96.0,2.0,0.0,Rabbit
0.0,pursuit,20.0,67.0,52.0,1.0,0.0,Rabbit
0.0,pursuit,18.0,28.0,71.0,92.0,1.0,Rabbit
0.0,pursuit,99.0,32.0,43.0,47.0,1.0,Rabbit
0.0,pursuit,35.0,92.0,90.0,30.0,0.0,Rabbit
0.0,pursuit,98.0,9.0,99.0,82.0,1.0,Rabbit
0.0,pursuit,44.0,4.0,25.0,24.0,1.0,Rabbit
0.0,pursuit,12.0,52.0,41.0,47.0,0.0,Rabbit
0.0,pursuit,43.0,28.0,68.0,71.0,0.0,Rabbit
0.0,pursuit,87.0,13.0,74.0,48.0,1.0,Rabbit
0.0,pursuit,48.0,89.0,91.0,87.0,0.0,Rabbit
0.0,pursuit,88.0,32.0,57.0,83.0,0.0,Rabbit
0.0,pursuit,54.0,92.0,4.0,93.0,0.0,Rabbit
0.0,pursuit,81.0,30.0,100.0,46.0,1.0,Rabbit
0.0,pursuit,3.0,43.0,32.0,61.0,0.0,Rabbit
0.0,pursuit,97.0,9.0,43.0,41.0,0.0,Rabbit
0.0,pursuit,99.0,43.0,18.0,12.0,0.0,Rabbit
0.0,pursuit,92.0,61.0,40.0,13.0,0.0,Rabbit
0.0,pursuit,88.0,84.0,77.0,4.0,0.0,Rabbit
0.0,pursuit,40.0,17.0,46.0,86.0,0.0,Rabbit
0.0,pursuit,100.0,87.0,79.0,29.0,0.0,Rabbit
0.0,pursuit,89.0,54.0,57.0,41.0,0.0,Rabbit
0.0,pursuit,96.0,71.0,78.0,68.0,0.0,Rabbit
0.0,pursuit,84.0,60.0,90.0,90.0,0.0,Rabbit
0.0,pursuit,13.0,83.0,69.0,18.0,0.0,Rabbit
0.0,pursuit,89.0,85.0,67.0,16.0,0.0,Rabbit
0.0,pursuit,2.0,77.0,93.0,67.0,0.0,Rabbit
0.0,pursuit,52.0,57.0,57.0,14.0,0.0,Rabbit
0.0,pursuit,41.0,42.0,98.0,56.0,1.0,Rabbit
0.0,pursuit,43.0,48.0,60.0,20.0,0.0,Rabbit
0.0,pursuit,96.0,93.0,1.0,5.0,0.0,Rabbit
0.0,pursuit,23.0,18.0,44.0,33.0,0.0,Rabbit
0.0,pursuit,34.0,46.0,87.0,43.0,1.0,Rabbit
0.0,pursuit,14.0,65.0,86.0,73.0,0.0,Rabbit
0.0,pursuit,75.0,34.0,54.0,85.0,1.0,Rabbit
0.0,pursuit,7.0,57.0,34.0,9.0,0.0,Rabbit
0.0,pursuit,69.0,87.0,84.0,58.0,1.0,Rabbit
0.0,pursuit,59.0,22.0,51.0,79.0,0.0,Rabbit
0.0,pursuit,29.0,8.0,89.0,49.0,0.0,Rabbit
0.0,pursuit,100.0,78.0,38.0,1.0,0.0,Rabbit
0.0,pursuit,27.0,69.0,89.0,76.0,0.0,Rabbit
0.0,pursuit,3.0,100.0,84.0,24.0,0.0,Rabbit
0.0,pursuit,56.0,87.0,37.0,100.0,0.0,Rabbit
0.0,pursuit,78.0,54.0,89.0,52.0,0.0,Rabbit
0.0,pursuit,2.0,96.0,90.0,25.0,0.0,Rabbit
0.0,pursuit,38.0,42.0,45.0,17.0,0.0,Rabbit
0.0,pursuit,13.0,9.0,66.0,13.0,0.0,Rabbit
0.0,pursuit,73.0,100.0,31.0,76.0,1.0,Rabbit
0.0,pursuit,83.0,70.0,28.0,63.0,1.0,Rabbit
0.0,pursuit,46.0,50.0,91.0,90.0,0.0,Rabbit
0.0,pursuit,12.0,15.0,26.0,36.0,0.0,Rabbit
0.0,pursuit,73.0,10.0,19.0,10.0,0.0,Rabbit
0.0,pursuit,43.0,55.0,99.0,37.0,0.0,Rabbit
0.0,pursuit,71.0,14.0,27.0,75.0,0.0,Rabbit
0.0,pursuit,25.0,84.0,77.0,72.0,0.0,Rabbit
0.0,pursuit,4.0,37.0,4.0,4.0,0.0,Rabbit
0.0,pursuit,8.0,31.0,34.0,79.0,0.0,Rabbit
0.0,pursuit,62.0,97.0,78.0,91.0,1.0,Rabbit
0.0,pursuit,45.0,33.0,45.0,80.0,0.0,Rabbit
0.0,pursuit,89.0,83.0,13.0,56.0,0.0,Rabbit
0.0,pursuit,39.0,99.0,82.0,83.0,0.0,Rabbit
0.0,pursuit,91.0,8.0,86.0,94.0,0.0,Rabbit
0.0,pursuit,60.0,57.0,80.0,16.0,0.0,Rabbit
0.0,pursuit,26.0,85.0,2.0,64.0,0.0,Rabbit
0.0,pursuit,27.0,1.0,72.0,38.0,1.0,Rabbit
0.0,pursuit,40.0,3.0,61.0,37.0,1.0,Rabbit
0.0,pursuit,73.0,10.0,34.0,8.0,0.0,Rabbit
0.0,pursuit,24.0,77.0,48.0,54.0,0.0,Rabbit
0.0,pursuit,29.0,46.0,76.0,98.0,0.0,Rabbit
0.0,pursuit,97.0,50.0,18.0,65.0,0.0,Rabbit
0.0,pursuit,67.0,4.0,40.0,77.0,0.0,Rabbit
0.0,pursuit,45.0,61.0,29.0,87.0,0.0,Rabbit
0.0,pursuit,27.0,69.0,90.0,14.0,0.0,Rabbit
0.0,pursuit,97.0,19.0,17.0,56.0,0.0,Rabbit
0.0,pursuit,55.0,16.0,15.0,43.0,0.0,Rabbit
0.0,pursuit,8.0,49.0,30.0,29.0,0.0,Rabbit
0.0,pursuit,45.0,86.0,68.0,63.0,0.0,Rabbit
0.0,pursuit,83.0,47.0,87.0,90.0,0.0,Rabbit
0.0,pursuit,49.0,45.0,45.0,5.0,0.0,Rabbit
0.0,pursuit,98.0,55.0,54.0,47.0,0.0,Rabbit
0.0,pursuit,86.0,12.0,68.0,68.0,0.0,Rabbit
0.0,pursuit,74.0,5.0,42.0,16.0,0.0,Rabbit
0.0,pursuit,62.0,99.0,11.0,30.0,0.0,Rabbit
0.0,pursuit,81.0,63.0,75.0,20.0,0.0,Rabbit
0.0,pursuit,16.0,88.0,87.0,64.0,0.0,Rabbit
0.0,pursuit,93.0,13.0,69.0,2.0,0.0,Rabbit
0.0,pursuit,72.0,12.0,11.0,66.0,1.0,Rabbit
0.0,pursuit,34.0,28.0,50.0,78.0,0.0,Rabbit
0.0,pursuit,94.0,24.0,73.0,8.0,0.0,Rabbit
0.0,pursuit,51.0,91.0,16.0,58.0,0.0,Rabbit
0.0,pursuit,68.0,43.0,74.0,49.0,0.0,Rabbit
0.0,pursuit,9.0,48.0,26.0,77.0,0.0,Rabbit
0.0,pursuit,45.0,86.0,51.0,93.0,0.0,Rabbit
0.0,pursuit,17.0,6.0,5.0,41.0,1.0,Rabbit
0.0,pursuit,93.0,3.0,10.0,5.0,0.0,Rabbit
0.0,pursuit,5.0,70.0,35.0,31.0,0.0,Rabbit
0.0,pursuit,79.0,39.0,43.0,20.0,0.0,Rabbit
0.0,pursuit,92.0,78.0,34.0,50.0,0.0,Rabbit
0.0,pursuit,51.0,64.0,69.0,88.0,0.0,Rabbit
0.0,pursuit,15.0,41.0,44.0,68.0,0.0,Rabbit
0.0,pursuit,56.0,76.0,17.0,12.0,0.0,Rabbit
0.0,pursuit,92.0,5.0,36.0,65.0,0.0,Rabbit
0.0,pursuit,83.0,99.0,22.0,97.0,0.0,Rabbit
0.0,pursuit,26.0,58.0,76.0,37.0,0.0,Rabbit
0.0,pursuit,79.0,36.0,7.0,98.0,1.0,Rabbit
0.0,pursuit,20.0,37.0,56.0,5.0,0.0,Rabbit
0.0,pursuit,54.0,63.0,15.0,36.0,0.0,Rabbit
0.0,pursuit,10.0,97.0,81.0,9.0,0.0,Rabbit
0.0,pursuit,41.0,52.0,90.0,19.0,0.0,Rabbit
0.0,pursuit,94.0,40.0,78.0,38.0,1.0,Rabbit
0.0,pursuit,96.0,98.0,28.0,51.0,0.0,Rabbit
0.0,pursuit,30.0,76.0,86.0,62.0,0.0,Rabbit
0.0,pursuit,38.0,73.0,43.0,99.0,0.0,Rabbit
0.0,pursuit,55.0,1.0,14.0,81.0,0.0,Rabbit
0.0,pursuit,28.0,31.0,13.0,40.0,0.0,Rabbit
0.0,pursuit,47.0,70.0,89.0,2.0,0.0,Rabbit
0.0,pursuit,52.0,5.0,58.0,25.0,1.0,Rabbit
0.0,pursuit,65.0,84.0,16.0,12.0,0.0,Rabbit
0.0,pursuit,69.0,100.0,24.0,30.0,0.0,Rabbit
0.0,pursuit,53.0,3.0,16.0,71.0,0.0,Rabbit
0.0,pursuit,92.0,61.0,62.0,62.0,0.0,Rabbit
0.0,pursuit,37.0,76.0,70.0,95.0,0.0,Rabbit
0.0,pursuit,27.0,48.0,56.0,75.0,0.0,Rabbit
0.0,pursuit,83.0,97.0,100.0,26.0,0.0,Rabbit
0.0,pursuit,76.0,52.0,21.0,42.0,0.0,Rabbit
0.0,pursuit,6.0,2.0,14.0,41.0,0.0,Rabbit
0.0,pursuit,98.0,47.0,48.0,77.0,0.0,Rabbit
0.0,pursuit,70.0,5.0,84.0,55.0,1.0,Rabbit
0.0,pursuit,35.0,5.0,48.0,16.0,0.0,Rabbit
0.0,pursuit,67.0,31.0,47.0,10.0,0.0,Rabbit
0.0,pursuit,23.0,54.0,77.0,18.0,0.0,Rabbit
0.0,pursuit,22.0,38.0,39.0,31.0,0.0,Rabbit
0.0,pursuit,47.0,25.0,85.0,69.0,1.0,Rabbit
0.0,pursuit,88.0,14.0,71.0,15.0,0.0,Rabbit
0.0,pursuit,78.0,5.0,68.0,38.0,0.0,Rabbit
0.0,pursuit,71.0,6.0,66.0,50.0,0.0,Rabbit
0.0,pursuit,90.0,81.0,39.0,91.0,0.0,Rabbit
0.0,pursuit,72.0,96.0,46.0,59.0,0.0,Rabbit
0.0,pursuit,7.0,41.0,42.0,82.0,0.0,Rabbit
0.0,pursuit,17.0,3.0,5.0,35.0,0.0,Rabbit
0.0,pursuit,43.0,27.0,71.0,77.0,0.0,Rabbit
0.0,pursuit,28.0,15.0,94.0,56.0,1.0,Rabbit
0.0,pursuit,96.0,50.0,88.0,72.0,1.0,Rabbit
0.0,pursuit,98.0,67.0,8.0,94.0,1.0,Rabbit
0.0,pursuit,16.0,99.0,8.0,14.0,0.0,Rabbit
0.0,pursuit,51.0,27.0,85.0,97.0,0.0,Rabbit
0.0,pursuit,68.0,43.0,86.0,96.0,0.0,Rabbit
0.0,pursuit,67.0,21.0,7.0,73.0,1.0,Rabbit
0.0,pursuit,70.0,97.0,20.0,78.0,0.0,Rabbit
0.0,pursuit,79.0,85.0,57.0,2.0,0.0,Rabbit
0.0,pursuit,21.0,80.0,38.0,76.0,0.0,Rabbit
0.0,pursuit,5.0,88.0,57.0,45.0,0.0,Rabbit
0.0,pursuit,26.0,65.0,4.0,52.0,0.0,Rabbit
0.0,pursuit,59.0,39.0,9.0,72.0,0.0,Rabbit
0.0,pursuit,90.0,63.0,70.0,17.0,0.0,Rabbit
0.0,pursuit,29.0,61.0,13.0,61.0,0.0,Rabbit
0.0,pursuit,2.0,86.0,42.0,16.0,0.0,Rabbit
0.0,pursuit,93.0,4.0,36.0,14.0,0.0,Rabbit
0.0,pursuit,70.0,34.0,70.0,22.0,0.0,Rabbit
0.0,pursuit,63.0,100.0,74.0,69.0,1.0,Rabbit
0.0,pursuit,1.0,55.0,86.0,38.0,0.0,Rabbit
0.0,pursuit,53.0,90.0,50.0,5.0,0.0,Rabbit
0.0,pursuit,97.0,74.0,33.0,67.0,0.0,Rabbit
0.0,pursuit,26.0,41.0,79.0,4.0,0.0,Rabbit
0.0,pursuit,4.0,97.0,97.0,25.0,1.0,Rabbit
0.0,pursuit,94.0,62.0,32.0,77.0,1.0,Rabbit
0.0,pursuit,19.0,24.0,38.0,1.0,0.0,Rabbit
0.0,pursuit,19.0,46.0,38.0,18.0,0.0,Rabbit
0.0,pursuit,29.0,5.0,99.0,51.0,0.0,Rabbit
0.0,pursuit,52.0,61.0,80.0,5.0,0.0,Rabbit
0.0,pursuit,13.0,16.0,18.0,84.0,1.0,Rabbit
0.0,pursuit,47.0,84.0,21.0,88.0,0.0,Rabbit
0.0,pursuit,20.0,78.0,22.0,41.0,0.0,Rabbit
0.0,pursuit,75.0,57.0,45.0,43.0,1.0,Rabbit
0.0,pursuit,100.0,97.0,79.0,41.0,0.0,Rabbit
0.0,pursuit,30.0,74.0,49.0,45.0,0.0,Rabbit
0.0,pursuit,18.0,6.0,75.0,81.0,0.0,Rabbit
0.0,pursuit,57.0,43.0,29.0,44.0,0.0,Rabbit
0.0,pursuit,100.0,9.0,8.0,71.0,0.0,Rabbit
0.0,pursuit,94.0,28.0,59.0,99.0,0.0,Rabbit
0.0,pursuit,23.0,27.0,44.0,92.0,0.0,Rabbit
0.0,pursuit,79.0,48.0,44.0,48.0,1.0,Rabbit
0.0,pursuit,78.0,50.0,25.0,11.0,0.0,Rabbit
0.0,pursuit,40.0,6.0,70.0,52.0,0.0,Rabbit
0.0,pursuit,74.0,5.0,20.0,90.0,0.0,Rabbit
0.0,pursuit,64.0,17.0,92.0,43.0,0.0,Rabbit
0.0,pursuit,70.0,6.0,49.0,60.0,0.0,Rabbit
0.0,pursuit,96.0,14.0,21.0,55.0,0.0,Rabbit
0.0,pursuit,75.0,96.0,43.0,75.0,0.0,Rabbit
0.0,pursuit,79.0,18.0,6.0,20.0,0.0,Rabbit
0.0,pursuit,14.0,13.0,55.0,28.0,0.0,Rabbit
0.0,pursuit,76.0,88.0,79.0,43.0,0.0,Rabbit
0.0,pursuit,41.0,91.0,28.0,64.0,0.0,Rabbit
0.0,pursuit,8.0,26.0,73.0,59.0,0.0,Rabbit
0.0,pursuit,56.0,67.0,95.0,11.0,0.0,Rabbit
0.0,pursuit,29.0,8.0,18.0,14.0,0.0,Rabbit
0.0,pursuit,15.0,65.0,20.0,44.0,0.0,Rabbit
0.0,pursuit,88.0,17.0,1.0,90.0,1.0,Rabbit
0.0,pursuit,18.0,16.0,23.0,94.0,0.0,Rabbit
0.0,pursuit,69.0,55.0,95.0,50.0,0.0,Rabbit
0.0,pursuit,41.0,9.0,99.0,48.0,1.0,Rabbit
0.0,pursuit,97.0,30.0,68.0,64.0,0.0,Rabbit
0.0,pursuit,3.0,22.0,19.0,53.0,0.0,Rabbit
0.0,pursuit,27.0,35.0,91.0,93.0,0.0,Rabbit
0.0,pursuit,47.0,43.0,78.0,63.0,0.0,Rabbit
0.0,pursuit,22.0,39.0,12.0,86.0,0.0,Rabbit
0.0,pursuit,97.0,94.0,34.0,5.0,0.0,Rabbit
0.0,pursuit,78.0,23.0,48.0,59.0,0.0,Rabbit
0.0,pursuit,45.0,11.0,23.0,47.0,0.0,Rabbit
0.0,pursuit,23.0,50.0,71.0,5.0,0.0,Rabbit
0.0,pursuit,83.0,62.0,48.0,4.0,0.0,Rabbit
0.0,pursuit,38.0,17.0,67.0,64.0,0.0,Rabbit
0.0,pursuit,44.0,27.0,56.0,37.0,1.0,Rabbit
0.0,pursuit,75.0,82.0,91.0,63.0,0.0,Rabbit
0.0,pursuit,71.0,5.0,77.0,29.0,0.0,Rabbit
0.0,pursuit,91.0,26.0,43.0,81.0,1.0,Rabbit
0.0,pursuit,61.0,90.0,4.0,18.0,0.0,Rabbit
0.0,pursuit,46.0,91.0,13.0,100.0,0.0,Rabbit
0.0,pursuit,53.0,28.0,51.0,21.0,0.0,Rabbit
0.0,pursuit,95.0,9.0,75.0,93.0,1.0,Rabbit
0.0,pursuit,89.0,81.0,48.0,7.0,0.0,Rabbit
0.0,pursuit,51.0,81.0,81.0,60.0,0.0,Rabbit
0.0,pursuit,95.0,28.0,90.0,17.0,0.0,Rabbit
0.0,pursuit,39.0,40.0,72.0,55.0,0.0,Rabbit
0.0,pursuit,17.0,54.0,20.0,90.0,0.0,Rabbit
0.0,pursuit,100.0,32.0,26.0,59.0,0.0,Rabbit
0.0,pursuit,17.0,81.0,79.0,29.0,0.0,Rabbit
0.0,pursuit,68.0,2.0,52.0,5.0,0.0,Rabbit
0.0,pursuit,30.0,84.0,72.0,69.0,0.0,Rabbit
0.0,pursuit,2.0,30.0,8.0,30.0,0.0,Rabbit
0.0,pursuit,47.0,21.0,13.0,32.0,0.0,Rabbit
0.0,pursuit,67.0,28.0,23.0,6.0,0.0,Rabbit
0.0,pursuit,36.0,82.0,22.0,45.0,0.0,Rabbit
0.0,pursuit,35.0,63.0,100.0,53.0,0.0,Rabbit
0.0,pursuit,45.0,81.0,99.0,92.0,0.0,Rabbit
0.0,pursuit,26.0,69.0,33.0,64.0,0.0,Rabbit
0.0,pursuit,64.0,78.0,55.0,4.0,0.0,Rabbit
0.0,pursuit,88.0,7.0,76.0,89.0,0.0,Rabbit
0.0,pursuit,22.0,1.0,25.0,67.0,0.0,Rabbit
0.0,pursuit,91.0,22.0,72.0,26.0,0.0,Rabbit
0.0,pursuit,31.0,35.0,47.0,15.0,0.0,Rabbit
0.0,pursuit,10.0,34.0,100.0,29.0,0.0,Rabbit
0.0,pursuit,39.0,7.0,26.0,15.0,0.0,Rabbit
0.0,pursuit,10.0,56.0,24.0,30.0,0.0,Rabbit
0.0,pursuit,61.0,59.0,59.0,77.0,0.0,Rabbit
0.0,pursuit,73.0,39.0,10.0,20.0,0.0,Rabbit
0.0,pursuit,52.0,49.0,79.0,65.0,1.0,Rabbit
0.0,pursuit,75.0,55.0,54.0,93.0,0.0,Rabbit
0.0,pursuit,12.0,62.0,36.0,29.0,0.0,Rabbit
0.0,pursuit,80.0,33.0,51.0,1.0,0.0,Rabbit
0.0,pursuit,13.0,23.0,60.0,30.0,0.0,Rabbit
0.0,pursuit,74.0,74.0,45.0,73.0,1.0,Rabbit
0.0,pursuit,3.0,72.0,82.0,91.0,0.0,Rabbit
0.0,pursuit,86.0,22.0,71.0,52.0,0.0,Rabbit
0.0,pursuit,45.0,5.0,72.0,67.0,0.0,Rabbit
0.0,pursuit,10.0,58.0,45.0,66.0,0.0,Rabbit
0.0,pursuit,51.0,40.0,92.0,11.0,0.0,Rabbit
0.0,pursuit,57.0,88.0,71.0,98.0,0.0,Rabbit
0.0,pursuit,2.0,33.0,3.0,26.0,0.0,Rabbit
0.0,pursuit,65.0,3.0,16.0,64.0,1.0,Rabbit
0.0,pursuit,11.0,20.0,2.0,31.0,0.0,Rabbit
0.0,pursuit,97.0,12.0,75.0,36.0,0.0,Rabbit
0.0,pursuit,43.0,11.0,40.0,94.0,0.0,Rabbit
0.0,pursuit,87.0,38.0,76.0,84.0,1.0,Rabbit
0.0,pursuit,32.0,77.0,34.0,74.0,0.0,Rabbit
0.0,pursuit,77.0,19.0,37.0,24.0,0.0,Rabbit
0.0,pursuit,25.0,88.0,14.0,49.0,0.0,Rabbit
0.0,pursuit,66.0,16.0,75.0,48.0,1.0,Rabbit
0.0,pursuit,65.0,88.0,75.0,60.0,0.0,Rabbit
0.0,pursuit,82.0,52.0,41.0,86.0,1.0,Rabbit
0.0,pursuit,48.0,94.0,43.0,57.0,0.0,Rabbit
0.0,pursuit,85.0,40.0,39.0,90.0,0.0,Rabbit
0.0,pursuit,78.0,87.0,57.0,15.0,0.0,Rabbit
0.0,pursuit,51.0,6.0,22.0,9.0,0.0,Rabbit
0.0,pursuit,2.0,40.0,47.0,8.0,0.0,Rabbit
0.0,pursuit,79.0,47.0,68.0,36.0,1.0,Rabbit
0.0,pursuit,66.0,57.0,7.0,71.0,1.0,Rabbit
0.0,pursuit,82.0,79.0,69.0,79.0,0.0,Rabbit
0.0,pursuit,8.0,29.0,24.0,39.0,1.0,Rabbit
0.0,pursuit,2.0,34.0,79.0,30.0,0.0,Rabbit
0.0,pursuit,4.0,65.0,4.0,100.0,1.0,Rabbit
0.0,pursuit,59.0,11.0,25.0,20.0,0.0,Rabbit
0.0,pursuit,20.0,51.0,12.0,54.0,0.0,Rabbit
0.0,pursuit,4.0,18.0,55.0,88.0,0.0,Rabbit
0.0,pursuit,49.0,91.0,96.0,18.0,0.0,Rabbit
0.0,pursuit,85.0,95.0,57.0,5.0,0.0,Rabbit
0.0,pursuit,85.0,85.0,78.0,3.0,0.0,Rabbit
0.0,pursuit,59.0,2.0,38.0,20.0,0.0,Rabbit
0.0,pursuit,76.0,14.0,77.0,12.0,0.0,Rabbit
0.0,pursuit,5.0,17.0,45.0,63.0,0.0,Rabbit
0.0,pursuit,5.0,9.0,31.0,96.0,0.0,Rabbit
0.0,pursuit,67.0,5.0,15.0,14.0,0.0,Rabbit
0.0,pursuit,51.0,94.0,94.0,74.0,0.0,Rabbit
0.0,pursuit,3.0,55.0,76.0,12.0,0.0,Rabbit
0.0,pursuit,89.0,46.0,2.0,95.0,0.0,Rabbit
0.0,pursuit,45.0,25.0,6.0,56.0,0.0,Rabbit
0.0,pursuit,75.0,93.0,65.0,23.0,0.0,Rabbit
0.0,pursuit,22.0,72.0,75.0,51.0,0.0,Rabbit
0.0,pursuit,5.0,64.0,9.0,77.0,0.0,Rabbit
0.0,pursuit,18.0,95.0,75.0,71.0,0.0,Rabbit
0.0,pursuit,82.0,43.0,4.0,77.0,0.0,Rabbit
0.0,pursuit,5.0,55.0,76.0,15.0,0.0,Rabbit
0.0,pursuit,87.0,34.0,39.0,58.0,0.0,Rabbit
0.0,pursuit,41.0,73.0,59.0,71.0,0.0,Rabbit
0.0,pursuit,1.0,22.0,51.0,73.0,0.0,Rabbit
0.0,pursuit,97.0,59.0,40.0,99.0,0.0,Rabbit
0.0,pursuit,8.0,44.0,30.0,4.0,0.0,Rabbit
0.0,pursuit,94.0,70.0,27.0,10.0,0.0,Rabbit
0.0,pursuit,87.0,81.0,45.0,86.0,1.0,Rabbit
0.0,pursuit,34.0,7.0,41.0,42.0,1.0,Rabbit
0.0,pursuit,99.0,52.0,95.0,35.0,0.0,Rabbit
0.0,pursuit,38.0,62.0,8.0,61.0,0.0,Rabbit
0.0,pursuit,59.0,38.0,50.0,90.0,0.0,Rabbit
0.0,pursuit,25.0,14.0,37.0,21.0,0.0,Rabbit
0.0,pursuit,60.0,12.0,81.0,50.0,1.0,Rabbit
0.0,pursuit,63.0,75.0,39.0,15.0,0.0,Rabbit
0.0,pursuit,23.0,20.0,66.0,76.0,1.0,Rabbit
0.0,pursuit,49.0,16.0,56.0,90.0,0.0,Rabbit
0.0,pursuit,36.0,64.0,17.0,67.0,0.0,Rabbit
0.0,pursuit,81.0,59.0,24.0,33.0,0.0,Rabbit
0.0,pursuit,39.0,58.0,4.0,68.0,0.0,Rabbit
0.0,pursuit,18.0,54.0,66.0,2.0,0.0,Rabbit
0.0,pursuit,37.0,6.0,73.0,96.0,1.0,Rabbit
0.0,pursuit,100.0,92.0,33.0,32.0,0.0,Rabbit
0.0,pursuit,5.0,9.0,88.0,6.0,0.0,Rabbit
0.0,pursuit,42.0,25.0,5.0,50.0,0.0,Rabbit
0.0,pursuit,84.0,91.0,88.0,13.0,0.0,Rabbit
0.0,pursuit,59.0,94.0,53.0,38.0,0.0,Rabbit
0.0,pursuit,17.0,35.0,36.0,79.0,0.0,Rabbit
0.0,pursuit,46.0,6.0,90.0,88.0,1.0,Rabbit
0.0,pursuit,71.0,77.0,65.0,37.0,0.0,Rabbit
0.0,pursuit,19.0,31.0,70.0,69.0,0.0,Rabbit
0.0,pursuit,4.0,28.0,22.0,39.0,0.0,Rabbit
0.0,pursuit,19.0,26.0,50.0,89.0,0.0,Rabbit
0.0,pursuit,33.0,47.0,93.0,90.0,0.0,Rabbit
0.0,pursuit,89.0,26.0,84.0,13.0,0.0,Rabbit
0.0,pursuit,15.0,58.0,94.0,48.0,1.0,Rabbit
0.0,pursuit,69.0,46.0,55.0,89.0,0.0,Rabbit
0.0,pursuit,67.0,78.0,54.0,51.0,0.0,Rabbit
0.0,pursuit,78.0,2.0,44.0,68.0,1.0,Rabbit
0.0,pursuit,80.0,24.0,69.0,96.0,0.0,Rabbit
0.0,pursuit,69.0,76.0,53.0,58.0,0.0,Rabbit
0.0,pursuit,47.0,38.0,59.0,7.0,0.0,Rabbit
0.0,pursuit,80.0,89.0,8.0,68.0,0.0,Rabbit
0.0,pursuit,66.0,75.0,3.0,70.0,0.0,Rabbit
0.0,pursuit,87.0,17.0,30.0,12.0,0.0,Rabbit
0.0,pursuit,82.0,25.0,87.0,69.0,0.0,Rabbit
0.0,pursuit,10.0,19.0,80.0,66.0,0.0,Rabbit
0.0,pursuit,17.0,26.0,82.0,56.0,1.0,Rabbit
0.0,pursuit,42.0,33.0,88.0,9.0,0.0,Rabbit
0.0,pursuit,90.0,82.0,13.0,25.0,1.0,Rabbit
0.0,pursuit,94.0,54.0,73.0,21.0,0.0,Rabbit
0.0,pursuit,74.0,10.0,48.0,3.0,0.0,Rabbit
0.0,pursuit,25.0,94.0,29.0,39.0,0.0,Rabbit
0.0,pursuit,59.0,36.0,10.0,25.0,0.0,Rabbit
0.0,pursuit,64.0,99.0,89.0,49.0,0.0,Rabbit
0.0,pursuit,31.0,84.0,79.0,19.0,0.0,Rabbit
0.0,pursuit,72.0,8.0,95.0,48.0,0.0,Rabbit
0.0,pursuit,94.0,77.0,38.0,35.0,0.0,Rabbit
0.0,pursuit,55.0,54.0,50.0,60.0,0.0,Rabbit
0.0,pursuit,75.0,2.0,100.0,5.0,0.0,Rabbit
0.0,pursuit,19.0,47.0,43.0,46.0,0.0,Rabbit
0.0,pursuit,57.0,20.0,8.0,41.0,0.0,Rabbit
0.0,pursuit,45.0,9.0,11.0,45.0,0.0,Rabbit
0.0,pursuit,33.0,47.0,57.0,19.0,1.0,Rabbit
0.0,pursuit,50.0,73.0,3.0,100.0,0.0,Rabbit
0.0,pursuit,84.0,14.0,89.0,100.0,1.0,Rabbit
0.0,pursuit,27.0,37.0,92.0,7.0,0.0,Rabbit
0.0,pursuit,29.0,61.0,69.0,37.0,0.0,Rabbit
0.0,pursuit,12.0,50.0,34.0,9.0,0.0,Rabbit
0.0,pursuit,52.0,29.0,67.0,6.0,0.0,Rabbit
0.0,pursuit,27.0,60.0,81.0,86.0,1.0,Rabbit
0.0,pursuit,28.0,48.0,53.0,34.0,0.0,Rabbit
0.0,pursuit,60.0,13.0,95.0,3.0,0.0,Rabbit
0.0,pursuit,94.0,33.0,20.0,18.0,0.0,Rabbit
0.0,pursuit,75.0,52.0,18.0,33.0,0.0,Rabbit
0.0,pursuit,100.0,16.0,94.0,88.0,0.0,Rabbit
0.0,pursuit,46.0,44.0,78.0,55.0,0.0,Rabbit
0.0,pursuit,65.0,82.0,100.0,67.0,0.0,Rabbit
0.0,pursuit,29.0,49.0,1.0,76.0,0.0,Rabbit
0.0,pursuit,26.0,91.0,7.0,100.0,0.0,Rabbit
0.0,pursuit,79.0,42.0,51.0,18.0,0.0,Rabbit
0.0,pursuit,39.0,43.0,60.0,54.0,0.0,Rabbit
0.0,pursuit,45.0,43.0,99.0,86.0,0.0,Rabbit
0.0,pursuit,64.0,77.0,9.0,24.0,0.0,Rabbit
0.0,pursuit,77.0,51.0,93.0,95.0,0.0,Rabbit
0.0,pursuit,69.0,6.0,19.0,73.0,0.0,Rabbit
0.0,pursuit,73.0,45.0,51.0,59.0,0.0,Rabbit
0.0,pursuit,76.0,56.0,92.0,92.0,0.0,Rabbit
0.0,pursuit,31.0,38.0,56.0,68.0,0.0,Rabbit
0.0,pursuit,73.0,5.0,42.0,39.0,0.0,Rabbit
0.0,pursuit,100.0,76.0,97.0,40.0,0.0,Rabbit
0.0,pursuit,35.0,65.0,61.0,51.0,0.0,Rabbit
0.0,pursuit,67.0,85.0,30.0,37.0,0.0,Rabbit
0.0,pursuit,16.0,80.0,2.0,80.0,0.0,Rabbit
0.0,pursuit,9.0,51.0,23.0,80.0,0.0,Rabbit
0.0,pursuit,83.0,30.0,64.0,44.0,0.0,Rabbit
0.0,pursuit,35.0,42.0,55.0,60.0,0.0,Rabbit
0.0,pursuit,11.0,61.0,57.0,97.0,0.0,Rabbit
0.0,pursuit,63.0,26.0,64.0,83.0,1.0,Rabbit
0.0,pursuit,44.0,35.0,43.0,8.0,0.0,Rabbit
0.0,pursuit,18.0,12.0,64.0,20.0,0.0,Rabbit
0.0,pursuit,55.0,20.0,26.0,86.0,0.0,Rabbit
0.0,pursuit,57.0,42.0,99.0,91.0,0.0,Rabbit
0.0,pursuit,2.0,85.0,29.0,84.0,0.0,Rabbit
0.0,pursuit,98.0,66.0,97.0,62.0,0.0,Rabbit
0.0,pursuit,52.0,76.0,9.0,41.0,0.0,Rabbit
0.0,pursuit,15.0,18.0,79.0,18.0,0.0,Rabbit
0.0,pursuit,19.0,88.0,17.0,2.0,0.0,Rabbit
0.0,pursuit,89.0,66.0,21.0,34.0,0.0,Rabbit
0.0,pursuit,47.0,45.0,24.0,37.0,0.0,Rabbit
0.0,pursuit,4.0,56.0,38.0,45.0,0.0,Rabbit
0.0,pursuit,38.0,32.0,19.0,66.0,0.0,Rabbit
0.0,pursuit,92.0,75.0,93.0,17.0,0.0,Rabbit
0.0,pursuit,50.0,65.0,3.0,98.0,0.0,Rabbit
0.0,pursuit,81.0,39.0,13.0,65.0,0.0,Rabbit
0.0,pursuit,33.0,27.0,65.0,79.0,0.0,Rabbit
0.0,pursuit,62.0,86.0,86.0,71.0,0.0,Rabbit
0.0,pursuit,76.0,64.0,4.0,80.0,0.0,Rabbit
0.0,pursuit,97.0,92.0,77.0,6.0,0.0,Rabbit
0.0,pursuit,17.0,65.0,74.0,45.0,0.0,Rabbit
0.0,pursuit,39.0,93.0,77.0,56.0,0.0,Rabbit
0.0,pursuit,94.0,56.0,24.0,49.0,0.0,Rabbit
0.0,pursuit,63.0,97.0,46.0,57.0,0.0,Rabbit
0.0,pursuit,54.0,36.0,61.0,90.0,0.0,Rabbit
0.0,pursuit,51.0,45.0,18.0,59.0,0.0,Rabbit
0.0,pursuit,50.0,24.0,36.0,79.0,0.0,Rabbit
0.0,pursuit,18.0,12.0,64.0,1.0,0.0,Rabbit
1.0,pursuit,18.0,94.0,96.0,54.0,0.0,Rabbit
1.0,pursuit,51.0,5.0,36.0,42.0,0.0,Rabbit
1.0,pursuit,51.0,5.0,36.0,42.0,0.0,Rabbit
1.0,pursuit,18.0,94.0,96.0,54.0,0.0,Rabbit
1.0,pursuit,18.0,94.0,96.0,54.0,0.0,Rabbit
1.0,pursuit,81.0,75.0,24.0,35.0,0.0,Rabbit
1.0,pursuit,22.0,56.0,73.0,34.0,0.0,Rabbit
1.0,pursuit,81.0,75.0,24.0,35.0,0.0,Rabbit
1.0,pursuit,31.0,6.0,3.0,57.0,0.0,Rabbit
1.0,pursuit,99.0,71.0,57.0,81.0,0.0,Rabbit
1.0,pursuit,41.0,99.0,14.0,66.0,0.0,Rabbit
1.0,pursuit,99.0,71.0,57.0,81.0,0.0,Rabbit
1.0,pursuit,41.0,99.0,14.0,66.0,0.0,Rabbit
1.0,pursuit,66.0,15.0,64.0,80.0,0.0,Rabbit
1.0,pursuit,57.0,9.0,73.0,67.0,0.0,Rabbit
1.0,pursuit,11.0,52.0,91.0,58.0,0.0,Rabbit
1.0,pursuit,62.0,19.0,64.0,80.0,0.0,Rabbit
1.0,pursuit,14.0,50.0,63.0,26.0,0.0,Rabbit
1.0,pursuit,21.0,3.0,53.0,39.0,0.0,Rabbit
1.0,pursuit,21.0,3.0,53.0,39.0,0.0,Rabbit
1.0,pursuit,33.0,18.0,60.0,76.0,0.0,Rabbit
1.0,pursuit,95.0,91.0,77.0,57.0,0.0,Rabbit
1.0,pursuit,33.0,18.0,60.0,76.0,1.0,Rabbit
1.0,pursuit,33.0,18.0,60.0,76.0,0.0,Rabbit
1.0,pursuit,22.0,56.0,73.0,34.0,1.0,Rabbit
1.0,pursuit,93.0,76.0,97.0,92.0,1.0,Rabbit
1.0,pursuit,76.0,57.0,48.0,56.0,1.0,Rabbit
1.0,pursuit,93.0,76.0,97.0,92.0,1.0,Rabbit
1.0,pursuit,22.0,56.0,73.0,34.0,0.0,Rabbit
1.0,pursuit,11.0,52.0,91.0,58.0,1.0,Rabbit
1.0,pursuit,31.0,2.0,5.0,57.0,1.0,Rabbit
1.0,pursuit,62.0,19.0,64.0,80.0,0.0,Rabbit
1.0,pursuit,9.0,35.0,98.0,53.0,0.0,Rabbit
1.0,pursuit,94.0,65.0,61.0,55.0,1.0,Rabbit
1.0,pursuit,94.0,65.0,61.0,55.0,0.0,Rabbit
1.0,pursuit,94.0,65.0,57.0,55.0,1.0,Rabbit
1.0,pursuit,76.0,57.0,48.0,56.0,0.0,Rabbit
1.0,pursuit,6.0,77.0,72.0,36.0,0.0,Rabbit
1.0,pursuit,6.0,77.0,72.0,36.0,1.0,Rabbit
1.0,pursuit,6.0,77.0,72.0,36.0,0.0,Rabbit
1.0,pursuit,14.0,50.0,63.0,26.0,1.0,Rabbit
1.0,pursuit,83.0,89.0,9.0,77.0,0.0,Rabbit
1.0,pursuit,42.0,69.0,62.0,77.0,0.0,Rabbit
1.0,pursuit,21.0,22.0,88.0,83.0,0.0,Rabbit
1.0,pursuit,91.0,12.0,66.0,67.0,0.0,Rabbit
1.0,pursuit,9.0,35.0,98.0,53.0,1.0,Rabbit
1.0,pursuit,90.0,12.0,70.0,67.0,1.0,Rabbit
1.0,pursuit,83.0,89.0,9.0,77.0,0.0,Rabbit
1.0,pursuit,83.0,58.0,76.0,70.0,0.0,Rabbit
1.0,pursuit,83.0,89.0,9.0,77.0,0.0,Rabbit
1.0,pursuit,52.0,9.0,72.0,36.0,0.0,Rabbit
1.0,pursuit,95.0,33.0,63.0,49.0,0.0,Rabbit
1.0,pursuit,55.0,73.0,99.0,100.0,0.0,Rabbit
1.0,pursuit,37.0,40.0,80.0,49.0,0.0,Rabbit
1.0,pursuit,37.0,40.0,79.0,47.0,0.0,Rabbit
1.0,pursuit,95.0,33.0,63.0,49.0,0.0,Rabbit
1.0,pursuit,29.0,15.0,63.0,49.0,0.0,Rabbit
1.0,pursuit,67.0,82.0,48.0,87.0,1.0,Rabbit
1.0,pursuit,67.0,82.0,48.0,87.0,0.0,Rabbit
1.0,pursuit,59.0,19.0,78.0,40.0,1.0,Rabbit
1.0,pursuit,43.0,96.0,83.0,37.0,0.0,Rabbit
1.0,pursuit,52.0,9.0,72.0,36.0,1.0,Rabbit
1.0,pursuit,72.0,98.0,62.0,56.0,0.0,Rabbit
1.0,pursuit,37.0,40.0,80.0,49.0,1.0,Rabbit
1.0,pursuit,21.0,22.0,88.0,83.0,1.0,Rabbit
1.0,pursuit,67.0,16.0,65.0,29.0,1.0,Rabbit
1.0,pursuit,67.0,82.0,48.0,87.0,0.0,Rabbit
1.0,pursuit,29.0,15.0,63.0,49.0,1.0,Rabbit
1.0,pursuit,67.0,16.0,65.0,29.0,0.0,Rabbit
1.0,pursuit,22.0,41.0,17.0,18.0,0.0,Rabbit
1.0,pursuit,25.0,41.0,17.0,18.0,0.0,Rabbit
1.0,pursuit,12.0,15.0,52.0,67.0,0.0,Rabbit
1.0,pursuit,21.0,22.0,88.0,83.0,1.0,Rabbit
1.0,pursuit,12.0,15.0,52.0,67.0,0.0,Rabbit
1.0,pursuit,22.0,41.0,17.0,18.0,1.0,Rabbit
1.0,pursuit,79.0,86.0,94.0,44.0,1.0,Rabbit
1.0,pursuit,72.0,98.0,62.0,56.0,0.0,Rabbit
1.0,pursuit,72.0,47.0,79.0,85.0,1.0,Rabbit
1.0,pursuit,69.0,46.0,28.0,40.0,0.0,Rabbit
1.0,pursuit,69.0,46.0,28.0,40.0,0.0,Rabbit
1.0,pursuit,72.0,47.0,79.0,85.0,0.0,Rabbit
1.0,pursuit,69.0,46.0,28.0,40.0,0.0,Rabbit
1.0,pursuit,32.0,12.0,7.0,20.0,0.0,Rabbit
1.0,pursuit,90.0,47.0,92.0,62.0,0.0,Rabbit
1.0,pursuit,32.0,12.0,7.0,20.0,0.0,Rabbit
1.0,pursuit,6.0,51.0,83.0,97.0,0.0,Rabbit
1.0,pursuit,70.0,29.0,7.0,96.0,0.0,Rabbit
1.0,pursuit,6.0,51.0,83.0,97.0,0.0,Rabbit
1.0,pursuit,12.0,15.0,52.0,67.0,1.0,Rabbit
1.0,pursuit,35.0,14.0,100.0,87.0,1.0,Rabbit
1.0,pursuit,20.0,33.0,60.0,54.0,0.0,Rabbit
1.0,pursuit,20.0,22.0,47.0,51.0,0.0,Rabbit
1.0,pursuit,48.0,11.0,79.0,38.0,1.0,Rabbit
1.0,pursuit,20.0,22.0,47.0,51.0,1.0,Rabbit
1.0,pursuit,21.0,10.0,6.0,43.0,0.0,Rabbit
1.0,pursuit,20.0,22.0,47.0,51.0,0.0,Rabbit
1.0,pursuit,11.0,26.0,40.0,60.0,0.0,Rabbit
1.0,pursuit,11.0,26.0,40.0,60.0,0.0,Rabbit
1.0,pursuit,21.0,10.0,6.0,43.0,0.0,Rabbit
1.0,pursuit,48.0,11.0,79.0,38.0,1.0,Rabbit
1.0,pursuit,84.0,67.0,7.0,48.0,0.0,Rabbit
1.0,pursuit,70.0,29.0,7.0,96.0,0.0,Rabbit
1.0,pursuit,11.0,26.0,40.0,60.0,0.0,Rabbit
1.0,pursuit,84.0,67.0,7.0,48.0,0.0,Rabbit
1.0,pursuit,9.0,85.0,99.0,45.0,1.0,Rabbit
1.0,pursuit,20.0,33.0,60.0,54.0,1.0,Rabbit
1.0,pursuit,73.0,19.0,81.0,43.0,1.0,Rabbit
1.0,pursuit,9.0,85.0,99.0,45.0,0.0,Rabbit
1.0,pursuit,11.0,15.0,55.0,64.0,0.0,Rabbit
1.0,pursuit,11.0,15.0,55.0,64.0,0.0,Rabbit
1.0,pursuit,84.0,67.0,7.0,48.0,0.0,Rabbit
1.0,pursuit,20.0,33.0,60.0,54.0,1.0,Rabbit
1.0,pursuit,76.0,19.0,81.0,47.0,0.0,Rabbit
1.0,pursuit,88.0,37.0,93.0,42.0,0.0,Rabbit
1.0,pursuit,32.0,14.0,87.0,93.0,0.0,Rabbit
1.0,pursuit,88.0,37.0,93.0,42.0,0.0,Rabbit
1.0,pursuit,19.0,11.0,18.0,63.0,0.0,Rabbit
1.0,pursuit,84.0,30.0,39.0,62.0,0.0,Rabbit
1.0,pursuit,11.0,15.0,55.0,64.0,0.0,Rabbit
1.0,pursuit,19.0,11.0,18.0,63.0,0.0,Rabbit
1.0,pursuit,72.0,60.0,45.0,42.0,0.0,Rabbit
1.0,pursuit,41.0,6.0,82.0,91.0,0.0,Rabbit
1.0,pursuit,65.0,14.0,56.0,77.0,0.0,Rabbit
1.0,pursuit,79.0,60.0,91.0,86.0,1.0,Rabbit
1.0,pursuit,88.0,37.0,93.0,42.0,1.0,Rabbit
1.0,pursuit,90.0,90.0,43.0,40.0,0.0,Rabbit
1.0,pursuit,90.0,90.0,43.0,40.0,0.0,Rabbit
1.0,pursuit,90.0,90.0,43.0,40.0,0.0,Rabbit
1.0,pursuit,73.0,20.0,79.0,80.0,1.0,Rabbit
1.0,pursuit,89.0,6.0,70.0,41.0,0.0,Rabbit
1.0,pursuit,73.0,20.0,79.0,80.0,1.0,Rabbit
1.0,pursuit,89.0,6.0,70.0,41.0,0.0,Rabbit
1.0,pursuit,67.0,53.0,43.0,96.0,1.0,Rabbit
1.0,pursuit,19.0,11.0,18.0,63.0,1.0,Rabbit
1.0,pursuit,67.0,53.0,43.0,96.0,0.0,Rabbit
1.0,pursuit,32.0,14.0,87.0,93.0,1.0,Rabbit
1.0,pursuit,79.0,60.0,91.0,86.0,0.0,Rabbit
1.0,pursuit,58.0,9.0,57.0,9.0,0.0,Rabbit
1.0,pursuit,78.0,28.0,99.0,83.0,0.0,Rabbit
1.0,pursuit,73.0,31.0,47.0,50.0,1.0,Rabbit
1.0,pursuit,41.0,6.0,82.0,91.0,1.0,Rabbit
1.0,pursuit,89.0,6.0,70.0,41.0,0.0,Rabbit
1.0,pursuit,69.0,68.0,25.0,20.0,0.0,Rabbit
1.0,pursuit,67.0,53.0,43.0,96.0,0.0,Rabbit
1.0,pursuit,51.0,36.0,87.0,83.0,0.0,Rabbit
1.0,pursuit,99.0,42.0,61.0,79.0,0.0,Rabbit
1.0,pursuit,20.0,23.0,77.0,50.0,0.0,Rabbit
1.0,pursuit,41.0,6.0,82.0,91.0,0.0,Rabbit
1.0,pursuit,51.0,36.0,87.0,83.0,0.0,Rabbit
1.0,pursuit,38.0,36.0,100.0,64.0,1.0,Rabbit
1.0,pursuit,12.0,50.0,72.0,39.0,1.0,Rabbit
1.0,pursuit,20.0,23.0,77.0,50.0,0.0,Rabbit
1.0,pursuit,12.0,50.0,72.0,39.0,0.0,Rabbit
1.0,pursuit,12.0,50.0,72.0,39.0,0.0,Rabbit
1.0,pursuit,13.0,28.0,67.0,72.0,0.0,Rabbit
1.0,pursuit,97.0,5.0,6.0,42.0,0.0,Rabbit
1.0,pursuit,14.0,17.0,43.0,66.0,0.0,Rabbit
1.0,pursuit,99.0,42.0,61.0,79.0,0.0,Rabbit
1.0,pursuit,14.0,17.0,43.0,66.0,0.0,Rabbit
1.0,pursuit,100.0,4.0,24.0,44.0,1.0,Rabbit
1.0,pursuit,55.0,10.0,51.0,30.0,0.0,Rabbit
1.0,pursuit,20.0,23.0,77.0,50.0,1.0,Rabbit
1.0,pursuit,55.0,10.0,51.0,30.0,0.0,Rabbit
1.0,pursuit,55.0,10.0,51.0,30.0,0.0,Rabbit
1.0,pursuit,100.0,4.0,24.0,44.0,0.0,Rabbit
1.0,pursuit,95.0,10.0,4.0,65.0,0.0,Rabbit
1.0,pursuit,95.0,10.0,4.0,65.0,0.0,Rabbit
1.0,pursuit,14.0,60.0,72.0,48.0,1.0,Rabbit
1.0,pursuit,38.0,36.0,100.0,64.0,0.0,Rabbit
1.0,pursuit,13.0,28.0,67.0,72.0,1.0,Rabbit
1.0,pursuit,91.0,86.0,71.0,86.0,1.0,Rabbit
1.0,pursuit,91.0,86.0,71.0,86.0,0.0,Rabbit
1.0,pursuit,24.0,76.0,22.0,66.0,0.0,Rabbit
1.0,pursuit,100.0,4.0,24.0,44.0,0.0,Rabbit
1.0,pursuit,20.0,1.0,83.0,79.0,0.0,Rabbit
1.0,pursuit,80.0,48.0,36.0,41.0,0.0,Rabbit
1.0,pursuit,74.0,2.0,38.0,78.0,1.0,Rabbit
1.0,pursuit,68.0,4.0,83.0,56.0,0.0,Rabbit
1.0,pursuit,20.0,1.0,83.0,79.0,1.0,Rabbit
1.0,pursuit,74.0,2.0,38.0,78.0,1.0,Rabbit
1.0,pursuit,14.0,60.0,72.0,48.0,0.0,Rabbit
1.0,pursuit,24.0,76.0,22.0,66.0,0.0,Rabbit
1.0,pursuit,74.0,2.0,38.0,78.0,1.0,Rabbit
1.0,pursuit,38.0,39.0,61.0,60.0,0.0,Rabbit
1.0,pursuit,72.0,72.0,33.0,54.0,0.0,Rabbit
1.0,pursuit,24.0,76.0,22.0,66.0,0.0,Rabbit
1.0,pursuit,66.0,42.0,55.0,65.0,1.0,Rabbit
1.0,pursuit,14.0,60.0,72.0,48.0,0.0,Rabbit
1.0,pursuit,20.0,97.0,95.0,38.0,0.0,Rabbit
1.0,pursuit,20.0,97.0,95.0,38.0,0.0,Rabbit
1.0,pursuit,65.0,96.0,69.0,59.0,0.0,Rabbit
1.0,pursuit,65.0,96.0,69.0,59.0,0.0,Rabbit
1.0,pursuit,34.0,63.0,27.0,71.0,0.0,Rabbit
1.0,pursuit,95.0,10.0,4.0,65.0,0.0,Rabbit
1.0,pursuit,67.0,87.0,37.0,85.0,0.0,Rabbit
1.0,pursuit,65.0,96.0,69.0,59.0,0.0,Rabbit
1.0,pursuit,34.0,63.0,27.0,71.0,0.0,Rabbit
1.0,pursuit,91.0,80.0,27.0,84.0,1.0,Rabbit
1.0,pursuit,65.0,46.0,39.0,45.0,0.0,Rabbit
1.0,pursuit,66.0,42.0,55.0,65.0,0.0,Rabbit
1.0,pursuit,38.0,39.0,61.0,60.0,0.0,Rabbit
1.0,pursuit,18.0,15.0,68.0,50.0,1.0,Rabbit
1.0,pursuit,65.0,46.0,39.0,45.0,1.0,Rabbit
1.0,pursuit,24.0,53.0,69.0,41.0,0.0,Rabbit
1.0,pursuit,92.0,9.0,71.0,84.0,1.0,Rabbit
1.0,pursuit,92.0,9.0,71.0,84.0,1.0,Rabbit
1.0,pursuit,16.0,45.0,41.0,17.0,0.0,Rabbit
1.0,pursuit,23.0,31.0,86.0,95.0,0.0,Rabbit
1.0,pursuit,42.0,8.0,50.0,66.0,0.0,Rabbit
1.0,pursuit,66.0,42.0,55.0,65.0,0.0,Rabbit
1.0,pursuit,95.0,20.0,76.0,74.0,1.0,Rabbit
1.0,pursuit,67.0,87.0,37.0,85.0,0.0,Rabbit
1.0,pursuit,89.0,86.0,60.0,68.0,0.0,Rabbit
1.0,pursuit,95.0,16.0,80.0,74.0,0.0,Rabbit
1.0,pursuit,24.0,53.0,69.0,41.0,1.0,Rabbit
1.0,pursuit,91.0,80.0,27.0,84.0,0.0,Rabbit
1.0,pursuit,100.0,42.0,45.0,90.0,0.0,Rabbit
1.0,pursuit,24.0,53.0,69.0,41.0,1.0,Rabbit
1.0,pursuit,87.0,55.0,96.0,57.0,0.0,Rabbit
1.0,pursuit,80.0,33.0,24.0,80.0,0.0,Rabbit
1.0,pursuit,80.0,33.0,24.0,80.0,0.0,Rabbit
1.0,pursuit,87.0,55.0,96.0,57.0,0.0,Rabbit
1.0,pursuit,87.0,55.0,96.0,57.0,0.0,Rabbit
1.0,pursuit,84.0,30.0,97.0,52.0,0.0,Rabbit
1.0,pursuit,42.0,8.0,50.0,66.0,0.0,Rabbit
1.0,pursuit,93.0,35.0,93.0,44.0,1.0,Rabbit
1.0,pursuit,97.0,2.0,20.0,57.0,0.0,Rabbit
1.0,pursuit,24.0,77.0,57.0,76.0,0.0,Rabbit
1.0,pursuit,37.0,17.0,97.0,41.0,1.0,Rabbit
1.0,pursuit,72.0,94.0,98.0,18.0,0.0,Rabbit
1.0,pursuit,95.0,20.0,76.0,74.0,0.0,Rabbit
1.0,pursuit,72.0,94.0,98.0,18.0,0.0,Rabbit
1.0,pursuit,28.0,27.0,72.0,33.0,1.0,Rabbit
1.0,pursuit,37.0,17.0,97.0,41.0,1.0,Rabbit
1.0,pursuit,14.0,72.0,36.0,44.0,0.0,Rabbit
1.0,pursuit,37.0,17.0,97.0,41.0,0.0,Rabbit
1.0,pursuit,14.0,72.0,36.0,44.0,0.0,Rabbit
1.0,pursuit,97.0,2.0,18.0,60.0,0.0,Rabbit
1.0,pursuit,30.0,23.0,93.0,83.0,0.0,Rabbit
1.0,pursuit,80.0,83.0,10.0,71.0,0.0,Rabbit
1.0,pursuit,78.0,53.0,41.0,92.0,1.0,Rabbit
1.0,pursuit,78.0,53.0,41.0,92.0,0.0,Rabbit
1.0,pursuit,69.0,50.0,38.0,81.0,1.0,Rabbit
1.0,pursuit,30.0,23.0,93.0,83.0,0.0,Rabbit
1.0,pursuit,69.0,47.0,38.0,81.0,1.0,Rabbit
1.0,pursuit,39.0,8.0,57.0,58.0,0.0,Rabbit
1.0,pursuit,11.0,17.0,26.0,80.0,0.0,Rabbit
1.0,pursuit,100.0,42.0,45.0,90.0,0.0,Rabbit
1.0,pursuit,71.0,1.0,71.0,70.0,0.0,Rabbit
1.0,pursuit,50.0,35.0,90.0,43.0,0.0,Rabbit
1.0,pursuit,30.0,23.0,93.0,83.0,0.0,Rabbit
1.0,pursuit,64.0,41.0,100.0,64.0,1.0,Rabbit
1.0,pursuit,49.0,8.0,49.0,44.0,0.0,Rabbit
1.0,pursuit,49.0,8.0,49.0,44.0,0.0,Rabbit
1.0,pursuit,64.0,41.0,100.0,64.0,1.0,Rabbit
1.0,pursuit,49.0,8.0,49.0,44.0,0.0,Rabbit
1.0,pursuit,69.0,50.0,38.0,81.0,1.0,Rabbit
1.0,pursuit,90.0,79.0,57.0,95.0,0.0,Rabbit
1.0,pursuit,64.0,86.0,74.0,84.0,0.0,Rabbit
1.0,pursuit,50.0,35.0,90.0,44.0,0.0,Rabbit
1.0,pursuit,44.0,21.0,67.0,34.0,1.0,Rabbit
1.0,pursuit,39.0,8.0,57.0,58.0,1.0,Rabbit
1.0,pursuit,72.0,1.0,21.0,60.0,0.0,Rabbit
1.0,pursuit,60.0,12.0,68.0,39.0,0.0,Rabbit
1.0,pursuit,44.0,21.0,67.0,34.0,1.0,Rabbit
1.0,pursuit,44.0,21.0,67.0,34.0,0.0,Rabbit
1.0,pursuit,43.0,28.0,97.0,79.0,1.0,Rabbit
1.0,pursuit,12.0,40.0,42.0,30.0,0.0,Rabbit
1.0,pursuit,12.0,40.0,42.0,30.0,0.0,Rabbit
1.0,pursuit,26.0,22.0,78.0,65.0,1.0,Rabbit
1.0,pursuit,90.0,79.0,57.0,95.0,0.0,Rabbit
1.0,pursuit,64.0,53.0,16.0,56.0,1.0,Rabbit
1.0,pursuit,64.0,53.0,16.0,56.0,1.0,Rabbit
1.0,pursuit,64.0,53.0,16.0,56.0,1.0,Rabbit
1.0,pursuit,68.0,2.0,24.0,46.0,0.0,Rabbit
1.0,pursuit,68.0,2.0,24.0,46.0,0.0,Rabbit
1.0,pursuit,69.0,24.0,17.0,89.0,0.0,Rabbit
1.0,pursuit,100.0,48.0,68.0,65.0,0.0,Rabbit
1.0,pursuit,60.0,12.0,68.0,39.0,1.0,Rabbit
1.0,pursuit,15.0,56.0,27.0,33.0,0.0,Rabbit
1.0,pursuit,83.0,13.0,48.0,84.0,0.0,Rabbit
1.0,pursuit,69.0,24.0,17.0,89.0,0.0,Rabbit
1.0,pursuit,64.0,2.0,22.0,46.0,0.0,Rabbit
1.0,pursuit,79.0,30.0,13.0,55.0,0.0,Rabbit
1.0,pursuit,83.0,13.0,48.0,84.0,0.0,Rabbit
1.0,pursuit,32.0,27.0,79.0,75.0,1.0,Rabbit
1.0,pursuit,28.0,16.0,61.0,34.0,1.0,Rabbit
1.0,pursuit,48.0,28.0,68.0,98.0,0.0,Rabbit
1.0,pursuit,69.0,30.0,94.0,42.0,1.0,Rabbit
1.0,pursuit,69.0,30.0,94.0,42.0,1.0,Rabbit
1.0,pursuit,28.0,16.0,61.0,34.0,0.0,Rabbit
1.0,pursuit,28.0,16.0,61.0,34.0,0.0,Rabbit
1.0,pursuit,34.0,8.0,55.0,65.0,0.0,Rabbit
1.0,pursuit,24.0,19.0,89.0,91.0,1.0,Rabbit
1.0,pursuit,24.0,19.0,89.0,91.0,1.0,Rabbit
1.0,pursuit,71.0,91.0,18.0,79.0,1.0,Rabbit
1.0,pursuit,89.0,85.0,77.0,63.0,1.0,Rabbit
1.0,pursuit,71.0,91.0,18.0,79.0,0.0,Rabbit
1.0,pursuit,48.0,28.0,68.0,98.0,0.0,Rabbit
1.0,pursuit,51.0,21.0,64.0,40.0,1.0,Rabbit
1.0,pursuit,89.0,26.0,95.0,47.0,0.0,Rabbit
1.0,pursuit,51.0,21.0,64.0,40.0,1.0,Rabbit
1.0,pursuit,48.0,28.0,68.0,98.0,0.0,Rabbit
1.0,pursuit,85.0,17.0,4.0,61.0,0.0,Rabbit
1.0,pursuit,89.0,26.0,95.0,47.0,0.0,Rabbit
1.0,pursuit,89.0,85.0,77.0,63.0,0.0,Rabbit
1.0,pursuit,78.0,30.0,25.0,95.0,1.0,Rabbit
1.0,pursuit,88.0,47.0,93.0,71.0,1.0,Rabbit
1.0,pursuit,24.0,19.0,89.0,91.0,0.0,Rabbit
1.0,pursuit,71.0,91.0,18.0,79.0,0.0,Rabbit
1.0,pursuit,27.0,28.0,88.0,68.0,0.0,Rabbit
1.0,pursuit,82.0,89.0,13.0,40.0,0.0,Rabbit
1.0,pursuit,88.0,47.0,93.0,71.0,0.0,Rabbit
1.0,pursuit,85.0,17.0,4.0,61.0,0.0,Rabbit
1.0,pursuit,82.0,89.0,13.0,40.0,0.0,Rabbit
1.0,pursuit,77.0,42.0,32.0,82.0,1.0,Rabbit
1.0,pursuit,74.0,24.0,54.0,79.0,1.0,Rabbit
1.0,pursuit,82.0,89.0,13.0,40.0,0.0,Rabbit
1.0,pursuit,89.0,26.0,95.0,47.0,0.0,Rabbit
1.0,pursuit,19.0,56.0,75.0,46.0,1.0,Rabbit
1.0,pursuit,60.0,10.0,18.0,78.0,0.0,Rabbit
1.0,pursuit,73.0,59.0,96.0,96.0,0.0,Rabbit
1.0,pursuit,52.0,45.0,7.0,51.0,0.0,Rabbit
1.0,pursuit,53.0,98.0,85.0,94.0,0.0,Rabbit
1.0,pursuit,27.0,31.0,90.0,68.0,1.0,Rabbit
1.0,pursuit,77.0,42.0,32.0,82.0,0.0,Rabbit
1.0,pursuit,27.0,31.0,90.0,68.0,1.0,Rabbit
1.0,pursuit,76.0,75.0,77.0,91.0,0.0,Rabbit
1.0,pursuit,92.0,22.0,84.0,75.0,1.0,Rabbit
1.0,pursuit,92.0,22.0,84.0,75.0,1.0,Rabbit
1.0,pursuit,76.0,75.0,77.0,91.0,0.0,Rabbit
1.0,pursuit,79.0,40.0,6.0,22.0,1.0,Rabbit
1.0,pursuit,88.0,47.0,93.0,71.0,0.0,Rabbit
1.0,pursuit,5.0,49.0,60.0,47.0,0.0,Rabbit
1.0,pursuit,19.0,56.0,75.0,46.0,1.0,Rabbit
1.0,pursuit,5.0,49.0,60.0,47.0,0.0,Rabbit
1.0,pursuit,60.0,50.0,38.0,26.0,0.0,Rabbit
1.0,pursuit,44.0,13.0,86.0,83.0,0.0,Rabbit
1.0,pursuit,27.0,15.0,70.0,72.0,0.0,Rabbit
1.0,pursuit,44.0,13.0,86.0,83.0,0.0,Rabbit
1.0,pursuit,66.0,17.0,4.0,85.0,0.0,Rabbit
1.0,pursuit,44.0,13.0,86.0,83.0,0.0,Rabbit
1.0,pursuit,93.0,28.0,12.0,83.0,0.0,Rabbit
1.0,pursuit,61.0,11.0,91.0,63.0,1.0,Rabbit
1.0,pursuit,66.0,15.0,3.0,85.0,0.0,Rabbit
1.0,pursuit,65.0,12.0,91.0,63.0,1.0,Rabbit
1.0,pursuit,92.0,22.0,84.0,75.0,0.0,Rabbit
1.0,pursuit,25.0,2.0,40.0,52.0,0.0,Rabbit
1.0,pursuit,63.0,98.0,59.0,60.0,0.0,Rabbit
1.0,pursuit,27.0,15.0,70.0,72.0,1.0,Rabbit
1.0,pursuit,66.0,17.0,4.0,85.0,0.0,Rabbit
1.0,pursuit,35.0,28.0,98.0,46.0,1.0,Rabbit
1.0,pursuit,97.0,7.0,34.0,24.0,0.0,Rabbit
1.0,pursuit,97.0,7.0,34.0,24.0,0.0,Rabbit
1.0,pursuit,25.0,2.0,40.0,52.0,0.0,Rabbit
1.0,pursuit,92.0,6.0,92.0,79.0,0.0,Rabbit
1.0,pursuit,82.0,32.0,1.0,41.0,0.0,Rabbit
1.0,pursuit,81.0,58.0,93.0,68.0,0.0,Rabbit
1.0,pursuit,98.0,12.0,2.0,58.0,0.0,Rabbit
1.0,pursuit,46.0,1.0,98.0,62.0,0.0,Rabbit
1.0,pursuit,43.0,71.0,12.0,46.0,0.0,Rabbit
1.0,pursuit,81.0,58.0,93.0,68.0,0.0,Rabbit
1.0,pursuit,73.0,18.0,30.0,69.0,1.0,Rabbit
1.0,pursuit,98.0,12.0,2.0,58.0,0.0,Rabbit
1.0,pursuit,85.0,99.0,24.0,94.0,0.0,Rabbit
1.0,pursuit,69.0,56.0,3.0,53.0,1.0,Rabbit
1.0,pursuit,69.0,56.0,3.0,53.0,1.0,Rabbit
1.0,pursuit,69.0,56.0,3.0,53.0,0.0,Rabbit
1.0,pursuit,81.0,58.0,93.0,68.0,0.0,Rabbit
1.0,pursuit,25.0,2.0,40.0,52.0,0.0,Rabbit
1.0,pursuit,61.0,11.0,91.0,63.0,1.0,Rabbit
1.0,pursuit,92.0,50.0,23.0,95.0,0.0,Rabbit
1.0,pursuit,46.0,1.0,98.0,62.0,1.0,Rabbit
1.0,pursuit,43.0,78.0,55.0,59.0,0.0,Rabbit
1.0,pursuit,43.0,78.0,55.0,59.0,1.0,Rabbit
1.0,pursuit,11.0,85.0,52.0,34.0,0.0,Rabbit
1.0,pursuit,11.0,85.0,52.0,34.0,0.0,Rabbit
1.0,pursuit,11.0,85.0,52.0,34.0,0.0,Rabbit
1.0,pursuit,92.0,6.0,92.0,79.0,0.0,Rabbit
1.0,pursuit,64.0,11.0,22.0,23.0,0.0,Rabbit
1.0,pursuit,43.0,78.0,55.0,59.0,0.0,Rabbit
1.0,pursuit,9.0,50.0,28.0,31.0,0.0,Rabbit
1.0,pursuit,21.0,43.0,72.0,42.0,1.0,Rabbit
1.0,pursuit,80.0,1.0,42.0,67.0,0.0,Rabbit
1.0,pursuit,21.0,43.0,72.0,42.0,0.0,Rabbit
1.0,pursuit,80.0,1.0,42.0,67.0,1.0,Rabbit
1.0,pursuit,92.0,50.0,23.0,95.0,0.0,Rabbit
1.0,pursuit,70.0,31.0,80.0,71.0,1.0,Rabbit
1.0,pursuit,9.0,50.0,28.0,31.0,1.0,Rabbit
1.0,pursuit,70.0,31.0,80.0,71.0,1.0,Rabbit
1.0,pursuit,73.0,18.0,30.0,69.0,0.0,Rabbit
1.0,pursuit,50.0,32.0,62.0,62.0,0.0,Rabbit
1.0,pursuit,41.0,36.0,56.0,87.0,0.0,Rabbit
1.0,pursuit,41.0,36.0,56.0,87.0,0.0,Rabbit
1.0,pursuit,63.0,5.0,77.0,75.0,1.0,Rabbit
1.0,pursuit,36.0,9.0,46.0,63.0,1.0,Rabbit
1.0,pursuit,15.0,30.0,70.0,59.0,1.0,Rabbit
1.0,pursuit,15.0,30.0,70.0,59.0,1.0,Rabbit
1.0,pursuit,95.0,4.0,61.0,94.0,1.0,Rabbit
1.0,pursuit,14.0,22.0,10.0,40.0,0.0,Rabbit
1.0,pursuit,95.0,4.0,61.0,94.0,1.0,Rabbit
1.0,pursuit,14.0,22.0,10.0,40.0,0.0,Rabbit
1.0,pursuit,86.0,70.0,44.0,74.0,0.0,Rabbit
1.0,pursuit,50.0,32.0,62.0,62.0,0.0,Rabbit
1.0,pursuit,39.0,42.0,83.0,40.0,0.0,Rabbit
1.0,pursuit,50.0,32.0,62.0,62.0,0.0,Rabbit
1.0,pursuit,39.0,42.0,83.0,40.0,0.0,Rabbit
1.0,pursuit,85.0,61.0,58.0,82.0,1.0,Rabbit
1.0,pursuit,85.0,61.0,58.0,82.0,0.0,Rabbit
1.0,pursuit,85.0,61.0,58.0,82.0,0.0,Rabbit
1.0,pursuit,94.0,31.0,10.0,49.0,1.0,Rabbit
1.0,pursuit,14.0,22.0,10.0,40.0,1.0,Rabbit
1.0,pursuit,94.0,31.0,10.0,49.0,0.0,Rabbit
1.0,pursuit,9.0,39.0,73.0,37.0,0.0,Rabbit
1.0,pursuit,9.0,39.0,73.0,37.0,0.0,Rabbit
1.0,pursuit,67.0,20.0,77.0,61.0,1.0,Rabbit
1.0,pursuit,67.0,20.0,77.0,61.0,0.0,Rabbit
1.0,pursuit,9.0,39.0,73.0,37.0,0.0,Rabbit
1.0,pursuit,39.0,42.0,83.0,40.0,1.0,Rabbit
1.0,pursuit,80.0,1.0,42.0,67.0,0.0,Rabbit
1.0,pursuit,64.0,25.0,50.0,39.0,1.0,Rabbit
1.0,pursuit,67.0,20.0,77.0,61.0,0.0,Rabbit
1.0,pursuit,40.0,1.0,45.0,40.0,0.0,Rabbit
1.0,pursuit,7.0,53.0,85.0,50.0,0.0,Rabbit
1.0,pursuit,86.0,70.0,44.0,74.0,0.0,Rabbit
1.0,pursuit,7.0,53.0,85.0,50.0,0.0,Rabbit
1.0,pursuit,84.0,49.0,43.0,86.0,0.0,Rabbit
1.0,pursuit,77.0,47.0,69.0,77.0,1.0,Rabbit
1.0,pursuit,63.0,5.0,77.0,75.0,0.0,Rabbit
1.0,pursuit,77.0,47.0,69.0,77.0,0.0,Rabbit
1.0,pursuit,98.0,95.0,22.0,100.0,1.0,Rabbit
1.0,pursuit,92.0,9.0,8.0,91.0,0.0,Rabbit
1.0,pursuit,63.0,5.0,77.0,75.0,0.0,Rabbit
1.0,pursuit,98.0,95.0,22.0,100.0,0.0,Rabbit
1.0,pursuit,81.0,44.0,41.0,76.0,1.0,Rabbit
1.0,pursuit,43.0,19.0,70.0,75.0,0.0,Rabbit
1.0,pursuit,81.0,44.0,41.0,76.0,0.0,Rabbit
1.0,pursuit,98.0,19.0,25.0,34.0,0.0,Rabbit
1.0,pursuit,98.0,19.0,25.0,34.0,0.0,Rabbit
1.0,pursuit,62.0,18.0,63.0,85.0,1.0,Rabbit
1.0,pursuit,74.0,49.0,37.0,69.0,0.0,Rabbit
1.0,pursuit,61.0,8.0,59.0,32.0,1.0,Rabbit
1.0,pursuit,62.0,18.0,63.0,85.0,1.0,Rabbit
1.0,pursuit,61.0,6.0,59.0,32.0,0.0,Rabbit
1.0,pursuit,84.0,49.0,43.0,86.0,0.0,Rabbit
1.0,pursuit,89.0,7.0,37.0,97.0,0.0,Rabbit
1.0,pursuit,61.0,8.0,59.0,32.0,0.0,Rabbit
1.0,pursuit,98.0,95.0,22.0,100.0,0.0,Rabbit
1.0,pursuit,69.0,87.0,90.0,47.0,0.0,Rabbit
1.0,pursuit,69.0,87.0,90.0,47.0,0.0,Rabbit
1.0,pursuit,97.0,15.0,50.0,90.0,0.0,Rabbit
1.0,pursuit,81.0,44.0,41.0,76.0,0.0,Rabbit
1.0,pursuit,62.0,51.0,17.0,64.0,1.0,Rabbit
1.0,pursuit,66.0,12.0,63.0,93.0,0.0,Rabbit
1.0,pursuit,69.0,87.0,90.0,47.0,0.0,Rabbit
1.0,pursuit,62.0,51.0,17.0,64.0,0.0,Rabbit
1.0,pursuit,86.0,73.0,65.0,71.0,0.0,Rabbit
1.0,pursuit,62.0,51.0,17.0,64.0,0.0,Rabbit
1.0,pursuit,22.0,15.0,45.0,85.0,0.0,Rabbit
1.0,pursuit,62.0,18.0,63.0,85.0,0.0,Rabbit
1.0,pursuit,89.0,7.0,37.0,97.0,0.0,Rabbit
1.0,pursuit,66.0,44.0,53.0,86.0,0.0,Rabbit
1.0,pursuit,64.0,35.0,75.0,98.0,0.0,Rabbit
1.0,pursuit,64.0,44.0,54.0,86.0,0.0,Rabbit
1.0,pursuit,8.0,55.0,71.0,37.0,1.0,Rabbit
1.0,pursuit,8.0,55.0,71.0,37.0,1.0,Rabbit
1.0,pursuit,82.0,38.0,80.0,60.0,0.0,Rabbit
1.0,pursuit,80.0,15.0,5.0,94.0,0.0,Rabbit
1.0,pursuit,84.0,21.0,48.0,60.0,0.0,Rabbit
1.0,pursuit,74.0,84.0,83.0,84.0,1.0,Rabbit
1.0,pursuit,18.0,28.0,71.0,92.0,0.0,Rabbit
1.0,pursuit,18.0,28.0,71.0,92.0,0.0,Rabbit
1.0,pursuit,74.0,84.0,83.0,84.0,0.0,Rabbit
1.0,pursuit,99.0,32.0,43.0,47.0,1.0,Rabbit
1.0,pursuit,82.0,38.0,80.0,60.0,0.0,Rabbit
1.0,pursuit,84.0,21.0,48.0,60.0,0.0,Rabbit
1.0,pursuit,44.0,4.0,25.0,24.0,0.0,Rabbit
1.0,pursuit,74.0,84.0,83.0,84.0,0.0,Rabbit
1.0,pursuit,44.0,4.0,25.0,24.0,0.0,Rabbit
1.0,pursuit,22.0,15.0,45.0,85.0,1.0,Rabbit
1.0,pursuit,87.0,13.0,74.0,48.0,0.0,Rabbit
1.0,pursuit,81.0,30.0,100.0,46.0,0.0,Rabbit
1.0,pursuit,81.0,30.0,100.0,46.0,1.0,Rabbit
1.0,pursuit,18.0,28.0,71.0,92.0,0.0,Rabbit
1.0,pursuit,41.0,42.0,98.0,56.0,0.0,Rabbit
1.0,pursuit,44.0,4.0,25.0,24.0,1.0,Rabbit
1.0,pursuit,98.0,9.0,99.0,82.0,0.0,Rabbit
1.0,pursuit,80.0,15.0,5.0,94.0,0.0,Rabbit
1.0,pursuit,87.0,13.0,74.0,48.0,0.0,Rabbit
1.0,pursuit,75.0,34.0,54.0,85.0,0.0,Rabbit
1.0,pursuit,80.0,15.0,5.0,94.0,0.0,Rabbit
1.0,pursuit,69.0,87.0,84.0,58.0,0.0,Rabbit
1.0,pursuit,34.0,46.0,87.0,43.0,1.0,Rabbit
1.0,pursuit,41.0,42.0,98.0,56.0,1.0,Rabbit
1.0,pursuit,69.0,87.0,84.0,58.0,0.0,Rabbit
1.0,pursuit,34.0,46.0,87.0,43.0,0.0,Rabbit
1.0,pursuit,69.0,87.0,84.0,58.0,0.0,Rabbit
1.0,pursuit,73.0,100.0,31.0,76.0,0.0,Rabbit
1.0,pursuit,73.0,100.0,31.0,76.0,0.0,Rabbit
1.0,pursuit,62.0,97.0,78.0,91.0,0.0,Rabbit
1.0,pursuit,62.0,97.0,78.0,91.0,1.0,Rabbit
1.0,pursuit,73.0,100.0,31.0,76.0,0.0,Rabbit
1.0,pursuit,83.0,70.0,28.0,63.0,0.0,Rabbit
1.0,pursuit,40.0,3.0,61.0,37.0,0.0,Rabbit
1.0,pursuit,72.0,12.0,11.0,66.0,1.0,Rabbit
1.0,pursuit,17.0,6.0,5.0,41.0,0.0,Rabbit
1.0,pursuit,17.0,6.0,5.0,41.0,0.0,Rabbit
1.0,pursuit,79.0,36.0,7.0,98.0,1.0,Rabbit
1.0,pursuit,94.0,40.0,78.0,38.0,0.0,Rabbit
1.0,pursuit,94.0,40.0,78.0,38.0,1.0,Rabbit
1.0,pursuit,70.0,34.0,54.0,89.0,0.0,Rabbit
1.0,pursuit,27.0,1.0,72.0,38.0,1.0,Rabbit
1.0,pursuit,52.0,5.0,58.0,25.0,0.0,Rabbit
1.0,pursuit,52.0,5.0,58.0,25.0,0.0,Rabbit
1.0,pursuit,70.0,5.0,84.0,55.0,0.0,Rabbit
1.0,pursuit,70.0,5.0,84.0,55.0,0.0,Rabbit
1.0,pursuit,75.0,34.0,54.0,85.0,0.0,Rabbit
1.0,pursuit,40.0,3.0,61.0,37.0,1.0,Rabbit
1.0,pursuit,47.0,25.0,85.0,69.0,1.0,Rabbit
1.0,pursuit,47.0,25.0,85.0,69.0,0.0,Rabbit
1.0,pursuit,28.0,15.0,90.0,56.0,0.0,Rabbit
1.0,pursuit,40.0,3.0,61.0,37.0,0.0,Rabbit
1.0,pursuit,27.0,1.0,72.0,38.0,1.0,Rabbit
1.0,pursuit,79.0,36.0,7.0,98.0,0.0,Rabbit
1.0,pursuit,67.0,21.0,7.0,73.0,0.0,Rabbit
1.0,pursuit,67.0,21.0,7.0,73.0,0.0,Rabbit
1.0,pursuit,98.0,67.0,8.0,94.0,0.0,Rabbit
1.0,pursuit,63.0,100.0,74.0,69.0,0.0,Rabbit
1.0,pursuit,67.0,21.0,7.0,73.0,1.0,Rabbit
1.0,pursuit,4.0,97.0,97.0,25.0,0.0,Rabbit
1.0,pursuit,4.0,97.0,97.0,25.0,0.0,Rabbit
1.0,pursuit,98.0,67.0,8.0,94.0,0.0,Rabbit
1.0,pursuit,94.0,40.0,78.0,39.0,0.0,Rabbit
1.0,pursuit,94.0,62.0,32.0,77.0,1.0,Rabbit
1.0,pursuit,4.0,97.0,97.0,25.0,0.0,Rabbit
1.0,pursuit,13.0,16.0,18.0,84.0,0.0,Rabbit
1.0,pursuit,94.0,62.0,32.0,77.0,0.0,Rabbit
1.0,pursuit,9.0,16.0,18.0,84.0,0.0,Rabbit
1.0,pursuit,75.0,57.0,45.0,43.0,0.0,Rabbit
1.0,pursuit,79.0,48.0,44.0,48.0,1.0,Rabbit
1.0,pursuit,41.0,9.0,99.0,48.0,0.0,Rabbit
1.0,pursuit,75.0,57.0,45.0,43.0,0.0,Rabbit
1.0,pursuit,41.0,9.0,99.0,48.0,0.0,Rabbit
1.0,pursuit,88.0,17.0,1.0,90.0,1.0,Rabbit
1.0,pursuit,44.0,27.0,56.0,37.0,0.0,Rabbit
1.0,pursuit,44.0,27.0,56.0,37.0,0.0,Rabbit
1.0,pursuit,96.0,50.0,88.0,72.0,0.0,Rabbit
1.0,pursuit,91.0,26.0,43.0,81.0,0.0,Rabbit
1.0,pursuit,95.0,9.0,75.0,93.0,1.0,Rabbit
1.0,pursuit,28.0,15.0,94.0,56.0,1.0,Rabbit
1.0,pursuit,94.0,62.0,32.0,77.0,0.0,Rabbit
1.0,pursuit,52.0,49.0,79.0,65.0,0.0,Rabbit
1.0,pursuit,44.0,27.0,56.0,37.0,0.0,Rabbit
1.0,pursuit,41.0,9.0,99.0,48.0,1.0,Rabbit
1.0,pursuit,52.0,49.0,79.0,65.0,0.0,Rabbit
1.0,pursuit,95.0,9.0,75.0,93.0,0.0,Rabbit
1.0,pursuit,13.0,16.0,18.0,84.0,1.0,Rabbit
1.0,pursuit,87.0,38.0,76.0,84.0,1.0,Rabbit
1.0,pursuit,74.0,74.0,45.0,73.0,0.0,Rabbit
1.0,pursuit,66.0,16.0,75.0,48.0,0.0,Rabbit
1.0,pursuit,74.0,74.0,45.0,73.0,0.0,Rabbit
1.0,pursuit,66.0,16.0,75.0,48.0,1.0,Rabbit
1.0,pursuit,82.0,52.0,41.0,86.0,0.0,Rabbit
1.0,pursuit,79.0,47.0,68.0,36.0,0.0,Rabbit
1.0,pursuit,87.0,38.0,76.0,84.0,0.0,Rabbit
1.0,pursuit,8.0,29.0,24.0,39.0,0.0,Rabbit
1.0,pursuit,8.0,29.0,24.0,39.0,0.0,Rabbit
1.0,pursuit,4.0,65.0,4.0,100.0,0.0,Rabbit
1.0,pursuit,4.0,65.0,4.0,100.0,0.0,Rabbit
1.0,pursuit,66.0,57.0,7.0,71.0,0.0,Rabbit
1.0,pursuit,87.0,81.0,49.0,86.0,1.0,Rabbit
1.0,pursuit,34.0,7.0,41.0,42.0,0.0,Rabbit
1.0,pursuit,87.0,38.0,76.0,84.0,0.0,Rabbit
1.0,pursuit,65.0,3.0,16.0,64.0,0.0,Rabbit
1.0,pursuit,34.0,7.0,41.0,42.0,0.0,Rabbit
1.0,pursuit,60.0,12.0,81.0,50.0,1.0,Rabbit
1.0,pursuit,37.0,6.0,73.0,96.0,0.0,Rabbit
1.0,pursuit,65.0,3.0,16.0,64.0,0.0,Rabbit
1.0,pursuit,82.0,52.0,41.0,86.0,0.0,Rabbit
1.0,pursuit,95.0,9.0,75.0,93.0,0.0,Rabbit
1.0,pursuit,46.0,6.0,90.0,88.0,0.0,Rabbit
1.0,pursuit,37.0,6.0,73.0,96.0,0.0,Rabbit
1.0,pursuit,87.0,81.0,45.0,86.0,0.0,Rabbit
1.0,pursuit,34.0,7.0,41.0,42.0,1.0,Rabbit
1.0,pursuit,17.0,26.0,82.0,56.0,0.0,Rabbit
1.0,pursuit,78.0,2.0,44.0,68.0,0.0,Rabbit
1.0,pursuit,15.0,58.0,94.0,48.0,0.0,Rabbit
1.0,pursuit,90.0,82.0,13.0,25.0,0.0,Rabbit
1.0,pursuit,15.0,58.0,94.0,48.0,1.0,Rabbit
1.0,pursuit,90.0,82.0,13.0,25.0,0.0,Rabbit
1.0,pursuit,90.0,82.0,13.0,25.0,0.0,Rabbit
1.0,pursuit,23.0,20.0,66.0,76.0,1.0,Rabbit
1.0,pursuit,47.0,25.0,85.0,69.0,0.0,Rabbit
1.0,pursuit,33.0,47.0,57.0,19.0,0.0,Rabbit
1.0,pursuit,27.0,60.0,81.0,86.0,0.0,Rabbit
1.0,pursuit,33.0,47.0,57.0,19.0,0.0,Rabbit
1.0,pursuit,15.0,58.0,94.0,48.0,1.0,Rabbit
1.0,pursuit,84.0,14.0,89.0,100.0,1.0,Rabbit
1.0,pursuit,17.0,26.0,82.0,56.0,0.0,Rabbit
1.0,pursuit,78.0,2.0,44.0,68.0,0.0,Rabbit
1.0,pursuit,84.0,14.0,89.0,100.0,0.0,Rabbit
1.0,pursuit,63.0,26.0,64.0,83.0,0.0,Rabbit
1.0,pursuit,84.0,14.0,89.0,100.0,0.0,Rabbit
2.0,pursuit,33.0,18.0,60.0,76.0,0.0,Rabbit
2.0,pursuit,22.0,56.0,73.0,34.0,0.0,Rabbit
2.0,pursuit,93.0,76.0,97.0,92.0,0.0,Rabbit
2.0,pursuit,93.0,76.0,97.0,92.0,0.0,Rabbit
2.0,pursuit,93.0,76.0,97.0,92.0,1.0,Rabbit
2.0,pursuit,11.0,52.0,91.0,58.0,0.0,Rabbit
2.0,pursuit,31.0,2.0,5.0,57.0,0.0,Rabbit
2.0,pursuit,98.0,76.0,93.0,92.0,0.0,Rabbit
2.0,pursuit,11.0,52.0,91.0,58.0,0.0,Rabbit
2.0,pursuit,94.0,65.0,61.0,55.0,0.0,Rabbit
2.0,pursuit,94.0,65.0,61.0,55.0,1.0,Rabbit
2.0,pursuit,76.0,57.0,48.0,56.0,0.0,Rabbit
2.0,pursuit,93.0,76.0,97.0,92.0,0.0,Rabbit
2.0,pursuit,94.0,65.0,57.0,55.0,0.0,Rabbit
2.0,pursuit,6.0,77.0,72.0,36.0,0.0,Rabbit
2.0,pursuit,6.0,76.0,72.0,36.0,0.0,Rabbit
2.0,pursuit,14.0,50.0,63.0,26.0,0.0,Rabbit
2.0,pursuit,76.0,57.0,48.0,56.0,0.0,Rabbit
2.0,pursuit,94.0,65.0,57.0,55.0,0.0,Rabbit
2.0,pursuit,31.0,2.0,5.0,57.0,1.0,Rabbit
2.0,pursuit,90.0,12.0,70.0,67.0,0.0,Rabbit
2.0,pursuit,33.0,18.0,60.0,76.0,1.0,Rabbit
2.0,pursuit,33.0,18.0,60.0,76.0,1.0,Rabbit
2.0,pursuit,67.0,82.0,48.0,87.0,0.0,Rabbit
2.0,pursuit,90.0,12.0,70.0,67.0,1.0,Rabbit
2.0,pursuit,31.0,2.0,5.0,57.0,1.0,Rabbit
2.0,pursuit,9.0,35.0,98.0,53.0,1.0,Rabbit
2.0,pursuit,37.0,40.0,80.0,49.0,0.0,Rabbit
2.0,pursuit,21.0,22.0,88.0,83.0,0.0,Rabbit
2.0,pursuit,21.0,22.0,88.0,83.0,0.0,Rabbit
2.0,pursuit,9.0,35.0,98.0,53.0,1.0,Rabbit
2.0,pursuit,67.0,16.0,65.0,29.0,0.0,Rabbit
2.0,pursuit,21.0,22.0,88.0,83.0,0.0,Rabbit
2.0,pursuit,29.0,15.0,63.0,49.0,0.0,Rabbit
2.0,pursuit,29.0,15.0,63.0,49.0,1.0,Rabbit
2.0,pursuit,67.0,82.0,48.0,87.0,0.0,Rabbit
2.0,pursuit,21.0,22.0,88.0,83.0,0.0,Rabbit
2.0,pursuit,22.0,41.0,17.0,18.0,0.0,Rabbit
2.0,pursuit,52.0,9.0,72.0,36.0,1.0,Rabbit
2.0,pursuit,22.0,41.0,17.0,18.0,0.0,Rabbit
2.0,pursuit,59.0,19.0,78.0,40.0,1.0,Rabbit
2.0,pursuit,59.0,19.0,78.0,40.0,1.0,Rabbit
2.0,pursuit,79.0,86.0,94.0,44.0,0.0,Rabbit
2.0,pursuit,79.0,86.0,94.0,44.0,0.0,Rabbit
2.0,pursuit,12.0,15.0,52.0,67.0,0.0,Rabbit
2.0,pursuit,12.0,15.0,52.0,67.0,0.0,Rabbit
2.0,pursuit,35.0,14.0,100.0,87.0,0.0,Rabbit
2.0,pursuit,35.0,14.0,100.0,87.0,0.0,Rabbit
2.0,pursuit,48.0,11.0,79.0,38.0,0.0,Rabbit
2.0,pursuit,48.0,11.0,79.0,38.0,0.0,Rabbit
2.0,pursuit,20.0,22.0,47.0,51.0,0.0,Rabbit
2.0,pursuit,20.0,22.0,47.0,51.0,0.0,Rabbit
2.0,pursuit,52.0,9.0,72.0,36.0,0.0,Rabbit
2.0,pursuit,48.0,11.0,79.0,38.0,0.0,Rabbit
2.0,pursuit,48.0,11.0,79.0,38.0,0.0,Rabbit
2.0,pursuit,9.0,85.0,99.0,45.0,0.0,Rabbit
2.0,pursuit,9.0,85.0,99.0,45.0,1.0,Rabbit
2.0,pursuit,29.0,15.0,63.0,49.0,0.0,Rabbit
2.0,pursuit,9.0,85.0,99.0,45.0,1.0,Rabbit
2.0,pursuit,72.0,47.0,79.0,85.0,0.0,Rabbit
2.0,pursuit,72.0,47.0,79.0,85.0,0.0,Rabbit
2.0,pursuit,20.0,33.0,60.0,54.0,1.0,Rabbit
2.0,pursuit,48.0,11.0,79.0,38.0,0.0,Rabbit
2.0,pursuit,20.0,22.0,47.0,51.0,1.0,Rabbit
2.0,pursuit,73.0,19.0,81.0,43.0,0.0,Rabbit
2.0,pursuit,21.0,22.0,88.0,83.0,1.0,Rabbit
2.0,pursuit,20.0,33.0,60.0,54.0,1.0,Rabbit
2.0,pursuit,88.0,37.0,93.0,42.0,1.0,Rabbit
2.0,pursuit,88.0,37.0,93.0,42.0,1.0,Rabbit
2.0,pursuit,79.0,60.0,91.0,86.0,0.0,Rabbit
2.0,pursuit,79.0,60.0,91.0,86.0,0.0,Rabbit
2.0,pursuit,21.0,22.0,88.0,83.0,1.0,Rabbit
2.0,pursuit,20.0,33.0,60.0,54.0,1.0,Rabbit
2.0,pursuit,88.0,37.0,93.0,42.0,0.0,Rabbit
2.0,pursuit,67.0,53.0,43.0,96.0,1.0,Rabbit
2.0,pursuit,20.0,33.0,60.0,54.0,1.0,Rabbit
2.0,pursuit,73.0,20.0,79.0,80.0,1.0,Rabbit
2.0,pursuit,67.0,53.0,43.0,96.0,1.0,Rabbit
2.0,pursuit,32.0,14.0,87.0,93.0,0.0,Rabbit
2.0,pursuit,19.0,11.0,18.0,63.0,0.0,Rabbit
2.0,pursuit,32.0,14.0,87.0,93.0,0.0,Rabbit
2.0,pursuit,20.0,33.0,60.0,54.0,1.0,Rabbit
2.0,pursuit,73.0,31.0,47.0,50.0,1.0,Rabbit
2.0,pursuit,19.0,11.0,18.0,63.0,0.0,Rabbit
2.0,pursuit,73.0,31.0,47.0,50.0,0.0,Rabbit
2.0,pursuit,38.0,36.0,100.0,64.0,0.0,Rabbit
2.0,pursuit,73.0,20.0,79.0,80.0,0.0,Rabbit
2.0,pursuit,43.0,38.0,100.0,64.0,0.0,Rabbit
2.0,pursuit,38.0,36.0,100.0,64.0,1.0,Rabbit
2.0,pursuit,12.0,50.0,72.0,39.0,0.0,Rabbit
2.0,pursuit,12.0,50.0,72.0,39.0,1.0,Rabbit
2.0,pursuit,73.0,20.0,79.0,80.0,0.0,Rabbit
2.0,pursuit,100.0,4.0,24.0,44.0,0.0,Rabbit
2.0,pursuit,20.0,23.0,77.0,50.0,0.0,Rabbit
2.0,pursuit,12.0,50.0,72.0,39.0,1.0,Rabbit
2.0,pursuit,100.0,4.0,24.0,44.0,0.0,Rabbit
2.0,pursuit,73.0,20.0,79.0,80.0,0.0,Rabbit
2.0,pursuit,41.0,6.0,82.0,91.0,1.0,Rabbit
2.0,pursuit,91.0,86.0,71.0,86.0,1.0,Rabbit
2.0,pursuit,41.0,6.0,82.0,91.0,1.0,Rabbit
2.0,pursuit,91.0,86.0,71.0,86.0,1.0,Rabbit
2.0,pursuit,13.0,28.0,67.0,72.0,0.0,Rabbit
2.0,pursuit,41.0,6.0,82.0,91.0,1.0,Rabbit
2.0,pursuit,14.0,60.0,72.0,48.0,1.0,Rabbit
2.0,pursuit,20.0,1.0,83.0,79.0,0.0,Rabbit
2.0,pursuit,32.0,14.0,87.0,93.0,0.0,Rabbit
2.0,pursuit,91.0,86.0,71.0,86.0,0.0,Rabbit
2.0,pursuit,74.0,2.0,38.0,78.0,0.0,Rabbit
2.0,pursuit,74.0,2.0,38.0,78.0,0.0,Rabbit
2.0,pursuit,13.0,28.0,67.0,72.0,1.0,Rabbit
2.0,pursuit,13.0,28.0,67.0,72.0,1.0,Rabbit
2.0,pursuit,74.0,2.0,38.0,78.0,0.0,Rabbit
2.0,pursuit,74.0,2.0,38.0,78.0,0.0,Rabbit
2.0,pursuit,66.0,42.0,55.0,65.0,1.0,Rabbit
2.0,pursuit,18.0,15.0,68.0,50.0,0.0,Rabbit
2.0,pursuit,74.0,2.0,38.0,78.0,0.0,Rabbit
2.0,pursuit,74.0,2.0,38.0,78.0,0.0,Rabbit
2.0,pursuit,65.0,46.0,39.0,45.0,1.0,Rabbit
2.0,pursuit,92.0,9.0,71.0,84.0,1.0,Rabbit
2.0,pursuit,91.0,80.0,27.0,84.0,0.0,Rabbit
2.0,pursuit,95.0,20.0,76.0,74.0,1.0,Rabbit
2.0,pursuit,24.0,53.0,69.0,41.0,0.0,Rabbit
2.0,pursuit,24.0,53.0,69.0,41.0,1.0,Rabbit
2.0,pursuit,91.0,80.0,27.0,84.0,0.0,Rabbit
2.0,pursuit,18.0,15.0,68.0,50.0,1.0,Rabbit
2.0,pursuit,93.0,35.0,93.0,44.0,0.0,Rabbit
2.0,pursuit,93.0,35.0,93.0,44.0,0.0,Rabbit
2.0,pursuit,93.0,35.0,98.0,44.0,0.0,Rabbit
2.0,pursuit,95.0,20.0,76.0,74.0,0.0,Rabbit
2.0,pursuit,74.0,2.0,38.0,78.0,0.0,Rabbit
2.0,pursuit,28.0,27.0,72.0,33.0,0.0,Rabbit
2.0,pursuit,74.0,2.0,38.0,78.0,0.0,Rabbit
2.0,pursuit,18.0,15.0,68.0,50.0,0.0,Rabbit
2.0,pursuit,37.0,17.0,97.0,41.0,0.0,Rabbit
2.0,pursuit,37.0,17.0,97.0,41.0,1.0,Rabbit
2.0,pursuit,78.0,53.0,41.0,92.0,0.0,Rabbit
2.0,pursuit,37.0,13.0,98.0,41.0,1.0,Rabbit
2.0,pursuit,78.0,53.0,41.0,92.0,0.0,Rabbit
2.0,pursuit,69.0,50.0,38.0,81.0,1.0,Rabbit
2.0,pursuit,37.0,17.0,97.0,41.0,1.0,Rabbit
2.0,pursuit,69.0,50.0,38.0,81.0,0.0,Rabbit
2.0,pursuit,64.0,41.0,100.0,64.0,1.0,Rabbit
2.0,pursuit,64.0,41.0,100.0,64.0,1.0,Rabbit
2.0,pursuit,64.0,41.0,100.0,64.0,1.0,Rabbit
2.0,pursuit,64.0,41.0,100.0,64.0,1.0,Rabbit
2.0,pursuit,64.0,41.0,100.0,64.0,0.0,Rabbit
2.0,pursuit,69.0,50.0,38.0,81.0,1.0,Rabbit
2.0,pursuit,78.0,53.0,41.0,92.0,0.0,Rabbit
2.0,pursuit,92.0,9.0,71.0,84.0,0.0,Rabbit
2.0,pursuit,44.0,21.0,67.0,34.0,0.0,Rabbit
2.0,pursuit,44.0,21.0,67.0,34.0,0.0,Rabbit
2.0,pursuit,37.0,17.0,97.0,41.0,0.0,Rabbit
2.0,pursuit,37.0,17.0,97.0,41.0,0.0,Rabbit
2.0,pursuit,44.0,21.0,67.0,34.0,0.0,Rabbit
2.0,pursuit,43.0,28.0,97.0,79.0,0.0,Rabbit
2.0,pursuit,69.0,47.0,38.0,81.0,0.0,Rabbit
2.0,pursuit,69.0,50.0,38.0,81.0,0.0,Rabbit
2.0,pursuit,26.0,22.0,78.0,65.0,0.0,Rabbit
2.0,pursuit,26.0,22.0,78.0,65.0,1.0,Rabbit
2.0,pursuit,64.0,53.0,16.0,56.0,0.0,Rabbit
2.0,pursuit,44.0,21.0,67.0,34.0,1.0,Rabbit
2.0,pursuit,64.0,53.0,16.0,56.0,1.0,Rabbit
2.0,pursuit,32.0,27.0,79.0,75.0,0.0,Rabbit
2.0,pursuit,64.0,53.0,16.0,56.0,0.0,Rabbit
2.0,pursuit,64.0,41.0,100.0,64.0,0.0,Rabbit
2.0,pursuit,28.0,16.0,61.0,34.0,0.0,Rabbit
2.0,pursuit,60.0,12.0,68.0,39.0,0.0,Rabbit
2.0,pursuit,44.0,21.0,67.0,34.0,0.0,Rabbit
2.0,pursuit,69.0,30.0,94.0,42.0,1.0,Rabbit
2.0,pursuit,69.0,30.0,94.0,42.0,1.0,Rabbit
2.0,pursuit,39.0,21.0,67.0,35.0,0.0,Rabbit
2.0,pursuit,24.0,19.0,89.0,91.0,0.0,Rabbit
2.0,pursuit,39.0,8.0,57.0,58.0,1.0,Rabbit
2.0,pursuit,26.0,22.0,78.0,65.0,1.0,Rabbit
2.0,pursuit,70.0,91.0,18.0,79.0,0.0,Rabbit
2.0,pursuit,89.0,85.0,77.0,63.0,0.0,Rabbit
2.0,pursuit,51.0,21.0,64.0,40.0,1.0,Rabbit
2.0,pursuit,24.0,19.0,89.0,91.0,0.0,Rabbit
2.0,pursuit,71.0,91.0,18.0,79.0,0.0,Rabbit
2.0,pursuit,78.0,30.0,25.0,95.0,1.0,Rabbit
2.0,pursuit,71.0,91.0,18.0,79.0,0.0,Rabbit
2.0,pursuit,89.0,85.0,77.0,63.0,0.0,Rabbit
2.0,pursuit,88.0,47.0,93.0,71.0,1.0,Rabbit
2.0,pursuit,32.0,27.0,79.0,75.0,1.0,Rabbit
2.0,pursuit,51.0,21.0,64.0,40.0,1.0,Rabbit
2.0,pursuit,74.0,24.0,54.0,79.0,1.0,Rabbit
2.0,pursuit,32.0,27.0,79.0,75.0,0.0,Rabbit
2.0,pursuit,19.0,56.0,75.0,46.0,0.0,Rabbit
2.0,pursuit,27.0,31.0,90.0,68.0,0.0,Rabbit
2.0,pursuit,77.0,42.0,32.0,82.0,0.0,Rabbit
2.0,pursuit,27.0,31.0,90.0,68.0,0.0,Rabbit
2.0,pursuit,27.0,31.0,90.0,68.0,0.0,Rabbit
2.0,pursuit,27.0,31.0,96.0,68.0,0.0,Rabbit
2.0,pursuit,92.0,22.0,84.0,75.0,0.0,Rabbit
2.0,pursuit,92.0,22.0,84.0,75.0,1.0,Rabbit
2.0,pursuit,78.0,30.0,25.0,95.0,0.0,Rabbit
2.0,pursuit,19.0,56.0,75.0,46.0,1.0,Rabbit
2.0,pursuit,92.0,22.0,84.0,80.0,0.0,Rabbit
2.0,pursuit,92.0,22.0,84.0,75.0,1.0,Rabbit
2.0,pursuit,61.0,11.0,91.0,63.0,1.0,Rabbit
2.0,pursuit,79.0,40.0,6.0,22.0,0.0,Rabbit
2.0,pursuit,19.0,56.0,75.0,46.0,0.0,Rabbit
2.0,pursuit,65.0,12.0,91.0,63.0,1.0,Rabbit
2.0,pursuit,27.0,15.0,70.0,72.0,0.0,Rabbit
2.0,pursuit,92.0,47.0,93.0,71.0,0.0,Rabbit
2.0,pursuit,27.0,31.0,90.0,68.0,1.0,Rabbit
2.0,pursuit,27.0,31.0,90.0,68.0,1.0,Rabbit
2.0,pursuit,78.0,30.0,25.0,95.0,0.0,Rabbit
2.0,pursuit,35.0,28.0,98.0,46.0,1.0,Rabbit
2.0,pursuit,73.0,18.0,30.0,69.0,0.0,Rabbit
2.0,pursuit,27.0,15.0,70.0,72.0,1.0,Rabbit
2.0,pursuit,69.0,56.0,3.0,53.0,0.0,Rabbit
2.0,pursuit,69.0,56.0,3.0,53.0,1.0,Rabbit
2.0,pursuit,74.0,24.0,54.0,79.0,0.0,Rabbit
2.0,pursuit,35.0,28.0,98.0,46.0,0.0,Rabbit
2.0,pursuit,35.0,28.0,98.0,46.0,0.0,Rabbit
2.0,pursuit,43.0,78.0,55.0,59.0,0.0,Rabbit
2.0,pursuit,43.0,78.0,55.0,50.0,0.0,Rabbit
2.0,pursuit,21.0,43.0,72.0,42.0,0.0,Rabbit
2.0,pursuit,77.0,18.0,30.0,69.0,0.0,Rabbit
2.0,pursuit,80.0,1.0,42.0,67.0,0.0,Rabbit
2.0,pursuit,69.0,56.0,3.0,53.0,0.0,Rabbit
2.0,pursuit,73.0,18.0,30.0,69.0,0.0,Rabbit
2.0,pursuit,9.0,50.0,28.0,31.0,0.0,Rabbit
2.0,pursuit,9.0,50.0,28.0,31.0,1.0,Rabbit
2.0,pursuit,43.0,78.0,55.0,59.0,0.0,Rabbit
2.0,pursuit,27.0,15.0,70.0,72.0,1.0,Rabbit
2.0,pursuit,36.0,9.0,46.0,63.0,0.0,Rabbit
2.0,pursuit,63.0,5.0,77.0,75.0,1.0,Rabbit
2.0,pursuit,36.0,9.0,46.0,63.0,0.0,Rabbit
2.0,pursuit,15.0,30.0,70.0,59.0,0.0,Rabbit
2.0,pursuit,15.0,30.0,70.0,59.0,1.0,Rabbit
2.0,pursuit,80.0,1.0,42.0,67.0,0.0,Rabbit
2.0,pursuit,15.0,30.0,70.0,59.0,0.0,Rabbit
2.0,pursuit,95.0,4.0,61.0,94.0,1.0,Rabbit
2.0,pursuit,95.0,4.0,61.0,94.0,0.0,Rabbit
2.0,pursuit,95.0,4.0,61.0,94.0,0.0,Rabbit
2.0,pursuit,85.0,61.0,58.0,82.0,1.0,Rabbit
2.0,pursuit,94.0,31.0,10.0,49.0,1.0,Rabbit
2.0,pursuit,70.0,31.0,80.0,71.0,0.0,Rabbit
2.0,pursuit,95.0,4.0,61.0,94.0,0.0,Rabbit
2.0,pursuit,14.0,22.0,10.0,40.0,0.0,Rabbit
2.0,pursuit,67.0,20.0,77.0,61.0,1.0,Rabbit
2.0,pursuit,39.0,42.0,83.0,40.0,0.0,Rabbit
2.0,pursuit,39.0,42.0,83.0,40.0,1.0,Rabbit
2.0,pursuit,70.0,31.0,80.0,71.0,0.0,Rabbit
2.0,pursuit,46.0,1.0,98.0,62.0,1.0,Rabbit
2.0,pursuit,64.0,25.0,50.0,39.0,0.0,Rabbit
2.0,pursuit,35.0,9.0,46.0,63.0,0.0,Rabbit
2.0,pursuit,64.0,25.0,50.0,39.0,0.0,Rabbit
2.0,pursuit,98.0,95.0,22.0,100.0,1.0,Rabbit
2.0,pursuit,64.0,25.0,50.0,39.0,0.0,Rabbit
2.0,pursuit,81.0,44.0,41.0,76.0,1.0,Rabbit
2.0,pursuit,70.0,31.0,80.0,71.0,0.0,Rabbit
2.0,pursuit,98.0,95.0,22.0,100.0,0.0,Rabbit
2.0,pursuit,62.0,18.0,63.0,85.0,1.0,Rabbit
2.0,pursuit,98.0,95.0,22.0,100.0,0.0,Rabbit
2.0,pursuit,62.0,18.0,63.0,85.0,0.0,Rabbit
2.0,pursuit,81.0,44.0,41.0,76.0,1.0,Rabbit
2.0,pursuit,61.0,8.0,59.0,32.0,0.0,Rabbit
2.0,pursuit,39.0,42.0,83.0,40.0,0.0,Rabbit
2.0,pursuit,62.0,18.0,63.0,85.0,1.0,Rabbit
2.0,pursuit,62.0,51.0,17.0,64.0,1.0,Rabbit
2.0,pursuit,8.0,55.0,71.0,37.0,0.0,Rabbit
2.0,pursuit,8.0,55.0,71.0,37.0,0.0,Rabbit
2.0,pursuit,8.0,55.0,71.0,37.0,0.0,Rabbit
2.0,pursuit,8.0,55.0,71.0,37.0,1.0,Rabbit
2.0,pursuit,8.0,55.0,71.0,37.0,1.0,Rabbit
2.0,pursuit,8.0,55.0,71.0,37.0,0.0,Rabbit
2.0,pursuit,61.0,11.0,91.0,63.0,0.0,Rabbit
2.0,pursuit,74.0,84.0,83.0,84.0,0.0,Rabbit
2.0,pursuit,74.0,84.0,83.0,84.0,1.0,Rabbit
2.0,pursuit,74.0,84.0,83.0,84.0,1.0,Rabbit
2.0,pursuit,81.0,44.0,41.0,76.0,0.0,Rabbit
2.0,pursuit,99.0,32.0,43.0,47.0,1.0,Rabbit
2.0,pursuit,99.0,32.0,43.0,47.0,1.0,Rabbit
2.0,pursuit,22.0,15.0,45.0,85.0,0.0,Rabbit
2.0,pursuit,99.0,32.0,43.0,47.0,1.0,Rabbit
2.0,pursuit,22.0,15.0,45.0,85.0,0.0,Rabbit
2.0,pursuit,81.0,30.0,100.0,46.0,0.0,Rabbit
2.0,pursuit,81.0,30.0,100.0,46.0,0.0,Rabbit
2.0,pursuit,77.0,47.0,69.0,77.0,0.0,Rabbit
2.0,pursuit,18.0,15.0,45.0,85.0,0.0,Rabbit
2.0,pursuit,34.0,46.0,87.0,43.0,0.0,Rabbit
2.0,pursuit,41.0,42.0,98.0,56.0,1.0,Rabbit
2.0,pursuit,44.0,4.0,25.0,24.0,0.0,Rabbit
2.0,pursuit,62.0,18.0,63.0,85.0,0.0,Rabbit
2.0,pursuit,67.0,20.0,77.0,61.0,0.0,Rabbit
2.0,pursuit,44.0,4.0,25.0,24.0,0.0,Rabbit
2.0,pursuit,61.0,5.0,59.0,35.0,0.0,Rabbit
2.0,pursuit,72.0,12.0,11.0,66.0,0.0,Rabbit
2.0,pursuit,81.0,30.0,100.0,46.0,0.0,Rabbit
2.0,pursuit,41.0,42.0,98.0,56.0,1.0,Rabbit
2.0,pursuit,62.0,97.0,78.0,91.0,0.0,Rabbit
2.0,pursuit,94.0,40.0,78.0,38.0,0.0,Rabbit
2.0,pursuit,62.0,18.0,63.0,85.0,0.0,Rabbit
2.0,pursuit,62.0,97.0,78.0,91.0,0.0,Rabbit
2.0,pursuit,62.0,99.0,78.0,91.0,0.0,Rabbit
2.0,pursuit,27.0,1.0,72.0,38.0,0.0,Rabbit
2.0,pursuit,40.0,3.0,61.0,37.0,0.0,Rabbit
2.0,pursuit,72.0,12.0,11.0,66.0,0.0,Rabbit
2.0,pursuit,27.0,1.0,72.0,38.0,0.0,Rabbit
2.0,pursuit,47.0,25.0,85.0,69.0,0.0,Rabbit
2.0,pursuit,95.0,40.0,78.0,38.0,1.0,Rabbit
2.0,pursuit,72.0,12.0,11.0,66.0,0.0,Rabbit
2.0,pursuit,40.0,3.0,61.0,37.0,1.0,Rabbit
2.0,pursuit,67.0,21.0,7.0,73.0,1.0,Rabbit
2.0,pursuit,94.0,62.0,32.0,77.0,0.0,Rabbit
2.0,pursuit,67.0,21.0,7.0,73.0,0.0,Rabbit
2.0,pursuit,94.0,62.0,32.0,77.0,1.0,Rabbit
2.0,pursuit,79.0,48.0,44.0,48.0,0.0,Rabbit
2.0,pursuit,79.0,48.0,44.0,48.0,0.0,Rabbit
2.0,pursuit,79.0,48.0,44.0,48.0,1.0,Rabbit
2.0,pursuit,88.0,17.0,1.0,90.0,1.0,Rabbit
2.0,pursuit,27.0,1.0,72.0,38.0,1.0,Rabbit
2.0,pursuit,47.0,25.0,85.0,69.0,0.0,Rabbit
2.0,pursuit,79.0,36.0,7.0,98.0,0.0,Rabbit
2.0,pursuit,79.0,36.0,7.0,98.0,0.0,Rabbit
2.0,pursuit,99.0,9.0,75.0,93.0,1.0,Rabbit
2.0,pursuit,41.0,9.0,99.0,48.0,0.0,Rabbit
2.0,pursuit,47.0,25.0,85.0,69.0,1.0,Rabbit
2.0,pursuit,13.0,16.0,18.0,84.0,0.0,Rabbit
2.0,pursuit,13.0,15.0,18.0,84.0,0.0,Rabbit
2.0,pursuit,95.0,9.0,75.0,93.0,0.0,Rabbit
2.0,pursuit,41.0,9.0,99.0,48.0,1.0,Rabbit
2.0,pursuit,28.0,15.0,94.0,56.0,1.0,Rabbit
2.0,pursuit,67.0,23.0,7.0,73.0,0.0,Rabbit
2.0,pursuit,66.0,16.0,75.0,48.0,1.0,Rabbit
2.0,pursuit,66.0,16.0,75.0,48.0,0.0,Rabbit
2.0,pursuit,60.0,12.0,81.0,50.0,1.0,Rabbit
2.0,pursuit,60.0,12.0,81.0,50.0,1.0,Rabbit
2.0,pursuit,28.0,15.0,94.0,56.0,0.0,Rabbit
2.0,pursuit,34.0,7.0,41.0,42.0,0.0,Rabbit
2.0,pursuit,34.0,7.0,41.0,42.0,1.0,Rabbit
2.0,pursuit,15.0,58.0,94.0,48.0,1.0,Rabbit
2.0,pursuit,60.0,12.0,76.0,54.0,0.0,Rabbit
2.0,pursuit,87.0,38.0,76.0,84.0,0.0,Rabbit
2.0,pursuit,13.0,16.0,18.0,84.0,0.0,Rabbit
2.0,pursuit,90.0,81.0,49.0,86.0,0.0,Rabbit
2.0,pursuit,88.0,17.0,1.0,90.0,0.0,Rabbit
2.0,pursuit,84.0,14.0,89.0,100.0,0.0,Rabbit
2.0,pursuit,15.0,58.0,94.0,48.0,0.0,Rabbit
2.0,pursuit,66.0,16.0,75.0,48.0,0.0,Rabbit
2.0,pursuit,23.0,20.0,66.0,76.0,1.0,Rabbit
2.0,pursuit,87.0,81.0,49.0,86.0,0.0,Rabbit
2.0,pursuit,15.0,58.0,94.0,48.0,1.0,Rabbit
2.0,pursuit,23.0,20.0,66.0,76.0,1.0,Rabbit
2.0,pursuit,23.0,20.0,66.0,76.0,0.0,Rabbit
2.0,pursuit,84.0,14.0,89.0,100.0,0.0,Rabbit
3.0,pursuit,94.0,65.0,61.0,55.0,1.0,Rabbit
3.0,pursuit,33.0,18.0,60.0,76.0,0.0,Rabbit
3.0,pursuit,94.0,65.0,61.0,55.0,0.0,Rabbit
3.0,pursuit,94.0,65.0,61.0,55.0,0.0,Rabbit
3.0,pursuit,93.0,76.0,97.0,92.0,0.0,Rabbit
3.0,pursuit,31.0,2.0,5.0,57.0,0.0,Rabbit
3.0,pursuit,90.0,12.0,70.0,67.0,1.0,Rabbit
3.0,pursuit,9.0,35.0,98.0,53.0,0.0,Rabbit
3.0,pursuit,31.0,2.0,5.0,57.0,0.0,Rabbit
3.0,pursuit,9.0,35.0,98.0,53.0,0.0,Rabbit
3.0,pursuit,9.0,35.0,98.0,53.0,0.0,Rabbit
3.0,pursuit,93.0,76.0,97.0,92.0,0.0,Rabbit
3.0,pursuit,90.0,12.0,70.0,67.0,0.0,Rabbit
3.0,pursuit,31.0,2.0,5.0,57.0,0.0,Rabbit
3.0,pursuit,52.0,9.0,72.0,36.0,1.0,Rabbit
3.0,pursuit,33.0,18.0,60.0,76.0,1.0,Rabbit
3.0,pursuit,52.0,9.0,72.0,36.0,1.0,Rabbit
3.0,pursuit,29.0,15.0,63.0,49.0,1.0,Rabbit
3.0,pursuit,52.0,9.0,72.0,36.0,1.0,Rabbit
3.0,pursuit,59.0,19.0,78.0,40.0,0.0,Rabbit
3.0,pursuit,59.0,19.0,78.0,40.0,0.0,Rabbit
3.0,pursuit,9.0,85.0,99.0,45.0,0.0,Rabbit
3.0,pursuit,9.0,85.0,99.0,45.0,0.0,Rabbit
3.0,pursuit,29.0,15.0,63.0,49.0,0.0,Rabbit
3.0,pursuit,90.0,12.0,70.0,67.0,0.0,Rabbit
3.0,pursuit,9.0,85.0,99.0,45.0,0.0,Rabbit
3.0,pursuit,59.0,19.0,78.0,40.0,1.0,Rabbit
3.0,pursuit,21.0,22.0,88.0,83.0,0.0,Rabbit
3.0,pursuit,59.0,19.0,78.0,40.0,1.0,Rabbit
3.0,pursuit,88.0,37.0,93.0,42.0,0.0,Rabbit
3.0,pursuit,33.0,18.0,60.0,76.0,1.0,Rabbit
3.0,pursuit,9.0,85.0,99.0,45.0,0.0,Rabbit
3.0,pursuit,88.0,37.0,93.0,43.0,0.0,Rabbit
3.0,pursuit,88.0,37.0,93.0,42.0,0.0,Rabbit
3.0,pursuit,88.0,37.0,93.0,42.0,1.0,Rabbit
3.0,pursuit,88.0,37.0,93.0,42.0,1.0,Rabbit
3.0,pursuit,59.0,19.0,78.0,40.0,1.0,Rabbit
3.0,pursuit,21.0,22.0,88.0,83.0,0.0,Rabbit
3.0,pursuit,21.0,22.0,88.0,83.0,0.0,Rabbit
3.0,pursuit,67.0,53.0,43.0,96.0,0.0,Rabbit
3.0,pursuit,20.0,33.0,60.0,54.0,1.0,Rabbit
3.0,pursuit,20.0,33.0,60.0,54.0,1.0,Rabbit
3.0,pursuit,20.0,33.0,64.0,54.0,1.0,Rabbit
3.0,pursuit,73.0,20.0,79.0,80.0,0.0,Rabbit
3.0,pursuit,20.0,33.0,60.0,54.0,1.0,Rabbit
3.0,pursuit,20.0,22.0,47.0,51.0,1.0,Rabbit
3.0,pursuit,73.0,20.0,79.0,80.0,1.0,Rabbit
3.0,pursuit,20.0,33.0,60.0,54.0,1.0,Rabbit
3.0,pursuit,20.0,33.0,60.0,54.0,1.0,Rabbit
3.0,pursuit,20.0,33.0,60.0,54.0,1.0,Rabbit
3.0,pursuit,20.0,33.0,60.0,54.0,1.0,Rabbit
3.0,pursuit,73.0,31.0,47.0,50.0,0.0,Rabbit
3.0,pursuit,67.0,53.0,43.0,96.0,0.0,Rabbit
3.0,pursuit,38.0,36.0,100.0,64.0,0.0,Rabbit
3.0,pursuit,38.0,36.0,100.0,64.0,0.0,Rabbit
3.0,pursuit,73.0,31.0,47.0,50.0,0.0,Rabbit
3.0,pursuit,12.0,50.0,72.0,39.0,0.0,Rabbit
3.0,pursuit,73.0,20.0,79.0,80.0,0.0,Rabbit
3.0,pursuit,12.0,50.0,72.0,39.0,0.0,Rabbit
3.0,pursuit,20.0,33.0,60.0,54.0,1.0,Rabbit
3.0,pursuit,41.0,6.0,82.0,91.0,0.0,Rabbit
3.0,pursuit,91.0,86.0,71.0,86.0,1.0,Rabbit
3.0,pursuit,12.0,50.0,72.0,39.0,1.0,Rabbit
3.0,pursuit,73.0,31.0,47.0,50.0,0.0,Rabbit
3.0,pursuit,41.0,6.0,82.0,91.0,0.0,Rabbit
3.0,pursuit,20.0,33.0,60.0,54.0,1.0,Rabbit
3.0,pursuit,91.0,86.0,75.0,82.0,0.0,Rabbit
3.0,pursuit,91.0,86.0,71.0,86.0,1.0,Rabbit
3.0,pursuit,67.0,53.0,43.0,96.0,0.0,Rabbit
3.0,pursuit,91.0,86.0,71.0,86.0,0.0,Rabbit
3.0,pursuit,14.0,60.0,72.0,48.0,1.0,Rabbit
3.0,pursuit,91.0,86.0,71.0,86.0,0.0,Rabbit
3.0,pursuit,14.0,59.0,72.0,44.0,0.0,Rabbit
3.0,pursuit,38.0,36.0,100.0,64.0,0.0,Rabbit
3.0,pursuit,13.0,28.0,67.0,72.0,1.0,Rabbit
3.0,pursuit,13.0,28.0,67.0,72.0,0.0,Rabbit
3.0,pursuit,13.0,28.0,67.0,72.0,0.0,Rabbit
3.0,pursuit,14.0,60.0,72.0,48.0,1.0,Rabbit
3.0,pursuit,66.0,42.0,55.0,65.0,1.0,Rabbit
3.0,pursuit,66.0,42.0,55.0,65.0,0.0,Rabbit
3.0,pursuit,65.0,46.0,39.0,45.0,0.0,Rabbit
3.0,pursuit,66.0,42.0,55.0,65.0,0.0,Rabbit
3.0,pursuit,92.0,9.0,71.0,84.0,1.0,Rabbit
3.0,pursuit,92.0,9.0,71.0,84.0,1.0,Rabbit
3.0,pursuit,24.0,53.0,69.0,41.0,1.0,Rabbit
3.0,pursuit,18.0,15.0,68.0,50.0,1.0,Rabbit
3.0,pursuit,37.0,17.0,97.0,41.0,0.0,Rabbit
3.0,pursuit,37.0,17.0,97.0,41.0,0.0,Rabbit
3.0,pursuit,41.0,6.0,82.0,91.0,1.0,Rabbit
3.0,pursuit,37.0,13.0,98.0,41.0,0.0,Rabbit
3.0,pursuit,37.0,13.0,98.0,41.0,0.0,Rabbit
3.0,pursuit,69.0,50.0,38.0,81.0,0.0,Rabbit
3.0,pursuit,13.0,28.0,67.0,72.0,0.0,Rabbit
3.0,pursuit,41.0,6.0,82.0,91.0,1.0,Rabbit
3.0,pursuit,69.0,55.0,40.0,81.0,1.0,Rabbit
3.0,pursuit,41.0,6.0,82.0,91.0,1.0,Rabbit
3.0,pursuit,41.0,6.0,82.0,91.0,1.0,Rabbit
3.0,pursuit,64.0,41.0,100.0,64.0,1.0,Rabbit
3.0,pursuit,64.0,41.0,100.0,64.0,1.0,Rabbit
3.0,pursuit,64.0,45.0,100.0,62.0,1.0,Rabbit
3.0,pursuit,37.0,17.0,97.0,41.0,1.0,Rabbit
3.0,pursuit,41.0,6.0,82.0,91.0,1.0,Rabbit
3.0,pursuit,64.0,41.0,96.0,62.0,1.0,Rabbit
3.0,pursuit,64.0,41.0,100.0,64.0,1.0,Rabbit
3.0,pursuit,37.0,17.0,97.0,41.0,1.0,Rabbit
3.0,pursuit,64.0,41.0,100.0,64.0,1.0,Rabbit
3.0,pursuit,64.0,41.0,100.0,64.0,0.0,Rabbit
3.0,pursuit,37.0,17.0,97.0,41.0,1.0,Rabbit
3.0,pursuit,64.0,41.0,100.0,64.0,1.0,Rabbit
3.0,pursuit,95.0,20.0,76.0,74.0,0.0,Rabbit
3.0,pursuit,26.0,22.0,78.0,65.0,0.0,Rabbit
3.0,pursuit,64.0,53.0,16.0,56.0,1.0,Rabbit
3.0,pursuit,37.0,17.0,97.0,41.0,0.0,Rabbit
3.0,pursuit,64.0,41.0,100.0,64.0,0.0,Rabbit
3.0,pursuit,69.0,30.0,94.0,42.0,0.0,Rabbit
3.0,pursuit,64.0,53.0,16.0,56.0,0.0,Rabbit
3.0,pursuit,69.0,30.0,96.0,42.0,0.0,Rabbit
3.0,pursuit,44.0,21.0,67.0,34.0,0.0,Rabbit
3.0,pursuit,69.0,30.0,94.0,42.0,1.0,Rabbit
3.0,pursuit,69.0,30.0,94.0,42.0,0.0,Rabbit
3.0,pursuit,39.0,8.0,57.0,58.0,0.0,Rabbit
3.0,pursuit,39.0,8.0,57.0,58.0,0.0,Rabbit
3.0,pursuit,69.0,30.0,94.0,42.0,0.0,Rabbit
3.0,pursuit,64.0,41.0,100.0,64.0,0.0,Rabbit
3.0,pursuit,26.0,22.0,78.0,65.0,0.0,Rabbit
3.0,pursuit,51.0,21.0,64.0,40.0,0.0,Rabbit
3.0,pursuit,69.0,50.0,38.0,81.0,0.0,Rabbit
3.0,pursuit,26.0,22.0,78.0,65.0,1.0,Rabbit
3.0,pursuit,88.0,47.0,93.0,71.0,1.0,Rabbit
3.0,pursuit,26.0,22.0,78.0,65.0,1.0,Rabbit
3.0,pursuit,51.0,21.0,64.0,40.0,0.0,Rabbit
3.0,pursuit,39.0,8.0,57.0,58.0,1.0,Rabbit
3.0,pursuit,51.0,21.0,64.0,40.0,0.0,Rabbit
3.0,pursuit,88.0,47.0,93.0,71.0,0.0,Rabbit
3.0,pursuit,78.0,30.0,25.0,95.0,0.0,Rabbit
3.0,pursuit,74.0,24.0,54.0,79.0,1.0,Rabbit
3.0,pursuit,19.0,56.0,75.0,46.0,1.0,Rabbit
3.0,pursuit,92.0,22.0,84.0,75.0,1.0,Rabbit
3.0,pursuit,92.0,22.0,84.0,75.0,1.0,Rabbit
3.0,pursuit,18.0,56.0,75.0,46.0,0.0,Rabbit
3.0,pursuit,92.0,22.0,84.0,75.0,1.0,Rabbit
3.0,pursuit,61.0,11.0,91.0,63.0,0.0,Rabbit
3.0,pursuit,61.0,11.0,91.0,63.0,1.0,Rabbit
3.0,pursuit,61.0,11.0,91.0,63.0,1.0,Rabbit
3.0,pursuit,65.0,12.0,91.0,63.0,0.0,Rabbit
3.0,pursuit,69.0,53.0,38.0,80.0,0.0,Rabbit
3.0,pursuit,27.0,31.0,90.0,68.0,0.0,Rabbit
3.0,pursuit,27.0,31.0,90.0,68.0,0.0,Rabbit
3.0,pursuit,92.0,22.0,84.0,75.0,1.0,Rabbit
3.0,pursuit,35.0,28.0,98.0,46.0,0.0,Rabbit
3.0,pursuit,78.0,30.0,25.0,95.0,0.0,Rabbit
3.0,pursuit,69.0,56.0,3.0,53.0,1.0,Rabbit
3.0,pursuit,64.0,41.0,100.0,64.0,0.0,Rabbit
3.0,pursuit,69.0,56.0,3.0,53.0,0.0,Rabbit
3.0,pursuit,69.0,56.0,3.0,53.0,1.0,Rabbit
3.0,pursuit,51.0,21.0,64.0,40.0,0.0,Rabbit
3.0,pursuit,9.0,50.0,28.0,31.0,0.0,Rabbit
3.0,pursuit,9.0,50.0,28.0,31.0,1.0,Rabbit
3.0,pursuit,63.0,5.0,77.0,75.0,1.0,Rabbit
3.0,pursuit,63.0,5.0,77.0,75.0,1.0,Rabbit
3.0,pursuit,63.0,5.0,77.0,75.0,0.0,Rabbit
3.0,pursuit,32.0,27.0,79.0,75.0,1.0,Rabbit
3.0,pursuit,35.0,28.0,98.0,46.0,1.0,Rabbit
3.0,pursuit,95.0,4.0,61.0,94.0,1.0,Rabbit
3.0,pursuit,27.0,31.0,88.0,68.0,1.0,Rabbit
3.0,pursuit,94.0,31.0,10.0,49.0,1.0,Rabbit
3.0,pursuit,27.0,31.0,90.0,68.0,1.0,Rabbit
3.0,pursuit,27.0,15.0,70.0,72.0,1.0,Rabbit
3.0,pursuit,94.0,31.0,10.0,49.0,0.0,Rabbit
3.0,pursuit,67.0,20.0,77.0,61.0,0.0,Rabbit
3.0,pursuit,39.0,42.0,83.0,40.0,1.0,Rabbit
3.0,pursuit,67.0,20.0,77.0,61.0,1.0,Rabbit
3.0,pursuit,27.0,15.0,70.0,72.0,0.0,Rabbit
3.0,pursuit,46.0,1.0,98.0,62.0,0.0,Rabbit
3.0,pursuit,94.0,31.0,10.0,49.0,0.0,Rabbit
3.0,pursuit,35.0,46.0,83.0,40.0,0.0,Rabbit
3.0,pursuit,81.0,44.0,41.0,76.0,0.0,Rabbit
3.0,pursuit,15.0,30.0,70.0,59.0,1.0,Rabbit
3.0,pursuit,81.0,44.0,41.0,76.0,0.0,Rabbit
3.0,pursuit,85.0,61.0,58.0,82.0,0.0,Rabbit
3.0,pursuit,98.0,95.0,22.0,100.0,0.0,Rabbit
3.0,pursuit,62.0,18.0,63.0,85.0,1.0,Rabbit
3.0,pursuit,62.0,18.0,63.0,85.0,0.0,Rabbit
3.0,pursuit,85.0,61.0,58.0,82.0,0.0,Rabbit
3.0,pursuit,62.0,18.0,63.0,85.0,1.0,Rabbit
3.0,pursuit,27.0,15.0,70.0,72.0,1.0,Rabbit
3.0,pursuit,46.0,1.0,98.0,62.0,1.0,Rabbit
3.0,pursuit,62.0,18.0,63.0,85.0,0.0,Rabbit
3.0,pursuit,8.0,55.0,71.0,37.0,0.0,Rabbit
3.0,pursuit,66.0,51.0,17.0,68.0,0.0,Rabbit
3.0,pursuit,8.0,55.0,71.0,37.0,0.0,Rabbit
3.0,pursuit,98.0,95.0,22.0,100.0,0.0,Rabbit
3.0,pursuit,74.0,84.0,83.0,84.0,1.0,Rabbit
3.0,pursuit,74.0,84.0,83.0,84.0,1.0,Rabbit
3.0,pursuit,99.0,32.0,43.0,47.0,1.0,Rabbit
3.0,pursuit,99.0,32.0,43.0,47.0,0.0,Rabbit
3.0,pursuit,81.0,44.0,41.0,76.0,0.0,Rabbit
3.0,pursuit,8.0,55.0,71.0,37.0,1.0,Rabbit
3.0,pursuit,41.0,42.0,98.0,56.0,0.0,Rabbit
3.0,pursuit,99.0,32.0,43.0,47.0,0.0,Rabbit
3.0,pursuit,41.0,42.0,98.0,56.0,0.0,Rabbit
3.0,pursuit,41.0,42.0,98.0,56.0,1.0,Rabbit
3.0,pursuit,62.0,51.0,17.0,64.0,0.0,Rabbit
3.0,pursuit,40.0,3.0,61.0,37.0,0.0,Rabbit
3.0,pursuit,99.0,32.0,43.0,47.0,0.0,Rabbit
3.0,pursuit,74.0,84.0,83.0,84.0,0.0,Rabbit
3.0,pursuit,94.0,62.0,32.0,77.0,0.0,Rabbit
3.0,pursuit,95.0,40.0,78.0,38.0,0.0,Rabbit
3.0,pursuit,99.0,32.0,43.0,47.0,0.0,Rabbit
3.0,pursuit,79.0,48.0,44.0,48.0,0.0,Rabbit
3.0,pursuit,27.0,1.0,72.0,38.0,0.0,Rabbit
3.0,pursuit,88.0,17.0,1.0,90.0,1.0,Rabbit
3.0,pursuit,27.0,1.0,72.0,38.0,0.0,Rabbit
3.0,pursuit,27.0,1.0,72.0,38.0,0.0,Rabbit
3.0,pursuit,47.0,25.0,85.0,69.0,1.0,Rabbit
3.0,pursuit,41.0,42.0,98.0,56.0,1.0,Rabbit
3.0,pursuit,62.0,18.0,63.0,85.0,0.0,Rabbit
3.0,pursuit,41.0,9.0,99.0,48.0,1.0,Rabbit
3.0,pursuit,99.0,9.0,75.0,93.0,0.0,Rabbit
3.0,pursuit,94.0,62.0,32.0,77.0,0.0,Rabbit
3.0,pursuit,28.0,15.0,94.0,56.0,0.0,Rabbit
3.0,pursuit,60.0,12.0,81.0,50.0,1.0,Rabbit
3.0,pursuit,62.0,18.0,63.0,85.0,0.0,Rabbit
3.0,pursuit,60.0,12.0,81.0,50.0,0.0,Rabbit
3.0,pursuit,60.0,12.0,81.0,50.0,1.0,Rabbit
3.0,pursuit,60.0,12.0,81.0,50.0,0.0,Rabbit
3.0,pursuit,60.0,12.0,81.0,50.0,0.0,Rabbit
3.0,pursuit,47.0,25.0,85.0,69.0,0.0,Rabbit
3.0,pursuit,34.0,7.0,41.0,42.0,0.0,Rabbit
3.0,pursuit,15.0,58.0,94.0,48.0,0.0,Rabbit
3.0,pursuit,41.0,9.0,99.0,48.0,1.0,Rabbit
3.0,pursuit,67.0,21.0,7.0,73.0,0.0,Rabbit
3.0,pursuit,15.0,58.0,94.0,48.0,0.0,Rabbit
3.0,pursuit,15.0,58.0,94.0,48.0,0.0,Rabbit
3.0,pursuit,88.0,17.0,1.0,90.0,0.0,Rabbit
3.0,pursuit,23.0,20.0,66.0,76.0,0.0,Rabbit
3.0,pursuit,66.0,16.0,75.0,48.0,0.0,Rabbit
3.0,pursuit,23.0,20.0,66.0,76.0,0.0,Rabbit
3.0,pursuit,41.0,9.0,99.0,48.0,0.0,Rabbit
3.0,pursuit,34.0,7.0,41.0,42.0,1.0,Rabbit
3.0,pursuit,34.0,7.0,41.0,42.0,1.0,Rabbit
3.0,pursuit,15.0,65.0,94.0,48.0,1.0,Rabbit
3.0,pursuit,23.0,20.0,66.0,76.0,1.0,Rabbit
3.0,pursuit,23.0,20.0,66.0,76.0,0.0,Rabbit
4.0,pursuit,90.0,12.0,70.0,67.0,0.0,Rabbit
4.0,pursuit,94.0,65.0,61.0,55.0,0.0,Rabbit
4.0,pursuit,90.0,12.0,70.0,67.0,1.0,Rabbit
4.0,pursuit,94.0,60.0,61.0,55.0,0.0,Rabbit
4.0,pursuit,29.0,15.0,63.0,49.0,0.0,Rabbit
4.0,pursuit,94.0,65.0,61.0,55.0,0.0,Rabbit
4.0,pursuit,33.0,18.0,60.0,76.0,0.0,Rabbit
4.0,pursuit,52.0,9.0,72.0,36.0,0.0,Rabbit
4.0,pursuit,52.0,9.0,72.0,36.0,0.0,Rabbit
4.0,pursuit,52.0,9.0,72.0,36.0,0.0,Rabbit
4.0,pursuit,29.0,15.0,63.0,49.0,0.0,Rabbit
4.0,pursuit,59.0,19.0,78.0,40.0,0.0,Rabbit
4.0,pursuit,59.0,19.0,78.0,40.0,0.0,Rabbit
4.0,pursuit,59.0,19.0,78.0,40.0,0.0,Rabbit
4.0,pursuit,33.0,18.0,60.0,76.0,1.0,Rabbit
4.0,pursuit,59.0,19.0,78.0,40.0,1.0,Rabbit
4.0,pursuit,52.0,9.0,72.0,36.0,1.0,Rabbit
4.0,pursuit,88.0,37.0,93.0,42.0,0.0,Rabbit
4.0,pursuit,88.0,37.0,93.0,42.0,0.0,Rabbit
4.0,pursuit,88.0,37.0,93.0,42.0,1.0,Rabbit
4.0,pursuit,59.0,19.0,78.0,40.0,1.0,Rabbit
4.0,pursuit,52.0,9.0,72.0,36.0,1.0,Rabbit
4.0,pursuit,52.0,9.0,72.0,36.0,1.0,Rabbit
4.0,pursuit,88.0,37.0,93.0,42.0,0.0,Rabbit
4.0,pursuit,20.0,33.0,60.0,54.0,0.0,Rabbit
4.0,pursuit,20.0,33.0,64.0,54.0,0.0,Rabbit
4.0,pursuit,52.0,9.0,72.0,36.0,1.0,Rabbit
4.0,pursuit,20.0,33.0,60.0,54.0,0.0,Rabbit
4.0,pursuit,59.0,19.0,78.0,40.0,1.0,Rabbit
4.0,pursuit,20.0,33.0,60.0,54.0,0.0,Rabbit
4.0,pursuit,59.0,19.0,78.0,40.0,1.0,Rabbit
4.0,pursuit,20.0,33.0,60.0,54.0,1.0,Rabbit
4.0,pursuit,90.0,12.0,70.0,67.0,0.0,Rabbit
4.0,pursuit,20.0,33.0,64.0,54.0,1.0,Rabbit
4.0,pursuit,20.0,22.0,47.0,51.0,1.0,Rabbit
4.0,pursuit,20.0,33.0,60.0,54.0,1.0,Rabbit
4.0,pursuit,20.0,33.0,64.0,54.0,0.0,Rabbit
4.0,pursuit,20.0,33.0,60.0,54.0,1.0,Rabbit
4.0,pursuit,20.0,33.0,60.0,54.0,0.0,Rabbit
4.0,pursuit,20.0,33.0,60.0,54.0,0.0,Rabbit
4.0,pursuit,20.0,33.0,60.0,54.0,0.0,Rabbit
4.0,pursuit,20.0,33.0,60.0,54.0,0.0,Rabbit
4.0,pursuit,72.0,20.0,79.0,80.0,0.0,Rabbit
4.0,pursuit,20.0,33.0,60.0,54.0,0.0,Rabbit
4.0,pursuit,20.0,33.0,60.0,54.0,0.0,Rabbit
4.0,pursuit,20.0,33.0,60.0,54.0,1.0,Rabbit
4.0,pursuit,20.0,22.0,47.0,51.0,1.0,Rabbit
4.0,pursuit,91.0,86.0,71.0,86.0,0.0,Rabbit
4.0,pursuit,91.0,86.0,71.0,86.0,0.0,Rabbit
4.0,pursuit,20.0,33.0,60.0,54.0,0.0,Rabbit
4.0,pursuit,12.0,50.0,72.0,39.0,0.0,Rabbit
4.0,pursuit,91.0,86.0,71.0,86.0,0.0,Rabbit
4.0,pursuit,91.0,86.0,71.0,86.0,0.0,Rabbit
4.0,pursuit,91.0,86.0,71.0,86.0,1.0,Rabbit
4.0,pursuit,20.0,22.0,47.0,51.0,1.0,Rabbit
4.0,pursuit,14.0,60.0,72.0,48.0,0.0,Rabbit
4.0,pursuit,14.0,60.0,72.0,48.0,1.0,Rabbit
4.0,pursuit,20.0,33.0,60.0,54.0,1.0,Rabbit
4.0,pursuit,14.0,60.0,72.0,48.0,0.0,Rabbit
4.0,pursuit,20.0,33.0,60.0,54.0,1.0,Rabbit
4.0,pursuit,66.0,42.0,55.0,65.0,0.0,Rabbit
4.0,pursuit,73.0,20.0,79.0,80.0,0.0,Rabbit
4.0,pursuit,66.0,42.0,55.0,65.0,1.0,Rabbit
4.0,pursuit,92.0,9.0,71.0,83.0,1.0,Rabbit
4.0,pursuit,20.0,33.0,60.0,54.0,0.0,Rabbit
4.0,pursuit,92.0,9.0,71.0,84.0,0.0,Rabbit
4.0,pursuit,92.0,9.0,71.0,84.0,1.0,Rabbit
4.0,pursuit,14.0,60.0,72.0,48.0,1.0,Rabbit
4.0,pursuit,20.0,33.0,60.0,54.0,0.0,Rabbit
4.0,pursuit,24.0,53.0,69.0,41.0,1.0,Rabbit
4.0,pursuit,20.0,33.0,60.0,54.0,0.0,Rabbit
4.0,pursuit,18.0,15.0,68.0,50.0,0.0,Rabbit
4.0,pursuit,18.0,15.0,68.0,50.0,0.0,Rabbit
4.0,pursuit,18.0,15.0,68.0,50.0,1.0,Rabbit
4.0,pursuit,24.0,53.0,69.0,41.0,0.0,Rabbit
4.0,pursuit,13.0,28.0,67.0,72.0,1.0,Rabbit
4.0,pursuit,24.0,53.0,69.0,41.0,1.0,Rabbit
4.0,pursuit,13.0,28.0,67.0,72.0,0.0,Rabbit
4.0,pursuit,92.0,9.0,71.0,84.0,1.0,Rabbit
4.0,pursuit,41.0,6.0,82.0,91.0,0.0,Rabbit
4.0,pursuit,69.0,55.0,40.0,81.0,0.0,Rabbit
4.0,pursuit,41.0,6.0,82.0,91.0,0.0,Rabbit
4.0,pursuit,41.0,6.0,82.0,91.0,1.0,Rabbit
4.0,pursuit,92.0,9.0,71.0,84.0,0.0,Rabbit
4.0,pursuit,41.0,6.0,82.0,91.0,0.0,Rabbit
4.0,pursuit,64.0,41.0,100.0,64.0,1.0,Rabbit
4.0,pursuit,64.0,41.0,100.0,64.0,0.0,Rabbit
4.0,pursuit,64.0,41.0,100.0,64.0,0.0,Rabbit
4.0,pursuit,41.0,6.0,82.0,91.0,0.0,Rabbit
4.0,pursuit,41.0,6.0,82.0,91.0,1.0,Rabbit
4.0,pursuit,64.0,45.0,100.0,62.0,1.0,Rabbit
4.0,pursuit,37.0,17.0,97.0,41.0,0.0,Rabbit
4.0,pursuit,41.0,6.0,82.0,91.0,0.0,Rabbit
4.0,pursuit,64.0,45.0,100.0,62.0,0.0,Rabbit
4.0,pursuit,41.0,6.0,82.0,91.0,0.0,Rabbit
4.0,pursuit,64.0,41.0,96.0,62.0,1.0,Rabbit
4.0,pursuit,41.0,6.0,82.0,91.0,1.0,Rabbit
4.0,pursuit,64.0,41.0,96.0,62.0,0.0,Rabbit
4.0,pursuit,64.0,41.0,100.0,64.0,0.0,Rabbit
4.0,pursuit,64.0,41.0,100.0,64.0,1.0,Rabbit
4.0,pursuit,37.0,17.0,97.0,41.0,0.0,Rabbit
4.0,pursuit,37.0,17.0,97.0,41.0,1.0,Rabbit
4.0,pursuit,37.0,17.0,97.0,41.0,1.0,Rabbit
4.0,pursuit,64.0,41.0,100.0,64.0,1.0,Rabbit
4.0,pursuit,37.0,17.0,97.0,41.0,0.0,Rabbit
4.0,pursuit,64.0,41.0,100.0,64.0,0.0,Rabbit
4.0,pursuit,37.0,17.0,97.0,41.0,0.0,Rabbit
4.0,pursuit,37.0,17.0,97.0,41.0,1.0,Rabbit
4.0,pursuit,64.0,53.0,16.0,56.0,1.0,Rabbit
4.0,pursuit,41.0,6.0,82.0,91.0,0.0,Rabbit
4.0,pursuit,26.0,22.0,78.0,65.0,1.0,Rabbit
4.0,pursuit,26.0,22.0,78.0,65.0,0.0,Rabbit
4.0,pursuit,69.0,30.0,94.0,42.0,1.0,Rabbit
4.0,pursuit,37.0,17.0,97.0,41.0,0.0,Rabbit
4.0,pursuit,64.0,41.0,100.0,64.0,0.0,Rabbit
4.0,pursuit,64.0,41.0,96.0,62.0,0.0,Rabbit
4.0,pursuit,39.0,8.0,57.0,58.0,0.0,Rabbit
4.0,pursuit,88.0,47.0,93.0,71.0,1.0,Rabbit
4.0,pursuit,41.0,6.0,82.0,91.0,1.0,Rabbit
4.0,pursuit,19.0,56.0,75.0,46.0,1.0,Rabbit
4.0,pursuit,74.0,24.0,54.0,79.0,0.0,Rabbit
4.0,pursuit,92.0,22.0,84.0,75.0,1.0,Rabbit
4.0,pursuit,64.0,45.0,100.0,62.0,0.0,Rabbit
4.0,pursuit,26.0,22.0,78.0,65.0,0.0,Rabbit
4.0,pursuit,92.0,22.0,84.0,75.0,0.0,Rabbit
4.0,pursuit,92.0,22.0,84.0,75.0,1.0,Rabbit
4.0,pursuit,92.0,22.0,84.0,78.0,0.0,Rabbit
4.0,pursuit,61.0,11.0,91.0,63.0,1.0,Rabbit
4.0,pursuit,92.0,22.0,84.0,75.0,0.0,Rabbit
4.0,pursuit,26.0,22.0,78.0,65.0,1.0,Rabbit
4.0,pursuit,39.0,8.0,57.0,58.0,1.0,Rabbit
4.0,pursuit,61.0,11.0,91.0,63.0,1.0,Rabbit
4.0,pursuit,26.0,22.0,78.0,65.0,1.0,Rabbit
4.0,pursuit,92.0,22.0,84.0,75.0,0.0,Rabbit
4.0,pursuit,61.0,11.0,91.0,63.0,1.0,Rabbit
4.0,pursuit,69.0,56.0,3.0,53.0,0.0,Rabbit
4.0,pursuit,69.0,56.0,3.0,53.0,0.0,Rabbit
4.0,pursuit,69.0,56.0,3.0,53.0,1.0,Rabbit
4.0,pursuit,9.0,50.0,28.0,31.0,0.0,Rabbit
4.0,pursuit,41.0,6.0,82.0,91.0,0.0,Rabbit
4.0,pursuit,9.0,48.0,28.0,31.0,0.0,Rabbit
4.0,pursuit,9.0,50.0,28.0,31.0,0.0,Rabbit
4.0,pursuit,61.0,11.0,91.0,63.0,0.0,Rabbit
4.0,pursuit,63.0,5.0,77.0,75.0,1.0,Rabbit
4.0,pursuit,63.0,5.0,77.0,75.0,0.0,Rabbit
4.0,pursuit,92.0,22.0,84.0,75.0,0.0,Rabbit
4.0,pursuit,63.0,5.0,77.0,75.0,1.0,Rabbit
4.0,pursuit,32.0,27.0,79.0,75.0,0.0,Rabbit
4.0,pursuit,35.0,28.0,98.0,46.0,0.0,Rabbit
4.0,pursuit,92.0,22.0,84.0,75.0,0.0,Rabbit
4.0,pursuit,35.0,28.0,98.0,46.0,1.0,Rabbit
4.0,pursuit,27.0,31.0,88.0,68.0,0.0,Rabbit
4.0,pursuit,92.0,22.0,84.0,75.0,0.0,Rabbit
4.0,pursuit,94.0,31.0,10.0,49.0,0.0,Rabbit
4.0,pursuit,92.0,22.0,84.0,75.0,0.0,Rabbit
4.0,pursuit,94.0,31.0,10.0,49.0,0.0,Rabbit
4.0,pursuit,94.0,28.0,10.0,54.0,0.0,Rabbit
4.0,pursuit,29.0,31.0,90.0,68.0,0.0,Rabbit
4.0,pursuit,63.0,5.0,77.0,75.0,0.0,Rabbit
4.0,pursuit,61.0,11.0,91.0,63.0,0.0,Rabbit
4.0,pursuit,35.0,28.0,98.0,46.0,0.0,Rabbit
4.0,pursuit,27.0,15.0,70.0,72.0,0.0,Rabbit
4.0,pursuit,26.0,15.0,75.0,72.0,0.0,Rabbit
4.0,pursuit,27.0,31.0,90.0,68.0,0.0,Rabbit
4.0,pursuit,39.0,42.0,83.0,40.0,0.0,Rabbit
4.0,pursuit,27.0,15.0,70.0,72.0,0.0,Rabbit
4.0,pursuit,39.0,42.0,83.0,40.0,0.0,Rabbit
4.0,pursuit,39.0,42.0,83.0,40.0,0.0,Rabbit
4.0,pursuit,67.0,20.0,77.0,61.0,1.0,Rabbit
4.0,pursuit,27.0,31.0,88.0,68.0,0.0,Rabbit
4.0,pursuit,62.0,18.0,63.0,85.0,1.0,Rabbit
4.0,pursuit,67.0,20.0,77.0,61.0,0.0,Rabbit
4.0,pursuit,62.0,18.0,63.0,85.0,1.0,Rabbit
4.0,pursuit,63.0,5.0,77.0,75.0,0.0,Rabbit
4.0,pursuit,27.0,15.0,70.0,72.0,0.0,Rabbit
4.0,pursuit,46.0,1.0,98.0,62.0,0.0,Rabbit
4.0,pursuit,46.0,1.0,98.0,62.0,0.0,Rabbit
4.0,pursuit,47.0,1.0,94.0,62.0,0.0,Rabbit
4.0,pursuit,62.0,18.0,63.0,85.0,1.0,Rabbit
4.0,pursuit,95.0,4.0,61.0,94.0,0.0,Rabbit
4.0,pursuit,27.0,31.0,90.0,68.0,0.0,Rabbit
4.0,pursuit,99.0,32.0,43.0,47.0,1.0,Rabbit
4.0,pursuit,99.0,32.0,43.0,47.0,1.0,Rabbit
4.0,pursuit,74.0,84.0,83.0,84.0,1.0,Rabbit
4.0,pursuit,74.0,84.0,83.0,84.0,0.0,Rabbit
4.0,pursuit,8.0,55.0,71.0,37.0,0.0,Rabbit
4.0,pursuit,47.0,25.0,85.0,69.0,0.0,Rabbit
4.0,pursuit,88.0,17.0,1.0,90.0,1.0,Rabbit
4.0,pursuit,74.0,84.0,83.0,84.0,0.0,Rabbit
4.0,pursuit,67.0,20.0,77.0,61.0,0.0,Rabbit
4.0,pursuit,15.0,30.0,70.0,59.0,1.0,Rabbit
4.0,pursuit,62.0,18.0,63.0,85.0,1.0,Rabbit
4.0,pursuit,41.0,9.0,99.0,48.0,0.0,Rabbit
4.0,pursuit,60.0,12.0,81.0,50.0,0.0,Rabbit
4.0,pursuit,60.0,12.0,81.0,50.0,1.0,Rabbit
4.0,pursuit,60.0,12.0,81.0,50.0,1.0,Rabbit
4.0,pursuit,41.0,42.0,98.0,56.0,1.0,Rabbit
4.0,pursuit,41.0,42.0,98.0,56.0,0.0,Rabbit
4.0,pursuit,34.0,7.0,41.0,42.0,0.0,Rabbit
4.0,pursuit,34.0,7.0,41.0,42.0,0.0,Rabbit
4.0,pursuit,34.0,7.0,41.0,42.0,0.0,Rabbit
4.0,pursuit,34.0,7.0,41.0,42.0,0.0,Rabbit
4.0,pursuit,34.0,7.0,41.0,42.0,0.0,Rabbit
4.0,pursuit,41.0,9.0,99.0,48.0,1.0,Rabbit
4.0,pursuit,41.0,42.0,98.0,56.0,0.0,Rabbit
4.0,pursuit,23.0,20.0,66.0,76.0,0.0,Rabbit
4.0,pursuit,41.0,9.0,99.0,48.0,0.0,Rabbit
4.0,pursuit,47.0,25.0,85.0,69.0,0.0,Rabbit
4.0,pursuit,62.0,16.0,63.0,82.0,0.0,Rabbit
4.0,pursuit,34.0,7.0,41.0,42.0,1.0,Rabbit
4.0,pursuit,41.0,9.0,99.0,48.0,1.0,Rabbit
4.0,pursuit,15.0,65.0,94.0,48.0,0.0,Rabbit
4.0,pursuit,15.0,65.0,94.0,48.0,1.0,Rabbit
5.0,pursuit,90.0,12.0,70.0,67.0,0.0,Rabbit
5.0,pursuit,90.0,12.0,70.0,67.0,1.0,Rabbit
5.0,pursuit,88.0,37.0,93.0,42.0,0.0,Rabbit
5.0,pursuit,88.0,37.0,93.0,42.0,1.0,Rabbit
5.0,pursuit,59.0,19.0,78.0,40.0,0.0,Rabbit
5.0,pursuit,52.0,9.0,72.0,36.0,1.0,Rabbit
5.0,pursuit,88.0,37.0,93.0,42.0,0.0,Rabbit
5.0,pursuit,52.0,9.0,72.0,36.0,0.0,Rabbit
5.0,pursuit,52.0,9.0,72.0,36.0,0.0,Rabbit
5.0,pursuit,52.0,9.0,72.0,36.0,0.0,Rabbit
5.0,pursuit,52.0,9.0,72.0,36.0,1.0,Rabbit
5.0,pursuit,59.0,19.0,78.0,40.0,1.0,Rabbit
5.0,pursuit,59.0,19.0,78.0,40.0,1.0,Rabbit
5.0,pursuit,59.0,19.0,78.0,40.0,0.0,Rabbit
5.0,pursuit,20.0,33.0,64.0,54.0,0.0,Rabbit
5.0,pursuit,59.0,19.0,78.0,40.0,1.0,Rabbit
5.0,pursuit,52.0,9.0,72.0,36.0,1.0,Rabbit
5.0,pursuit,20.0,22.0,47.0,51.0,0.0,Rabbit
5.0,pursuit,20.0,22.0,47.0,51.0,0.0,Rabbit
5.0,pursuit,33.0,18.0,60.0,76.0,1.0,Rabbit
5.0,pursuit,59.0,19.0,78.0,40.0,1.0,Rabbit
5.0,pursuit,59.0,19.0,78.0,40.0,0.0,Rabbit
5.0,pursuit,20.0,33.0,60.0,54.0,0.0,Rabbit
5.0,pursuit,20.0,33.0,60.0,54.0,0.0,Rabbit
5.0,pursuit,20.0,33.0,63.0,54.0,0.0,Rabbit
5.0,pursuit,20.0,33.0,60.0,54.0,1.0,Rabbit
5.0,pursuit,33.0,18.0,60.0,76.0,1.0,Rabbit
5.0,pursuit,20.0,33.0,60.0,54.0,0.0,Rabbit
5.0,pursuit,20.0,22.0,47.0,51.0,0.0,Rabbit
5.0,pursuit,20.0,33.0,60.0,54.0,0.0,Rabbit
5.0,pursuit,91.0,86.0,71.0,86.0,1.0,Rabbit
5.0,pursuit,20.0,33.0,64.0,54.0,0.0,Rabbit
5.0,pursuit,20.0,22.0,47.0,51.0,1.0,Rabbit
5.0,pursuit,20.0,33.0,64.0,54.0,1.0,Rabbit
5.0,pursuit,20.0,33.0,60.0,54.0,0.0,Rabbit
5.0,pursuit,20.0,22.0,47.0,51.0,1.0,Rabbit
5.0,pursuit,25.0,33.0,60.0,54.0,1.0,Rabbit
5.0,pursuit,14.0,60.0,72.0,48.0,0.0,Rabbit
5.0,pursuit,91.0,86.0,71.0,86.0,0.0,Rabbit
5.0,pursuit,20.0,33.0,60.0,54.0,0.0,Rabbit
5.0,pursuit,66.0,42.0,55.0,65.0,1.0,Rabbit
5.0,pursuit,92.0,9.0,71.0,83.0,0.0,Rabbit
5.0,pursuit,20.0,22.0,47.0,51.0,1.0,Rabbit
5.0,pursuit,92.0,9.0,71.0,83.0,1.0,Rabbit
5.0,pursuit,20.0,33.0,60.0,54.0,0.0,Rabbit
5.0,pursuit,92.0,9.0,71.0,83.0,0.0,Rabbit
5.0,pursuit,66.0,42.0,55.0,65.0,0.0,Rabbit
5.0,pursuit,14.0,60.0,72.0,48.0,1.0,Rabbit
5.0,pursuit,24.0,53.0,69.0,41.0,1.0,Rabbit
5.0,pursuit,14.0,60.0,72.0,48.0,1.0,Rabbit
5.0,pursuit,24.0,53.0,69.0,41.0,1.0,Rabbit
5.0,pursuit,18.0,15.0,68.0,50.0,0.0,Rabbit
5.0,pursuit,21.0,15.0,68.0,55.0,0.0,Rabbit
5.0,pursuit,20.0,33.0,60.0,54.0,1.0,Rabbit
5.0,pursuit,14.0,60.0,72.0,48.0,1.0,Rabbit
5.0,pursuit,66.0,42.0,55.0,65.0,1.0,Rabbit
5.0,pursuit,20.0,33.0,60.0,54.0,1.0,Rabbit
5.0,pursuit,24.0,53.0,69.0,41.0,0.0,Rabbit
5.0,pursuit,24.0,53.0,69.0,41.0,0.0,Rabbit
5.0,pursuit,92.0,9.0,71.0,84.0,0.0,Rabbit
5.0,pursuit,41.0,6.0,82.0,91.0,1.0,Rabbit
5.0,pursuit,64.0,41.0,100.0,64.0,0.0,Rabbit
5.0,pursuit,92.0,9.0,71.0,83.0,0.0,Rabbit
5.0,pursuit,18.0,15.0,68.0,50.0,1.0,Rabbit
5.0,pursuit,64.0,45.0,100.0,62.0,1.0,Rabbit
5.0,pursuit,24.0,53.0,69.0,41.0,1.0,Rabbit
5.0,pursuit,64.0,41.0,96.0,62.0,0.0,Rabbit
5.0,pursuit,13.0,28.0,67.0,72.0,0.0,Rabbit
5.0,pursuit,13.0,28.0,67.0,72.0,1.0,Rabbit
5.0,pursuit,37.0,17.0,97.0,41.0,0.0,Rabbit
5.0,pursuit,92.0,9.0,71.0,84.0,0.0,Rabbit
5.0,pursuit,37.0,17.0,97.0,41.0,0.0,Rabbit
5.0,pursuit,64.0,41.0,100.0,64.0,0.0,Rabbit
5.0,pursuit,37.0,17.0,97.0,41.0,0.0,Rabbit
5.0,pursuit,37.0,17.0,97.0,41.0,0.0,Rabbit
5.0,pursuit,37.0,17.0,97.0,41.0,0.0,Rabbit
5.0,pursuit,92.0,9.0,71.0,84.0,0.0,Rabbit
5.0,pursuit,64.0,41.0,100.0,64.0,0.0,Rabbit
5.0,pursuit,26.0,22.0,78.0,65.0,1.0,Rabbit
5.0,pursuit,26.0,22.0,78.0,65.0,1.0,Rabbit
5.0,pursuit,64.0,53.0,16.0,56.0,0.0,Rabbit
5.0,pursuit,69.0,30.0,94.0,42.0,0.0,Rabbit
5.0,pursuit,69.0,30.0,90.0,42.0,1.0,Rabbit
5.0,pursuit,88.0,47.0,93.0,71.0,1.0,Rabbit
5.0,pursuit,64.0,53.0,16.0,56.0,0.0,Rabbit
5.0,pursuit,64.0,45.0,100.0,62.0,0.0,Rabbit
5.0,pursuit,64.0,53.0,16.0,56.0,0.0,Rabbit
5.0,pursuit,41.0,6.0,82.0,91.0,1.0,Rabbit
5.0,pursuit,64.0,41.0,100.0,64.0,0.0,Rabbit
5.0,pursuit,41.0,6.0,82.0,91.0,1.0,Rabbit
5.0,pursuit,26.0,22.0,78.0,65.0,1.0,Rabbit
5.0,pursuit,19.0,56.0,75.0,50.0,1.0,Rabbit
5.0,pursuit,92.0,22.0,84.0,75.0,1.0,Rabbit
5.0,pursuit,41.0,6.0,82.0,91.0,0.0,Rabbit
5.0,pursuit,41.0,6.0,82.0,91.0,1.0,Rabbit
5.0,pursuit,92.0,22.0,84.0,75.0,1.0,Rabbit
5.0,pursuit,61.0,11.0,91.0,63.0,0.0,Rabbit
5.0,pursuit,19.0,56.0,75.0,46.0,0.0,Rabbit
5.0,pursuit,88.0,47.0,93.0,71.0,0.0,Rabbit
5.0,pursuit,26.0,22.0,78.0,65.0,1.0,Rabbit
5.0,pursuit,61.0,11.0,91.0,63.0,1.0,Rabbit
5.0,pursuit,61.0,11.0,91.0,63.0,1.0,Rabbit
5.0,pursuit,19.0,56.0,75.0,46.0,1.0,Rabbit
5.0,pursuit,88.0,47.0,93.0,71.0,0.0,Rabbit
5.0,pursuit,61.0,11.0,91.0,63.0,1.0,Rabbit
5.0,pursuit,61.0,11.0,91.0,63.0,1.0,Rabbit
5.0,pursuit,26.0,22.0,78.0,65.0,0.0,Rabbit
5.0,pursuit,69.0,56.0,3.0,53.0,0.0,Rabbit
5.0,pursuit,39.0,8.0,57.0,58.0,1.0,Rabbit
5.0,pursuit,39.0,8.0,57.0,58.0,0.0,Rabbit
5.0,pursuit,92.0,22.0,84.0,75.0,0.0,Rabbit
5.0,pursuit,63.0,5.0,77.0,75.0,1.0,Rabbit
5.0,pursuit,63.0,5.0,77.0,75.0,0.0,Rabbit
5.0,pursuit,63.0,5.0,77.0,75.0,1.0,Rabbit
5.0,pursuit,35.0,28.0,98.0,46.0,0.0,Rabbit
5.0,pursuit,67.0,20.0,77.0,61.0,1.0,Rabbit
5.0,pursuit,41.0,6.0,77.0,91.0,1.0,Rabbit
5.0,pursuit,62.0,18.0,63.0,85.0,1.0,Rabbit
5.0,pursuit,61.0,11.0,91.0,63.0,0.0,Rabbit
5.0,pursuit,35.0,28.0,98.0,46.0,1.0,Rabbit
5.0,pursuit,62.0,18.0,63.0,85.0,1.0,Rabbit
5.0,pursuit,62.0,18.0,63.0,85.0,1.0,Rabbit
5.0,pursuit,63.0,5.0,77.0,75.0,0.0,Rabbit
5.0,pursuit,62.0,18.0,63.0,85.0,1.0,Rabbit
5.0,pursuit,99.0,32.0,43.0,47.0,0.0,Rabbit
5.0,pursuit,99.0,32.0,43.0,47.0,1.0,Rabbit
5.0,pursuit,99.0,32.0,43.0,47.0,1.0,Rabbit
5.0,pursuit,61.0,11.0,91.0,63.0,0.0,Rabbit
5.0,pursuit,74.0,84.0,83.0,84.0,0.0,Rabbit
5.0,pursuit,99.0,32.0,43.0,47.0,0.0,Rabbit
5.0,pursuit,74.0,84.0,83.0,84.0,0.0,Rabbit
5.0,pursuit,74.0,84.0,83.0,84.0,0.0,Rabbit
5.0,pursuit,15.0,30.0,70.0,59.0,0.0,Rabbit
5.0,pursuit,88.0,17.0,1.0,90.0,1.0,Rabbit
5.0,pursuit,67.0,20.0,77.0,61.0,0.0,Rabbit
5.0,pursuit,63.0,5.0,77.0,75.0,0.0,Rabbit
5.0,pursuit,15.0,30.0,70.0,59.0,1.0,Rabbit
5.0,pursuit,57.0,18.0,63.0,85.0,0.0,Rabbit
5.0,pursuit,60.0,12.0,81.0,50.0,1.0,Rabbit
5.0,pursuit,66.0,5.0,76.0,75.0,0.0,Rabbit
5.0,pursuit,60.0,12.0,81.0,50.0,0.0,Rabbit
5.0,pursuit,60.0,12.0,81.0,50.0,1.0,Rabbit
5.0,pursuit,62.0,18.0,63.0,85.0,0.0,Rabbit
5.0,pursuit,41.0,9.0,99.0,48.0,0.0,Rabbit
5.0,pursuit,62.0,18.0,63.0,85.0,1.0,Rabbit
5.0,pursuit,15.0,30.0,70.0,59.0,0.0,Rabbit
5.0,pursuit,34.0,7.0,41.0,42.0,0.0,Rabbit
5.0,pursuit,88.0,17.0,1.0,90.0,0.0,Rabbit
5.0,pursuit,41.0,9.0,99.0,48.0,0.0,Rabbit
5.0,pursuit,34.0,7.0,41.0,42.0,1.0,Rabbit
5.0,pursuit,60.0,12.0,81.0,50.0,0.0,Rabbit
5.0,pursuit,34.0,7.0,41.0,42.0,1.0,Rabbit
5.0,pursuit,41.0,9.0,99.0,48.0,1.0,Rabbit
5.0,pursuit,41.0,42.0,98.0,56.0,1.0,Rabbit
5.0,pursuit,15.0,65.0,94.0,48.0,1.0,Rabbit
5.0,pursuit,15.0,65.0,94.0,48.0,1.0,Rabbit
5.0,pursuit,62.0,18.0,63.0,85.0,0.0,Rabbit
5.0,pursuit,62.0,18.0,63.0,89.0,0.0,Rabbit
5.0,pursuit,15.0,65.0,94.0,48.0,1.0,Rabbit
6.0,pursuit,52.0,9.0,72.0,36.0,0.0,Rabbit
6.0,pursuit,52.0,9.0,72.0,36.0,0.0,Rabbit
6.0,pursuit,52.0,9.0,72.0,36.0,0.0,Rabbit
6.0,pursuit,59.0,19.0,78.0,40.0,0.0,Rabbit
6.0,pursuit,59.0,19.0,78.0,40.0,1.0,Rabbit
6.0,pursuit,88.0,37.0,93.0,42.0,0.0,Rabbit
6.0,pursuit,59.0,19.0,78.0,40.0,1.0,Rabbit
6.0,pursuit,52.0,9.0,72.0,36.0,0.0,Rabbit
6.0,pursuit,59.0,19.0,78.0,40.0,1.0,Rabbit
6.0,pursuit,59.0,19.0,78.0,40.0,1.0,Rabbit
6.0,pursuit,90.0,12.0,70.0,67.0,0.0,Rabbit
6.0,pursuit,33.0,18.0,60.0,76.0,1.0,Rabbit
6.0,pursuit,59.0,19.0,78.0,40.0,1.0,Rabbit
6.0,pursuit,59.0,19.0,78.0,40.0,0.0,Rabbit
6.0,pursuit,52.0,9.0,72.0,36.0,1.0,Rabbit
6.0,pursuit,59.0,19.0,78.0,40.0,1.0,Rabbit
6.0,pursuit,59.0,19.0,78.0,40.0,1.0,Rabbit
6.0,pursuit,59.0,19.0,78.0,40.0,1.0,Rabbit
6.0,pursuit,33.0,17.0,59.0,76.0,0.0,Rabbit
6.0,pursuit,20.0,33.0,60.0,54.0,0.0,Rabbit
6.0,pursuit,91.0,86.0,75.0,83.0,0.0,Rabbit
6.0,pursuit,52.0,9.0,72.0,36.0,1.0,Rabbit
6.0,pursuit,91.0,86.0,71.0,86.0,0.0,Rabbit
6.0,pursuit,20.0,22.0,47.0,51.0,0.0,Rabbit
6.0,pursuit,52.0,9.0,72.0,36.0,1.0,Rabbit
6.0,pursuit,20.0,22.0,47.0,51.0,0.0,Rabbit
6.0,pursuit,91.0,86.0,71.0,86.0,0.0,Rabbit
6.0,pursuit,25.0,33.0,60.0,49.0,0.0,Rabbit
6.0,pursuit,20.0,22.0,47.0,51.0,0.0,Rabbit
6.0,pursuit,20.0,22.0,47.0,51.0,0.0,Rabbit
6.0,pursuit,66.0,42.0,55.0,65.0,1.0,Rabbit
6.0,pursuit,59.0,19.0,78.0,40.0,1.0,Rabbit
6.0,pursuit,25.0,33.0,60.0,54.0,0.0,Rabbit
6.0,pursuit,92.0,9.0,71.0,83.0,1.0,Rabbit
6.0,pursuit,92.0,9.0,71.0,83.0,1.0,Rabbit
6.0,pursuit,24.0,53.0,69.0,41.0,1.0,Rabbit
6.0,pursuit,14.0,60.0,72.0,48.0,0.0,Rabbit
6.0,pursuit,24.0,53.0,69.0,41.0,0.0,Rabbit
6.0,pursuit,14.0,60.0,72.0,48.0,1.0,Rabbit
6.0,pursuit,24.0,53.0,69.0,41.0,0.0,Rabbit
6.0,pursuit,20.0,33.0,64.0,54.0,1.0,Rabbit
6.0,pursuit,14.0,60.0,72.0,48.0,0.0,Rabbit
6.0,pursuit,33.0,18.0,60.0,76.0,1.0,Rabbit
6.0,pursuit,20.0,22.0,47.0,51.0,1.0,Rabbit
6.0,pursuit,14.0,60.0,72.0,48.0,0.0,Rabbit
6.0,pursuit,14.0,60.0,72.0,48.0,0.0,Rabbit
6.0,pursuit,66.0,42.0,55.0,65.0,1.0,Rabbit
6.0,pursuit,33.0,18.0,60.0,76.0,1.0,Rabbit
6.0,pursuit,66.0,42.0,55.0,65.0,1.0,Rabbit
6.0,pursuit,24.0,53.0,69.0,41.0,1.0,Rabbit
6.0,pursuit,20.0,33.0,60.0,54.0,0.0,Rabbit
6.0,pursuit,41.0,6.0,82.0,91.0,0.0,Rabbit
6.0,pursuit,66.0,42.0,55.0,65.0,0.0,Rabbit
6.0,pursuit,20.0,33.0,60.0,54.0,1.0,Rabbit
6.0,pursuit,18.0,15.0,68.0,50.0,0.0,Rabbit
6.0,pursuit,20.0,33.0,60.0,54.0,1.0,Rabbit
6.0,pursuit,64.0,45.0,100.0,62.0,1.0,Rabbit
6.0,pursuit,24.0,53.0,71.0,43.0,0.0,Rabbit
6.0,pursuit,14.0,60.0,72.0,48.0,1.0,Rabbit
6.0,pursuit,21.0,33.0,60.0,54.0,1.0,Rabbit
6.0,pursuit,26.0,22.0,78.0,65.0,0.0,Rabbit
6.0,pursuit,41.0,6.0,82.0,91.0,0.0,Rabbit
6.0,pursuit,26.0,22.0,78.0,65.0,0.0,Rabbit
6.0,pursuit,20.0,33.0,60.0,54.0,1.0,Rabbit
6.0,pursuit,26.0,22.0,78.0,62.0,0.0,Rabbit
6.0,pursuit,69.0,30.0,90.0,42.0,1.0,Rabbit
6.0,pursuit,92.0,9.0,71.0,83.0,0.0,Rabbit
6.0,pursuit,88.0,47.0,93.0,71.0,1.0,Rabbit
6.0,pursuit,41.0,6.0,82.0,91.0,0.0,Rabbit
6.0,pursuit,41.0,6.0,82.0,91.0,0.0,Rabbit
6.0,pursuit,88.0,47.0,93.0,71.0,0.0,Rabbit
6.0,pursuit,41.0,6.0,82.0,91.0,0.0,Rabbit
6.0,pursuit,13.0,28.0,67.0,72.0,1.0,Rabbit
6.0,pursuit,26.0,22.0,78.0,65.0,1.0,Rabbit
6.0,pursuit,26.0,22.0,78.0,65.0,1.0,Rabbit
6.0,pursuit,26.0,22.0,78.0,65.0,0.0,Rabbit
6.0,pursuit,26.0,22.0,78.0,65.0,1.0,Rabbit
6.0,pursuit,26.0,22.0,78.0,65.0,0.0,Rabbit
6.0,pursuit,89.0,22.0,88.0,75.0,1.0,Rabbit
6.0,pursuit,92.0,22.0,84.0,75.0,1.0,Rabbit
6.0,pursuit,24.0,53.0,69.0,41.0,0.0,Rabbit
6.0,pursuit,41.0,6.0,82.0,91.0,0.0,Rabbit
6.0,pursuit,41.0,6.0,82.0,91.0,1.0,Rabbit
6.0,pursuit,41.0,6.0,82.0,91.0,0.0,Rabbit
6.0,pursuit,26.0,22.0,78.0,65.0,0.0,Rabbit
6.0,pursuit,19.0,56.0,75.0,50.0,0.0,Rabbit
6.0,pursuit,61.0,11.0,91.0,63.0,1.0,Rabbit
6.0,pursuit,26.0,22.0,78.0,67.0,1.0,Rabbit
6.0,pursuit,61.0,11.0,91.0,63.0,0.0,Rabbit
6.0,pursuit,19.0,56.0,75.0,46.0,1.0,Rabbit
6.0,pursuit,61.0,11.0,91.0,63.0,0.0,Rabbit
6.0,pursuit,61.0,11.0,91.0,63.0,0.0,Rabbit
6.0,pursuit,61.0,11.0,91.0,63.0,1.0,Rabbit
6.0,pursuit,61.0,11.0,91.0,63.0,1.0,Rabbit
6.0,pursuit,61.0,11.0,91.0,63.0,1.0,Rabbit
6.0,pursuit,92.0,22.0,84.0,75.0,0.0,Rabbit
6.0,pursuit,19.0,56.0,75.0,46.0,1.0,Rabbit
6.0,pursuit,41.0,6.0,82.0,91.0,0.0,Rabbit
6.0,pursuit,61.0,11.0,91.0,63.0,0.0,Rabbit
6.0,pursuit,63.0,5.0,77.0,75.0,0.0,Rabbit
6.0,pursuit,19.0,56.0,75.0,46.0,1.0,Rabbit
6.0,pursuit,41.0,6.0,82.0,91.0,1.0,Rabbit
6.0,pursuit,67.0,20.0,77.0,61.0,1.0,Rabbit
6.0,pursuit,39.0,8.0,57.0,58.0,1.0,Rabbit
6.0,pursuit,67.0,20.0,77.0,61.0,1.0,Rabbit
6.0,pursuit,41.0,6.0,82.0,91.0,0.0,Rabbit
6.0,pursuit,63.0,5.0,77.0,75.0,0.0,Rabbit
6.0,pursuit,39.0,8.0,57.0,58.0,1.0,Rabbit
6.0,pursuit,63.0,5.0,77.0,75.0,0.0,Rabbit
6.0,pursuit,61.0,11.0,91.0,63.0,0.0,Rabbit
6.0,pursuit,35.0,28.0,98.0,46.0,1.0,Rabbit
6.0,pursuit,62.0,18.0,63.0,85.0,1.0,Rabbit
6.0,pursuit,62.0,18.0,63.0,85.0,1.0,Rabbit
6.0,pursuit,62.0,18.0,63.0,85.0,1.0,Rabbit
6.0,pursuit,41.0,6.0,77.0,91.0,1.0,Rabbit
6.0,pursuit,62.0,18.0,63.0,85.0,0.0,Rabbit
6.0,pursuit,99.0,32.0,43.0,47.0,0.0,Rabbit
6.0,pursuit,99.0,32.0,43.0,47.0,0.0,Rabbit
6.0,pursuit,99.0,32.0,43.0,47.0,1.0,Rabbit
6.0,pursuit,63.0,5.0,77.0,75.0,0.0,Rabbit
6.0,pursuit,62.0,18.0,63.0,85.0,0.0,Rabbit
6.0,pursuit,99.0,32.0,43.0,47.0,0.0,Rabbit
6.0,pursuit,62.0,18.0,63.0,85.0,1.0,Rabbit
6.0,pursuit,88.0,17.0,1.0,90.0,1.0,Rabbit
6.0,pursuit,60.0,12.0,81.0,50.0,1.0,Rabbit
6.0,pursuit,60.0,12.0,81.0,50.0,1.0,Rabbit
6.0,pursuit,62.0,18.0,63.0,85.0,0.0,Rabbit
6.0,pursuit,60.0,12.0,81.0,50.0,1.0,Rabbit
6.0,pursuit,62.0,18.0,63.0,85.0,0.0,Rabbit
6.0,pursuit,60.0,12.0,81.0,50.0,1.0,Rabbit
6.0,pursuit,62.0,18.0,63.0,85.0,1.0,Rabbit
6.0,pursuit,34.0,7.0,41.0,42.0,0.0,Rabbit
6.0,pursuit,62.0,18.0,63.0,85.0,0.0,Rabbit
6.0,pursuit,62.0,18.0,63.0,85.0,0.0,Rabbit
6.0,pursuit,15.0,30.0,70.0,59.0,1.0,Rabbit
6.0,pursuit,88.0,17.0,1.0,90.0,0.0,Rabbit
6.0,pursuit,41.0,42.0,98.0,56.0,0.0,Rabbit
6.0,pursuit,15.0,65.0,94.0,48.0,1.0,Rabbit
6.0,pursuit,15.0,65.0,94.0,48.0,0.0,Rabbit
6.0,pursuit,88.0,17.0,1.0,90.0,0.0,Rabbit
6.0,pursuit,34.0,7.0,41.0,42.0,1.0,Rabbit
6.0,pursuit,15.0,65.0,94.0,48.0,0.0,Rabbit
6.0,pursuit,60.0,12.0,81.0,50.0,0.0,Rabbit
6.0,pursuit,41.0,9.0,99.0,48.0,1.0,Rabbit
6.0,pursuit,41.0,9.0,99.0,48.0,0.0,Rabbit
6.0,pursuit,15.0,65.0,94.0,48.0,0.0,Rabbit
6.0,pursuit,15.0,65.0,94.0,48.0,1.0,Rabbit
6.0,pursuit,15.0,65.0,94.0,48.0,0.0,Rabbit
6.0,pursuit,15.0,65.0,94.0,48.0,1.0,Rabbit
6.0,pursuit,62.0,18.0,63.0,85.0,0.0,Rabbit
7.0,pursuit,59.0,19.0,78.0,40.0,0.0,Rabbit
7.0,pursuit,59.0,19.0,79.0,40.0,0.0,Rabbit
7.0,pursuit,59.0,19.0,74.0,38.0,0.0,Rabbit
7.0,pursuit,59.0,19.0,78.0,40.0,0.0,Rabbit
7.0,pursuit,59.0,19.0,78.0,40.0,1.0,Rabbit
7.0,pursuit,59.0,19.0,78.0,40.0,1.0,Rabbit
7.0,pursuit,59.0,19.0,78.0,40.0,1.0,Rabbit
7.0,pursuit,59.0,19.0,78.0,40.0,1.0,Rabbit
7.0,pursuit,52.0,9.0,72.0,36.0,1.0,Rabbit
7.0,pursuit,59.0,19.0,78.0,40.0,1.0,Rabbit
7.0,pursuit,59.0,19.0,78.0,40.0,0.0,Rabbit
7.0,pursuit,59.0,19.0,78.0,40.0,1.0,Rabbit
7.0,pursuit,59.0,19.0,78.0,40.0,1.0,Rabbit
7.0,pursuit,59.0,19.0,78.0,40.0,0.0,Rabbit
7.0,pursuit,59.0,19.0,78.0,40.0,1.0,Rabbit
7.0,pursuit,59.0,19.0,78.0,40.0,0.0,Rabbit
7.0,pursuit,59.0,19.0,78.0,40.0,0.0,Rabbit
7.0,pursuit,59.0,19.0,78.0,40.0,0.0,Rabbit
7.0,pursuit,59.0,19.0,78.0,40.0,1.0,Rabbit
7.0,pursuit,52.0,9.0,72.0,36.0,0.0,Rabbit
7.0,pursuit,52.0,9.0,72.0,36.0,1.0,Rabbit
7.0,pursuit,59.0,19.0,78.0,40.0,0.0,Rabbit
7.0,pursuit,52.0,9.0,72.0,36.0,1.0,Rabbit
7.0,pursuit,92.0,9.0,71.0,83.0,1.0,Rabbit
7.0,pursuit,59.0,19.0,78.0,40.0,1.0,Rabbit
7.0,pursuit,92.0,9.0,71.0,83.0,0.0,Rabbit
7.0,pursuit,92.0,9.0,71.0,83.0,0.0,Rabbit
7.0,pursuit,92.0,9.0,71.0,83.0,1.0,Rabbit
7.0,pursuit,24.0,53.0,69.0,41.0,1.0,Rabbit
7.0,pursuit,52.0,9.0,72.0,36.0,1.0,Rabbit
7.0,pursuit,33.0,18.0,60.0,76.0,0.0,Rabbit
7.0,pursuit,14.0,60.0,72.0,48.0,0.0,Rabbit
7.0,pursuit,59.0,19.0,78.0,40.0,0.0,Rabbit
7.0,pursuit,20.0,33.0,64.0,54.0,0.0,Rabbit
7.0,pursuit,20.0,33.0,64.0,54.0,0.0,Rabbit
7.0,pursuit,24.0,53.0,69.0,41.0,1.0,Rabbit
7.0,pursuit,59.0,17.0,78.0,40.0,1.0,Rabbit
7.0,pursuit,14.0,60.0,72.0,48.0,1.0,Rabbit
7.0,pursuit,66.0,42.0,55.0,65.0,0.0,Rabbit
7.0,pursuit,20.0,22.0,47.0,51.0,0.0,Rabbit
7.0,pursuit,66.0,42.0,55.0,65.0,0.0,Rabbit
7.0,pursuit,92.0,9.0,71.0,83.0,0.0,Rabbit
7.0,pursuit,20.0,33.0,64.0,54.0,1.0,Rabbit
7.0,pursuit,66.0,42.0,55.0,65.0,1.0,Rabbit
7.0,pursuit,66.0,42.0,55.0,65.0,1.0,Rabbit
7.0,pursuit,33.0,18.0,60.0,76.0,0.0,Rabbit
7.0,pursuit,33.0,18.0,60.0,76.0,1.0,Rabbit
7.0,pursuit,33.0,18.0,60.0,76.0,0.0,Rabbit
7.0,pursuit,66.0,42.0,55.0,65.0,0.0,Rabbit
7.0,pursuit,64.0,45.0,100.0,62.0,1.0,Rabbit
7.0,pursuit,20.0,33.0,60.0,54.0,0.0,Rabbit
7.0,pursuit,20.0,33.0,60.0,54.0,1.0,Rabbit
7.0,pursuit,33.0,18.0,60.0,76.0,1.0,Rabbit
7.0,pursuit,24.0,53.0,69.0,41.0,0.0,Rabbit
7.0,pursuit,14.0,60.0,72.0,48.0,0.0,Rabbit
7.0,pursuit,66.0,42.0,55.0,65.0,0.0,Rabbit
7.0,pursuit,69.0,30.0,90.0,42.0,0.0,Rabbit
7.0,pursuit,26.0,22.0,78.0,65.0,0.0,Rabbit
7.0,pursuit,14.0,60.0,72.0,48.0,0.0,Rabbit
7.0,pursuit,26.0,22.0,78.0,65.0,0.0,Rabbit
7.0,pursuit,26.0,22.0,78.0,65.0,1.0,Rabbit
7.0,pursuit,88.0,47.0,93.0,71.0,0.0,Rabbit
7.0,pursuit,26.0,22.0,78.0,65.0,0.0,Rabbit
7.0,pursuit,20.0,33.0,60.0,54.0,1.0,Rabbit
7.0,pursuit,20.0,33.0,60.0,54.0,0.0,Rabbit
7.0,pursuit,41.0,6.0,82.0,91.0,0.0,Rabbit
7.0,pursuit,41.0,6.0,82.0,91.0,0.0,Rabbit
7.0,pursuit,20.0,33.0,60.0,54.0,1.0,Rabbit
7.0,pursuit,61.0,11.0,91.0,63.0,1.0,Rabbit
7.0,pursuit,21.0,33.0,60.0,54.0,1.0,Rabbit
7.0,pursuit,61.0,11.0,91.0,63.0,0.0,Rabbit
7.0,pursuit,19.0,56.0,75.0,46.0,0.0,Rabbit
7.0,pursuit,26.0,22.0,78.0,65.0,1.0,Rabbit
7.0,pursuit,61.0,11.0,91.0,63.0,1.0,Rabbit
7.0,pursuit,26.0,22.0,78.0,65.0,1.0,Rabbit
7.0,pursuit,92.0,22.0,84.0,75.0,0.0,Rabbit
7.0,pursuit,61.0,11.0,91.0,63.0,1.0,Rabbit
7.0,pursuit,13.0,28.0,67.0,72.0,0.0,Rabbit
7.0,pursuit,61.0,11.0,91.0,63.0,1.0,Rabbit
7.0,pursuit,19.0,56.0,75.0,46.0,1.0,Rabbit
7.0,pursuit,61.0,11.0,91.0,63.0,1.0,Rabbit
7.0,pursuit,19.0,56.0,75.0,46.0,0.0,Rabbit
7.0,pursuit,19.0,56.0,75.0,46.0,1.0,Rabbit
7.0,pursuit,89.0,22.0,88.0,75.0,0.0,Rabbit
7.0,pursuit,19.0,52.0,75.0,50.0,0.0,Rabbit
7.0,pursuit,19.0,56.0,75.0,46.0,1.0,Rabbit
7.0,pursuit,67.0,20.0,77.0,61.0,1.0,Rabbit
7.0,pursuit,26.0,22.0,78.0,67.0,1.0,Rabbit
7.0,pursuit,26.0,22.0,78.0,67.0,0.0,Rabbit
7.0,pursuit,41.0,6.0,86.0,92.0,0.0,Rabbit
7.0,pursuit,19.0,56.0,75.0,46.0,1.0,Rabbit
7.0,pursuit,67.0,20.0,77.0,61.0,0.0,Rabbit
7.0,pursuit,67.0,20.0,77.0,61.0,1.0,Rabbit
7.0,pursuit,67.0,20.0,77.0,61.0,0.0,Rabbit
7.0,pursuit,35.0,28.0,98.0,46.0,0.0,Rabbit
7.0,pursuit,67.0,20.0,77.0,61.0,0.0,Rabbit
7.0,pursuit,62.0,18.0,63.0,85.0,1.0,Rabbit
7.0,pursuit,39.0,8.0,57.0,58.0,1.0,Rabbit
7.0,pursuit,62.0,18.0,63.0,85.0,1.0,Rabbit
7.0,pursuit,62.0,18.0,63.0,85.0,1.0,Rabbit
7.0,pursuit,35.0,28.0,98.0,46.0,1.0,Rabbit
7.0,pursuit,39.0,8.0,57.0,58.0,1.0,Rabbit
7.0,pursuit,62.0,18.0,63.0,85.0,1.0,Rabbit
7.0,pursuit,35.0,28.0,98.0,46.0,0.0,Rabbit
7.0,pursuit,41.0,6.0,82.0,91.0,1.0,Rabbit
7.0,pursuit,99.0,32.0,43.0,47.0,0.0,Rabbit
7.0,pursuit,67.0,20.0,77.0,61.0,0.0,Rabbit
7.0,pursuit,60.0,12.0,81.0,50.0,0.0,Rabbit
7.0,pursuit,41.0,6.0,77.0,91.0,0.0,Rabbit
7.0,pursuit,61.0,11.0,91.0,63.0,0.0,Rabbit
7.0,pursuit,60.0,12.0,81.0,50.0,1.0,Rabbit
7.0,pursuit,60.0,12.0,81.0,50.0,1.0,Rabbit
7.0,pursuit,62.0,18.0,63.0,85.0,0.0,Rabbit
7.0,pursuit,60.0,13.0,81.0,50.0,1.0,Rabbit
7.0,pursuit,60.0,12.0,81.0,50.0,1.0,Rabbit
7.0,pursuit,60.0,12.0,81.0,50.0,1.0,Rabbit
7.0,pursuit,41.0,6.0,77.0,91.0,0.0,Rabbit
7.0,pursuit,60.0,12.0,81.0,50.0,1.0,Rabbit
7.0,pursuit,60.0,12.0,81.0,50.0,0.0,Rabbit
7.0,pursuit,15.0,65.0,94.0,48.0,1.0,Rabbit
7.0,pursuit,15.0,30.0,70.0,59.0,1.0,Rabbit
7.0,pursuit,15.0,65.0,94.0,48.0,0.0,Rabbit
7.0,pursuit,15.0,65.0,94.0,48.0,0.0,Rabbit
7.0,pursuit,34.0,7.0,41.0,42.0,0.0,Rabbit
7.0,pursuit,62.0,18.0,63.0,85.0,0.0,Rabbit
7.0,pursuit,41.0,6.0,77.0,91.0,0.0,Rabbit
7.0,pursuit,88.0,17.0,1.0,90.0,0.0,Rabbit
7.0,pursuit,15.0,30.0,70.0,59.0,0.0,Rabbit
7.0,pursuit,15.0,65.0,94.0,48.0,0.0,Rabbit
7.0,pursuit,15.0,65.0,94.0,48.0,0.0,Rabbit
7.0,pursuit,34.0,7.0,41.0,42.0,1.0,Rabbit
7.0,pursuit,15.0,65.0,94.0,48.0,0.0,Rabbit
7.0,pursuit,15.0,65.0,94.0,48.0,1.0,Rabbit
7.0,pursuit,41.0,9.0,99.0,48.0,1.0,Rabbit
7.0,pursuit,41.0,9.0,95.0,48.0,1.0,Rabbit
7.0,pursuit,41.0,9.0,99.0,48.0,1.0,Rabbit
7.0,pursuit,15.0,65.0,94.0,48.0,0.0,Rabbit
7.0,pursuit,62.0,18.0,63.0,85.0,0.0,Rabbit
7.0,pursuit,62.0,18.0,63.0,85.0,0.0,Rabbit
8.0,pursuit,59.0,19.0,78.0,40.0,1.0,Rabbit
8.0,pursuit,59.0,19.0,78.0,40.0,0.0,Rabbit
8.0,pursuit,59.0,19.0,78.0,40.0,0.0,Rabbit
8.0,pursuit,52.0,9.0,72.0,36.0,0.0,Rabbit
8.0,pursuit,59.0,19.0,78.0,40.0,0.0,Rabbit
8.0,pursuit,59.0,19.0,78.0,40.0,0.0,Rabbit
8.0,pursuit,52.0,9.0,72.0,36.0,1.0,Rabbit
8.0,pursuit,59.0,19.0,78.0,40.0,0.0,Rabbit
8.0,pursuit,59.0,19.0,78.0,40.0,1.0,Rabbit
8.0,pursuit,59.0,19.0,78.0,40.0,1.0,Rabbit
8.0,pursuit,59.0,19.0,78.0,40.0,0.0,Rabbit
8.0,pursuit,59.0,19.0,78.0,40.0,1.0,Rabbit
8.0,pursuit,59.0,19.0,78.0,40.0,0.0,Rabbit
8.0,pursuit,59.0,19.0,78.0,40.0,0.0,Rabbit
8.0,pursuit,59.0,19.0,78.0,40.0,0.0,Rabbit
8.0,pursuit,52.0,9.0,72.0,36.0,0.0,Rabbit
8.0,pursuit,59.0,19.0,78.0,40.0,0.0,Rabbit
8.0,pursuit,92.0,9.0,71.0,83.0,1.0,Rabbit
8.0,pursuit,92.0,9.0,71.0,83.0,1.0,Rabbit
8.0,pursuit,59.0,19.0,78.0,40.0,1.0,Rabbit
8.0,pursuit,59.0,19.0,78.0,40.0,0.0,Rabbit
8.0,pursuit,59.0,19.0,78.0,40.0,1.0,Rabbit
8.0,pursuit,59.0,19.0,78.0,40.0,0.0,Rabbit
8.0,pursuit,52.0,9.0,72.0,36.0,1.0,Rabbit
8.0,pursuit,52.0,9.0,72.0,36.0,0.0,Rabbit
8.0,pursuit,59.0,19.0,78.0,40.0,1.0,Rabbit
8.0,pursuit,52.0,9.0,76.0,36.0,1.0,Rabbit
8.0,pursuit,59.0,19.0,78.0,40.0,1.0,Rabbit
8.0,pursuit,52.0,9.0,72.0,36.0,1.0,Rabbit
8.0,pursuit,24.0,53.0,69.0,41.0,0.0,Rabbit
8.0,pursuit,24.0,53.0,69.0,41.0,1.0,Rabbit
8.0,pursuit,24.0,53.0,69.0,41.0,1.0,Rabbit
8.0,pursuit,24.0,53.0,69.0,41.0,1.0,Rabbit
8.0,pursuit,20.0,33.0,64.0,54.0,0.0,Rabbit
8.0,pursuit,59.0,17.0,78.0,40.0,0.0,Rabbit
8.0,pursuit,14.0,60.0,72.0,48.0,0.0,Rabbit
8.0,pursuit,66.0,42.0,55.0,65.0,0.0,Rabbit
8.0,pursuit,66.0,42.0,55.0,65.0,1.0,Rabbit
8.0,pursuit,66.0,43.0,55.0,64.0,1.0,Rabbit
8.0,pursuit,66.0,42.0,55.0,65.0,1.0,Rabbit
8.0,pursuit,66.0,42.0,55.0,65.0,0.0,Rabbit
8.0,pursuit,92.0,9.0,71.0,83.0,1.0,Rabbit
8.0,pursuit,64.0,45.0,100.0,62.0,1.0,Rabbit
8.0,pursuit,69.0,45.0,100.0,62.0,1.0,Rabbit
8.0,pursuit,14.0,60.0,72.0,48.0,1.0,Rabbit
8.0,pursuit,66.0,42.0,55.0,65.0,0.0,Rabbit
8.0,pursuit,20.0,33.0,60.0,54.0,0.0,Rabbit
8.0,pursuit,20.0,33.0,60.0,54.0,0.0,Rabbit
8.0,pursuit,20.0,33.0,64.0,54.0,1.0,Rabbit
8.0,pursuit,20.0,33.0,60.0,54.0,0.0,Rabbit
8.0,pursuit,32.0,18.0,63.0,76.0,0.0,Rabbit
8.0,pursuit,92.0,9.0,71.0,83.0,0.0,Rabbit
8.0,pursuit,20.0,33.0,60.0,54.0,1.0,Rabbit
8.0,pursuit,92.0,9.0,71.0,83.0,0.0,Rabbit
8.0,pursuit,26.0,22.0,78.0,65.0,1.0,Rabbit
8.0,pursuit,33.0,18.0,60.0,76.0,1.0,Rabbit
8.0,pursuit,61.0,11.0,91.0,63.0,1.0,Rabbit
8.0,pursuit,21.0,33.0,60.0,54.0,1.0,Rabbit
8.0,pursuit,24.0,28.0,60.0,54.0,1.0,Rabbit
8.0,pursuit,26.0,22.0,78.0,65.0,1.0,Rabbit
8.0,pursuit,20.0,33.0,60.0,54.0,1.0,Rabbit
8.0,pursuit,33.0,18.0,60.0,76.0,1.0,Rabbit
8.0,pursuit,33.0,18.0,60.0,76.0,1.0,Rabbit
8.0,pursuit,33.0,18.0,60.0,76.0,1.0,Rabbit
8.0,pursuit,61.0,11.0,91.0,63.0,1.0,Rabbit
8.0,pursuit,61.0,11.0,91.0,63.0,1.0,Rabbit
8.0,pursuit,61.0,11.0,91.0,63.0,1.0,Rabbit
8.0,pursuit,61.0,11.0,91.0,63.0,1.0,Rabbit
8.0,pursuit,19.0,56.0,75.0,46.0,0.0,Rabbit
8.0,pursuit,61.0,11.0,91.0,63.0,1.0,Rabbit
8.0,pursuit,19.0,56.0,75.0,46.0,1.0,Rabbit
8.0,pursuit,61.0,11.0,91.0,63.0,1.0,Rabbit
8.0,pursuit,20.0,33.0,60.0,54.0,0.0,Rabbit
8.0,pursuit,67.0,20.0,77.0,61.0,0.0,Rabbit
8.0,pursuit,26.0,22.0,78.0,65.0,1.0,Rabbit
8.0,pursuit,61.0,11.0,91.0,64.0,0.0,Rabbit
8.0,pursuit,26.0,22.0,78.0,67.0,0.0,Rabbit
8.0,pursuit,19.0,56.0,75.0,46.0,1.0,Rabbit
8.0,pursuit,26.0,22.0,79.0,67.0,1.0,Rabbit
8.0,pursuit,26.0,22.0,78.0,65.0,1.0,Rabbit
8.0,pursuit,67.0,20.0,81.0,61.0,1.0,Rabbit
8.0,pursuit,39.0,8.0,57.0,58.0,0.0,Rabbit
8.0,pursuit,62.0,18.0,63.0,85.0,1.0,Rabbit
8.0,pursuit,67.0,20.0,77.0,61.0,0.0,Rabbit
8.0,pursuit,19.0,56.0,75.0,46.0,0.0,Rabbit
8.0,pursuit,62.0,18.0,63.0,85.0,0.0,Rabbit
8.0,pursuit,62.0,18.0,63.0,85.0,1.0,Rabbit
8.0,pursuit,67.0,20.0,77.0,61.0,0.0,Rabbit
8.0,pursuit,35.0,28.0,98.0,46.0,0.0,Rabbit
8.0,pursuit,62.0,18.0,63.0,85.0,0.0,Rabbit
8.0,pursuit,62.0,18.0,63.0,85.0,1.0,Rabbit
8.0,pursuit,67.0,20.0,77.0,61.0,0.0,Rabbit
8.0,pursuit,39.0,8.0,57.0,58.0,0.0,Rabbit
8.0,pursuit,62.0,18.0,63.0,85.0,1.0,Rabbit
8.0,pursuit,39.0,8.0,57.0,58.0,1.0,Rabbit
8.0,pursuit,26.0,22.0,78.0,67.0,1.0,Rabbit
8.0,pursuit,41.0,6.0,82.0,91.0,0.0,Rabbit
8.0,pursuit,62.0,18.0,63.0,85.0,1.0,Rabbit
8.0,pursuit,60.0,12.0,81.0,50.0,1.0,Rabbit
8.0,pursuit,60.0,12.0,81.0,50.0,1.0,Rabbit
8.0,pursuit,60.0,12.0,81.0,50.0,1.0,Rabbit
8.0,pursuit,60.0,13.0,81.0,50.0,1.0,Rabbit
8.0,pursuit,60.0,13.0,81.0,50.0,0.0,Rabbit
8.0,pursuit,39.0,8.0,57.0,58.0,1.0,Rabbit
8.0,pursuit,60.0,12.0,81.0,50.0,1.0,Rabbit
8.0,pursuit,35.0,28.0,98.0,46.0,0.0,Rabbit
8.0,pursuit,67.0,20.0,77.0,61.0,0.0,Rabbit
8.0,pursuit,60.0,12.0,81.0,50.0,1.0,Rabbit
8.0,pursuit,60.0,16.0,81.0,50.0,0.0,Rabbit
8.0,pursuit,60.0,12.0,81.0,50.0,0.0,Rabbit
8.0,pursuit,60.0,12.0,81.0,50.0,1.0,Rabbit
8.0,pursuit,60.0,12.0,81.0,50.0,1.0,Rabbit
8.0,pursuit,39.0,8.0,57.0,58.0,1.0,Rabbit
8.0,pursuit,60.0,12.0,81.0,50.0,0.0,Rabbit
8.0,pursuit,60.0,12.0,81.0,50.0,0.0,Rabbit
8.0,pursuit,15.0,65.0,94.0,48.0,0.0,Rabbit
8.0,pursuit,15.0,65.0,94.0,48.0,1.0,Rabbit
8.0,pursuit,15.0,65.0,94.0,48.0,0.0,Rabbit
8.0,pursuit,41.0,9.0,99.0,48.0,0.0,Rabbit
8.0,pursuit,15.0,65.0,94.0,48.0,0.0,Rabbit
8.0,pursuit,15.0,30.0,70.0,59.0,1.0,Rabbit
8.0,pursuit,41.0,9.0,99.0,48.0,0.0,Rabbit
8.0,pursuit,41.0,9.0,95.0,48.0,0.0,Rabbit
8.0,pursuit,60.0,12.0,81.0,50.0,1.0,Rabbit
8.0,pursuit,41.0,9.0,99.0,48.0,0.0,Rabbit
8.0,pursuit,62.0,18.0,63.0,85.0,0.0,Rabbit
8.0,pursuit,34.0,7.0,41.0,42.0,0.0,Rabbit
8.0,pursuit,34.0,7.0,41.0,42.0,1.0,Rabbit
8.0,pursuit,41.0,9.0,99.0,48.0,1.0,Rabbit
8.0,pursuit,62.0,18.0,63.0,85.0,0.0,Rabbit
8.0,pursuit,41.0,9.0,95.0,48.0,1.0,Rabbit
8.0,pursuit,41.0,9.0,99.0,48.0,1.0,Rabbit
8.0,pursuit,41.0,9.0,99.0,48.0,1.0,Rabbit
9.0,pursuit,59.0,19.0,78.0,40.0,0.0,Rabbit
9.0,pursuit,59.0,19.0,76.0,40.0,0.0,Rabbit
9.0,pursuit,52.0,9.0,72.0,36.0,1.0,Rabbit
9.0,pursuit,59.0,19.0,78.0,40.0,1.0,Rabbit
9.0,pursuit,92.0,9.0,71.0,83.0,1.0,Rabbit
9.0,pursuit,59.0,19.0,78.0,40.0,1.0,Rabbit
9.0,pursuit,59.0,18.0,78.0,40.0,0.0,Rabbit
9.0,pursuit,92.0,9.0,71.0,83.0,1.0,Rabbit
9.0,pursuit,59.0,19.0,78.0,40.0,1.0,Rabbit
9.0,pursuit,52.0,9.0,72.0,36.0,0.0,Rabbit
9.0,pursuit,52.0,9.0,72.0,36.0,0.0,Rabbit
9.0,pursuit,59.0,19.0,78.0,40.0,1.0,Rabbit
9.0,pursuit,59.0,19.0,78.0,40.0,0.0,Rabbit
9.0,pursuit,92.0,9.0,71.0,83.0,1.0,Rabbit
9.0,pursuit,59.0,19.0,78.0,40.0,0.0,Rabbit
9.0,pursuit,59.0,19.0,78.0,40.0,1.0,Rabbit
9.0,pursuit,59.0,19.0,78.0,40.0,1.0,Rabbit
9.0,pursuit,52.0,9.0,72.0,36.0,1.0,Rabbit
9.0,pursuit,59.0,19.0,78.0,40.0,0.0,Rabbit
9.0,pursuit,54.0,19.0,78.0,43.0,0.0,Rabbit
9.0,pursuit,55.0,19.0,78.0,40.0,1.0,Rabbit
9.0,pursuit,52.0,9.0,76.0,36.0,1.0,Rabbit
9.0,pursuit,24.0,53.0,69.0,41.0,1.0,Rabbit
9.0,pursuit,52.0,9.0,76.0,36.0,0.0,Rabbit
9.0,pursuit,24.0,53.0,69.0,41.0,1.0,Rabbit
9.0,pursuit,52.0,9.0,76.0,36.0,1.0,Rabbit
9.0,pursuit,92.0,9.0,71.0,83.0,0.0,Rabbit
9.0,pursuit,59.0,19.0,78.0,40.0,1.0,Rabbit
9.0,pursuit,59.0,19.0,78.0,40.0,1.0,Rabbit
9.0,pursuit,66.0,42.0,55.0,65.0,1.0,Rabbit
9.0,pursuit,66.0,42.0,55.0,65.0,1.0,Rabbit
9.0,pursuit,52.0,9.0,72.0,36.0,1.0,Rabbit
9.0,pursuit,66.0,43.0,55.0,64.0,0.0,Rabbit
9.0,pursuit,66.0,42.0,55.0,65.0,1.0,Rabbit
9.0,pursuit,24.0,53.0,69.0,41.0,1.0,Rabbit
9.0,pursuit,92.0,9.0,71.0,83.0,1.0,Rabbit
9.0,pursuit,64.0,45.0,100.0,62.0,1.0,Rabbit
9.0,pursuit,66.0,42.0,55.0,65.0,1.0,Rabbit
9.0,pursuit,64.0,45.0,100.0,62.0,1.0,Rabbit
9.0,pursuit,24.0,53.0,69.0,41.0,1.0,Rabbit
9.0,pursuit,69.0,45.0,100.0,62.0,1.0,Rabbit
9.0,pursuit,14.0,60.0,72.0,48.0,0.0,Rabbit
9.0,pursuit,24.0,53.0,69.0,41.0,0.0,Rabbit
9.0,pursuit,69.0,45.0,100.0,62.0,0.0,Rabbit
9.0,pursuit,66.0,43.0,55.0,64.0,1.0,Rabbit
9.0,pursuit,20.0,33.0,64.0,54.0,0.0,Rabbit
9.0,pursuit,26.0,22.0,78.0,65.0,1.0,Rabbit
9.0,pursuit,14.0,60.0,72.0,48.0,0.0,Rabbit
9.0,pursuit,92.0,9.0,71.0,83.0,0.0,Rabbit
9.0,pursuit,20.0,33.0,60.0,54.0,0.0,Rabbit
9.0,pursuit,61.0,11.0,91.0,63.0,0.0,Rabbit
9.0,pursuit,21.0,33.0,60.0,54.0,0.0,Rabbit
9.0,pursuit,69.0,45.0,100.0,66.0,0.0,Rabbit
9.0,pursuit,64.0,45.0,100.0,62.0,0.0,Rabbit
9.0,pursuit,20.0,33.0,64.0,54.0,1.0,Rabbit
9.0,pursuit,26.0,22.0,78.0,65.0,0.0,Rabbit
9.0,pursuit,24.0,28.0,60.0,54.0,1.0,Rabbit
9.0,pursuit,21.0,33.0,60.0,54.0,1.0,Rabbit
9.0,pursuit,26.0,22.0,78.0,65.0,0.0,Rabbit
9.0,pursuit,26.0,22.0,78.0,65.0,0.0,Rabbit
9.0,pursuit,24.0,28.0,60.0,54.0,1.0,Rabbit
9.0,pursuit,33.0,18.0,60.0,76.0,0.0,Rabbit
9.0,pursuit,33.0,18.0,60.0,76.0,0.0,Rabbit
9.0,pursuit,33.0,18.0,60.0,76.0,1.0,Rabbit
9.0,pursuit,33.0,18.0,60.0,76.0,0.0,Rabbit
9.0,pursuit,33.0,18.0,60.0,76.0,1.0,Rabbit
9.0,pursuit,20.0,33.0,60.0,54.0,1.0,Rabbit
9.0,pursuit,33.0,18.0,60.0,76.0,0.0,Rabbit
9.0,pursuit,61.0,11.0,91.0,63.0,1.0,Rabbit
9.0,pursuit,61.0,11.0,91.0,63.0,1.0,Rabbit
9.0,pursuit,33.0,18.0,60.0,76.0,1.0,Rabbit
9.0,pursuit,61.0,11.0,91.0,63.0,1.0,Rabbit
9.0,pursuit,61.0,11.0,91.0,63.0,1.0,Rabbit
9.0,pursuit,33.0,18.0,60.0,76.0,0.0,Rabbit
9.0,pursuit,61.0,11.0,91.0,63.0,1.0,Rabbit
9.0,pursuit,33.0,18.0,60.0,76.0,0.0,Rabbit
9.0,pursuit,61.0,11.0,91.0,63.0,1.0,Rabbit
9.0,pursuit,33.0,18.0,60.0,76.0,1.0,Rabbit
9.0,pursuit,61.0,11.0,91.0,63.0,0.0,Rabbit
9.0,pursuit,61.0,11.0,91.0,63.0,0.0,Rabbit
9.0,pursuit,61.0,11.0,91.0,63.0,0.0,Rabbit
9.0,pursuit,19.0,56.0,75.0,46.0,1.0,Rabbit
9.0,pursuit,61.0,12.0,91.0,67.0,1.0,Rabbit
9.0,pursuit,33.0,18.0,60.0,76.0,1.0,Rabbit
9.0,pursuit,19.0,56.0,75.0,46.0,0.0,Rabbit
9.0,pursuit,26.0,22.0,79.0,67.0,0.0,Rabbit
9.0,pursuit,61.0,11.0,91.0,63.0,1.0,Rabbit
9.0,pursuit,26.0,22.0,78.0,65.0,0.0,Rabbit
9.0,pursuit,19.0,56.0,75.0,46.0,1.0,Rabbit
9.0,pursuit,61.0,11.0,91.0,63.0,0.0,Rabbit
9.0,pursuit,67.0,20.0,81.0,61.0,1.0,Rabbit
9.0,pursuit,67.0,20.0,81.0,61.0,0.0,Rabbit
9.0,pursuit,26.0,22.0,78.0,65.0,1.0,Rabbit
9.0,pursuit,26.0,22.0,78.0,65.0,1.0,Rabbit
9.0,pursuit,62.0,18.0,63.0,85.0,1.0,Rabbit
9.0,pursuit,26.0,22.0,79.0,67.0,0.0,Rabbit
9.0,pursuit,62.0,18.0,63.0,85.0,0.0,Rabbit
9.0,pursuit,62.0,18.0,63.0,85.0,1.0,Rabbit
9.0,pursuit,62.0,18.0,63.0,85.0,0.0,Rabbit
9.0,pursuit,62.0,18.0,63.0,85.0,0.0,Rabbit
9.0,pursuit,62.0,18.0,63.0,85.0,1.0,Rabbit
9.0,pursuit,67.0,20.0,81.0,61.0,1.0,Rabbit
9.0,pursuit,26.0,22.0,78.0,65.0,1.0,Rabbit
9.0,pursuit,62.0,18.0,63.0,85.0,1.0,Rabbit
9.0,pursuit,60.0,12.0,81.0,50.0,1.0,Rabbit
9.0,pursuit,62.0,18.0,63.0,85.0,1.0,Rabbit
9.0,pursuit,61.0,11.0,91.0,63.0,0.0,Rabbit
9.0,pursuit,60.0,12.0,81.0,50.0,1.0,Rabbit
9.0,pursuit,60.0,12.0,81.0,50.0,1.0,Rabbit
9.0,pursuit,61.0,11.0,91.0,63.0,1.0,Rabbit
9.0,pursuit,60.0,13.0,81.0,50.0,1.0,Rabbit
9.0,pursuit,60.0,12.0,81.0,50.0,1.0,Rabbit
9.0,pursuit,60.0,12.0,81.0,50.0,0.0,Rabbit
9.0,pursuit,60.0,12.0,81.0,50.0,1.0,Rabbit
9.0,pursuit,60.0,12.0,81.0,50.0,0.0,Rabbit
9.0,pursuit,60.0,12.0,81.0,50.0,0.0,Rabbit
9.0,pursuit,60.0,12.0,81.0,50.0,1.0,Rabbit
9.0,pursuit,26.0,22.0,78.0,67.0,1.0,Rabbit
9.0,pursuit,60.0,12.0,81.0,50.0,1.0,Rabbit
9.0,pursuit,60.0,12.0,81.0,50.0,1.0,Rabbit
9.0,pursuit,39.0,8.0,57.0,58.0,0.0,Rabbit
9.0,pursuit,60.0,12.0,81.0,50.0,0.0,Rabbit
9.0,pursuit,39.0,8.0,57.0,58.0,0.0,Rabbit
9.0,pursuit,39.0,8.0,57.0,58.0,1.0,Rabbit
9.0,pursuit,15.0,30.0,70.0,59.0,0.0,Rabbit
9.0,pursuit,26.0,22.0,78.0,67.0,0.0,Rabbit
9.0,pursuit,60.0,12.0,81.0,50.0,1.0,Rabbit
9.0,pursuit,34.0,7.0,41.0,42.0,0.0,Rabbit
9.0,pursuit,62.0,18.0,63.0,85.0,0.0,Rabbit
9.0,pursuit,41.0,9.0,99.0,48.0,0.0,Rabbit
9.0,pursuit,41.0,9.0,99.0,48.0,0.0,Rabbit
9.0,pursuit,15.0,65.0,94.0,48.0,0.0,Rabbit
9.0,pursuit,39.0,8.0,57.0,58.0,0.0,Rabbit
9.0,pursuit,41.0,9.0,95.0,48.0,0.0,Rabbit
9.0,pursuit,39.0,8.0,57.0,58.0,0.0,Rabbit
9.0,pursuit,60.0,12.0,81.0,50.0,0.0,Rabbit
9.0,pursuit,41.0,9.0,99.0,48.0,0.0,Rabbit
9.0,pursuit,36.0,7.0,45.0,42.0,1.0,Rabbit
9.0,pursuit,15.0,30.0,70.0,59.0,1.0,Rabbit
9.0,pursuit,60.0,12.0,81.0,50.0,1.0,Rabbit
9.0,pursuit,41.0,9.0,99.0,48.0,1.0,Rabbit
9.0,pursuit,41.0,9.0,99.0,48.0,1.0,Rabbit
9.0,pursuit,41.0,9.0,99.0,48.0,1.0,Rabbit
9.0,pursuit,41.0,9.0,99.0,48.0,1.0,Rabbit
10.0,pursuit,52.0,9.0,72.0,36.0,0.0,Rabbit
10.0,pursuit,52.0,9.0,72.0,36.0,0.0,Rabbit
10.0,pursuit,92.0,9.0,71.0,83.0,1.0,Rabbit
10.0,pursuit,59.0,19.0,78.0,40.0,0.0,Rabbit
10.0,pursuit,52.0,9.0,72.0,36.0,0.0,Rabbit
10.0,pursuit,59.0,19.0,78.0,40.0,0.0,Rabbit
10.0,pursuit,92.0,9.0,71.0,83.0,1.0,Rabbit
10.0,pursuit,92.0,9.0,71.0,83.0,1.0,Rabbit
10.0,pursuit,59.0,19.0,78.0,40.0,0.0,Rabbit
10.0,pursuit,92.0,9.0,71.0,83.0,1.0,Rabbit
10.0,pursuit,59.0,19.0,78.0,40.0,0.0,Rabbit
10.0,pursuit,59.0,19.0,78.0,40.0,0.0,Rabbit
10.0,pursuit,59.0,19.0,78.0,40.0,1.0,Rabbit
10.0,pursuit,58.0,19.0,78.0,40.0,0.0,Rabbit
10.0,pursuit,52.0,9.0,72.0,36.0,0.0,Rabbit
10.0,pursuit,52.0,9.0,72.0,36.0,0.0,Rabbit
10.0,pursuit,59.0,19.0,78.0,40.0,0.0,Rabbit
10.0,pursuit,52.0,9.0,76.0,36.0,0.0,Rabbit
10.0,pursuit,52.0,9.0,76.0,36.0,0.0,Rabbit
10.0,pursuit,24.0,53.0,69.0,41.0,0.0,Rabbit
10.0,pursuit,59.0,19.0,78.0,40.0,1.0,Rabbit
10.0,pursuit,24.0,53.0,69.0,41.0,0.0,Rabbit
10.0,pursuit,92.0,9.0,71.0,83.0,0.0,Rabbit
10.0,pursuit,52.0,9.0,76.0,36.0,1.0,Rabbit
10.0,pursuit,59.0,23.0,78.0,40.0,1.0,Rabbit
10.0,pursuit,59.0,19.0,78.0,40.0,1.0,Rabbit
10.0,pursuit,59.0,19.0,78.0,40.0,0.0,Rabbit
10.0,pursuit,59.0,19.0,78.0,40.0,0.0,Rabbit
10.0,pursuit,59.0,19.0,78.0,40.0,0.0,Rabbit
10.0,pursuit,66.0,42.0,55.0,65.0,1.0,Rabbit
10.0,pursuit,55.0,19.0,78.0,40.0,1.0,Rabbit
10.0,pursuit,52.0,9.0,72.0,36.0,0.0,Rabbit
10.0,pursuit,66.0,42.0,55.0,65.0,1.0,Rabbit
10.0,pursuit,52.0,9.0,72.0,36.0,0.0,Rabbit
10.0,pursuit,66.0,42.0,55.0,65.0,0.0,Rabbit
10.0,pursuit,24.0,53.0,69.0,41.0,1.0,Rabbit
10.0,pursuit,52.0,9.0,76.0,36.0,1.0,Rabbit
10.0,pursuit,24.0,53.0,69.0,41.0,0.0,Rabbit
10.0,pursuit,24.0,53.0,69.0,41.0,0.0,Rabbit
10.0,pursuit,92.0,9.0,71.0,83.0,0.0,Rabbit
10.0,pursuit,92.0,9.0,71.0,83.0,0.0,Rabbit
10.0,pursuit,64.0,45.0,100.0,62.0,0.0,Rabbit
10.0,pursuit,64.0,45.0,100.0,62.0,1.0,Rabbit
10.0,pursuit,64.0,45.0,100.0,62.0,1.0,Rabbit
10.0,pursuit,66.0,42.0,55.0,65.0,1.0,Rabbit
10.0,pursuit,66.0,42.0,55.0,65.0,1.0,Rabbit
10.0,pursuit,64.0,45.0,100.0,62.0,1.0,Rabbit
10.0,pursuit,64.0,45.0,100.0,62.0,0.0,Rabbit
10.0,pursuit,69.0,45.0,100.0,62.0,1.0,Rabbit
10.0,pursuit,69.0,45.0,100.0,62.0,0.0,Rabbit
10.0,pursuit,66.0,42.0,55.0,65.0,0.0,Rabbit
10.0,pursuit,66.0,43.0,55.0,64.0,1.0,Rabbit
10.0,pursuit,66.0,42.0,55.0,65.0,0.0,Rabbit
10.0,pursuit,66.0,43.0,55.0,64.0,1.0,Rabbit
10.0,pursuit,24.0,53.0,69.0,41.0,0.0,Rabbit
10.0,pursuit,66.0,42.0,55.0,65.0,0.0,Rabbit
10.0,pursuit,66.0,43.0,55.0,64.0,0.0,Rabbit
10.0,pursuit,64.0,45.0,100.0,62.0,0.0,Rabbit
10.0,pursuit,26.0,22.0,78.0,65.0,1.0,Rabbit
10.0,pursuit,66.0,42.0,55.0,65.0,0.0,Rabbit
10.0,pursuit,21.0,33.0,60.0,54.0,0.0,Rabbit
10.0,pursuit,20.0,33.0,64.0,54.0,1.0,Rabbit
10.0,pursuit,92.0,9.0,71.0,83.0,0.0,Rabbit
10.0,pursuit,26.0,22.0,78.0,65.0,1.0,Rabbit
10.0,pursuit,69.0,45.0,100.0,62.0,0.0,Rabbit
10.0,pursuit,20.0,33.0,60.0,54.0,0.0,Rabbit
10.0,pursuit,24.0,28.0,60.0,54.0,1.0,Rabbit
10.0,pursuit,20.0,33.0,60.0,54.0,0.0,Rabbit
10.0,pursuit,33.0,18.0,60.0,76.0,0.0,Rabbit
10.0,pursuit,61.0,11.0,91.0,63.0,1.0,Rabbit
10.0,pursuit,61.0,11.0,91.0,63.0,1.0,Rabbit
10.0,pursuit,21.0,33.0,60.0,54.0,1.0,Rabbit
10.0,pursuit,61.0,11.0,91.0,63.0,1.0,Rabbit
10.0,pursuit,61.0,11.0,91.0,63.0,1.0,Rabbit
10.0,pursuit,61.0,11.0,91.0,63.0,1.0,Rabbit
10.0,pursuit,21.0,33.0,60.0,54.0,1.0,Rabbit
10.0,pursuit,61.0,11.0,91.0,63.0,1.0,Rabbit
10.0,pursuit,61.0,11.0,91.0,63.0,1.0,Rabbit
10.0,pursuit,61.0,11.0,91.0,63.0,0.0,Rabbit
10.0,pursuit,24.0,28.0,60.0,54.0,1.0,Rabbit
10.0,pursuit,61.0,11.0,91.0,63.0,1.0,Rabbit
10.0,pursuit,33.0,18.0,60.0,76.0,1.0,Rabbit
10.0,pursuit,33.0,18.0,60.0,76.0,0.0,Rabbit
10.0,pursuit,61.0,11.0,91.0,63.0,1.0,Rabbit
10.0,pursuit,61.0,12.0,91.0,67.0,1.0,Rabbit
10.0,pursuit,20.0,33.0,60.0,54.0,1.0,Rabbit
10.0,pursuit,33.0,18.0,60.0,76.0,0.0,Rabbit
10.0,pursuit,61.0,11.0,91.0,63.0,0.0,Rabbit
10.0,pursuit,19.0,56.0,75.0,46.0,0.0,Rabbit
10.0,pursuit,33.0,18.0,60.0,76.0,0.0,Rabbit
10.0,pursuit,19.0,56.0,75.0,46.0,0.0,Rabbit
10.0,pursuit,67.0,20.0,81.0,61.0,0.0,Rabbit
10.0,pursuit,33.0,18.0,60.0,76.0,1.0,Rabbit
10.0,pursuit,26.0,22.0,78.0,65.0,0.0,Rabbit
10.0,pursuit,62.0,18.0,63.0,85.0,1.0,Rabbit
10.0,pursuit,61.0,11.0,91.0,63.0,0.0,Rabbit
10.0,pursuit,62.0,18.0,63.0,85.0,1.0,Rabbit
10.0,pursuit,19.0,56.0,75.0,46.0,1.0,Rabbit
10.0,pursuit,62.0,18.0,63.0,85.0,1.0,Rabbit
10.0,pursuit,62.0,18.0,63.0,85.0,0.0,Rabbit
10.0,pursuit,62.0,18.0,63.0,85.0,0.0,Rabbit
10.0,pursuit,62.0,18.0,63.0,85.0,1.0,Rabbit
10.0,pursuit,33.0,18.0,60.0,76.0,1.0,Rabbit
10.0,pursuit,62.0,18.0,63.0,85.0,0.0,Rabbit
10.0,pursuit,60.0,12.0,81.0,50.0,1.0,Rabbit
10.0,pursuit,61.0,11.0,91.0,63.0,1.0,Rabbit
10.0,pursuit,26.0,22.0,78.0,65.0,1.0,Rabbit
10.0,pursuit,60.0,12.0,81.0,50.0,0.0,Rabbit
10.0,pursuit,26.0,22.0,78.0,65.0,1.0,Rabbit
10.0,pursuit,60.0,12.0,81.0,50.0,1.0,Rabbit
10.0,pursuit,60.0,12.0,81.0,50.0,0.0,Rabbit
10.0,pursuit,60.0,12.0,81.0,50.0,1.0,Rabbit
10.0,pursuit,60.0,12.0,81.0,50.0,1.0,Rabbit
10.0,pursuit,61.0,11.0,91.0,63.0,1.0,Rabbit
10.0,pursuit,60.0,12.0,81.0,50.0,0.0,Rabbit
10.0,pursuit,61.0,11.0,91.0,63.0,1.0,Rabbit
10.0,pursuit,60.0,13.0,81.0,50.0,1.0,Rabbit
10.0,pursuit,60.0,12.0,81.0,48.0,0.0,Rabbit
10.0,pursuit,60.0,13.0,81.0,50.0,0.0,Rabbit
10.0,pursuit,60.0,12.0,81.0,50.0,1.0,Rabbit
10.0,pursuit,60.0,12.0,81.0,50.0,0.0,Rabbit
10.0,pursuit,60.0,12.0,81.0,50.0,1.0,Rabbit
10.0,pursuit,62.0,18.0,63.0,85.0,0.0,Rabbit
10.0,pursuit,60.0,13.0,81.0,50.0,0.0,Rabbit
10.0,pursuit,60.0,12.0,81.0,50.0,1.0,Rabbit
10.0,pursuit,26.0,22.0,78.0,67.0,0.0,Rabbit
10.0,pursuit,60.0,12.0,81.0,50.0,0.0,Rabbit
10.0,pursuit,60.0,12.0,81.0,50.0,0.0,Rabbit
10.0,pursuit,60.0,12.0,81.0,50.0,1.0,Rabbit
10.0,pursuit,60.0,12.0,81.0,50.0,0.0,Rabbit
10.0,pursuit,60.0,12.0,81.0,50.0,1.0,Rabbit
10.0,pursuit,39.0,8.0,57.0,58.0,0.0,Rabbit
10.0,pursuit,60.0,12.0,81.0,50.0,1.0,Rabbit
10.0,pursuit,36.0,7.0,45.0,42.0,0.0,Rabbit
10.0,pursuit,36.0,7.0,45.0,42.0,0.0,Rabbit
10.0,pursuit,32.0,3.0,45.0,42.0,0.0,Rabbit
10.0,pursuit,60.0,12.0,81.0,50.0,0.0,Rabbit
10.0,pursuit,67.0,20.0,81.0,61.0,0.0,Rabbit
10.0,pursuit,60.0,12.0,81.0,50.0,1.0,Rabbit
10.0,pursuit,60.0,12.0,81.0,50.0,0.0,Rabbit
10.0,pursuit,64.0,12.0,81.0,50.0,1.0,Rabbit
10.0,pursuit,61.0,11.0,91.0,63.0,0.0,Rabbit
10.0,pursuit,62.0,18.0,63.0,85.0,0.0,Rabbit
10.0,pursuit,62.0,18.0,63.0,85.0,0.0,Rabbit
10.0,pursuit,26.0,22.0,78.0,67.0,1.0,Rabbit
10.0,pursuit,15.0,30.0,70.0,59.0,0.0,Rabbit
10.0,pursuit,41.0,9.0,99.0,48.0,1.0,Rabbit
10.0,pursuit,41.0,9.0,99.0,48.0,1.0,Rabbit
10.0,pursuit,41.0,9.0,99.0,48.0,0.0,Rabbit
10.0,pursuit,41.0,9.0,99.0,48.0,1.0,Rabbit
10.0,pursuit,41.0,9.0,99.0,48.0,1.0,Rabbit
10.0,pursuit,41.0,9.0,99.0,48.0,1.0,Rabbit
10.0,pursuit,41.0,9.0,99.0,48.0,0.0,Rabbit
10.0,pursuit,60.0,12.0,81.0,50.0,1.0,Rabbit
10.0,pursuit,41.0,9.0,99.0,48.0,1.0,Rabbit
10.0,pursuit,41.0,9.0,99.0,48.0,1.0,Rabbit
10.0,pursuit,41.0,9.0,99.0,48.0,0.0,Rabbit
11.0,pursuit,92.0,9.0,71.0,83.0,1.0,Rabbit
11.0,pursuit,92.0,9.0,71.0,83.0,1.0,Rabbit
11.0,pursuit,92.0,9.0,71.0,83.0,1.0,Rabbit
11.0,pursuit,59.0,19.0,78.0,40.0,0.0,Rabbit
11.0,pursuit,92.0,7.0,71.0,83.0,0.0,Rabbit
11.0,pursuit,52.0,9.0,76.0,36.0,0.0,Rabbit
11.0,pursuit,59.0,23.0,78.0,40.0,0.0,Rabbit
11.0,pursuit,92.0,9.0,71.0,83.0,0.0,Rabbit
11.0,pursuit,59.0,19.0,78.0,40.0,1.0,Rabbit
11.0,pursuit,52.0,9.0,76.0,36.0,0.0,Rabbit
11.0,pursuit,59.0,19.0,78.0,40.0,0.0,Rabbit
11.0,pursuit,59.0,19.0,78.0,40.0,1.0,Rabbit
11.0,pursuit,66.0,42.0,55.0,65.0,0.0,Rabbit
11.0,pursuit,92.0,9.0,71.0,83.0,0.0,Rabbit
11.0,pursuit,66.0,42.0,55.0,65.0,1.0,Rabbit
11.0,pursuit,55.0,19.0,78.0,40.0,0.0,Rabbit
11.0,pursuit,66.0,42.0,55.0,65.0,0.0,Rabbit
11.0,pursuit,59.0,19.0,78.0,40.0,0.0,Rabbit
11.0,pursuit,66.0,42.0,55.0,65.0,0.0,Rabbit
11.0,pursuit,66.0,42.0,55.0,65.0,1.0,Rabbit
11.0,pursuit,55.0,19.0,78.0,40.0,0.0,Rabbit
11.0,pursuit,55.0,19.0,78.0,40.0,1.0,Rabbit
11.0,pursuit,52.0,9.0,76.0,36.0,0.0,Rabbit
11.0,pursuit,24.0,53.0,69.0,41.0,0.0,Rabbit
11.0,pursuit,52.0,9.0,76.0,36.0,1.0,Rabbit
11.0,pursuit,92.0,9.0,71.0,83.0,0.0,Rabbit
11.0,pursuit,64.0,45.0,100.0,62.0,0.0,Rabbit
11.0,pursuit,92.0,9.0,71.0,83.0,0.0,Rabbit
11.0,pursuit,64.0,45.0,100.0,62.0,1.0,Rabbit
11.0,pursuit,66.0,42.0,55.0,65.0,0.0,Rabbit
11.0,pursuit,92.0,9.0,71.0,83.0,0.0,Rabbit
11.0,pursuit,66.0,42.0,55.0,65.0,1.0,Rabbit
11.0,pursuit,66.0,42.0,55.0,65.0,1.0,Rabbit
11.0,pursuit,24.0,53.0,69.0,41.0,1.0,Rabbit
11.0,pursuit,66.0,42.0,55.0,65.0,0.0,Rabbit
11.0,pursuit,64.0,45.0,100.0,62.0,0.0,Rabbit
11.0,pursuit,66.0,42.0,55.0,65.0,0.0,Rabbit
11.0,pursuit,56.0,9.0,80.0,36.0,1.0,Rabbit
11.0,pursuit,66.0,42.0,55.0,65.0,0.0,Rabbit
11.0,pursuit,66.0,43.0,55.0,64.0,0.0,Rabbit
11.0,pursuit,64.0,45.0,100.0,62.0,0.0,Rabbit
11.0,pursuit,66.0,43.0,55.0,64.0,1.0,Rabbit
11.0,pursuit,66.0,43.0,55.0,64.0,1.0,Rabbit
11.0,pursuit,24.0,53.0,69.0,41.0,1.0,Rabbit
11.0,pursuit,26.0,22.0,78.0,65.0,0.0,Rabbit
11.0,pursuit,66.0,43.0,55.0,64.0,1.0,Rabbit
11.0,pursuit,64.0,45.0,100.0,62.0,0.0,Rabbit
11.0,pursuit,69.0,45.0,100.0,62.0,1.0,Rabbit
11.0,pursuit,26.0,22.0,78.0,65.0,0.0,Rabbit
11.0,pursuit,20.0,33.0,64.0,54.0,1.0,Rabbit
11.0,pursuit,64.0,45.0,100.0,62.0,0.0,Rabbit
11.0,pursuit,26.0,22.0,78.0,65.0,1.0,Rabbit
11.0,pursuit,20.0,33.0,64.0,54.0,1.0,Rabbit
11.0,pursuit,20.0,33.0,64.0,54.0,1.0,Rabbit
11.0,pursuit,61.0,11.0,91.0,63.0,1.0,Rabbit
11.0,pursuit,61.0,11.0,91.0,63.0,0.0,Rabbit
11.0,pursuit,61.0,11.0,91.0,63.0,1.0,Rabbit
11.0,pursuit,62.0,43.0,55.0,62.0,1.0,Rabbit
11.0,pursuit,61.0,11.0,91.0,63.0,1.0,Rabbit
11.0,pursuit,61.0,11.0,91.0,63.0,1.0,Rabbit
11.0,pursuit,61.0,11.0,91.0,63.0,0.0,Rabbit
11.0,pursuit,21.0,33.0,60.0,54.0,0.0,Rabbit
11.0,pursuit,64.0,45.0,100.0,62.0,0.0,Rabbit
11.0,pursuit,61.0,11.0,91.0,63.0,1.0,Rabbit
11.0,pursuit,61.0,11.0,91.0,63.0,1.0,Rabbit
11.0,pursuit,61.0,11.0,91.0,63.0,0.0,Rabbit
11.0,pursuit,21.0,33.0,60.0,54.0,0.0,Rabbit
11.0,pursuit,61.0,11.0,91.0,63.0,1.0,Rabbit
11.0,pursuit,61.0,11.0,91.0,63.0,1.0,Rabbit
11.0,pursuit,61.0,11.0,91.0,63.0,1.0,Rabbit
11.0,pursuit,26.0,22.0,78.0,65.0,0.0,Rabbit
11.0,pursuit,24.0,28.0,60.0,54.0,1.0,Rabbit
11.0,pursuit,24.0,28.0,60.0,54.0,0.0,Rabbit
11.0,pursuit,61.0,11.0,91.0,63.0,0.0,Rabbit
11.0,pursuit,61.0,11.0,91.0,63.0,1.0,Rabbit
11.0,pursuit,21.0,33.0,60.0,54.0,1.0,Rabbit
11.0,pursuit,61.0,11.0,91.0,63.0,1.0,Rabbit
11.0,pursuit,33.0,18.0,60.0,76.0,0.0,Rabbit
11.0,pursuit,61.0,11.0,91.0,63.0,0.0,Rabbit
11.0,pursuit,33.0,18.0,60.0,76.0,0.0,Rabbit
11.0,pursuit,21.0,33.0,60.0,54.0,1.0,Rabbit
11.0,pursuit,61.0,11.0,91.0,63.0,1.0,Rabbit
11.0,pursuit,26.0,22.0,78.0,65.0,1.0,Rabbit
11.0,pursuit,61.0,11.0,91.0,63.0,0.0,Rabbit
11.0,pursuit,20.0,33.0,60.0,54.0,1.0,Rabbit
11.0,pursuit,61.0,12.0,91.0,67.0,1.0,Rabbit
11.0,pursuit,33.0,18.0,60.0,76.0,1.0,Rabbit
11.0,pursuit,61.0,12.0,91.0,67.0,1.0,Rabbit
11.0,pursuit,61.0,11.0,91.0,63.0,0.0,Rabbit
11.0,pursuit,62.0,18.0,63.0,85.0,1.0,Rabbit
11.0,pursuit,33.0,18.0,60.0,76.0,0.0,Rabbit
11.0,pursuit,33.0,18.0,60.0,76.0,0.0,Rabbit
11.0,pursuit,62.0,18.0,63.0,85.0,1.0,Rabbit
11.0,pursuit,24.0,28.0,60.0,54.0,1.0,Rabbit
11.0,pursuit,19.0,56.0,75.0,46.0,0.0,Rabbit
11.0,pursuit,62.0,22.0,63.0,82.0,1.0,Rabbit
11.0,pursuit,19.0,56.0,75.0,46.0,0.0,Rabbit
11.0,pursuit,62.0,18.0,63.0,85.0,1.0,Rabbit
11.0,pursuit,58.0,18.0,66.0,85.0,0.0,Rabbit
11.0,pursuit,20.0,33.0,60.0,54.0,1.0,Rabbit
11.0,pursuit,33.0,18.0,60.0,76.0,1.0,Rabbit
11.0,pursuit,33.0,18.0,60.0,76.0,1.0,Rabbit
11.0,pursuit,61.0,11.0,91.0,63.0,1.0,Rabbit
11.0,pursuit,61.0,11.0,91.0,63.0,0.0,Rabbit
11.0,pursuit,33.0,18.0,60.0,76.0,0.0,Rabbit
11.0,pursuit,26.0,22.0,78.0,65.0,0.0,Rabbit
11.0,pursuit,60.0,12.0,81.0,50.0,0.0,Rabbit
11.0,pursuit,62.0,18.0,63.0,85.0,0.0,Rabbit
11.0,pursuit,60.0,12.0,81.0,50.0,1.0,Rabbit
11.0,pursuit,60.0,12.0,81.0,50.0,0.0,Rabbit
11.0,pursuit,60.0,12.0,81.0,50.0,1.0,Rabbit
11.0,pursuit,60.0,13.0,81.0,50.0,1.0,Rabbit
11.0,pursuit,60.0,12.0,81.0,50.0,0.0,Rabbit
11.0,pursuit,60.0,12.0,81.0,50.0,0.0,Rabbit
11.0,pursuit,61.0,11.0,91.0,63.0,1.0,Rabbit
11.0,pursuit,61.0,11.0,91.0,63.0,0.0,Rabbit
11.0,pursuit,26.0,22.0,78.0,65.0,1.0,Rabbit
11.0,pursuit,26.0,22.0,78.0,65.0,1.0,Rabbit
11.0,pursuit,33.0,18.0,60.0,76.0,1.0,Rabbit
11.0,pursuit,61.0,11.0,91.0,63.0,1.0,Rabbit
11.0,pursuit,60.0,13.0,81.0,50.0,0.0,Rabbit
11.0,pursuit,61.0,11.0,91.0,63.0,1.0,Rabbit
11.0,pursuit,61.0,11.0,91.0,63.0,1.0,Rabbit
11.0,pursuit,61.0,11.0,91.0,63.0,1.0,Rabbit
11.0,pursuit,60.0,12.0,81.0,50.0,1.0,Rabbit
11.0,pursuit,60.0,13.0,81.0,50.0,1.0,Rabbit
11.0,pursuit,60.0,12.0,81.0,50.0,1.0,Rabbit
11.0,pursuit,60.0,12.0,81.0,50.0,1.0,Rabbit
11.0,pursuit,60.0,12.0,81.0,50.0,1.0,Rabbit
11.0,pursuit,60.0,12.0,81.0,50.0,1.0,Rabbit
11.0,pursuit,60.0,12.0,81.0,50.0,1.0,Rabbit
11.0,pursuit,63.0,13.0,81.0,50.0,0.0,Rabbit
11.0,pursuit,60.0,12.0,81.0,50.0,1.0,Rabbit
11.0,pursuit,60.0,12.0,81.0,50.0,1.0,Rabbit
11.0,pursuit,60.0,12.0,81.0,50.0,0.0,Rabbit
11.0,pursuit,60.0,12.0,81.0,50.0,1.0,Rabbit
11.0,pursuit,60.0,12.0,81.0,50.0,1.0,Rabbit
11.0,pursuit,60.0,12.0,81.0,50.0,1.0,Rabbit
11.0,pursuit,64.0,12.0,81.0,50.0,1.0,Rabbit
11.0,pursuit,64.0,12.0,81.0,50.0,1.0,Rabbit
11.0,pursuit,64.0,12.0,81.0,50.0,1.0,Rabbit
11.0,pursuit,41.0,9.0,99.0,48.0,0.0,Rabbit
11.0,pursuit,41.0,9.0,99.0,48.0,0.0,Rabbit
11.0,pursuit,26.0,22.0,78.0,65.0,1.0,Rabbit
11.0,pursuit,41.0,9.0,99.0,48.0,0.0,Rabbit
11.0,pursuit,46.0,9.0,100.0,48.0,0.0,Rabbit
11.0,pursuit,41.0,9.0,99.0,48.0,0.0,Rabbit
11.0,pursuit,41.0,9.0,99.0,48.0,0.0,Rabbit
11.0,pursuit,26.0,22.0,78.0,67.0,0.0,Rabbit
11.0,pursuit,41.0,9.0,99.0,48.0,0.0,Rabbit
11.0,pursuit,41.0,9.0,99.0,48.0,0.0,Rabbit
11.0,pursuit,41.0,9.0,99.0,48.0,0.0,Rabbit
11.0,pursuit,60.0,12.0,81.0,50.0,1.0,Rabbit
11.0,pursuit,60.0,12.0,81.0,50.0,1.0,Rabbit
11.0,pursuit,41.0,9.0,99.0,48.0,0.0,Rabbit
11.0,pursuit,41.0,9.0,99.0,48.0,0.0,Rabbit
11.0,pursuit,56.0,15.0,81.0,50.0,1.0,Rabbit
11.0,pursuit,60.0,12.0,85.0,50.0,1.0,Rabbit
11.0,pursuit,41.0,9.0,99.0,48.0,0.0,Rabbit
11.0,pursuit,41.0,9.0,99.0,48.0,0.0,Rabbit
11.0,pursuit,41.0,9.0,99.0,48.0,0.0,Rabbit
11.0,pursuit,62.0,18.0,63.0,85.0,0.0,Rabbit
11.0,pursuit,60.0,12.0,81.0,50.0,0.0,Rabbit
11.0,pursuit,41.0,9.0,99.0,48.0,0.0,Rabbit
11.0,pursuit,37.0,9.0,99.0,46.0,1.0,Rabbit
11.0,pursuit,41.0,9.0,99.0,48.0,1.0,Rabbit
11.0,pursuit,61.0,11.0,91.0,63.0,0.0,Rabbit
11.0,pursuit,60.0,12.0,81.0,50.0,0.0,Rabbit
12.0,pursuit,92.0,9.0,71.0,83.0,0.0,Rabbit
12.0,pursuit,59.0,15.0,74.0,40.0,0.0,Rabbit
12.0,pursuit,92.0,9.0,71.0,83.0,1.0,Rabbit
12.0,pursuit,92.0,9.0,71.0,83.0,1.0,Rabbit
12.0,pursuit,92.0,9.0,71.0,83.0,1.0,Rabbit
12.0,pursuit,92.0,9.0,71.0,83.0,0.0,Rabbit
12.0,pursuit,59.0,19.0,78.0,40.0,1.0,Rabbit
12.0,pursuit,59.0,19.0,78.0,40.0,0.0,Rabbit
12.0,pursuit,66.0,42.0,55.0,65.0,0.0,Rabbit
12.0,pursuit,66.0,42.0,55.0,65.0,0.0,Rabbit
12.0,pursuit,52.0,9.0,76.0,36.0,0.0,Rabbit
12.0,pursuit,66.0,42.0,55.0,65.0,0.0,Rabbit
12.0,pursuit,64.0,45.0,100.0,62.0,1.0,Rabbit
12.0,pursuit,64.0,45.0,100.0,62.0,0.0,Rabbit
12.0,pursuit,64.0,45.0,100.0,62.0,1.0,Rabbit
12.0,pursuit,55.0,19.0,78.0,40.0,0.0,Rabbit
12.0,pursuit,66.0,42.0,55.0,65.0,1.0,Rabbit
12.0,pursuit,55.0,19.0,78.0,40.0,1.0,Rabbit
12.0,pursuit,66.0,42.0,55.0,65.0,0.0,Rabbit
12.0,pursuit,52.0,9.0,76.0,36.0,1.0,Rabbit
12.0,pursuit,66.0,42.0,55.0,63.0,0.0,Rabbit
12.0,pursuit,52.0,9.0,76.0,36.0,1.0,Rabbit
12.0,pursuit,24.0,53.0,69.0,41.0,0.0,Rabbit
12.0,pursuit,56.0,9.0,80.0,36.0,0.0,Rabbit
12.0,pursuit,66.0,43.0,55.0,64.0,0.0,Rabbit
12.0,pursuit,24.0,53.0,69.0,41.0,1.0,Rabbit
12.0,pursuit,66.0,43.0,55.0,64.0,0.0,Rabbit
12.0,pursuit,66.0,42.0,55.0,65.0,1.0,Rabbit
12.0,pursuit,66.0,43.0,55.0,64.0,0.0,Rabbit
12.0,pursuit,92.0,9.0,71.0,83.0,0.0,Rabbit
12.0,pursuit,52.0,9.0,80.0,34.0,1.0,Rabbit
12.0,pursuit,69.0,45.0,100.0,62.0,1.0,Rabbit
12.0,pursuit,69.0,45.0,100.0,62.0,1.0,Rabbit
12.0,pursuit,20.0,33.0,64.0,54.0,0.0,Rabbit
12.0,pursuit,66.0,43.0,55.0,64.0,0.0,Rabbit
12.0,pursuit,66.0,42.0,55.0,65.0,0.0,Rabbit
12.0,pursuit,92.0,9.0,71.0,83.0,0.0,Rabbit
12.0,pursuit,20.0,33.0,64.0,54.0,0.0,Rabbit
12.0,pursuit,69.0,45.0,100.0,62.0,0.0,Rabbit
12.0,pursuit,66.0,43.0,55.0,64.0,0.0,Rabbit
12.0,pursuit,61.0,11.0,91.0,63.0,1.0,Rabbit
12.0,pursuit,66.0,43.0,55.0,64.0,0.0,Rabbit
12.0,pursuit,61.0,11.0,91.0,63.0,0.0,Rabbit
12.0,pursuit,61.0,11.0,91.0,63.0,1.0,Rabbit
12.0,pursuit,62.0,43.0,55.0,62.0,0.0,Rabbit
12.0,pursuit,62.0,43.0,55.0,62.0,1.0,Rabbit
12.0,pursuit,26.0,22.0,78.0,65.0,1.0,Rabbit
12.0,pursuit,61.0,11.0,91.0,63.0,1.0,Rabbit
12.0,pursuit,20.0,33.0,64.0,54.0,1.0,Rabbit
12.0,pursuit,20.0,33.0,64.0,54.0,1.0,Rabbit
12.0,pursuit,61.0,11.0,91.0,63.0,0.0,Rabbit
12.0,pursuit,61.0,11.0,91.0,63.0,1.0,Rabbit
12.0,pursuit,61.0,11.0,91.0,63.0,0.0,Rabbit
12.0,pursuit,20.0,33.0,64.0,54.0,1.0,Rabbit
12.0,pursuit,26.0,22.0,78.0,65.0,0.0,Rabbit
12.0,pursuit,61.0,11.0,91.0,63.0,0.0,Rabbit
12.0,pursuit,61.0,11.0,91.0,63.0,1.0,Rabbit
12.0,pursuit,61.0,11.0,91.0,63.0,0.0,Rabbit
12.0,pursuit,61.0,11.0,91.0,63.0,0.0,Rabbit
12.0,pursuit,61.0,11.0,91.0,63.0,0.0,Rabbit
12.0,pursuit,26.0,22.0,78.0,65.0,0.0,Rabbit
12.0,pursuit,24.0,28.0,60.0,54.0,0.0,Rabbit
12.0,pursuit,24.0,28.0,60.0,54.0,1.0,Rabbit
12.0,pursuit,61.0,11.0,91.0,63.0,0.0,Rabbit
12.0,pursuit,61.0,11.0,91.0,63.0,1.0,Rabbit
12.0,pursuit,61.0,11.0,91.0,63.0,1.0,Rabbit
12.0,pursuit,61.0,11.0,91.0,63.0,1.0,Rabbit
12.0,pursuit,61.0,11.0,91.0,63.0,0.0,Rabbit
12.0,pursuit,61.0,11.0,91.0,63.0,0.0,Rabbit
12.0,pursuit,21.0,33.0,60.0,54.0,0.0,Rabbit
12.0,pursuit,61.0,11.0,91.0,63.0,0.0,Rabbit
12.0,pursuit,21.0,33.0,60.0,54.0,0.0,Rabbit
12.0,pursuit,61.0,11.0,91.0,63.0,1.0,Rabbit
12.0,pursuit,61.0,11.0,91.0,63.0,1.0,Rabbit
12.0,pursuit,61.0,11.0,91.0,63.0,0.0,Rabbit
12.0,pursuit,61.0,11.0,91.0,63.0,0.0,Rabbit
12.0,pursuit,61.0,12.0,91.0,67.0,1.0,Rabbit
12.0,pursuit,61.0,12.0,91.0,67.0,1.0,Rabbit
12.0,pursuit,61.0,11.0,91.0,63.0,1.0,Rabbit
12.0,pursuit,61.0,11.0,91.0,63.0,0.0,Rabbit
12.0,pursuit,21.0,33.0,60.0,54.0,1.0,Rabbit
12.0,pursuit,33.0,18.0,60.0,76.0,0.0,Rabbit
12.0,pursuit,24.0,28.0,60.0,54.0,1.0,Rabbit
12.0,pursuit,61.0,12.0,91.0,67.0,0.0,Rabbit
12.0,pursuit,62.0,18.0,63.0,85.0,1.0,Rabbit
12.0,pursuit,24.0,28.0,60.0,54.0,1.0,Rabbit
12.0,pursuit,24.0,28.0,60.0,54.0,0.0,Rabbit
12.0,pursuit,20.0,33.0,60.0,54.0,0.0,Rabbit
12.0,pursuit,21.0,33.0,60.0,54.0,1.0,Rabbit
12.0,pursuit,62.0,18.0,63.0,85.0,0.0,Rabbit
12.0,pursuit,62.0,22.0,63.0,82.0,1.0,Rabbit
12.0,pursuit,62.0,22.0,63.0,82.0,1.0,Rabbit
12.0,pursuit,33.0,18.0,60.0,76.0,0.0,Rabbit
12.0,pursuit,62.0,18.0,63.0,85.0,0.0,Rabbit
12.0,pursuit,24.0,28.0,60.0,54.0,1.0,Rabbit
12.0,pursuit,33.0,18.0,60.0,76.0,0.0,Rabbit
12.0,pursuit,61.0,11.0,91.0,63.0,0.0,Rabbit
12.0,pursuit,33.0,18.0,60.0,76.0,0.0,Rabbit
12.0,pursuit,60.0,12.0,81.0,50.0,1.0,Rabbit
12.0,pursuit,26.0,22.0,78.0,65.0,1.0,Rabbit
12.0,pursuit,60.0,12.0,81.0,50.0,1.0,Rabbit
12.0,pursuit,60.0,13.0,81.0,50.0,0.0,Rabbit
12.0,pursuit,60.0,13.0,81.0,50.0,1.0,Rabbit
12.0,pursuit,60.0,13.0,81.0,50.0,1.0,Rabbit
12.0,pursuit,61.0,11.0,91.0,63.0,1.0,Rabbit
12.0,pursuit,61.0,11.0,91.0,63.0,1.0,Rabbit
12.0,pursuit,20.0,33.0,60.0,54.0,1.0,Rabbit
12.0,pursuit,26.0,22.0,78.0,65.0,0.0,Rabbit
12.0,pursuit,26.0,22.0,78.0,63.0,0.0,Rabbit
12.0,pursuit,33.0,18.0,60.0,76.0,0.0,Rabbit
12.0,pursuit,33.0,18.0,60.0,76.0,0.0,Rabbit
12.0,pursuit,61.0,11.0,91.0,63.0,1.0,Rabbit
12.0,pursuit,61.0,11.0,91.0,63.0,1.0,Rabbit
12.0,pursuit,61.0,11.0,91.0,63.0,1.0,Rabbit
12.0,pursuit,26.0,22.0,78.0,65.0,0.0,Rabbit
12.0,pursuit,61.0,11.0,91.0,63.0,0.0,Rabbit
12.0,pursuit,61.0,11.0,91.0,63.0,0.0,Rabbit
12.0,pursuit,61.0,11.0,91.0,63.0,1.0,Rabbit
12.0,pursuit,61.0,11.0,91.0,63.0,0.0,Rabbit
12.0,pursuit,60.0,12.0,81.0,50.0,1.0,Rabbit
12.0,pursuit,60.0,12.0,81.0,50.0,1.0,Rabbit
12.0,pursuit,60.0,13.0,81.0,50.0,1.0,Rabbit
12.0,pursuit,61.0,11.0,91.0,63.0,0.0,Rabbit
12.0,pursuit,60.0,13.0,81.0,50.0,1.0,Rabbit
12.0,pursuit,60.0,12.0,81.0,50.0,1.0,Rabbit
12.0,pursuit,60.0,12.0,81.0,50.0,1.0,Rabbit
12.0,pursuit,62.0,22.0,63.0,82.0,1.0,Rabbit
12.0,pursuit,60.0,12.0,81.0,50.0,1.0,Rabbit
12.0,pursuit,60.0,12.0,81.0,50.0,1.0,Rabbit
12.0,pursuit,60.0,12.0,81.0,50.0,1.0,Rabbit
12.0,pursuit,60.0,12.0,81.0,50.0,0.0,Rabbit
12.0,pursuit,62.0,18.0,63.0,85.0,0.0,Rabbit
12.0,pursuit,60.0,12.0,81.0,50.0,0.0,Rabbit
12.0,pursuit,60.0,12.0,81.0,50.0,1.0,Rabbit
12.0,pursuit,60.0,12.0,81.0,50.0,1.0,Rabbit
12.0,pursuit,60.0,12.0,81.0,50.0,1.0,Rabbit
12.0,pursuit,60.0,12.0,81.0,50.0,1.0,Rabbit
12.0,pursuit,33.0,18.0,60.0,76.0,1.0,Rabbit
12.0,pursuit,60.0,12.0,81.0,50.0,0.0,Rabbit
12.0,pursuit,26.0,22.0,78.0,65.0,0.0,Rabbit
12.0,pursuit,60.0,12.0,81.0,50.0,0.0,Rabbit
12.0,pursuit,60.0,12.0,81.0,50.0,1.0,Rabbit
12.0,pursuit,60.0,12.0,81.0,50.0,1.0,Rabbit
12.0,pursuit,60.0,12.0,81.0,50.0,1.0,Rabbit
12.0,pursuit,60.0,12.0,81.0,50.0,1.0,Rabbit
12.0,pursuit,64.0,12.0,81.0,50.0,1.0,Rabbit
12.0,pursuit,64.0,12.0,81.0,50.0,1.0,Rabbit
12.0,pursuit,60.0,12.0,81.0,50.0,1.0,Rabbit
12.0,pursuit,64.0,12.0,81.0,50.0,1.0,Rabbit
12.0,pursuit,33.0,18.0,60.0,76.0,1.0,Rabbit
12.0,pursuit,64.0,12.0,81.0,50.0,1.0,Rabbit
12.0,pursuit,64.0,12.0,81.0,50.0,1.0,Rabbit
12.0,pursuit,64.0,12.0,81.0,50.0,1.0,Rabbit
12.0,pursuit,26.0,22.0,78.0,65.0,0.0,Rabbit
12.0,pursuit,60.0,12.0,81.0,50.0,0.0,Rabbit
12.0,pursuit,60.0,12.0,81.0,50.0,0.0,Rabbit
12.0,pursuit,65.0,12.0,79.0,50.0,1.0,Rabbit
12.0,pursuit,64.0,12.0,81.0,50.0,0.0,Rabbit
12.0,pursuit,60.0,12.0,81.0,50.0,1.0,Rabbit
12.0,pursuit,60.0,12.0,85.0,50.0,0.0,Rabbit
12.0,pursuit,60.0,12.0,81.0,50.0,0.0,Rabbit
12.0,pursuit,41.0,9.0,99.0,48.0,0.0,Rabbit
12.0,pursuit,41.0,9.0,99.0,48.0,0.0,Rabbit
12.0,pursuit,61.0,11.0,91.0,63.0,0.0,Rabbit
12.0,pursuit,60.0,12.0,81.0,50.0,0.0,Rabbit
12.0,pursuit,56.0,15.0,81.0,50.0,1.0,Rabbit
12.0,pursuit,37.0,9.0,99.0,46.0,1.0,Rabbit
12.0,pursuit,26.0,22.0,78.0,65.0,1.0,Rabbit
12.0,pursuit,64.0,12.0,81.0,50.0,0.0,Rabbit
12.0,pursuit,26.0,22.0,78.0,65.0,1.0,Rabbit
13.0,pursuit,92.0,9.0,71.0,83.0,1.0,Rabbit
13.0,pursuit,64.0,45.0,100.0,62.0,0.0,Rabbit
13.0,pursuit,64.0,45.0,100.0,62.0,1.0,Rabbit
13.0,pursuit,92.0,9.0,71.0,83.0,0.0,Rabbit
13.0,pursuit,64.0,45.0,100.0,62.0,1.0,Rabbit
13.0,pursuit,66.0,42.0,55.0,65.0,0.0,Rabbit
13.0,pursuit,66.0,42.0,55.0,65.0,0.0,Rabbit
13.0,pursuit,55.0,19.0,78.0,40.0,0.0,Rabbit
13.0,pursuit,52.0,9.0,76.0,36.0,0.0,Rabbit
13.0,pursuit,59.0,19.0,78.0,40.0,0.0,Rabbit
13.0,pursuit,52.0,9.0,76.0,36.0,0.0,Rabbit
13.0,pursuit,92.0,9.0,71.0,83.0,0.0,Rabbit
13.0,pursuit,92.0,9.0,71.0,83.0,0.0,Rabbit
13.0,pursuit,66.0,42.0,55.0,65.0,1.0,Rabbit
13.0,pursuit,24.0,53.0,69.0,41.0,0.0,Rabbit
13.0,pursuit,66.0,42.0,55.0,65.0,1.0,Rabbit
13.0,pursuit,52.0,9.0,80.0,34.0,0.0,Rabbit
13.0,pursuit,55.0,19.0,78.0,40.0,1.0,Rabbit
13.0,pursuit,52.0,9.0,76.0,36.0,0.0,Rabbit
13.0,pursuit,52.0,9.0,76.0,36.0,1.0,Rabbit
13.0,pursuit,61.0,11.0,91.0,63.0,1.0,Rabbit
13.0,pursuit,61.0,11.0,91.0,63.0,1.0,Rabbit
13.0,pursuit,62.0,43.0,55.0,62.0,0.0,Rabbit
13.0,pursuit,66.0,42.0,55.0,65.0,1.0,Rabbit
13.0,pursuit,26.0,22.0,78.0,65.0,0.0,Rabbit
13.0,pursuit,61.0,11.0,91.0,63.0,0.0,Rabbit
13.0,pursuit,61.0,11.0,91.0,63.0,1.0,Rabbit
13.0,pursuit,62.0,43.0,55.0,62.0,1.0,Rabbit
13.0,pursuit,92.0,9.0,71.0,83.0,0.0,Rabbit
13.0,pursuit,92.0,9.0,71.0,83.0,0.0,Rabbit
13.0,pursuit,69.0,45.0,100.0,62.0,1.0,Rabbit
13.0,pursuit,61.0,11.0,91.0,63.0,1.0,Rabbit
13.0,pursuit,61.0,11.0,91.0,63.0,1.0,Rabbit
13.0,pursuit,61.0,11.0,91.0,63.0,0.0,Rabbit
13.0,pursuit,20.0,33.0,64.0,54.0,0.0,Rabbit
13.0,pursuit,20.0,33.0,64.0,54.0,0.0,Rabbit
13.0,pursuit,61.0,11.0,91.0,63.0,1.0,Rabbit
13.0,pursuit,61.0,11.0,91.0,63.0,0.0,Rabbit
13.0,pursuit,61.0,11.0,91.0,63.0,1.0,Rabbit
13.0,pursuit,26.0,22.0,78.0,65.0,1.0,Rabbit
13.0,pursuit,69.0,45.0,100.0,62.0,0.0,Rabbit
13.0,pursuit,20.0,33.0,64.0,54.0,1.0,Rabbit
13.0,pursuit,24.0,28.0,60.0,54.0,1.0,Rabbit
13.0,pursuit,61.0,11.0,91.0,63.0,1.0,Rabbit
13.0,pursuit,20.0,33.0,64.0,54.0,1.0,Rabbit
13.0,pursuit,61.0,11.0,91.0,63.0,1.0,Rabbit
13.0,pursuit,61.0,11.0,91.0,63.0,0.0,Rabbit
13.0,pursuit,61.0,11.0,91.0,63.0,1.0,Rabbit
13.0,pursuit,61.0,11.0,91.0,63.0,1.0,Rabbit
13.0,pursuit,61.0,11.0,91.0,63.0,1.0,Rabbit
13.0,pursuit,61.0,11.0,91.0,63.0,0.0,Rabbit
13.0,pursuit,61.0,11.0,91.0,63.0,1.0,Rabbit
13.0,pursuit,61.0,12.0,91.0,67.0,1.0,Rabbit
13.0,pursuit,61.0,12.0,91.0,67.0,1.0,Rabbit
13.0,pursuit,61.0,12.0,91.0,67.0,1.0,Rabbit
13.0,pursuit,61.0,12.0,91.0,67.0,1.0,Rabbit
13.0,pursuit,61.0,11.0,91.0,63.0,0.0,Rabbit
13.0,pursuit,61.0,11.0,91.0,63.0,1.0,Rabbit
13.0,pursuit,61.0,11.0,91.0,63.0,1.0,Rabbit
13.0,pursuit,20.0,33.0,64.0,54.0,1.0,Rabbit
13.0,pursuit,21.0,33.0,60.0,54.0,0.0,Rabbit
13.0,pursuit,61.0,11.0,91.0,63.0,0.0,Rabbit
13.0,pursuit,61.0,11.0,91.0,63.0,0.0,Rabbit
13.0,pursuit,24.0,28.0,60.0,54.0,1.0,Rabbit
13.0,pursuit,21.0,33.0,60.0,54.0,1.0,Rabbit
13.0,pursuit,20.0,33.0,64.0,54.0,1.0,Rabbit
13.0,pursuit,62.0,18.0,63.0,85.0,1.0,Rabbit
13.0,pursuit,24.0,28.0,60.0,54.0,0.0,Rabbit
13.0,pursuit,92.0,9.0,71.0,83.0,0.0,Rabbit
13.0,pursuit,24.0,28.0,60.0,54.0,0.0,Rabbit
13.0,pursuit,21.0,33.0,60.0,54.0,0.0,Rabbit
13.0,pursuit,24.0,28.0,60.0,54.0,1.0,Rabbit
13.0,pursuit,62.0,22.0,63.0,82.0,1.0,Rabbit
13.0,pursuit,24.0,28.0,60.0,54.0,1.0,Rabbit
13.0,pursuit,61.0,11.0,91.0,63.0,0.0,Rabbit
13.0,pursuit,21.0,33.0,60.0,54.0,0.0,Rabbit
13.0,pursuit,60.0,12.0,81.0,50.0,1.0,Rabbit
13.0,pursuit,61.0,11.0,91.0,63.0,0.0,Rabbit
13.0,pursuit,26.0,22.0,78.0,65.0,0.0,Rabbit
13.0,pursuit,22.0,22.0,78.0,65.0,0.0,Rabbit
13.0,pursuit,60.0,12.0,81.0,50.0,0.0,Rabbit
13.0,pursuit,24.0,28.0,60.0,54.0,1.0,Rabbit
13.0,pursuit,60.0,12.0,81.0,50.0,0.0,Rabbit
13.0,pursuit,62.0,22.0,63.0,82.0,0.0,Rabbit
13.0,pursuit,24.0,28.0,60.0,54.0,1.0,Rabbit
13.0,pursuit,60.0,13.0,81.0,50.0,1.0,Rabbit
13.0,pursuit,60.0,12.0,81.0,53.0,0.0,Rabbit
13.0,pursuit,61.0,11.0,91.0,63.0,1.0,Rabbit
13.0,pursuit,61.0,11.0,91.0,63.0,0.0,Rabbit
13.0,pursuit,60.0,13.0,81.0,50.0,0.0,Rabbit
13.0,pursuit,61.0,11.0,91.0,63.0,1.0,Rabbit
13.0,pursuit,61.0,11.0,91.0,63.0,1.0,Rabbit
13.0,pursuit,20.0,33.0,60.0,54.0,0.0,Rabbit
13.0,pursuit,61.0,11.0,91.0,63.0,1.0,Rabbit
13.0,pursuit,60.0,13.0,81.0,50.0,0.0,Rabbit
13.0,pursuit,61.0,11.0,91.0,63.0,1.0,Rabbit
13.0,pursuit,62.0,22.0,63.0,82.0,0.0,Rabbit
13.0,pursuit,26.0,22.0,78.0,65.0,1.0,Rabbit
13.0,pursuit,62.0,22.0,63.0,82.0,0.0,Rabbit
13.0,pursuit,61.0,11.0,91.0,63.0,1.0,Rabbit
13.0,pursuit,61.0,11.0,91.0,63.0,1.0,Rabbit
13.0,pursuit,61.0,11.0,91.0,63.0,0.0,Rabbit
13.0,pursuit,60.0,12.0,81.0,50.0,0.0,Rabbit
13.0,pursuit,61.0,11.0,91.0,63.0,1.0,Rabbit
13.0,pursuit,60.0,12.0,81.0,50.0,1.0,Rabbit
13.0,pursuit,60.0,13.0,81.0,50.0,1.0,Rabbit
13.0,pursuit,60.0,13.0,81.0,50.0,0.0,Rabbit
13.0,pursuit,60.0,12.0,81.0,50.0,0.0,Rabbit
13.0,pursuit,60.0,12.0,81.0,50.0,1.0,Rabbit
13.0,pursuit,60.0,13.0,81.0,50.0,0.0,Rabbit
13.0,pursuit,60.0,12.0,81.0,50.0,1.0,Rabbit
13.0,pursuit,60.0,13.0,81.0,50.0,0.0,Rabbit
13.0,pursuit,60.0,12.0,81.0,50.0,1.0,Rabbit
13.0,pursuit,62.0,18.0,63.0,85.0,0.0,Rabbit
13.0,pursuit,20.0,33.0,60.0,54.0,1.0,Rabbit
13.0,pursuit,62.0,22.0,63.0,82.0,0.0,Rabbit
13.0,pursuit,60.0,12.0,81.0,50.0,1.0,Rabbit
13.0,pursuit,60.0,12.0,81.0,50.0,1.0,Rabbit
13.0,pursuit,60.0,12.0,81.0,55.0,0.0,Rabbit
13.0,pursuit,60.0,12.0,81.0,50.0,1.0,Rabbit
13.0,pursuit,60.0,12.0,81.0,50.0,1.0,Rabbit
13.0,pursuit,60.0,12.0,81.0,50.0,1.0,Rabbit
13.0,pursuit,60.0,12.0,81.0,50.0,0.0,Rabbit
13.0,pursuit,62.0,22.0,63.0,82.0,0.0,Rabbit
13.0,pursuit,60.0,12.0,81.0,50.0,1.0,Rabbit
13.0,pursuit,60.0,12.0,81.0,50.0,0.0,Rabbit
13.0,pursuit,60.0,12.0,81.0,50.0,1.0,Rabbit
13.0,pursuit,60.0,12.0,81.0,50.0,1.0,Rabbit
13.0,pursuit,60.0,12.0,81.0,50.0,1.0,Rabbit
13.0,pursuit,33.0,18.0,60.0,76.0,0.0,Rabbit
13.0,pursuit,60.0,12.0,81.0,50.0,1.0,Rabbit
13.0,pursuit,60.0,12.0,81.0,50.0,1.0,Rabbit
13.0,pursuit,60.0,12.0,81.0,50.0,0.0,Rabbit
13.0,pursuit,60.0,12.0,81.0,50.0,1.0,Rabbit
13.0,pursuit,60.0,12.0,81.0,50.0,0.0,Rabbit
13.0,pursuit,33.0,18.0,60.0,76.0,0.0,Rabbit
13.0,pursuit,60.0,12.0,81.0,50.0,1.0,Rabbit
13.0,pursuit,60.0,12.0,81.0,50.0,1.0,Rabbit
13.0,pursuit,60.0,12.0,81.0,50.0,1.0,Rabbit
13.0,pursuit,60.0,12.0,81.0,50.0,1.0,Rabbit
13.0,pursuit,60.0,12.0,81.0,50.0,0.0,Rabbit
13.0,pursuit,60.0,12.0,81.0,50.0,1.0,Rabbit
13.0,pursuit,60.0,12.0,81.0,50.0,0.0,Rabbit
13.0,pursuit,64.0,12.0,81.0,50.0,0.0,Rabbit
13.0,pursuit,60.0,12.0,81.0,50.0,1.0,Rabbit
13.0,pursuit,64.0,12.0,81.0,50.0,0.0,Rabbit
13.0,pursuit,64.0,12.0,81.0,50.0,1.0,Rabbit
13.0,pursuit,33.0,18.0,60.0,76.0,1.0,Rabbit
13.0,pursuit,61.0,11.0,91.0,63.0,0.0,Rabbit
13.0,pursuit,64.0,12.0,81.0,50.0,1.0,Rabbit
13.0,pursuit,64.0,12.0,81.0,50.0,1.0,Rabbit
13.0,pursuit,64.0,12.0,81.0,50.0,1.0,Rabbit
13.0,pursuit,60.0,12.0,81.0,50.0,0.0,Rabbit
13.0,pursuit,65.0,12.0,79.0,50.0,0.0,Rabbit
13.0,pursuit,60.0,12.0,81.0,50.0,1.0,Rabbit
13.0,pursuit,60.0,12.0,81.0,50.0,1.0,Rabbit
13.0,pursuit,60.0,12.0,81.0,50.0,0.0,Rabbit
13.0,pursuit,64.0,12.0,81.0,50.0,0.0,Rabbit
13.0,pursuit,37.0,9.0,99.0,46.0,0.0,Rabbit
13.0,pursuit,33.0,18.0,60.0,76.0,1.0,Rabbit
13.0,pursuit,37.0,9.0,99.0,46.0,0.0,Rabbit
13.0,pursuit,37.0,9.0,99.0,46.0,1.0,Rabbit
13.0,pursuit,26.0,22.0,78.0,65.0,0.0,Rabbit
13.0,pursuit,56.0,15.0,81.0,50.0,0.0,Rabbit
13.0,pursuit,64.0,12.0,81.0,50.0,0.0,Rabbit
13.0,pursuit,60.0,12.0,81.0,50.0,0.0,Rabbit
13.0,pursuit,64.0,12.0,81.0,50.0,0.0,Rabbit
13.0,pursuit,26.0,22.0,78.0,65.0,1.0,Rabbit
13.0,pursuit,26.0,22.0,78.0,65.0,1.0,Rabbit
13.0,pursuit,26.0,22.0,78.0,65.0,1.0,Rabbit
13.0,pursuit,26.0,22.0,78.0,65.0,1.0,Rabbit
13.0,pursuit,56.0,15.0,81.0,50.0,0.0,Rabbit
13.0,pursuit,60.0,12.0,81.0,50.0,1.0,Rabbit
14.0,pursuit,64.0,45.0,100.0,62.0,1.0,Rabbit
14.0,pursuit,66.0,42.0,55.0,65.0,1.0,Rabbit
14.0,pursuit,64.0,45.0,100.0,62.0,1.0,Rabbit
14.0,pursuit,64.0,45.0,100.0,62.0,0.0,Rabbit
14.0,pursuit,55.0,19.0,78.0,40.0,1.0,Rabbit
14.0,pursuit,52.0,9.0,76.0,36.0,0.0,Rabbit
14.0,pursuit,61.0,11.0,91.0,63.0,1.0,Rabbit
14.0,pursuit,52.0,9.0,76.0,36.0,0.0,Rabbit
14.0,pursuit,61.0,11.0,91.0,63.0,1.0,Rabbit
14.0,pursuit,61.0,11.0,91.0,63.0,0.0,Rabbit
14.0,pursuit,61.0,11.0,91.0,63.0,0.0,Rabbit
14.0,pursuit,61.0,11.0,91.0,63.0,0.0,Rabbit
14.0,pursuit,66.0,42.0,55.0,65.0,0.0,Rabbit
14.0,pursuit,66.0,42.0,55.0,65.0,0.0,Rabbit
14.0,pursuit,61.0,11.0,91.0,63.0,1.0,Rabbit
14.0,pursuit,52.0,9.0,76.0,36.0,1.0,Rabbit
14.0,pursuit,62.0,43.0,55.0,62.0,1.0,Rabbit
14.0,pursuit,66.0,42.0,55.0,65.0,0.0,Rabbit
14.0,pursuit,69.0,45.0,100.0,62.0,1.0,Rabbit
14.0,pursuit,69.0,45.0,100.0,62.0,0.0,Rabbit
14.0,pursuit,66.0,42.0,55.0,65.0,0.0,Rabbit
14.0,pursuit,69.0,43.0,97.0,62.0,0.0,Rabbit
14.0,pursuit,61.0,11.0,91.0,63.0,1.0,Rabbit
14.0,pursuit,66.0,42.0,55.0,65.0,0.0,Rabbit
14.0,pursuit,61.0,11.0,91.0,63.0,1.0,Rabbit
14.0,pursuit,61.0,11.0,91.0,63.0,1.0,Rabbit
14.0,pursuit,62.0,43.0,55.0,62.0,0.0,Rabbit
14.0,pursuit,61.0,11.0,91.0,63.0,1.0,Rabbit
14.0,pursuit,92.0,9.0,71.0,83.0,0.0,Rabbit
14.0,pursuit,61.0,11.0,91.0,63.0,1.0,Rabbit
14.0,pursuit,61.0,11.0,91.0,63.0,0.0,Rabbit
14.0,pursuit,92.0,9.0,71.0,83.0,0.0,Rabbit
14.0,pursuit,26.0,22.0,78.0,65.0,1.0,Rabbit
14.0,pursuit,61.0,11.0,91.0,63.0,0.0,Rabbit
14.0,pursuit,20.0,33.0,64.0,54.0,0.0,Rabbit
14.0,pursuit,92.0,9.0,71.0,83.0,0.0,Rabbit
14.0,pursuit,24.0,28.0,60.0,54.0,1.0,Rabbit
14.0,pursuit,61.0,11.0,91.0,63.0,1.0,Rabbit
14.0,pursuit,20.0,33.0,64.0,54.0,0.0,Rabbit
14.0,pursuit,61.0,11.0,91.0,63.0,1.0,Rabbit
14.0,pursuit,61.0,11.0,91.0,63.0,1.0,Rabbit
14.0,pursuit,61.0,11.0,91.0,63.0,1.0,Rabbit
14.0,pursuit,61.0,11.0,91.0,63.0,1.0,Rabbit
14.0,pursuit,61.0,11.0,91.0,63.0,1.0,Rabbit
14.0,pursuit,61.0,11.0,91.0,63.0,1.0,Rabbit
14.0,pursuit,20.0,33.0,64.0,54.0,1.0,Rabbit
14.0,pursuit,61.0,11.0,91.0,63.0,1.0,Rabbit
14.0,pursuit,24.0,28.0,60.0,54.0,1.0,Rabbit
14.0,pursuit,61.0,11.0,91.0,63.0,1.0,Rabbit
14.0,pursuit,61.0,11.0,91.0,63.0,1.0,Rabbit
14.0,pursuit,61.0,11.0,91.0,63.0,1.0,Rabbit
14.0,pursuit,61.0,12.0,91.0,67.0,1.0,Rabbit
14.0,pursuit,61.0,12.0,91.0,67.0,1.0,Rabbit
14.0,pursuit,61.0,11.0,91.0,63.0,1.0,Rabbit
14.0,pursuit,61.0,11.0,91.0,63.0,1.0,Rabbit
14.0,pursuit,26.0,22.0,78.0,65.0,0.0,Rabbit
14.0,pursuit,61.0,12.0,91.0,67.0,1.0,Rabbit
14.0,pursuit,26.0,22.0,78.0,65.0,0.0,Rabbit
14.0,pursuit,61.0,12.0,91.0,67.0,1.0,Rabbit
14.0,pursuit,61.0,12.0,91.0,67.0,1.0,Rabbit
14.0,pursuit,61.0,12.0,91.0,67.0,0.0,Rabbit
14.0,pursuit,61.0,12.0,91.0,67.0,1.0,Rabbit
14.0,pursuit,61.0,12.0,91.0,67.0,1.0,Rabbit
14.0,pursuit,61.0,11.0,91.0,63.0,1.0,Rabbit
14.0,pursuit,61.0,11.0,91.0,63.0,0.0,Rabbit
14.0,pursuit,61.0,11.0,93.0,63.0,1.0,Rabbit
14.0,pursuit,61.0,11.0,91.0,63.0,0.0,Rabbit
14.0,pursuit,24.0,28.0,60.0,54.0,1.0,Rabbit
14.0,pursuit,61.0,12.0,91.0,71.0,0.0,Rabbit
14.0,pursuit,24.0,28.0,60.0,54.0,0.0,Rabbit
14.0,pursuit,62.0,18.0,63.0,85.0,1.0,Rabbit
14.0,pursuit,20.0,33.0,64.0,54.0,0.0,Rabbit
14.0,pursuit,62.0,18.0,63.0,85.0,0.0,Rabbit
14.0,pursuit,20.0,33.0,64.0,54.0,1.0,Rabbit
14.0,pursuit,21.0,33.0,60.0,54.0,1.0,Rabbit
14.0,pursuit,62.0,22.0,63.0,82.0,0.0,Rabbit
14.0,pursuit,61.0,11.0,91.0,63.0,0.0,Rabbit
14.0,pursuit,24.0,28.0,60.0,54.0,1.0,Rabbit
14.0,pursuit,24.0,28.0,60.0,54.0,0.0,Rabbit
14.0,pursuit,60.0,12.0,81.0,50.0,1.0,Rabbit
14.0,pursuit,24.0,28.0,60.0,54.0,1.0,Rabbit
14.0,pursuit,60.0,12.0,81.0,50.0,1.0,Rabbit
14.0,pursuit,24.0,28.0,60.0,54.0,0.0,Rabbit
14.0,pursuit,60.0,12.0,81.0,50.0,1.0,Rabbit
14.0,pursuit,24.0,28.0,60.0,54.0,1.0,Rabbit
14.0,pursuit,60.0,13.0,81.0,50.0,1.0,Rabbit
14.0,pursuit,61.0,11.0,91.0,63.0,0.0,Rabbit
14.0,pursuit,61.0,11.0,91.0,63.0,1.0,Rabbit
14.0,pursuit,61.0,11.0,91.0,63.0,0.0,Rabbit
14.0,pursuit,61.0,11.0,91.0,63.0,1.0,Rabbit
14.0,pursuit,61.0,11.0,91.0,63.0,1.0,Rabbit
14.0,pursuit,61.0,11.0,91.0,63.0,1.0,Rabbit
14.0,pursuit,24.0,28.0,60.0,54.0,1.0,Rabbit
14.0,pursuit,61.0,11.0,91.0,63.0,0.0,Rabbit
14.0,pursuit,61.0,11.0,91.0,63.0,1.0,Rabbit
14.0,pursuit,61.0,11.0,91.0,63.0,1.0,Rabbit
14.0,pursuit,61.0,11.0,91.0,63.0,0.0,Rabbit
14.0,pursuit,26.0,22.0,78.0,65.0,0.0,Rabbit
14.0,pursuit,24.0,28.0,60.0,54.0,1.0,Rabbit
14.0,pursuit,61.0,12.0,91.0,67.0,1.0,Rabbit
14.0,pursuit,61.0,11.0,91.0,63.0,1.0,Rabbit
14.0,pursuit,62.0,22.0,63.0,82.0,0.0,Rabbit
14.0,pursuit,61.0,11.0,90.0,63.0,1.0,Rabbit
14.0,pursuit,61.0,12.0,91.0,67.0,0.0,Rabbit
14.0,pursuit,61.0,11.0,91.0,63.0,1.0,Rabbit
14.0,pursuit,61.0,11.0,91.0,63.0,1.0,Rabbit
14.0,pursuit,60.0,12.0,81.0,50.0,0.0,Rabbit
14.0,pursuit,61.0,11.0,91.0,63.0,1.0,Rabbit
14.0,pursuit,62.0,18.0,63.0,85.0,0.0,Rabbit
14.0,pursuit,61.0,11.0,91.0,63.0,1.0,Rabbit
14.0,pursuit,60.0,14.0,81.0,50.0,0.0,Rabbit
14.0,pursuit,61.0,11.0,91.0,63.0,0.0,Rabbit
14.0,pursuit,60.0,13.0,81.0,50.0,0.0,Rabbit
14.0,pursuit,60.0,12.0,81.0,50.0,0.0,Rabbit
14.0,pursuit,60.0,12.0,81.0,50.0,1.0,Rabbit
14.0,pursuit,60.0,12.0,81.0,50.0,1.0,Rabbit
14.0,pursuit,26.0,22.0,78.0,65.0,1.0,Rabbit
14.0,pursuit,61.0,12.0,81.0,52.0,1.0,Rabbit
14.0,pursuit,20.0,33.0,60.0,54.0,0.0,Rabbit
14.0,pursuit,60.0,13.0,81.0,50.0,0.0,Rabbit
14.0,pursuit,60.0,12.0,81.0,50.0,0.0,Rabbit
14.0,pursuit,60.0,12.0,81.0,50.0,0.0,Rabbit
14.0,pursuit,26.0,22.0,78.0,65.0,1.0,Rabbit
14.0,pursuit,60.0,12.0,81.0,50.0,1.0,Rabbit
14.0,pursuit,61.0,11.0,91.0,63.0,0.0,Rabbit
14.0,pursuit,60.0,12.0,81.0,50.0,1.0,Rabbit
14.0,pursuit,20.0,33.0,60.0,54.0,0.0,Rabbit
14.0,pursuit,60.0,12.0,81.0,50.0,0.0,Rabbit
14.0,pursuit,60.0,12.0,81.0,50.0,1.0,Rabbit
14.0,pursuit,60.0,12.0,81.0,50.0,1.0,Rabbit
14.0,pursuit,60.0,12.0,81.0,50.0,0.0,Rabbit
14.0,pursuit,20.0,33.0,60.0,54.0,1.0,Rabbit
14.0,pursuit,60.0,12.0,81.0,50.0,0.0,Rabbit
14.0,pursuit,60.0,12.0,81.0,50.0,1.0,Rabbit
14.0,pursuit,60.0,12.0,81.0,50.0,1.0,Rabbit
14.0,pursuit,60.0,12.0,81.0,50.0,0.0,Rabbit
14.0,pursuit,60.0,12.0,81.0,50.0,1.0,Rabbit
14.0,pursuit,60.0,12.0,81.0,49.0,0.0,Rabbit
14.0,pursuit,60.0,12.0,81.0,50.0,1.0,Rabbit
14.0,pursuit,60.0,12.0,81.0,50.0,0.0,Rabbit
14.0,pursuit,60.0,12.0,81.0,50.0,1.0,Rabbit
14.0,pursuit,60.0,12.0,81.0,50.0,1.0,Rabbit
14.0,pursuit,60.0,12.0,81.0,50.0,1.0,Rabbit
14.0,pursuit,60.0,12.0,81.0,50.0,1.0,Rabbit
14.0,pursuit,60.0,12.0,81.0,50.0,1.0,Rabbit
14.0,pursuit,60.0,12.0,81.0,50.0,1.0,Rabbit
14.0,pursuit,60.0,12.0,81.0,50.0,1.0,Rabbit
14.0,pursuit,60.0,13.0,81.0,50.0,0.0,Rabbit
14.0,pursuit,60.0,12.0,81.0,50.0,0.0,Rabbit
14.0,pursuit,60.0,12.0,81.0,50.0,1.0,Rabbit
14.0,pursuit,60.0,12.0,81.0,50.0,1.0,Rabbit
14.0,pursuit,60.0,12.0,81.0,50.0,0.0,Rabbit
14.0,pursuit,60.0,12.0,81.0,50.0,1.0,Rabbit
14.0,pursuit,60.0,9.0,81.0,50.0,1.0,Rabbit
14.0,pursuit,64.0,12.0,81.0,50.0,1.0,Rabbit
14.0,pursuit,64.0,15.0,82.0,50.0,0.0,Rabbit
14.0,pursuit,60.0,12.0,81.0,50.0,1.0,Rabbit
14.0,pursuit,33.0,18.0,60.0,76.0,0.0,Rabbit
14.0,pursuit,33.0,18.0,60.0,76.0,0.0,Rabbit
14.0,pursuit,33.0,18.0,60.0,76.0,0.0,Rabbit
14.0,pursuit,60.0,12.0,81.0,50.0,0.0,Rabbit
14.0,pursuit,64.0,12.0,81.0,50.0,1.0,Rabbit
14.0,pursuit,64.0,12.0,81.0,50.0,1.0,Rabbit
14.0,pursuit,64.0,12.0,84.0,52.0,1.0,Rabbit
14.0,pursuit,64.0,12.0,81.0,50.0,1.0,Rabbit
14.0,pursuit,64.0,12.0,81.0,50.0,0.0,Rabbit
14.0,pursuit,60.0,12.0,81.0,50.0,1.0,Rabbit
14.0,pursuit,64.0,12.0,81.0,50.0,0.0,Rabbit
14.0,pursuit,64.0,12.0,81.0,50.0,0.0,Rabbit
14.0,pursuit,60.0,12.0,81.0,50.0,0.0,Rabbit
14.0,pursuit,60.0,12.0,81.0,50.0,0.0,Rabbit
14.0,pursuit,60.0,12.0,81.0,50.0,1.0,Rabbit
14.0,pursuit,60.0,12.0,81.0,50.0,0.0,Rabbit
14.0,pursuit,60.0,12.0,81.0,50.0,0.0,Rabbit
14.0,pursuit,60.0,12.0,81.0,50.0,1.0,Rabbit
14.0,pursuit,60.0,12.0,81.0,50.0,0.0,Rabbit
14.0,pursuit,26.0,22.0,78.0,65.0,1.0,Rabbit
14.0,pursuit,26.0,22.0,78.0,65.0,0.0,Rabbit
14.0,pursuit,26.0,22.0,78.0,65.0,0.0,Rabbit
14.0,pursuit,26.0,22.0,78.0,65.0,0.0,Rabbit
14.0,pursuit,26.0,22.0,78.0,65.0,0.0,Rabbit
14.0,pursuit,26.0,22.0,78.0,65.0,0.0,Rabbit
14.0,pursuit,60.0,12.0,81.0,50.0,1.0,Rabbit
14.0,pursuit,60.0,12.0,81.0,50.0,0.0,Rabbit
14.0,pursuit,37.0,9.0,99.0,46.0,0.0,Rabbit
14.0,pursuit,33.0,18.0,60.0,76.0,1.0,Rabbit
14.0,pursuit,26.0,22.0,78.0,65.0,1.0,Rabbit
14.0,pursuit,60.0,15.0,81.0,50.0,0.0,Rabbit
14.0,pursuit,33.0,18.0,60.0,76.0,1.0,Rabbit
14.0,pursuit,21.0,22.0,78.0,65.0,1.0,Rabbit
14.0,pursuit,60.0,12.0,81.0,50.0,0.0,Rabbit
15.0,pursuit,55.0,19.0,78.0,40.0,0.0,Rabbit
15.0,pursuit,61.0,11.0,91.0,63.0,1.0,Rabbit
15.0,pursuit,64.0,45.0,100.0,62.0,0.0,Rabbit
15.0,pursuit,66.0,42.0,55.0,65.0,1.0,Rabbit
15.0,pursuit,64.0,45.0,100.0,62.0,1.0,Rabbit
15.0,pursuit,61.0,11.0,91.0,63.0,1.0,Rabbit
15.0,pursuit,61.0,11.0,91.0,63.0,1.0,Rabbit
15.0,pursuit,61.0,11.0,91.0,63.0,0.0,Rabbit
15.0,pursuit,61.0,11.0,91.0,63.0,1.0,Rabbit
15.0,pursuit,52.0,9.0,76.0,36.0,0.0,Rabbit
15.0,pursuit,52.0,9.0,76.0,36.0,0.0,Rabbit
15.0,pursuit,66.0,42.0,55.0,65.0,0.0,Rabbit
15.0,pursuit,64.0,45.0,100.0,62.0,0.0,Rabbit
15.0,pursuit,61.0,14.0,91.0,63.0,1.0,Rabbit
15.0,pursuit,61.0,11.0,91.0,63.0,0.0,Rabbit
15.0,pursuit,66.0,42.0,55.0,65.0,0.0,Rabbit
15.0,pursuit,61.0,11.0,91.0,63.0,1.0,Rabbit
15.0,pursuit,62.0,43.0,55.0,62.0,0.0,Rabbit
15.0,pursuit,61.0,11.0,91.0,63.0,1.0,Rabbit
15.0,pursuit,61.0,11.0,91.0,63.0,0.0,Rabbit
15.0,pursuit,61.0,11.0,91.0,63.0,0.0,Rabbit
15.0,pursuit,52.0,9.0,76.0,36.0,1.0,Rabbit
15.0,pursuit,61.0,11.0,91.0,63.0,1.0,Rabbit
15.0,pursuit,61.0,11.0,91.0,63.0,1.0,Rabbit
15.0,pursuit,61.0,11.0,91.0,63.0,1.0,Rabbit
15.0,pursuit,61.0,11.0,91.0,63.0,1.0,Rabbit
15.0,pursuit,61.0,11.0,91.0,63.0,1.0,Rabbit
15.0,pursuit,61.0,11.0,91.0,63.0,1.0,Rabbit
15.0,pursuit,26.0,22.0,78.0,65.0,0.0,Rabbit
15.0,pursuit,24.0,28.0,60.0,54.0,0.0,Rabbit
15.0,pursuit,69.0,45.0,100.0,62.0,1.0,Rabbit
15.0,pursuit,61.0,11.0,91.0,63.0,0.0,Rabbit
15.0,pursuit,61.0,11.0,91.0,63.0,1.0,Rabbit
15.0,pursuit,61.0,11.0,91.0,63.0,0.0,Rabbit
15.0,pursuit,61.0,11.0,91.0,63.0,1.0,Rabbit
15.0,pursuit,62.0,43.0,55.0,62.0,0.0,Rabbit
15.0,pursuit,24.0,28.0,60.0,54.0,1.0,Rabbit
15.0,pursuit,61.0,11.0,91.0,63.0,0.0,Rabbit
15.0,pursuit,61.0,11.0,91.0,63.0,1.0,Rabbit
15.0,pursuit,61.0,11.0,91.0,63.0,1.0,Rabbit
15.0,pursuit,62.0,43.0,55.0,62.0,0.0,Rabbit
15.0,pursuit,61.0,11.0,91.0,63.0,1.0,Rabbit
15.0,pursuit,61.0,11.0,91.0,63.0,1.0,Rabbit
15.0,pursuit,61.0,11.0,91.0,63.0,1.0,Rabbit
15.0,pursuit,61.0,11.0,91.0,63.0,1.0,Rabbit
15.0,pursuit,61.0,11.0,91.0,63.0,1.0,Rabbit
15.0,pursuit,20.0,33.0,64.0,54.0,0.0,Rabbit
15.0,pursuit,20.0,33.0,64.0,54.0,0.0,Rabbit
15.0,pursuit,61.0,11.0,91.0,63.0,1.0,Rabbit
15.0,pursuit,61.0,11.0,91.0,63.0,1.0,Rabbit
15.0,pursuit,24.0,28.0,60.0,54.0,0.0,Rabbit
15.0,pursuit,26.0,22.0,78.0,65.0,1.0,Rabbit
15.0,pursuit,61.0,11.0,91.0,63.0,1.0,Rabbit
15.0,pursuit,24.0,28.0,60.0,54.0,0.0,Rabbit
15.0,pursuit,61.0,11.0,91.0,63.0,0.0,Rabbit
15.0,pursuit,61.0,11.0,91.0,63.0,1.0,Rabbit
15.0,pursuit,24.0,28.0,60.0,54.0,1.0,Rabbit
15.0,pursuit,61.0,11.0,91.0,63.0,1.0,Rabbit
15.0,pursuit,61.0,12.0,91.0,67.0,1.0,Rabbit
15.0,pursuit,61.0,12.0,91.0,67.0,1.0,Rabbit
15.0,pursuit,61.0,12.0,91.0,67.0,0.0,Rabbit
15.0,pursuit,61.0,12.0,94.0,67.0,1.0,Rabbit
15.0,pursuit,61.0,11.0,91.0,63.0,1.0,Rabbit
15.0,pursuit,61.0,11.0,91.0,63.0,0.0,Rabbit
15.0,pursuit,61.0,12.0,91.0,67.0,1.0,Rabbit
15.0,pursuit,61.0,12.0,91.0,67.0,1.0,Rabbit
15.0,pursuit,61.0,11.0,91.0,63.0,0.0,Rabbit
15.0,pursuit,61.0,12.0,91.0,67.0,1.0,Rabbit
15.0,pursuit,61.0,12.0,91.0,67.0,1.0,Rabbit
15.0,pursuit,61.0,12.0,91.0,67.0,1.0,Rabbit
15.0,pursuit,61.0,12.0,91.0,67.0,1.0,Rabbit
15.0,pursuit,61.0,12.0,91.0,67.0,1.0,Rabbit
15.0,pursuit,61.0,12.0,91.0,67.0,1.0,Rabbit
15.0,pursuit,61.0,12.0,91.0,67.0,0.0,Rabbit
15.0,pursuit,61.0,12.0,91.0,67.0,0.0,Rabbit
15.0,pursuit,61.0,12.0,91.0,67.0,0.0,Rabbit
15.0,pursuit,61.0,11.0,91.0,63.0,0.0,Rabbit
15.0,pursuit,61.0,11.0,93.0,63.0,1.0,Rabbit
15.0,pursuit,61.0,11.0,91.0,63.0,0.0,Rabbit
15.0,pursuit,24.0,28.0,60.0,54.0,0.0,Rabbit
15.0,pursuit,24.0,28.0,60.0,54.0,0.0,Rabbit
15.0,pursuit,61.0,11.0,91.0,63.0,0.0,Rabbit
15.0,pursuit,62.0,18.0,63.0,85.0,1.0,Rabbit
15.0,pursuit,61.0,11.0,91.0,63.0,0.0,Rabbit
15.0,pursuit,61.0,11.0,91.0,63.0,0.0,Rabbit
15.0,pursuit,61.0,11.0,93.0,63.0,0.0,Rabbit
15.0,pursuit,62.0,18.0,63.0,85.0,1.0,Rabbit
15.0,pursuit,21.0,33.0,60.0,54.0,0.0,Rabbit
15.0,pursuit,21.0,33.0,60.0,54.0,0.0,Rabbit
15.0,pursuit,61.0,11.0,91.0,63.0,0.0,Rabbit
15.0,pursuit,60.0,12.0,81.0,50.0,1.0,Rabbit
15.0,pursuit,60.0,12.0,81.0,50.0,1.0,Rabbit
15.0,pursuit,60.0,12.0,81.0,50.0,1.0,Rabbit
15.0,pursuit,24.0,28.0,60.0,54.0,1.0,Rabbit
15.0,pursuit,24.0,28.0,60.0,54.0,1.0,Rabbit
15.0,pursuit,61.0,12.0,91.0,67.0,1.0,Rabbit
15.0,pursuit,60.0,12.0,81.0,50.0,0.0,Rabbit
15.0,pursuit,63.0,13.0,81.0,50.0,0.0,Rabbit
15.0,pursuit,20.0,33.0,64.0,54.0,1.0,Rabbit
15.0,pursuit,20.0,33.0,64.0,54.0,1.0,Rabbit
15.0,pursuit,60.0,13.0,81.0,50.0,1.0,Rabbit
15.0,pursuit,61.0,11.0,91.0,63.0,1.0,Rabbit
15.0,pursuit,60.0,12.0,81.0,50.0,0.0,Rabbit
15.0,pursuit,61.0,11.0,91.0,63.0,0.0,Rabbit
15.0,pursuit,61.0,11.0,91.0,63.0,0.0,Rabbit
15.0,pursuit,24.0,28.0,60.0,54.0,1.0,Rabbit
15.0,pursuit,61.0,11.0,91.0,63.0,1.0,Rabbit
15.0,pursuit,61.0,11.0,91.0,63.0,1.0,Rabbit
15.0,pursuit,61.0,11.0,91.0,63.0,1.0,Rabbit
15.0,pursuit,20.0,33.0,64.0,54.0,1.0,Rabbit
15.0,pursuit,61.0,11.0,91.0,63.0,0.0,Rabbit
15.0,pursuit,61.0,11.0,91.0,63.0,1.0,Rabbit
15.0,pursuit,61.0,11.0,91.0,63.0,1.0,Rabbit
15.0,pursuit,61.0,11.0,91.0,63.0,1.0,Rabbit
15.0,pursuit,61.0,11.0,91.0,63.0,1.0,Rabbit
15.0,pursuit,61.0,11.0,91.0,63.0,1.0,Rabbit
15.0,pursuit,61.0,11.0,91.0,63.0,1.0,Rabbit
15.0,pursuit,24.0,28.0,60.0,54.0,0.0,Rabbit
15.0,pursuit,61.0,12.0,91.0,67.0,1.0,Rabbit
15.0,pursuit,61.0,11.0,91.0,63.0,1.0,Rabbit
15.0,pursuit,61.0,12.0,91.0,67.0,1.0,Rabbit
15.0,pursuit,24.0,28.0,60.0,54.0,0.0,Rabbit
15.0,pursuit,61.0,11.0,90.0,63.0,1.0,Rabbit
15.0,pursuit,61.0,11.0,91.0,63.0,1.0,Rabbit
15.0,pursuit,61.0,11.0,91.0,63.0,0.0,Rabbit
15.0,pursuit,61.0,11.0,90.0,63.0,1.0,Rabbit
15.0,pursuit,61.0,11.0,91.0,61.0,1.0,Rabbit
15.0,pursuit,61.0,11.0,94.0,62.0,0.0,Rabbit
15.0,pursuit,61.0,11.0,91.0,63.0,1.0,Rabbit
15.0,pursuit,61.0,11.0,91.0,63.0,1.0,Rabbit
15.0,pursuit,61.0,11.0,91.0,63.0,1.0,Rabbit
15.0,pursuit,61.0,11.0,91.0,63.0,1.0,Rabbit
15.0,pursuit,24.0,28.0,60.0,54.0,1.0,Rabbit
15.0,pursuit,61.0,11.0,91.0,63.0,0.0,Rabbit
15.0,pursuit,61.0,11.0,91.0,63.0,0.0,Rabbit
15.0,pursuit,24.0,28.0,60.0,54.0,1.0,Rabbit
15.0,pursuit,60.0,12.0,81.0,50.0,1.0,Rabbit
15.0,pursuit,60.0,12.0,81.0,50.0,0.0,Rabbit
15.0,pursuit,61.0,11.0,93.0,63.0,0.0,Rabbit
15.0,pursuit,61.0,12.0,81.0,52.0,0.0,Rabbit
15.0,pursuit,60.0,12.0,81.0,50.0,0.0,Rabbit
15.0,pursuit,61.0,12.0,81.0,52.0,1.0,Rabbit
15.0,pursuit,26.0,22.0,78.0,65.0,0.0,Rabbit
15.0,pursuit,26.0,22.0,78.0,65.0,0.0,Rabbit
15.0,pursuit,60.0,12.0,81.0,50.0,1.0,Rabbit
15.0,pursuit,60.0,12.0,81.0,50.0,1.0,Rabbit
15.0,pursuit,61.0,11.0,91.0,63.0,1.0,Rabbit
15.0,pursuit,60.0,12.0,81.0,50.0,0.0,Rabbit
15.0,pursuit,60.0,12.0,81.0,50.0,1.0,Rabbit
15.0,pursuit,61.0,11.0,91.0,63.0,0.0,Rabbit
15.0,pursuit,20.0,33.0,60.0,54.0,1.0,Rabbit
15.0,pursuit,60.0,12.0,81.0,50.0,1.0,Rabbit
15.0,pursuit,60.0,12.0,81.0,50.0,1.0,Rabbit
15.0,pursuit,20.0,33.0,60.0,54.0,1.0,Rabbit
15.0,pursuit,60.0,12.0,81.0,50.0,0.0,Rabbit
15.0,pursuit,26.0,22.0,78.0,65.0,1.0,Rabbit
15.0,pursuit,60.0,12.0,81.0,50.0,1.0,Rabbit
15.0,pursuit,60.0,12.0,81.0,50.0,1.0,Rabbit
15.0,pursuit,26.0,22.0,78.0,65.0,1.0,Rabbit
15.0,pursuit,60.0,12.0,81.0,50.0,0.0,Rabbit
15.0,pursuit,61.0,11.0,90.0,63.0,1.0,Rabbit
15.0,pursuit,60.0,12.0,81.0,50.0,1.0,Rabbit
15.0,pursuit,60.0,12.0,81.0,50.0,1.0,Rabbit
15.0,pursuit,60.0,12.0,81.0,50.0,1.0,Rabbit
15.0,pursuit,60.0,12.0,81.0,50.0,0.0,Rabbit
15.0,pursuit,60.0,12.0,81.0,50.0,1.0,Rabbit
15.0,pursuit,60.0,12.0,81.0,50.0,0.0,Rabbit
15.0,pursuit,60.0,12.0,81.0,50.0,0.0,Rabbit
15.0,pursuit,60.0,12.0,81.0,46.0,1.0,Rabbit
15.0,pursuit,60.0,12.0,81.0,50.0,1.0,Rabbit
15.0,pursuit,60.0,12.0,81.0,50.0,1.0,Rabbit
15.0,pursuit,60.0,12.0,81.0,50.0,1.0,Rabbit
15.0,pursuit,60.0,12.0,81.0,50.0,1.0,Rabbit
15.0,pursuit,60.0,12.0,81.0,50.0,0.0,Rabbit
15.0,pursuit,60.0,12.0,81.0,50.0,0.0,Rabbit
15.0,pursuit,60.0,12.0,81.0,50.0,0.0,Rabbit
15.0,pursuit,60.0,12.0,81.0,50.0,1.0,Rabbit
15.0,pursuit,60.0,12.0,81.0,50.0,0.0,Rabbit
15.0,pursuit,61.0,11.0,91.0,63.0,0.0,Rabbit
15.0,pursuit,60.0,12.0,81.0,50.0,1.0,Rabbit
15.0,pursuit,60.0,12.0,81.0,50.0,0.0,Rabbit
15.0,pursuit,60.0,12.0,81.0,50.0,1.0,Rabbit
15.0,pursuit,60.0,12.0,81.0,50.0,1.0,Rabbit
15.0,pursuit,60.0,12.0,81.0,50.0,1.0,Rabbit
15.0,pursuit,60.0,12.0,81.0,50.0,0.0,Rabbit
15.0,pursuit,60.0,12.0,81.0,50.0,0.0,Rabbit
15.0,pursuit,60.0,12.0,81.0,50.0,0.0,Rabbit
15.0,pursuit,60.0,12.0,81.0,50.0,0.0,Rabbit
15.0,pursuit,60.0,9.0,81.0,50.0,0.0,Rabbit
15.0,pursuit,60.0,12.0,81.0,50.0,0.0,Rabbit
15.0,pursuit,64.0,12.0,81.0,50.0,1.0,Rabbit
15.0,pursuit,64.0,12.0,81.0,50.0,0.0,Rabbit
15.0,pursuit,60.0,12.0,81.0,50.0,1.0,Rabbit
15.0,pursuit,64.0,12.0,81.0,50.0,0.0,Rabbit
15.0,pursuit,64.0,12.0,81.0,50.0,0.0,Rabbit
15.0,pursuit,60.0,9.0,81.0,50.0,0.0,Rabbit
15.0,pursuit,64.0,12.0,81.0,50.0,0.0,Rabbit
15.0,pursuit,60.0,12.0,81.0,50.0,0.0,Rabbit
15.0,pursuit,64.0,12.0,81.0,50.0,0.0,Rabbit
15.0,pursuit,60.0,9.0,81.0,50.0,0.0,Rabbit
15.0,pursuit,64.0,12.0,81.0,50.0,0.0,Rabbit
15.0,pursuit,64.0,12.0,81.0,50.0,0.0,Rabbit
15.0,pursuit,64.0,5.0,81.0,50.0,0.0,Rabbit
15.0,pursuit,64.0,12.0,84.0,52.0,0.0,Rabbit
15.0,pursuit,64.0,12.0,81.0,50.0,0.0,Rabbit
15.0,pursuit,60.0,12.0,81.0,50.0,1.0,Rabbit
15.0,pursuit,60.0,12.0,81.0,50.0,1.0,Rabbit
15.0,pursuit,26.0,22.0,78.0,65.0,0.0,Rabbit
15.0,pursuit,60.0,12.0,81.0,50.0,0.0,Rabbit
15.0,pursuit,60.0,12.0,81.0,46.0,0.0,Rabbit
15.0,pursuit,60.0,12.0,81.0,50.0,0.0,Rabbit
15.0,pursuit,60.0,12.0,81.0,50.0,1.0,Rabbit
15.0,pursuit,60.0,12.0,81.0,50.0,0.0,Rabbit
15.0,pursuit,26.0,22.0,78.0,65.0,0.0,Rabbit
15.0,pursuit,26.0,17.0,75.0,65.0,0.0,Rabbit
15.0,pursuit,33.0,18.0,60.0,76.0,0.0,Rabbit
15.0,pursuit,60.0,12.0,81.0,50.0,0.0,Rabbit
15.0,pursuit,33.0,18.0,60.0,76.0,1.0,Rabbit
15.0,pursuit,21.0,22.0,78.0,65.0,0.0,Rabbit
15.0,pursuit,26.0,22.0,78.0,65.0,1.0,Rabbit
15.0,pursuit,21.0,22.0,78.0,65.0,1.0,Rabbit
15.0,pursuit,64.0,12.0,84.0,52.0,0.0,Rabbit
15.0,pursuit,64.0,12.0,81.0,50.0,0.0,Rabbit
15.0,pursuit,33.0,18.0,60.0,76.0,0.0,Rabbit
15.0,pursuit,33.0,18.0,60.0,76.0,0.0,Rabbit
15.0,pursuit,33.0,18.0,60.0,76.0,1.0,Rabbit
16.0,pursuit,61.0,11.0,91.0,63.0,0.0,Rabbit
16.0,pursuit,61.0,11.0,91.0,63.0,1.0,Rabbit
16.0,pursuit,64.0,45.0,100.0,62.0,1.0,Rabbit
16.0,pursuit,61.0,11.0,91.0,63.0,0.0,Rabbit
16.0,pursuit,61.0,11.0,91.0,63.0,1.0,Rabbit
16.0,pursuit,61.0,14.0,91.0,63.0,1.0,Rabbit
16.0,pursuit,61.0,11.0,91.0,63.0,1.0,Rabbit
16.0,pursuit,61.0,11.0,91.0,63.0,1.0,Rabbit
16.0,pursuit,61.0,14.0,91.0,63.0,1.0,Rabbit
16.0,pursuit,61.0,14.0,91.0,63.0,1.0,Rabbit
16.0,pursuit,52.0,9.0,76.0,36.0,0.0,Rabbit
16.0,pursuit,61.0,11.0,91.0,63.0,1.0,Rabbit
16.0,pursuit,61.0,11.0,91.0,63.0,1.0,Rabbit
16.0,pursuit,61.0,11.0,91.0,63.0,1.0,Rabbit
16.0,pursuit,66.0,42.0,55.0,65.0,0.0,Rabbit
16.0,pursuit,61.0,11.0,91.0,63.0,1.0,Rabbit
16.0,pursuit,61.0,11.0,91.0,63.0,1.0,Rabbit
16.0,pursuit,61.0,11.0,91.0,63.0,1.0,Rabbit
16.0,pursuit,61.0,11.0,91.0,63.0,1.0,Rabbit
16.0,pursuit,61.0,11.0,91.0,63.0,0.0,Rabbit
16.0,pursuit,61.0,11.0,91.0,63.0,0.0,Rabbit
16.0,pursuit,61.0,11.0,91.0,63.0,1.0,Rabbit
16.0,pursuit,61.0,11.0,91.0,63.0,0.0,Rabbit
16.0,pursuit,61.0,11.0,91.0,63.0,0.0,Rabbit
16.0,pursuit,69.0,45.0,100.0,62.0,0.0,Rabbit
16.0,pursuit,61.0,11.0,91.0,63.0,0.0,Rabbit
16.0,pursuit,61.0,11.0,91.0,63.0,0.0,Rabbit
16.0,pursuit,69.0,45.0,100.0,62.0,1.0,Rabbit
16.0,pursuit,61.0,11.0,91.0,63.0,1.0,Rabbit
16.0,pursuit,61.0,11.0,91.0,63.0,1.0,Rabbit
16.0,pursuit,61.0,11.0,91.0,63.0,0.0,Rabbit
16.0,pursuit,64.0,45.0,100.0,62.0,0.0,Rabbit
16.0,pursuit,61.0,11.0,91.0,63.0,1.0,Rabbit
16.0,pursuit,61.0,11.0,91.0,67.0,1.0,Rabbit
16.0,pursuit,64.0,45.0,100.0,62.0,0.0,Rabbit
16.0,pursuit,61.0,11.0,91.0,63.0,1.0,Rabbit
16.0,pursuit,65.0,11.0,91.0,63.0,0.0,Rabbit
16.0,pursuit,61.0,11.0,91.0,63.0,0.0,Rabbit
16.0,pursuit,24.0,28.0,60.0,54.0,1.0,Rabbit
16.0,pursuit,61.0,11.0,91.0,63.0,1.0,Rabbit
16.0,pursuit,69.0,45.0,100.0,62.0,0.0,Rabbit
16.0,pursuit,61.0,11.0,91.0,63.0,1.0,Rabbit
16.0,pursuit,61.0,11.0,91.0,63.0,0.0,Rabbit
16.0,pursuit,61.0,11.0,91.0,63.0,0.0,Rabbit
16.0,pursuit,61.0,11.0,91.0,63.0,1.0,Rabbit
16.0,pursuit,61.0,11.0,91.0,63.0,1.0,Rabbit
16.0,pursuit,61.0,11.0,91.0,63.0,1.0,Rabbit
16.0,pursuit,61.0,11.0,91.0,63.0,1.0,Rabbit
16.0,pursuit,61.0,11.0,91.0,63.0,1.0,Rabbit
16.0,pursuit,61.0,11.0,91.0,58.0,1.0,Rabbit
16.0,pursuit,61.0,11.0,91.0,63.0,0.0,Rabbit
16.0,pursuit,61.0,11.0,91.0,63.0,1.0,Rabbit
16.0,pursuit,26.0,22.0,78.0,65.0,0.0,Rabbit
16.0,pursuit,61.0,11.0,91.0,63.0,1.0,Rabbit
16.0,pursuit,61.0,11.0,91.0,63.0,1.0,Rabbit
16.0,pursuit,61.0,11.0,91.0,63.0,1.0,Rabbit
16.0,pursuit,24.0,28.0,60.0,54.0,0.0,Rabbit
16.0,pursuit,24.0,28.0,60.0,54.0,0.0,Rabbit
16.0,pursuit,24.0,28.0,60.0,54.0,0.0,Rabbit
16.0,pursuit,61.0,11.0,91.0,63.0,1.0,Rabbit
16.0,pursuit,61.0,11.0,91.0,63.0,0.0,Rabbit
16.0,pursuit,61.0,12.0,91.0,67.0,1.0,Rabbit
16.0,pursuit,61.0,12.0,91.0,67.0,1.0,Rabbit
16.0,pursuit,61.0,12.0,91.0,67.0,1.0,Rabbit
16.0,pursuit,61.0,11.0,91.0,63.0,0.0,Rabbit
16.0,pursuit,61.0,12.0,94.0,67.0,1.0,Rabbit
16.0,pursuit,61.0,11.0,91.0,63.0,1.0,Rabbit
16.0,pursuit,61.0,11.0,91.0,63.0,1.0,Rabbit
16.0,pursuit,61.0,12.0,91.0,67.0,1.0,Rabbit
16.0,pursuit,61.0,11.0,91.0,63.0,0.0,Rabbit
16.0,pursuit,26.0,22.0,78.0,65.0,1.0,Rabbit
16.0,pursuit,61.0,12.0,91.0,67.0,1.0,Rabbit
16.0,pursuit,61.0,12.0,91.0,67.0,1.0,Rabbit
16.0,pursuit,61.0,12.0,91.0,67.0,0.0,Rabbit
16.0,pursuit,61.0,11.0,91.0,63.0,0.0,Rabbit
16.0,pursuit,61.0,12.0,91.0,67.0,1.0,Rabbit
16.0,pursuit,61.0,12.0,91.0,67.0,0.0,Rabbit
16.0,pursuit,61.0,12.0,91.0,67.0,0.0,Rabbit
16.0,pursuit,61.0,12.0,91.0,67.0,1.0,Rabbit
16.0,pursuit,61.0,12.0,91.0,67.0,1.0,Rabbit
16.0,pursuit,61.0,12.0,91.0,67.0,1.0,Rabbit
16.0,pursuit,61.0,12.0,91.0,67.0,1.0,Rabbit
16.0,pursuit,61.0,12.0,91.0,67.0,0.0,Rabbit
16.0,pursuit,61.0,11.0,93.0,63.0,0.0,Rabbit
16.0,pursuit,62.0,18.0,63.0,85.0,1.0,Rabbit
16.0,pursuit,61.0,11.0,91.0,63.0,0.0,Rabbit
16.0,pursuit,62.0,18.0,63.0,85.0,1.0,Rabbit
16.0,pursuit,61.0,11.0,91.0,63.0,0.0,Rabbit
16.0,pursuit,60.0,12.0,81.0,50.0,1.0,Rabbit
16.0,pursuit,60.0,12.0,81.0,50.0,0.0,Rabbit
16.0,pursuit,60.0,12.0,81.0,50.0,1.0,Rabbit
16.0,pursuit,60.0,12.0,81.0,50.0,1.0,Rabbit
16.0,pursuit,60.0,12.0,81.0,50.0,1.0,Rabbit
16.0,pursuit,61.0,12.0,91.0,67.0,1.0,Rabbit
16.0,pursuit,61.0,12.0,91.0,67.0,0.0,Rabbit
16.0,pursuit,24.0,28.0,60.0,54.0,0.0,Rabbit
16.0,pursuit,61.0,12.0,91.0,67.0,1.0,Rabbit
16.0,pursuit,24.0,28.0,60.0,54.0,0.0,Rabbit
16.0,pursuit,20.0,33.0,64.0,54.0,0.0,Rabbit
16.0,pursuit,20.0,33.0,64.0,54.0,1.0,Rabbit
16.0,pursuit,20.0,33.0,64.0,54.0,1.0,Rabbit
16.0,pursuit,24.0,28.0,60.0,54.0,1.0,Rabbit
16.0,pursuit,24.0,28.0,60.0,54.0,0.0,Rabbit
16.0,pursuit,60.0,13.0,81.0,50.0,1.0,Rabbit
16.0,pursuit,61.0,11.0,91.0,63.0,1.0,Rabbit
16.0,pursuit,61.0,11.0,91.0,63.0,1.0,Rabbit
16.0,pursuit,24.0,28.0,60.0,54.0,1.0,Rabbit
16.0,pursuit,61.0,12.0,91.0,67.0,0.0,Rabbit
16.0,pursuit,60.0,13.0,81.0,50.0,0.0,Rabbit
16.0,pursuit,61.0,11.0,91.0,63.0,1.0,Rabbit
16.0,pursuit,24.0,28.0,60.0,54.0,1.0,Rabbit
16.0,pursuit,57.0,11.0,91.0,63.0,0.0,Rabbit
16.0,pursuit,61.0,11.0,91.0,63.0,1.0,Rabbit
16.0,pursuit,20.0,33.0,64.0,54.0,1.0,Rabbit
16.0,pursuit,61.0,11.0,89.0,63.0,1.0,Rabbit
16.0,pursuit,61.0,11.0,91.0,63.0,1.0,Rabbit
16.0,pursuit,20.0,33.0,64.0,54.0,0.0,Rabbit
16.0,pursuit,62.0,18.0,63.0,85.0,0.0,Rabbit
16.0,pursuit,61.0,11.0,91.0,63.0,1.0,Rabbit
16.0,pursuit,61.0,11.0,91.0,63.0,0.0,Rabbit
16.0,pursuit,61.0,11.0,91.0,63.0,0.0,Rabbit
16.0,pursuit,61.0,11.0,91.0,63.0,1.0,Rabbit
16.0,pursuit,61.0,11.0,91.0,63.0,1.0,Rabbit
16.0,pursuit,20.0,36.0,64.0,54.0,1.0,Rabbit
16.0,pursuit,62.0,18.0,63.0,85.0,0.0,Rabbit
16.0,pursuit,61.0,11.0,91.0,63.0,1.0,Rabbit
16.0,pursuit,61.0,11.0,91.0,63.0,1.0,Rabbit
16.0,pursuit,61.0,11.0,91.0,63.0,1.0,Rabbit
16.0,pursuit,61.0,11.0,91.0,63.0,1.0,Rabbit
16.0,pursuit,61.0,11.0,91.0,63.0,1.0,Rabbit
16.0,pursuit,61.0,11.0,91.0,63.0,1.0,Rabbit
16.0,pursuit,61.0,11.0,91.0,63.0,0.0,Rabbit
16.0,pursuit,61.0,11.0,91.0,63.0,1.0,Rabbit
16.0,pursuit,61.0,12.0,91.0,67.0,1.0,Rabbit
16.0,pursuit,61.0,11.0,91.0,63.0,1.0,Rabbit
16.0,pursuit,61.0,11.0,91.0,63.0,1.0,Rabbit
16.0,pursuit,61.0,11.0,91.0,63.0,1.0,Rabbit
16.0,pursuit,61.0,11.0,91.0,63.0,1.0,Rabbit
16.0,pursuit,61.0,12.0,91.0,67.0,1.0,Rabbit
16.0,pursuit,61.0,11.0,91.0,63.0,1.0,Rabbit
16.0,pursuit,61.0,12.0,91.0,67.0,1.0,Rabbit
16.0,pursuit,61.0,11.0,90.0,63.0,0.0,Rabbit
16.0,pursuit,61.0,11.0,85.0,63.0,1.0,Rabbit
16.0,pursuit,61.0,11.0,90.0,63.0,1.0,Rabbit
16.0,pursuit,24.0,28.0,60.0,54.0,1.0,Rabbit
16.0,pursuit,61.0,11.0,91.0,63.0,0.0,Rabbit
16.0,pursuit,61.0,11.0,91.0,63.0,0.0,Rabbit
16.0,pursuit,61.0,11.0,91.0,63.0,1.0,Rabbit
16.0,pursuit,61.0,11.0,91.0,61.0,1.0,Rabbit
16.0,pursuit,61.0,11.0,90.0,63.0,0.0,Rabbit
16.0,pursuit,61.0,11.0,91.0,63.0,1.0,Rabbit
16.0,pursuit,61.0,11.0,91.0,63.0,0.0,Rabbit
16.0,pursuit,61.0,11.0,91.0,63.0,0.0,Rabbit
16.0,pursuit,24.0,28.0,60.0,51.0,1.0,Rabbit
16.0,pursuit,24.0,28.0,60.0,54.0,0.0,Rabbit
16.0,pursuit,61.0,12.0,81.0,52.0,0.0,Rabbit
16.0,pursuit,61.0,12.0,81.0,52.0,1.0,Rabbit
16.0,pursuit,24.0,28.0,60.0,54.0,0.0,Rabbit
16.0,pursuit,60.0,12.0,81.0,50.0,0.0,Rabbit
16.0,pursuit,24.0,28.0,60.0,54.0,0.0,Rabbit
16.0,pursuit,60.0,12.0,81.0,50.0,1.0,Rabbit
16.0,pursuit,61.0,11.0,91.0,63.0,0.0,Rabbit
16.0,pursuit,60.0,12.0,81.0,50.0,0.0,Rabbit
16.0,pursuit,61.0,11.0,91.0,63.0,0.0,Rabbit
16.0,pursuit,60.0,12.0,81.0,50.0,1.0,Rabbit
16.0,pursuit,61.0,11.0,91.0,61.0,0.0,Rabbit
16.0,pursuit,60.0,12.0,81.0,50.0,0.0,Rabbit
16.0,pursuit,60.0,12.0,81.0,50.0,0.0,Rabbit
16.0,pursuit,60.0,12.0,81.0,50.0,1.0,Rabbit
16.0,pursuit,60.0,12.0,81.0,50.0,0.0,Rabbit
16.0,pursuit,64.0,13.0,81.0,50.0,0.0,Rabbit
16.0,pursuit,61.0,11.0,91.0,63.0,0.0,Rabbit
16.0,pursuit,61.0,11.0,91.0,63.0,0.0,Rabbit
16.0,pursuit,60.0,12.0,81.0,50.0,0.0,Rabbit
16.0,pursuit,60.0,12.0,81.0,50.0,0.0,Rabbit
16.0,pursuit,20.0,33.0,60.0,54.0,0.0,Rabbit
16.0,pursuit,20.0,33.0,60.0,54.0,1.0,Rabbit
16.0,pursuit,60.0,12.0,81.0,50.0,1.0,Rabbit
16.0,pursuit,60.0,12.0,81.0,50.0,1.0,Rabbit
16.0,pursuit,60.0,8.0,83.0,50.0,1.0,Rabbit
16.0,pursuit,60.0,12.0,81.0,50.0,0.0,Rabbit
16.0,pursuit,26.0,22.0,78.0,65.0,0.0,Rabbit
16.0,pursuit,61.0,11.0,90.0,63.0,1.0,Rabbit
16.0,pursuit,26.0,22.0,78.0,65.0,0.0,Rabbit
16.0,pursuit,61.0,11.0,90.0,63.0,1.0,Rabbit
16.0,pursuit,60.0,12.0,81.0,50.0,1.0,Rabbit
16.0,pursuit,60.0,12.0,81.0,50.0,0.0,Rabbit
16.0,pursuit,60.0,12.0,81.0,50.0,0.0,Rabbit
16.0,pursuit,60.0,12.0,81.0,50.0,1.0,Rabbit
16.0,pursuit,20.0,33.0,60.0,54.0,1.0,Rabbit
16.0,pursuit,60.0,12.0,81.0,50.0,1.0,Rabbit
16.0,pursuit,60.0,12.0,81.0,46.0,0.0,Rabbit
16.0,pursuit,26.0,22.0,78.0,65.0,1.0,Rabbit
16.0,pursuit,60.0,12.0,81.0,46.0,1.0,Rabbit
16.0,pursuit,60.0,12.0,81.0,50.0,0.0,Rabbit
16.0,pursuit,60.0,12.0,81.0,50.0,1.0,Rabbit
16.0,pursuit,60.0,12.0,81.0,50.0,1.0,Rabbit
16.0,pursuit,60.0,12.0,81.0,50.0,0.0,Rabbit
16.0,pursuit,60.0,12.0,81.0,50.0,1.0,Rabbit
16.0,pursuit,60.0,12.0,81.0,50.0,1.0,Rabbit
16.0,pursuit,60.0,12.0,81.0,50.0,0.0,Rabbit
16.0,pursuit,60.0,12.0,81.0,50.0,0.0,Rabbit
16.0,pursuit,60.0,12.0,81.0,50.0,1.0,Rabbit
16.0,pursuit,60.0,12.0,81.0,46.0,0.0,Rabbit
16.0,pursuit,60.0,12.0,81.0,50.0,1.0,Rabbit
16.0,pursuit,60.0,12.0,81.0,50.0,1.0,Rabbit
16.0,pursuit,60.0,12.0,81.0,50.0,1.0,Rabbit
16.0,pursuit,60.0,12.0,78.0,50.0,0.0,Rabbit
16.0,pursuit,60.0,12.0,81.0,50.0,1.0,Rabbit
16.0,pursuit,60.0,12.0,81.0,50.0,1.0,Rabbit
16.0,pursuit,26.0,22.0,78.0,65.0,1.0,Rabbit
16.0,pursuit,64.0,12.0,81.0,50.0,1.0,Rabbit
16.0,pursuit,60.0,12.0,81.0,50.0,1.0,Rabbit
16.0,pursuit,60.0,12.0,81.0,50.0,0.0,Rabbit
16.0,pursuit,60.0,12.0,81.0,50.0,1.0,Rabbit
16.0,pursuit,60.0,12.0,81.0,50.0,1.0,Rabbit
16.0,pursuit,60.0,12.0,81.0,50.0,1.0,Rabbit
16.0,pursuit,61.0,12.0,81.0,50.0,0.0,Rabbit
16.0,pursuit,60.0,9.0,81.0,50.0,1.0,Rabbit
16.0,pursuit,60.0,12.0,81.0,50.0,1.0,Rabbit
16.0,pursuit,60.0,12.0,81.0,50.0,1.0,Rabbit
16.0,pursuit,33.0,18.0,60.0,76.0,1.0,Rabbit
16.0,pursuit,60.0,12.0,81.0,50.0,1.0,Rabbit
16.0,pursuit,65.0,12.0,81.0,45.0,0.0,Rabbit
16.0,pursuit,33.0,18.0,60.0,80.0,0.0,Rabbit
16.0,pursuit,21.0,22.0,78.0,65.0,0.0,Rabbit
16.0,pursuit,60.0,12.0,81.0,50.0,0.0,Rabbit
16.0,pursuit,61.0,11.0,90.0,63.0,0.0,Rabbit
16.0,pursuit,21.0,22.0,78.0,65.0,0.0,Rabbit
16.0,pursuit,33.0,22.0,60.0,76.0,0.0,Rabbit
16.0,pursuit,60.0,12.0,81.0,50.0,0.0,Rabbit
16.0,pursuit,26.0,22.0,78.0,65.0,0.0,Rabbit
16.0,pursuit,33.0,18.0,60.0,76.0,1.0,Rabbit
16.0,pursuit,64.0,12.0,81.0,50.0,1.0,Rabbit
16.0,pursuit,33.0,18.0,60.0,76.0,1.0,Rabbit
16.0,pursuit,60.0,12.0,81.0,50.0,0.0,Rabbit
16.0,pursuit,21.0,22.0,78.0,65.0,1.0,Rabbit
17.0,pursuit,61.0,11.0,91.0,63.0,1.0,Rabbit
17.0,pursuit,61.0,14.0,91.0,63.0,1.0,Rabbit
17.0,pursuit,61.0,11.0,91.0,63.0,1.0,Rabbit
17.0,pursuit,61.0,11.0,91.0,63.0,1.0,Rabbit
17.0,pursuit,61.0,11.0,91.0,63.0,1.0,Rabbit
17.0,pursuit,61.0,11.0,91.0,63.0,1.0,Rabbit
17.0,pursuit,61.0,14.0,91.0,63.0,1.0,Rabbit
17.0,pursuit,61.0,11.0,91.0,63.0,1.0,Rabbit
17.0,pursuit,61.0,11.0,91.0,63.0,1.0,Rabbit
17.0,pursuit,61.0,11.0,91.0,63.0,1.0,Rabbit
17.0,pursuit,61.0,11.0,91.0,63.0,1.0,Rabbit
17.0,pursuit,61.0,11.0,91.0,63.0,1.0,Rabbit
17.0,pursuit,61.0,11.0,91.0,63.0,1.0,Rabbit
17.0,pursuit,61.0,11.0,91.0,63.0,1.0,Rabbit
17.0,pursuit,61.0,11.0,91.0,63.0,0.0,Rabbit
17.0,pursuit,61.0,11.0,91.0,63.0,0.0,Rabbit
17.0,pursuit,64.0,45.0,100.0,62.0,1.0,Rabbit
17.0,pursuit,61.0,11.0,91.0,63.0,1.0,Rabbit
17.0,pursuit,61.0,11.0,91.0,63.0,0.0,Rabbit
17.0,pursuit,61.0,11.0,91.0,63.0,0.0,Rabbit
17.0,pursuit,61.0,11.0,91.0,63.0,1.0,Rabbit
17.0,pursuit,61.0,11.0,91.0,63.0,0.0,Rabbit
17.0,pursuit,61.0,11.0,91.0,63.0,1.0,Rabbit
17.0,pursuit,61.0,11.0,91.0,63.0,1.0,Rabbit
17.0,pursuit,69.0,45.0,100.0,62.0,0.0,Rabbit
17.0,pursuit,69.0,45.0,100.0,62.0,0.0,Rabbit
17.0,pursuit,61.0,11.0,91.0,63.0,1.0,Rabbit
17.0,pursuit,69.0,45.0,100.0,62.0,0.0,Rabbit
17.0,pursuit,61.0,11.0,91.0,63.0,1.0,Rabbit
17.0,pursuit,61.0,11.0,91.0,63.0,1.0,Rabbit
17.0,pursuit,61.0,11.0,91.0,63.0,1.0,Rabbit
17.0,pursuit,61.0,11.0,91.0,63.0,1.0,Rabbit
17.0,pursuit,61.0,14.0,91.0,63.0,0.0,Rabbit
17.0,pursuit,61.0,11.0,91.0,63.0,0.0,Rabbit
17.0,pursuit,61.0,11.0,91.0,63.0,1.0,Rabbit
17.0,pursuit,61.0,11.0,91.0,67.0,0.0,Rabbit
17.0,pursuit,61.0,11.0,91.0,63.0,1.0,Rabbit
17.0,pursuit,61.0,11.0,91.0,67.0,1.0,Rabbit
17.0,pursuit,61.0,11.0,91.0,63.0,1.0,Rabbit
17.0,pursuit,61.0,11.0,91.0,63.0,1.0,Rabbit
17.0,pursuit,61.0,11.0,91.0,63.0,1.0,Rabbit
17.0,pursuit,61.0,11.0,91.0,63.0,1.0,Rabbit
17.0,pursuit,61.0,11.0,91.0,63.0,1.0,Rabbit
17.0,pursuit,61.0,11.0,91.0,63.0,0.0,Rabbit
17.0,pursuit,61.0,11.0,91.0,63.0,0.0,Rabbit
17.0,pursuit,61.0,11.0,91.0,63.0,1.0,Rabbit
17.0,pursuit,61.0,11.0,91.0,63.0,0.0,Rabbit
17.0,pursuit,61.0,11.0,91.0,63.0,0.0,Rabbit
17.0,pursuit,61.0,11.0,91.0,63.0,0.0,Rabbit
17.0,pursuit,61.0,11.0,91.0,63.0,1.0,Rabbit
17.0,pursuit,61.0,11.0,91.0,63.0,1.0,Rabbit
17.0,pursuit,61.0,11.0,91.0,63.0,0.0,Rabbit
17.0,pursuit,61.0,11.0,91.0,63.0,1.0,Rabbit
17.0,pursuit,24.0,28.0,60.0,54.0,1.0,Rabbit
17.0,pursuit,61.0,11.0,91.0,63.0,1.0,Rabbit
17.0,pursuit,61.0,11.0,91.0,63.0,1.0,Rabbit
17.0,pursuit,61.0,11.0,91.0,63.0,0.0,Rabbit
17.0,pursuit,61.0,11.0,91.0,63.0,1.0,Rabbit
17.0,pursuit,61.0,11.0,91.0,58.0,1.0,Rabbit
17.0,pursuit,61.0,11.0,91.0,63.0,0.0,Rabbit
17.0,pursuit,61.0,11.0,91.0,63.0,1.0,Rabbit
17.0,pursuit,61.0,11.0,91.0,63.0,1.0,Rabbit
17.0,pursuit,61.0,11.0,91.0,63.0,1.0,Rabbit
17.0,pursuit,61.0,11.0,91.0,63.0,1.0,Rabbit
17.0,pursuit,61.0,11.0,91.0,63.0,1.0,Rabbit
17.0,pursuit,61.0,11.0,91.0,63.0,1.0,Rabbit
17.0,pursuit,61.0,11.0,91.0,63.0,0.0,Rabbit
17.0,pursuit,61.0,11.0,91.0,63.0,1.0,Rabbit
17.0,pursuit,61.0,11.0,91.0,63.0,1.0,Rabbit
17.0,pursuit,61.0,11.0,91.0,63.0,1.0,Rabbit
17.0,pursuit,61.0,11.0,91.0,63.0,0.0,Rabbit
17.0,pursuit,61.0,11.0,91.0,63.0,1.0,Rabbit
17.0,pursuit,61.0,11.0,91.0,63.0,1.0,Rabbit
17.0,pursuit,61.0,11.0,91.0,63.0,1.0,Rabbit
17.0,pursuit,61.0,12.0,91.0,67.0,1.0,Rabbit
17.0,pursuit,61.0,12.0,91.0,67.0,1.0,Rabbit
17.0,pursuit,61.0,12.0,91.0,67.0,1.0,Rabbit
17.0,pursuit,61.0,11.0,91.0,63.0,1.0,Rabbit
17.0,pursuit,61.0,12.0,94.0,67.0,1.0,Rabbit
17.0,pursuit,61.0,12.0,91.0,67.0,1.0,Rabbit
17.0,pursuit,61.0,11.0,91.0,63.0,1.0,Rabbit
17.0,pursuit,61.0,11.0,91.0,63.0,1.0,Rabbit
17.0,pursuit,61.0,11.0,91.0,63.0,0.0,Rabbit
17.0,pursuit,26.0,22.0,78.0,65.0,0.0,Rabbit
17.0,pursuit,61.0,12.0,91.0,67.0,1.0,Rabbit
17.0,pursuit,26.0,22.0,78.0,65.0,0.0,Rabbit
17.0,pursuit,61.0,12.0,91.0,67.0,1.0,Rabbit
17.0,pursuit,61.0,12.0,91.0,67.0,1.0,Rabbit
17.0,pursuit,61.0,12.0,91.0,67.0,1.0,Rabbit
17.0,pursuit,61.0,12.0,91.0,67.0,1.0,Rabbit
17.0,pursuit,61.0,12.0,91.0,67.0,1.0,Rabbit
17.0,pursuit,61.0,12.0,92.0,67.0,1.0,Rabbit
17.0,pursuit,63.0,12.0,91.0,69.0,1.0,Rabbit
17.0,pursuit,61.0,12.0,91.0,67.0,1.0,Rabbit
17.0,pursuit,61.0,12.0,91.0,67.0,1.0,Rabbit
17.0,pursuit,61.0,12.0,91.0,67.0,1.0,Rabbit
17.0,pursuit,61.0,12.0,91.0,67.0,1.0,Rabbit
17.0,pursuit,61.0,12.0,91.0,67.0,1.0,Rabbit
17.0,pursuit,57.0,12.0,91.0,71.0,0.0,Rabbit
17.0,pursuit,61.0,12.0,88.0,67.0,0.0,Rabbit
17.0,pursuit,61.0,11.0,91.0,63.0,0.0,Rabbit
17.0,pursuit,61.0,11.0,91.0,63.0,1.0,Rabbit
17.0,pursuit,62.0,18.0,63.0,85.0,1.0,Rabbit
17.0,pursuit,60.0,12.0,81.0,50.0,1.0,Rabbit
17.0,pursuit,60.0,12.0,81.0,50.0,1.0,Rabbit
17.0,pursuit,26.0,22.0,78.0,65.0,1.0,Rabbit
17.0,pursuit,60.0,12.0,81.0,50.0,1.0,Rabbit
17.0,pursuit,60.0,12.0,81.0,50.0,1.0,Rabbit
17.0,pursuit,61.0,12.0,91.0,67.0,1.0,Rabbit
17.0,pursuit,61.0,12.0,91.0,67.0,1.0,Rabbit
17.0,pursuit,61.0,12.0,91.0,67.0,1.0,Rabbit
17.0,pursuit,60.0,12.0,81.0,50.0,0.0,Rabbit
17.0,pursuit,62.0,18.0,63.0,85.0,0.0,Rabbit
17.0,pursuit,61.0,12.0,91.0,67.0,1.0,Rabbit
17.0,pursuit,61.0,12.0,91.0,67.0,0.0,Rabbit
17.0,pursuit,20.0,33.0,64.0,54.0,0.0,Rabbit
17.0,pursuit,61.0,12.0,94.0,67.0,1.0,Rabbit
17.0,pursuit,20.0,33.0,64.0,54.0,1.0,Rabbit
17.0,pursuit,61.0,12.0,91.0,67.0,0.0,Rabbit
17.0,pursuit,20.0,33.0,64.0,54.0,0.0,Rabbit
17.0,pursuit,60.0,12.0,81.0,50.0,0.0,Rabbit
17.0,pursuit,60.0,13.0,81.0,50.0,0.0,Rabbit
17.0,pursuit,61.0,11.0,91.0,63.0,1.0,Rabbit
17.0,pursuit,61.0,12.0,91.0,67.0,0.0,Rabbit
17.0,pursuit,24.0,28.0,60.0,54.0,0.0,Rabbit
17.0,pursuit,61.0,11.0,91.0,63.0,0.0,Rabbit
17.0,pursuit,61.0,11.0,91.0,63.0,1.0,Rabbit
17.0,pursuit,61.0,11.0,91.0,63.0,0.0,Rabbit
17.0,pursuit,20.0,33.0,64.0,54.0,0.0,Rabbit
17.0,pursuit,24.0,28.0,60.0,54.0,1.0,Rabbit
17.0,pursuit,61.0,11.0,91.0,63.0,0.0,Rabbit
17.0,pursuit,61.0,11.0,91.0,63.0,1.0,Rabbit
17.0,pursuit,61.0,11.0,91.0,63.0,1.0,Rabbit
17.0,pursuit,62.0,18.0,63.0,85.0,0.0,Rabbit
17.0,pursuit,61.0,12.0,91.0,67.0,0.0,Rabbit
17.0,pursuit,61.0,11.0,89.0,63.0,1.0,Rabbit
17.0,pursuit,61.0,11.0,91.0,63.0,1.0,Rabbit
17.0,pursuit,20.0,33.0,64.0,54.0,0.0,Rabbit
17.0,pursuit,61.0,11.0,91.0,63.0,1.0,Rabbit
17.0,pursuit,61.0,11.0,91.0,63.0,0.0,Rabbit
17.0,pursuit,61.0,11.0,91.0,63.0,1.0,Rabbit
17.0,pursuit,61.0,11.0,91.0,63.0,1.0,Rabbit
17.0,pursuit,61.0,11.0,91.0,63.0,0.0,Rabbit
17.0,pursuit,61.0,11.0,91.0,63.0,0.0,Rabbit
17.0,pursuit,24.0,28.0,60.0,54.0,1.0,Rabbit
17.0,pursuit,61.0,11.0,91.0,63.0,0.0,Rabbit
17.0,pursuit,61.0,11.0,91.0,63.0,1.0,Rabbit
17.0,pursuit,20.0,33.0,64.0,54.0,1.0,Rabbit
17.0,pursuit,61.0,11.0,91.0,63.0,1.0,Rabbit
17.0,pursuit,61.0,11.0,91.0,63.0,1.0,Rabbit
17.0,pursuit,20.0,36.0,64.0,54.0,1.0,Rabbit
17.0,pursuit,61.0,11.0,91.0,63.0,1.0,Rabbit
17.0,pursuit,61.0,11.0,91.0,63.0,0.0,Rabbit
17.0,pursuit,61.0,11.0,91.0,63.0,0.0,Rabbit
17.0,pursuit,61.0,11.0,89.0,63.0,0.0,Rabbit
17.0,pursuit,61.0,11.0,91.0,63.0,1.0,Rabbit
17.0,pursuit,61.0,12.0,91.0,67.0,1.0,Rabbit
17.0,pursuit,61.0,11.0,91.0,63.0,1.0,Rabbit
17.0,pursuit,61.0,12.0,91.0,67.0,1.0,Rabbit
17.0,pursuit,61.0,11.0,91.0,63.0,1.0,Rabbit
17.0,pursuit,61.0,11.0,91.0,63.0,1.0,Rabbit
17.0,pursuit,61.0,11.0,91.0,63.0,1.0,Rabbit
17.0,pursuit,61.0,11.0,91.0,63.0,1.0,Rabbit
17.0,pursuit,61.0,11.0,91.0,63.0,1.0,Rabbit
17.0,pursuit,60.0,11.0,91.0,63.0,1.0,Rabbit
17.0,pursuit,61.0,11.0,91.0,63.0,1.0,Rabbit
17.0,pursuit,61.0,11.0,91.0,63.0,1.0,Rabbit
17.0,pursuit,61.0,11.0,89.0,63.0,0.0,Rabbit
17.0,pursuit,61.0,11.0,91.0,63.0,1.0,Rabbit
17.0,pursuit,61.0,11.0,91.0,63.0,0.0,Rabbit
17.0,pursuit,61.0,11.0,91.0,63.0,0.0,Rabbit
17.0,pursuit,61.0,11.0,91.0,63.0,0.0,Rabbit
17.0,pursuit,61.0,11.0,85.0,63.0,1.0,Rabbit
17.0,pursuit,61.0,11.0,91.0,63.0,1.0,Rabbit
17.0,pursuit,61.0,11.0,91.0,63.0,1.0,Rabbit
17.0,pursuit,24.0,28.0,60.0,54.0,0.0,Rabbit
17.0,pursuit,61.0,11.0,91.0,63.0,0.0,Rabbit
17.0,pursuit,61.0,11.0,91.0,63.0,0.0,Rabbit
17.0,pursuit,61.0,11.0,91.0,61.0,1.0,Rabbit
17.0,pursuit,61.0,11.0,91.0,61.0,1.0,Rabbit
17.0,pursuit,61.0,11.0,91.0,63.0,1.0,Rabbit
17.0,pursuit,61.0,11.0,91.0,63.0,1.0,Rabbit
17.0,pursuit,57.0,11.0,91.0,63.0,0.0,Rabbit
17.0,pursuit,61.0,11.0,91.0,63.0,1.0,Rabbit
17.0,pursuit,24.0,28.0,60.0,51.0,0.0,Rabbit
17.0,pursuit,61.0,12.0,81.0,52.0,1.0,Rabbit
17.0,pursuit,61.0,12.0,81.0,52.0,1.0,Rabbit
17.0,pursuit,60.0,12.0,81.0,50.0,1.0,Rabbit
17.0,pursuit,24.0,28.0,60.0,54.0,1.0,Rabbit
17.0,pursuit,60.0,12.0,81.0,50.0,1.0,Rabbit
17.0,pursuit,60.0,12.0,81.0,50.0,1.0,Rabbit
17.0,pursuit,20.0,33.0,60.0,54.0,0.0,Rabbit
17.0,pursuit,60.0,12.0,81.0,50.0,1.0,Rabbit
17.0,pursuit,60.0,12.0,81.0,50.0,1.0,Rabbit
17.0,pursuit,60.0,12.0,81.0,50.0,0.0,Rabbit
17.0,pursuit,60.0,12.0,81.0,50.0,1.0,Rabbit
17.0,pursuit,60.0,12.0,81.0,50.0,1.0,Rabbit
17.0,pursuit,60.0,8.0,83.0,50.0,1.0,Rabbit
17.0,pursuit,60.0,12.0,81.0,50.0,1.0,Rabbit
17.0,pursuit,60.0,8.0,83.0,50.0,1.0,Rabbit
17.0,pursuit,61.0,11.0,90.0,63.0,1.0,Rabbit
17.0,pursuit,61.0,11.0,90.0,63.0,1.0,Rabbit
17.0,pursuit,61.0,11.0,90.0,63.0,1.0,Rabbit
17.0,pursuit,60.0,12.0,81.0,50.0,1.0,Rabbit
17.0,pursuit,61.0,11.0,90.0,63.0,1.0,Rabbit
17.0,pursuit,61.0,11.0,90.0,63.0,1.0,Rabbit
17.0,pursuit,60.0,12.0,81.0,50.0,0.0,Rabbit
17.0,pursuit,60.0,12.0,81.0,50.0,1.0,Rabbit
17.0,pursuit,61.0,12.0,91.0,67.0,0.0,Rabbit
17.0,pursuit,60.0,12.0,81.0,50.0,1.0,Rabbit
17.0,pursuit,60.0,12.0,81.0,50.0,0.0,Rabbit
17.0,pursuit,60.0,12.0,81.0,50.0,1.0,Rabbit
17.0,pursuit,60.0,12.0,77.0,50.0,0.0,Rabbit
17.0,pursuit,61.0,11.0,85.0,63.0,0.0,Rabbit
17.0,pursuit,61.0,11.0,90.0,63.0,0.0,Rabbit
17.0,pursuit,20.0,33.0,60.0,54.0,0.0,Rabbit
17.0,pursuit,61.0,12.0,91.0,67.0,0.0,Rabbit
17.0,pursuit,60.0,12.0,81.0,46.0,1.0,Rabbit
17.0,pursuit,60.0,12.0,81.0,46.0,1.0,Rabbit
17.0,pursuit,60.0,12.0,81.0,50.0,1.0,Rabbit
17.0,pursuit,60.0,12.0,81.0,50.0,1.0,Rabbit
17.0,pursuit,60.0,17.0,80.0,50.0,1.0,Rabbit
17.0,pursuit,60.0,12.0,81.0,50.0,0.0,Rabbit
17.0,pursuit,60.0,7.0,81.0,50.0,1.0,Rabbit
17.0,pursuit,61.0,11.0,85.0,63.0,0.0,Rabbit
17.0,pursuit,60.0,12.0,81.0,50.0,1.0,Rabbit
17.0,pursuit,60.0,12.0,81.0,50.0,1.0,Rabbit
17.0,pursuit,61.0,11.0,90.0,63.0,0.0,Rabbit
17.0,pursuit,60.0,12.0,81.0,50.0,0.0,Rabbit
17.0,pursuit,60.0,12.0,81.0,50.0,1.0,Rabbit
17.0,pursuit,60.0,12.0,81.0,50.0,1.0,Rabbit
17.0,pursuit,60.0,12.0,81.0,50.0,1.0,Rabbit
17.0,pursuit,60.0,12.0,81.0,50.0,1.0,Rabbit
17.0,pursuit,60.0,12.0,81.0,50.0,1.0,Rabbit
17.0,pursuit,60.0,12.0,81.0,50.0,1.0,Rabbit
17.0,pursuit,60.0,12.0,81.0,50.0,0.0,Rabbit
17.0,pursuit,26.0,22.0,78.0,65.0,1.0,Rabbit
17.0,pursuit,64.0,12.0,81.0,50.0,1.0,Rabbit
17.0,pursuit,60.0,12.0,81.0,50.0,1.0,Rabbit
17.0,pursuit,26.0,22.0,78.0,65.0,1.0,Rabbit
17.0,pursuit,60.0,12.0,81.0,50.0,1.0,Rabbit
17.0,pursuit,60.0,12.0,81.0,50.0,1.0,Rabbit
17.0,pursuit,60.0,12.0,81.0,50.0,1.0,Rabbit
17.0,pursuit,60.0,12.0,81.0,50.0,1.0,Rabbit
17.0,pursuit,60.0,12.0,81.0,50.0,0.0,Rabbit
17.0,pursuit,26.0,22.0,78.0,65.0,1.0,Rabbit
17.0,pursuit,60.0,12.0,81.0,50.0,1.0,Rabbit
17.0,pursuit,60.0,12.0,81.0,50.0,0.0,Rabbit
17.0,pursuit,60.0,12.0,81.0,50.0,0.0,Rabbit
17.0,pursuit,60.0,12.0,81.0,50.0,1.0,Rabbit
17.0,pursuit,60.0,12.0,81.0,50.0,1.0,Rabbit
17.0,pursuit,26.0,22.0,78.0,65.0,1.0,Rabbit
17.0,pursuit,26.0,22.0,78.0,65.0,1.0,Rabbit
17.0,pursuit,60.0,12.0,81.0,50.0,0.0,Rabbit
17.0,pursuit,64.0,12.0,81.0,50.0,1.0,Rabbit
17.0,pursuit,64.0,12.0,81.0,50.0,1.0,Rabbit
17.0,pursuit,64.0,12.0,81.0,50.0,1.0,Rabbit
17.0,pursuit,21.0,22.0,78.0,65.0,0.0,Rabbit
17.0,pursuit,33.0,18.0,60.0,76.0,0.0,Rabbit
17.0,pursuit,60.0,12.0,81.0,50.0,1.0,Rabbit
17.0,pursuit,60.0,12.0,81.0,50.0,0.0,Rabbit
17.0,pursuit,60.0,9.0,81.0,50.0,1.0,Rabbit
17.0,pursuit,33.0,18.0,60.0,76.0,1.0,Rabbit
17.0,pursuit,33.0,18.0,60.0,76.0,1.0,Rabbit
17.0,pursuit,21.0,22.0,78.0,65.0,0.0,Rabbit
17.0,pursuit,21.0,22.0,78.0,65.0,1.0,Rabbit
17.0,pursuit,33.0,18.0,60.0,76.0,1.0,Rabbit
18.0,pursuit,24.0,28.0,62.0,54.0,0.0,Rabbit
18.0,pursuit,24.0,28.0,60.0,54.0,0.0,Rabbit
18.0,pursuit,24.0,28.0,60.0,54.0,0.0,Rabbit
18.0,pursuit,20.0,33.0,64.0,54.0,0.0,Rabbit
18.0,pursuit,20.0,33.0,64.0,54.0,0.0,Rabbit
18.0,pursuit,24.0,28.0,60.0,54.0,1.0,Rabbit
18.0,pursuit,20.0,36.0,64.0,54.0,0.0,Rabbit
18.0,pursuit,20.0,33.0,64.0,54.0,0.0,Rabbit
18.0,pursuit,20.0,36.0,64.0,54.0,1.0,Rabbit
18.0,pursuit,24.0,28.0,60.0,54.0,1.0,Rabbit
18.0,pursuit,24.0,28.0,60.0,54.0,1.0,Rabbit
18.0,pursuit,20.0,33.0,64.0,54.0,1.0,Rabbit
18.0,pursuit,20.0,33.0,64.0,54.0,1.0,Rabbit
18.0,pursuit,33.0,18.0,60.0,76.0,0.0,Rabbit
18.0,pursuit,33.0,18.0,60.0,76.0,0.0,Rabbit
18.0,pursuit,24.0,28.0,60.0,54.0,1.0,Rabbit
18.0,pursuit,26.0,22.0,78.0,65.0,0.0,Rabbit
18.0,pursuit,26.0,22.0,78.0,65.0,0.0,Rabbit
18.0,pursuit,21.0,22.0,78.0,65.0,1.0,Rabbit
18.0,pursuit,26.0,22.0,78.0,65.0,1.0,Rabbit
18.0,pursuit,26.0,22.0,78.0,65.0,1.0,Rabbit
18.0,pursuit,20.0,36.0,64.0,54.0,1.0,Rabbit
18.0,pursuit,26.0,22.0,78.0,65.0,1.0,Rabbit
18.0,pursuit,26.0,22.0,78.0,65.0,0.0,Rabbit
18.0,pursuit,33.0,18.0,60.0,76.0,1.0,Rabbit
18.0,pursuit,26.0,22.0,78.0,65.0,1.0,Rabbit
18.0,pursuit,60.0,7.0,81.0,50.0,1.0,Rabbit
18.0,pursuit,60.0,12.0,81.0,46.0,1.0,Rabbit
18.0,pursuit,57.0,7.0,81.0,49.0,0.0,Rabbit
18.0,pursuit,60.0,12.0,81.0,46.0,0.0,Rabbit
18.0,pursuit,60.0,12.0,81.0,46.0,0.0,Rabbit
18.0,pursuit,33.0,18.0,60.0,76.0,1.0,Rabbit
18.0,pursuit,26.0,22.0,78.0,65.0,0.0,Rabbit
18.0,pursuit,60.0,9.0,81.0,50.0,0.0,Rabbit
18.0,pursuit,26.0,22.0,78.0,65.0,1.0,Rabbit
18.0,pursuit,60.0,9.0,81.0,50.0,0.0,Rabbit
18.0,pursuit,60.0,8.0,83.0,50.0,1.0,Rabbit
18.0,pursuit,60.0,8.0,83.0,50.0,1.0,Rabbit
18.0,pursuit,26.0,22.0,78.0,65.0,1.0,Rabbit
18.0,pursuit,60.0,12.0,81.0,50.0,1.0,Rabbit
18.0,pursuit,60.0,8.0,83.0,50.0,1.0,Rabbit
18.0,pursuit,60.0,12.0,81.0,50.0,1.0,Rabbit
18.0,pursuit,60.0,9.0,81.0,50.0,0.0,Rabbit
18.0,pursuit,60.0,12.0,81.0,46.0,0.0,Rabbit
18.0,pursuit,60.0,8.0,83.0,50.0,1.0,Rabbit
18.0,pursuit,60.0,12.0,81.0,50.0,0.0,Rabbit
18.0,pursuit,26.0,22.0,78.0,65.0,1.0,Rabbit
18.0,pursuit,60.0,12.0,81.0,50.0,1.0,Rabbit
18.0,pursuit,60.0,12.0,81.0,50.0,1.0,Rabbit
18.0,pursuit,60.0,12.0,81.0,50.0,1.0,Rabbit
18.0,pursuit,26.0,22.0,78.0,65.0,1.0,Rabbit
18.0,pursuit,60.0,12.0,81.0,50.0,0.0,Rabbit
18.0,pursuit,60.0,12.0,81.0,50.0,1.0,Rabbit
18.0,pursuit,60.0,12.0,81.0,50.0,1.0,Rabbit
18.0,pursuit,60.0,12.0,81.0,50.0,1.0,Rabbit
18.0,pursuit,60.0,12.0,81.0,50.0,0.0,Rabbit
18.0,pursuit,60.0,12.0,81.0,50.0,1.0,Rabbit
18.0,pursuit,60.0,12.0,81.0,50.0,1.0,Rabbit
18.0,pursuit,60.0,12.0,81.0,50.0,1.0,Rabbit
18.0,pursuit,60.0,12.0,81.0,50.0,1.0,Rabbit
18.0,pursuit,60.0,12.0,81.0,50.0,1.0,Rabbit
18.0,pursuit,60.0,12.0,81.0,50.0,1.0,Rabbit
18.0,pursuit,60.0,12.0,81.0,50.0,0.0,Rabbit
18.0,pursuit,60.0,12.0,81.0,50.0,1.0,Rabbit
18.0,pursuit,60.0,12.0,84.0,48.0,0.0,Rabbit
18.0,pursuit,60.0,12.0,81.0,50.0,0.0,Rabbit
18.0,pursuit,60.0,12.0,81.0,50.0,1.0,Rabbit
18.0,pursuit,60.0,12.0,81.0,50.0,0.0,Rabbit
18.0,pursuit,60.0,12.0,81.0,50.0,1.0,Rabbit
18.0,pursuit,60.0,12.0,81.0,50.0,1.0,Rabbit
18.0,pursuit,60.0,12.0,81.0,50.0,0.0,Rabbit
18.0,pursuit,60.0,12.0,81.0,50.0,0.0,Rabbit
18.0,pursuit,60.0,12.0,81.0,50.0,0.0,Rabbit
18.0,pursuit,60.0,12.0,81.0,50.0,1.0,Rabbit
18.0,pursuit,60.0,8.0,83.0,50.0,0.0,Rabbit
18.0,pursuit,60.0,12.0,81.0,50.0,1.0,Rabbit
18.0,pursuit,60.0,12.0,81.0,50.0,0.0,Rabbit
18.0,pursuit,60.0,12.0,81.0,50.0,1.0,Rabbit
18.0,pursuit,60.0,12.0,81.0,50.0,0.0,Rabbit
18.0,pursuit,60.0,12.0,81.0,50.0,1.0,Rabbit
18.0,pursuit,60.0,12.0,81.0,50.0,0.0,Rabbit
18.0,pursuit,60.0,12.0,81.0,50.0,0.0,Rabbit
18.0,pursuit,60.0,12.0,81.0,50.0,1.0,Rabbit
18.0,pursuit,60.0,12.0,81.0,50.0,1.0,Rabbit
18.0,pursuit,60.0,12.0,81.0,50.0,1.0,Rabbit
18.0,pursuit,60.0,12.0,81.0,50.0,0.0,Rabbit
18.0,pursuit,60.0,12.0,81.0,50.0,1.0,Rabbit
18.0,pursuit,60.0,12.0,81.0,50.0,0.0,Rabbit
18.0,pursuit,60.0,12.0,81.0,50.0,0.0,Rabbit
18.0,pursuit,60.0,12.0,81.0,50.0,1.0,Rabbit
18.0,pursuit,60.0,12.0,81.0,50.0,0.0,Rabbit
18.0,pursuit,60.0,12.0,81.0,50.0,1.0,Rabbit
18.0,pursuit,60.0,12.0,81.0,50.0,1.0,Rabbit
18.0,pursuit,60.0,12.0,81.0,50.0,1.0,Rabbit
18.0,pursuit,60.0,12.0,81.0,50.0,0.0,Rabbit
18.0,pursuit,60.0,12.0,81.0,50.0,1.0,Rabbit
18.0,pursuit,60.0,12.0,81.0,50.0,1.0,Rabbit
18.0,pursuit,60.0,12.0,81.0,50.0,1.0,Rabbit
18.0,pursuit,60.0,12.0,81.0,50.0,0.0,Rabbit
18.0,pursuit,60.0,12.0,81.0,50.0,1.0,Rabbit
18.0,pursuit,60.0,12.0,81.0,50.0,0.0,Rabbit
18.0,pursuit,61.0,12.0,81.0,52.0,0.0,Rabbit
18.0,pursuit,60.0,12.0,81.0,50.0,1.0,Rabbit
18.0,pursuit,61.0,12.0,81.0,52.0,1.0,Rabbit
18.0,pursuit,61.0,12.0,81.0,52.0,1.0,Rabbit
18.0,pursuit,61.0,12.0,81.0,52.0,1.0,Rabbit
18.0,pursuit,64.0,12.0,81.0,50.0,1.0,Rabbit
18.0,pursuit,60.0,12.0,81.0,50.0,0.0,Rabbit
18.0,pursuit,61.0,12.0,81.0,52.0,0.0,Rabbit
18.0,pursuit,60.0,12.0,81.0,50.0,0.0,Rabbit
18.0,pursuit,64.0,12.0,81.0,50.0,1.0,Rabbit
18.0,pursuit,60.0,17.0,80.0,50.0,1.0,Rabbit
18.0,pursuit,64.0,12.0,81.0,50.0,1.0,Rabbit
18.0,pursuit,64.0,12.0,81.0,50.0,1.0,Rabbit
18.0,pursuit,61.0,11.0,85.0,63.0,1.0,Rabbit
18.0,pursuit,61.0,11.0,91.0,55.0,1.0,Rabbit
18.0,pursuit,60.0,17.0,80.0,50.0,0.0,Rabbit
18.0,pursuit,61.0,11.0,91.0,61.0,1.0,Rabbit
18.0,pursuit,64.0,12.0,81.0,50.0,0.0,Rabbit
18.0,pursuit,61.0,11.0,91.0,58.0,0.0,Rabbit
18.0,pursuit,61.0,11.0,89.0,63.0,1.0,Rabbit
18.0,pursuit,61.0,11.0,90.0,63.0,1.0,Rabbit
18.0,pursuit,61.0,11.0,91.0,61.0,0.0,Rabbit
18.0,pursuit,61.0,11.0,90.0,63.0,1.0,Rabbit
18.0,pursuit,60.0,12.0,81.0,50.0,0.0,Rabbit
18.0,pursuit,61.0,11.0,90.0,63.0,0.0,Rabbit
18.0,pursuit,61.0,11.0,90.0,63.0,1.0,Rabbit
18.0,pursuit,61.0,11.0,90.0,63.0,1.0,Rabbit
18.0,pursuit,60.0,17.0,80.0,50.0,1.0,Rabbit
18.0,pursuit,61.0,11.0,90.0,63.0,0.0,Rabbit
18.0,pursuit,61.0,11.0,90.0,63.0,1.0,Rabbit
18.0,pursuit,61.0,11.0,90.0,63.0,1.0,Rabbit
18.0,pursuit,61.0,11.0,90.0,63.0,0.0,Rabbit
18.0,pursuit,60.0,11.0,91.0,63.0,0.0,Rabbit
18.0,pursuit,64.0,12.0,81.0,50.0,1.0,Rabbit
18.0,pursuit,61.0,11.0,91.0,63.0,0.0,Rabbit
18.0,pursuit,64.0,12.0,81.0,50.0,0.0,Rabbit
18.0,pursuit,60.0,11.0,91.0,63.0,0.0,Rabbit
18.0,pursuit,61.0,11.0,91.0,63.0,1.0,Rabbit
18.0,pursuit,61.0,11.0,91.0,63.0,1.0,Rabbit
18.0,pursuit,61.0,11.0,91.0,63.0,1.0,Rabbit
18.0,pursuit,61.0,11.0,91.0,63.0,1.0,Rabbit
18.0,pursuit,61.0,11.0,90.0,63.0,0.0,Rabbit
18.0,pursuit,61.0,11.0,91.0,63.0,0.0,Rabbit
18.0,pursuit,61.0,11.0,91.0,63.0,0.0,Rabbit
18.0,pursuit,61.0,11.0,91.0,63.0,0.0,Rabbit
18.0,pursuit,61.0,15.0,89.0,63.0,0.0,Rabbit
18.0,pursuit,61.0,11.0,91.0,63.0,1.0,Rabbit
18.0,pursuit,61.0,11.0,91.0,63.0,1.0,Rabbit
18.0,pursuit,61.0,11.0,91.0,63.0,1.0,Rabbit
18.0,pursuit,61.0,15.0,91.0,61.0,1.0,Rabbit
18.0,pursuit,61.0,11.0,91.0,63.0,1.0,Rabbit
18.0,pursuit,61.0,11.0,91.0,63.0,1.0,Rabbit
18.0,pursuit,61.0,11.0,91.0,63.0,1.0,Rabbit
18.0,pursuit,61.0,11.0,91.0,63.0,1.0,Rabbit
18.0,pursuit,61.0,11.0,91.0,63.0,1.0,Rabbit
18.0,pursuit,61.0,11.0,91.0,63.0,1.0,Rabbit
18.0,pursuit,61.0,11.0,91.0,63.0,0.0,Rabbit
18.0,pursuit,61.0,11.0,91.0,63.0,1.0,Rabbit
18.0,pursuit,61.0,11.0,91.0,63.0,1.0,Rabbit
18.0,pursuit,61.0,11.0,91.0,63.0,1.0,Rabbit
18.0,pursuit,61.0,11.0,91.0,63.0,1.0,Rabbit
18.0,pursuit,61.0,11.0,91.0,63.0,1.0,Rabbit
18.0,pursuit,61.0,11.0,91.0,63.0,1.0,Rabbit
18.0,pursuit,61.0,11.0,91.0,63.0,1.0,Rabbit
18.0,pursuit,61.0,11.0,91.0,63.0,1.0,Rabbit
18.0,pursuit,57.0,11.0,91.0,63.0,1.0,Rabbit
18.0,pursuit,61.0,11.0,91.0,63.0,1.0,Rabbit
18.0,pursuit,61.0,11.0,91.0,61.0,1.0,Rabbit
18.0,pursuit,61.0,11.0,91.0,63.0,0.0,Rabbit
18.0,pursuit,61.0,11.0,91.0,63.0,0.0,Rabbit
18.0,pursuit,61.0,7.0,91.0,66.0,1.0,Rabbit
18.0,pursuit,61.0,11.0,91.0,63.0,0.0,Rabbit
18.0,pursuit,61.0,11.0,91.0,63.0,1.0,Rabbit
18.0,pursuit,61.0,11.0,91.0,61.0,1.0,Rabbit
18.0,pursuit,61.0,11.0,91.0,63.0,1.0,Rabbit
18.0,pursuit,61.0,11.0,91.0,63.0,0.0,Rabbit
18.0,pursuit,61.0,11.0,91.0,63.0,1.0,Rabbit
18.0,pursuit,61.0,11.0,91.0,63.0,1.0,Rabbit
18.0,pursuit,61.0,11.0,91.0,63.0,1.0,Rabbit
18.0,pursuit,61.0,11.0,91.0,63.0,0.0,Rabbit
18.0,pursuit,61.0,11.0,91.0,63.0,1.0,Rabbit
18.0,pursuit,61.0,11.0,91.0,63.0,1.0,Rabbit
18.0,pursuit,61.0,11.0,91.0,63.0,1.0,Rabbit
18.0,pursuit,61.0,11.0,91.0,63.0,1.0,Rabbit
18.0,pursuit,61.0,11.0,91.0,63.0,1.0,Rabbit
18.0,pursuit,60.0,11.0,91.0,63.0,0.0,Rabbit
18.0,pursuit,61.0,11.0,91.0,63.0,0.0,Rabbit
18.0,pursuit,61.0,11.0,91.0,63.0,1.0,Rabbit
18.0,pursuit,61.0,11.0,91.0,63.0,1.0,Rabbit
18.0,pursuit,61.0,11.0,91.0,63.0,1.0,Rabbit
18.0,pursuit,61.0,11.0,91.0,63.0,0.0,Rabbit
18.0,pursuit,61.0,11.0,91.0,63.0,0.0,Rabbit
18.0,pursuit,61.0,11.0,91.0,63.0,0.0,Rabbit
18.0,pursuit,61.0,11.0,91.0,63.0,1.0,Rabbit
18.0,pursuit,61.0,11.0,91.0,63.0,0.0,Rabbit
18.0,pursuit,61.0,11.0,91.0,63.0,1.0,Rabbit
18.0,pursuit,61.0,11.0,91.0,63.0,1.0,Rabbit
18.0,pursuit,61.0,11.0,91.0,63.0,0.0,Rabbit
18.0,pursuit,61.0,11.0,91.0,63.0,1.0,Rabbit
18.0,pursuit,61.0,11.0,91.0,63.0,1.0,Rabbit
18.0,pursuit,61.0,11.0,91.0,63.0,1.0,Rabbit
18.0,pursuit,61.0,11.0,91.0,63.0,1.0,Rabbit
18.0,pursuit,61.0,11.0,91.0,63.0,0.0,Rabbit
18.0,pursuit,61.0,11.0,91.0,63.0,0.0,Rabbit
18.0,pursuit,61.0,11.0,91.0,63.0,0.0,Rabbit
18.0,pursuit,63.0,11.0,91.0,67.0,1.0,Rabbit
18.0,pursuit,61.0,11.0,91.0,63.0,0.0,Rabbit
18.0,pursuit,61.0,11.0,91.0,63.0,0.0,Rabbit
18.0,pursuit,61.0,11.0,91.0,63.0,1.0,Rabbit
18.0,pursuit,61.0,11.0,91.0,63.0,0.0,Rabbit
18.0,pursuit,61.0,11.0,91.0,63.0,1.0,Rabbit
18.0,pursuit,61.0,11.0,91.0,63.0,1.0,Rabbit
18.0,pursuit,61.0,11.0,91.0,63.0,0.0,Rabbit
18.0,pursuit,61.0,11.0,91.0,63.0,0.0,Rabbit
18.0,pursuit,61.0,11.0,91.0,63.0,1.0,Rabbit
18.0,pursuit,61.0,11.0,91.0,63.0,1.0,Rabbit
18.0,pursuit,61.0,11.0,91.0,63.0,1.0,Rabbit
18.0,pursuit,61.0,11.0,91.0,63.0,0.0,Rabbit
18.0,pursuit,61.0,11.0,91.0,63.0,1.0,Rabbit
18.0,pursuit,61.0,11.0,91.0,63.0,0.0,Rabbit
18.0,pursuit,61.0,11.0,91.0,63.0,0.0,Rabbit
18.0,pursuit,61.0,11.0,91.0,63.0,0.0,Rabbit
18.0,pursuit,61.0,11.0,91.0,63.0,1.0,Rabbit
18.0,pursuit,61.0,11.0,91.0,63.0,1.0,Rabbit
18.0,pursuit,61.0,11.0,91.0,63.0,1.0,Rabbit
18.0,pursuit,61.0,11.0,91.0,63.0,1.0,Rabbit
18.0,pursuit,61.0,11.0,91.0,63.0,0.0,Rabbit
18.0,pursuit,61.0,11.0,91.0,63.0,0.0,Rabbit
18.0,pursuit,61.0,11.0,91.0,63.0,1.0,Rabbit
18.0,pursuit,61.0,11.0,91.0,63.0,1.0,Rabbit
18.0,pursuit,61.0,11.0,91.0,63.0,1.0,Rabbit
18.0,pursuit,61.0,11.0,91.0,63.0,1.0,Rabbit
18.0,pursuit,61.0,11.0,91.0,63.0,1.0,Rabbit
18.0,pursuit,61.0,11.0,91.0,63.0,1.0,Rabbit
18.0,pursuit,61.0,11.0,91.0,63.0,1.0,Rabbit
18.0,pursuit,61.0,11.0,91.0,63.0,1.0,Rabbit
18.0,pursuit,61.0,11.0,91.0,63.0,0.0,Rabbit
18.0,pursuit,61.0,11.0,91.0,63.0,1.0,Rabbit
18.0,pursuit,61.0,11.0,91.0,63.0,1.0,Rabbit
18.0,pursuit,61.0,11.0,91.0,63.0,1.0,Rabbit
18.0,pursuit,61.0,11.0,91.0,63.0,0.0,Rabbit
18.0,pursuit,61.0,11.0,91.0,63.0,1.0,Rabbit
18.0,pursuit,61.0,11.0,91.0,63.0,1.0,Rabbit
18.0,pursuit,61.0,11.0,91.0,63.0,0.0,Rabbit
18.0,pursuit,61.0,11.0,91.0,63.0,0.0,Rabbit
18.0,pursuit,61.0,11.0,91.0,63.0,0.0,Rabbit
18.0,pursuit,61.0,11.0,91.0,63.0,1.0,Rabbit
18.0,pursuit,61.0,11.0,91.0,64.0,1.0,Rabbit
18.0,pursuit,61.0,11.0,91.0,63.0,1.0,Rabbit
18.0,pursuit,61.0,11.0,89.0,63.0,1.0,Rabbit
18.0,pursuit,61.0,11.0,91.0,63.0,1.0,Rabbit
18.0,pursuit,61.0,11.0,91.0,63.0,1.0,Rabbit
18.0,pursuit,61.0,11.0,91.0,63.0,1.0,Rabbit
18.0,pursuit,61.0,11.0,91.0,63.0,1.0,Rabbit
18.0,pursuit,61.0,11.0,91.0,63.0,1.0,Rabbit
18.0,pursuit,61.0,11.0,91.0,63.0,1.0,Rabbit
18.0,pursuit,61.0,11.0,91.0,63.0,1.0,Rabbit
18.0,pursuit,61.0,11.0,91.0,63.0,1.0,Rabbit
18.0,pursuit,61.0,11.0,91.0,63.0,1.0,Rabbit
18.0,pursuit,61.0,11.0,91.0,63.0,1.0,Rabbit
18.0,pursuit,61.0,11.0,91.0,63.0,1.0,Rabbit
18.0,pursuit,61.0,11.0,91.0,63.0,0.0,Rabbit
18.0,pursuit,61.0,11.0,91.0,63.0,1.0,Rabbit
18.0,pursuit,61.0,11.0,91.0,63.0,1.0,Rabbit
18.0,pursuit,61.0,11.0,91.0,63.0,1.0,Rabbit
18.0,pursuit,61.0,11.0,91.0,63.0,1.0,Rabbit
18.0,pursuit,61.0,11.0,91.0,63.0,0.0,Rabbit
18.0,pursuit,61.0,11.0,91.0,63.0,1.0,Rabbit
18.0,pursuit,61.0,11.0,91.0,63.0,1.0,Rabbit
18.0,pursuit,61.0,11.0,91.0,63.0,1.0,Rabbit
18.0,pursuit,61.0,11.0,91.0,63.0,1.0,Rabbit
18.0,pursuit,61.0,11.0,91.0,63.0,1.0,Rabbit
18.0,pursuit,61.0,11.0,91.0,63.0,1.0,Rabbit
18.0,pursuit,61.0,11.0,91.0,63.0,1.0,Rabbit
18.0,pursuit,61.0,11.0,91.0,63.0,1.0,Rabbit
18.0,pursuit,61.0,11.0,91.0,63.0,1.0,Rabbit
18.0,pursuit,61.0,11.0,91.0,63.0,1.0,Rabbit
18.0,pursuit,61.0,11.0,91.0,63.0,1.0,Rabbit
18.0,pursuit,61.0,11.0,91.0,63.0,1.0,Rabbit
18.0,pursuit,61.0,11.0,95.0,63.0,0.0,Rabbit
18.0,pursuit,61.0,11.0,91.0,63.0,1.0,Rabbit
18.0,pursuit,61.0,11.0,91.0,63.0,1.0,Rabbit
18.0,pursuit,57.0,11.0,91.0,63.0,1.0,Rabbit
18.0,pursuit,61.0,11.0,91.0,63.0,1.0,Rabbit
18.0,pursuit,61.0,11.0,91.0,63.0,0.0,Rabbit
18.0,pursuit,61.0,11.0,91.0,63.0,1.0,Rabbit
18.0,pursuit,61.0,11.0,91.0,63.0,1.0,Rabbit
18.0,pursuit,61.0,11.0,91.0,63.0,1.0,Rabbit
18.0,pursuit,61.0,11.0,91.0,63.0,1.0,Rabbit
18.0,pursuit,61.0,11.0,91.0,63.0,1.0,Rabbit
18.0,pursuit,61.0,11.0,91.0,63.0,0.0,Rabbit
18.0,pursuit,62.0,18.0,63.0,85.0,1.0,Rabbit
18.0,pursuit,61.0,14.0,91.0,63.0,1.0,Rabbit
18.0,pursuit,61.0,14.0,91.0,63.0,1.0,Rabbit
18.0,pursuit,62.0,18.0,63.0,85.0,1.0,Rabbit
18.0,pursuit,61.0,11.0,91.0,63.0,1.0,Rabbit
18.0,pursuit,61.0,12.0,91.0,67.0,1.0,Rabbit
18.0,pursuit,61.0,12.0,91.0,67.0,1.0,Rabbit
18.0,pursuit,61.0,12.0,91.0,67.0,0.0,Rabbit
18.0,pursuit,61.0,12.0,91.0,67.0,1.0,Rabbit
18.0,pursuit,61.0,11.0,91.0,63.0,0.0,Rabbit
18.0,pursuit,61.0,12.0,91.0,67.0,1.0,Rabbit
18.0,pursuit,61.0,12.0,91.0,67.0,1.0,Rabbit
18.0,pursuit,61.0,11.0,91.0,63.0,1.0,Rabbit
18.0,pursuit,61.0,11.0,91.0,63.0,0.0,Rabbit
18.0,pursuit,61.0,12.0,91.0,67.0,1.0,Rabbit
18.0,pursuit,60.0,11.0,91.0,67.0,1.0,Rabbit
18.0,pursuit,61.0,12.0,91.0,67.0,1.0,Rabbit
18.0,pursuit,61.0,12.0,91.0,67.0,1.0,Rabbit
18.0,pursuit,61.0,12.0,91.0,67.0,1.0,Rabbit
18.0,pursuit,61.0,12.0,91.0,67.0,1.0,Rabbit
18.0,pursuit,61.0,12.0,91.0,67.0,0.0,Rabbit
18.0,pursuit,61.0,12.0,91.0,67.0,0.0,Rabbit
18.0,pursuit,61.0,11.0,91.0,63.0,0.0,Rabbit
18.0,pursuit,61.0,12.0,91.0,67.0,1.0,Rabbit
18.0,pursuit,61.0,12.0,91.0,67.0,1.0,Rabbit
18.0,pursuit,61.0,11.0,91.0,67.0,1.0,Rabbit
18.0,pursuit,61.0,12.0,91.0,67.0,1.0,Rabbit
18.0,pursuit,62.0,18.0,63.0,85.0,0.0,Rabbit
18.0,pursuit,61.0,12.0,91.0,67.0,1.0,Rabbit
18.0,pursuit,61.0,12.0,91.0,67.0,0.0,Rabbit
18.0,pursuit,61.0,12.0,91.0,67.0,1.0,Rabbit
18.0,pursuit,61.0,12.0,91.0,67.0,0.0,Rabbit
18.0,pursuit,61.0,12.0,91.0,67.0,1.0,Rabbit
18.0,pursuit,61.0,12.0,91.0,67.0,1.0,Rabbit
18.0,pursuit,61.0,12.0,91.0,67.0,1.0,Rabbit
18.0,pursuit,61.0,12.0,91.0,67.0,1.0,Rabbit
18.0,pursuit,61.0,12.0,91.0,67.0,1.0,Rabbit
18.0,pursuit,61.0,12.0,91.0,67.0,1.0,Rabbit
18.0,pursuit,61.0,12.0,91.0,67.0,1.0,Rabbit
18.0,pursuit,61.0,12.0,91.0,67.0,1.0,Rabbit
18.0,pursuit,61.0,12.0,91.0,67.0,0.0,Rabbit
18.0,pursuit,61.0,12.0,91.0,67.0,0.0,Rabbit
18.0,pursuit,61.0,17.0,91.0,67.0,0.0,Rabbit
18.0,pursuit,61.0,12.0,91.0,67.0,1.0,Rabbit
18.0,pursuit,61.0,12.0,91.0,67.0,0.0,Rabbit
18.0,pursuit,61.0,12.0,91.0,67.0,0.0,Rabbit
19.0,pursuit,24.0,28.0,60.0,54.0,0.0,Rabbit
19.0,pursuit,24.0,28.0,60.0,54.0,0.0,Rabbit
19.0,pursuit,24.0,28.0,60.0,54.0,0.0,Rabbit
19.0,pursuit,20.0,33.0,64.0,54.0,0.0,Rabbit
19.0,pursuit,24.0,28.0,60.0,54.0,1.0,Rabbit
19.0,pursuit,24.0,28.0,60.0,54.0,1.0,Rabbit
19.0,pursuit,24.0,28.0,60.0,54.0,1.0,Rabbit
19.0,pursuit,24.0,28.0,60.0,54.0,1.0,Rabbit
19.0,pursuit,24.0,21.0,60.0,54.0,1.0,Rabbit
19.0,pursuit,24.0,28.0,60.0,54.0,1.0,Rabbit
19.0,pursuit,21.0,22.0,78.0,65.0,0.0,Rabbit
19.0,pursuit,20.0,33.0,64.0,54.0,1.0,Rabbit
19.0,pursuit,33.0,18.0,60.0,76.0,0.0,Rabbit
19.0,pursuit,26.0,22.0,78.0,65.0,0.0,Rabbit
19.0,pursuit,26.0,22.0,78.0,65.0,1.0,Rabbit
19.0,pursuit,24.0,28.0,60.0,54.0,1.0,Rabbit
19.0,pursuit,26.0,22.0,78.0,65.0,0.0,Rabbit
19.0,pursuit,26.0,22.0,78.0,65.0,0.0,Rabbit
19.0,pursuit,26.0,22.0,78.0,65.0,0.0,Rabbit
19.0,pursuit,20.0,33.0,64.0,54.0,1.0,Rabbit
19.0,pursuit,20.0,33.0,64.0,54.0,1.0,Rabbit
19.0,pursuit,20.0,36.0,64.0,54.0,1.0,Rabbit
19.0,pursuit,26.0,22.0,78.0,65.0,0.0,Rabbit
19.0,pursuit,21.0,22.0,78.0,65.0,1.0,Rabbit
19.0,pursuit,26.0,22.0,78.0,65.0,0.0,Rabbit
19.0,pursuit,33.0,18.0,60.0,76.0,0.0,Rabbit
19.0,pursuit,26.0,22.0,78.0,65.0,1.0,Rabbit
19.0,pursuit,26.0,22.0,78.0,65.0,0.0,Rabbit
19.0,pursuit,20.0,36.0,64.0,54.0,0.0,Rabbit
19.0,pursuit,26.0,22.0,78.0,65.0,1.0,Rabbit
19.0,pursuit,60.0,7.0,81.0,50.0,1.0,Rabbit
19.0,pursuit,26.0,22.0,78.0,65.0,0.0,Rabbit
19.0,pursuit,26.0,22.0,78.0,65.0,1.0,Rabbit
19.0,pursuit,60.0,7.0,81.0,50.0,0.0,Rabbit
19.0,pursuit,60.0,8.0,83.0,50.0,1.0,Rabbit
19.0,pursuit,60.0,12.0,81.0,47.0,0.0,Rabbit
19.0,pursuit,60.0,8.0,83.0,50.0,1.0,Rabbit
19.0,pursuit,26.0,22.0,78.0,65.0,1.0,Rabbit
19.0,pursuit,26.0,18.0,78.0,65.0,1.0,Rabbit
19.0,pursuit,60.0,8.0,83.0,50.0,1.0,Rabbit
19.0,pursuit,60.0,8.0,83.0,50.0,0.0,Rabbit
19.0,pursuit,26.0,22.0,78.0,65.0,0.0,Rabbit
19.0,pursuit,60.0,12.0,81.0,50.0,1.0,Rabbit
19.0,pursuit,60.0,12.0,81.0,50.0,1.0,Rabbit
19.0,pursuit,60.0,12.0,81.0,50.0,1.0,Rabbit
19.0,pursuit,60.0,12.0,81.0,49.0,0.0,Rabbit
19.0,pursuit,60.0,12.0,81.0,50.0,1.0,Rabbit
19.0,pursuit,60.0,8.0,83.0,50.0,0.0,Rabbit
19.0,pursuit,60.0,12.0,81.0,50.0,0.0,Rabbit
19.0,pursuit,26.0,22.0,78.0,65.0,1.0,Rabbit
19.0,pursuit,60.0,12.0,81.0,50.0,0.0,Rabbit
19.0,pursuit,60.0,12.0,81.0,50.0,1.0,Rabbit
19.0,pursuit,60.0,12.0,81.0,50.0,1.0,Rabbit
19.0,pursuit,60.0,12.0,81.0,50.0,1.0,Rabbit
19.0,pursuit,60.0,12.0,81.0,50.0,0.0,Rabbit
19.0,pursuit,60.0,12.0,81.0,50.0,1.0,Rabbit
19.0,pursuit,60.0,12.0,81.0,50.0,0.0,Rabbit
19.0,pursuit,60.0,12.0,81.0,46.0,1.0,Rabbit
19.0,pursuit,60.0,12.0,81.0,46.0,0.0,Rabbit
19.0,pursuit,60.0,12.0,81.0,50.0,1.0,Rabbit
19.0,pursuit,60.0,12.0,81.0,46.0,0.0,Rabbit
19.0,pursuit,60.0,12.0,81.0,50.0,1.0,Rabbit
19.0,pursuit,60.0,12.0,81.0,50.0,1.0,Rabbit
19.0,pursuit,60.0,12.0,81.0,50.0,1.0,Rabbit
19.0,pursuit,60.0,12.0,81.0,50.0,0.0,Rabbit
19.0,pursuit,60.0,12.0,81.0,50.0,0.0,Rabbit
19.0,pursuit,60.0,12.0,78.0,50.0,1.0,Rabbit
19.0,pursuit,60.0,12.0,81.0,50.0,1.0,Rabbit
19.0,pursuit,60.0,12.0,81.0,50.0,1.0,Rabbit
19.0,pursuit,60.0,12.0,81.0,50.0,0.0,Rabbit
19.0,pursuit,60.0,12.0,81.0,50.0,1.0,Rabbit
19.0,pursuit,60.0,12.0,81.0,50.0,1.0,Rabbit
19.0,pursuit,60.0,12.0,81.0,50.0,1.0,Rabbit
19.0,pursuit,60.0,12.0,81.0,50.0,1.0,Rabbit
19.0,pursuit,60.0,12.0,81.0,50.0,0.0,Rabbit
19.0,pursuit,60.0,12.0,81.0,50.0,1.0,Rabbit
19.0,pursuit,60.0,12.0,81.0,50.0,1.0,Rabbit
19.0,pursuit,60.0,8.0,83.0,50.0,0.0,Rabbit
19.0,pursuit,60.0,12.0,81.0,50.0,1.0,Rabbit
19.0,pursuit,60.0,12.0,81.0,50.0,1.0,Rabbit
19.0,pursuit,60.0,12.0,81.0,50.0,1.0,Rabbit
19.0,pursuit,60.0,12.0,81.0,50.0,1.0,Rabbit
19.0,pursuit,60.0,8.0,83.0,50.0,0.0,Rabbit
19.0,pursuit,60.0,12.0,81.0,50.0,1.0,Rabbit
19.0,pursuit,60.0,12.0,81.0,50.0,1.0,Rabbit
19.0,pursuit,60.0,12.0,81.0,50.0,0.0,Rabbit
19.0,pursuit,60.0,12.0,81.0,50.0,1.0,Rabbit
19.0,pursuit,64.0,12.0,84.0,50.0,0.0,Rabbit
19.0,pursuit,55.0,10.0,81.0,50.0,0.0,Rabbit
19.0,pursuit,60.0,12.0,81.0,50.0,1.0,Rabbit
19.0,pursuit,60.0,12.0,81.0,50.0,1.0,Rabbit
19.0,pursuit,60.0,12.0,81.0,50.0,0.0,Rabbit
19.0,pursuit,60.0,12.0,81.0,50.0,1.0,Rabbit
19.0,pursuit,60.0,12.0,81.0,50.0,1.0,Rabbit
19.0,pursuit,60.0,12.0,81.0,50.0,0.0,Rabbit
19.0,pursuit,60.0,12.0,81.0,50.0,1.0,Rabbit
19.0,pursuit,60.0,12.0,81.0,50.0,1.0,Rabbit
19.0,pursuit,60.0,12.0,81.0,50.0,0.0,Rabbit
19.0,pursuit,60.0,12.0,81.0,50.0,1.0,Rabbit
19.0,pursuit,60.0,12.0,81.0,50.0,0.0,Rabbit
19.0,pursuit,60.0,12.0,81.0,50.0,1.0,Rabbit
19.0,pursuit,60.0,12.0,81.0,50.0,1.0,Rabbit
19.0,pursuit,60.0,12.0,81.0,50.0,1.0,Rabbit
19.0,pursuit,60.0,12.0,81.0,50.0,1.0,Rabbit
19.0,pursuit,60.0,12.0,81.0,50.0,1.0,Rabbit
19.0,pursuit,60.0,12.0,81.0,50.0,1.0,Rabbit
19.0,pursuit,60.0,12.0,81.0,50.0,0.0,Rabbit
19.0,pursuit,61.0,12.0,81.0,52.0,1.0,Rabbit
19.0,pursuit,61.0,12.0,81.0,52.0,0.0,Rabbit
19.0,pursuit,61.0,12.0,81.0,52.0,0.0,Rabbit
19.0,pursuit,61.0,12.0,81.0,52.0,0.0,Rabbit
19.0,pursuit,64.0,12.0,81.0,50.0,1.0,Rabbit
19.0,pursuit,64.0,12.0,81.0,50.0,1.0,Rabbit
19.0,pursuit,60.0,12.0,81.0,50.0,1.0,Rabbit
19.0,pursuit,64.0,12.0,81.0,50.0,1.0,Rabbit
19.0,pursuit,64.0,12.0,81.0,50.0,1.0,Rabbit
19.0,pursuit,64.0,12.0,81.0,50.0,1.0,Rabbit
19.0,pursuit,64.0,12.0,81.0,50.0,1.0,Rabbit
19.0,pursuit,64.0,12.0,81.0,50.0,1.0,Rabbit
19.0,pursuit,60.0,17.0,80.0,50.0,0.0,Rabbit
19.0,pursuit,60.0,12.0,81.0,50.0,0.0,Rabbit
19.0,pursuit,64.0,12.0,81.0,50.0,1.0,Rabbit
19.0,pursuit,60.0,17.0,80.0,50.0,1.0,Rabbit
19.0,pursuit,60.0,17.0,80.0,50.0,1.0,Rabbit
19.0,pursuit,60.0,17.0,80.0,50.0,1.0,Rabbit
19.0,pursuit,61.0,11.0,91.0,55.0,1.0,Rabbit
19.0,pursuit,60.0,12.0,81.0,50.0,0.0,Rabbit
19.0,pursuit,61.0,11.0,92.0,55.0,1.0,Rabbit
19.0,pursuit,61.0,11.0,85.0,63.0,1.0,Rabbit
19.0,pursuit,61.0,11.0,85.0,63.0,1.0,Rabbit
19.0,pursuit,60.0,12.0,81.0,50.0,0.0,Rabbit
19.0,pursuit,60.0,12.0,81.0,50.0,0.0,Rabbit
19.0,pursuit,60.0,12.0,81.0,50.0,0.0,Rabbit
19.0,pursuit,61.0,12.0,81.0,52.0,0.0,Rabbit
19.0,pursuit,57.0,11.0,91.0,63.0,0.0,Rabbit
19.0,pursuit,61.0,11.0,91.0,61.0,1.0,Rabbit
19.0,pursuit,64.0,12.0,81.0,50.0,0.0,Rabbit
19.0,pursuit,57.0,11.0,91.0,63.0,1.0,Rabbit
19.0,pursuit,61.0,11.0,89.0,63.0,1.0,Rabbit
19.0,pursuit,57.0,11.0,91.0,63.0,1.0,Rabbit
19.0,pursuit,61.0,11.0,89.0,63.0,1.0,Rabbit
19.0,pursuit,61.0,11.0,89.0,63.0,1.0,Rabbit
19.0,pursuit,61.0,11.0,89.0,63.0,0.0,Rabbit
19.0,pursuit,61.0,11.0,91.0,61.0,1.0,Rabbit
19.0,pursuit,57.0,11.0,91.0,63.0,1.0,Rabbit
19.0,pursuit,61.0,11.0,89.0,63.0,0.0,Rabbit
19.0,pursuit,57.0,11.0,91.0,63.0,0.0,Rabbit
19.0,pursuit,61.0,11.0,91.0,61.0,1.0,Rabbit
19.0,pursuit,57.0,11.0,91.0,63.0,0.0,Rabbit
19.0,pursuit,61.0,7.0,91.0,66.0,0.0,Rabbit
19.0,pursuit,61.0,11.0,91.0,61.0,1.0,Rabbit
19.0,pursuit,61.0,11.0,90.0,63.0,1.0,Rabbit
19.0,pursuit,65.0,11.0,89.0,63.0,0.0,Rabbit
19.0,pursuit,61.0,11.0,91.0,61.0,1.0,Rabbit
19.0,pursuit,61.0,11.0,90.0,63.0,1.0,Rabbit
19.0,pursuit,61.0,11.0,90.0,63.0,0.0,Rabbit
19.0,pursuit,61.0,11.0,90.0,63.0,0.0,Rabbit
19.0,pursuit,61.0,11.0,85.0,63.0,0.0,Rabbit
19.0,pursuit,61.0,11.0,90.0,63.0,0.0,Rabbit
19.0,pursuit,61.0,11.0,90.0,63.0,1.0,Rabbit
19.0,pursuit,61.0,11.0,90.0,63.0,1.0,Rabbit
19.0,pursuit,61.0,11.0,90.0,63.0,1.0,Rabbit
19.0,pursuit,61.0,11.0,90.0,63.0,1.0,Rabbit
19.0,pursuit,61.0,11.0,90.0,63.0,0.0,Rabbit
19.0,pursuit,61.0,11.0,90.0,63.0,1.0,Rabbit
19.0,pursuit,61.0,11.0,91.0,63.0,1.0,Rabbit
19.0,pursuit,61.0,11.0,91.0,63.0,1.0,Rabbit
19.0,pursuit,61.0,11.0,91.0,63.0,0.0,Rabbit
19.0,pursuit,61.0,11.0,91.0,63.0,1.0,Rabbit
19.0,pursuit,61.0,11.0,91.0,63.0,1.0,Rabbit
19.0,pursuit,61.0,11.0,91.0,63.0,1.0,Rabbit
19.0,pursuit,61.0,11.0,90.0,63.0,0.0,Rabbit
19.0,pursuit,61.0,11.0,91.0,63.0,0.0,Rabbit
19.0,pursuit,61.0,11.0,91.0,63.0,1.0,Rabbit
19.0,pursuit,61.0,11.0,91.0,61.0,0.0,Rabbit
19.0,pursuit,58.0,8.0,91.0,61.0,1.0,Rabbit
19.0,pursuit,61.0,11.0,91.0,63.0,1.0,Rabbit
19.0,pursuit,61.0,11.0,91.0,67.0,0.0,Rabbit
19.0,pursuit,61.0,11.0,90.0,63.0,0.0,Rabbit
19.0,pursuit,61.0,11.0,90.0,63.0,1.0,Rabbit
19.0,pursuit,61.0,11.0,91.0,63.0,0.0,Rabbit
19.0,pursuit,61.0,11.0,91.0,63.0,0.0,Rabbit
19.0,pursuit,61.0,11.0,94.0,63.0,1.0,Rabbit
19.0,pursuit,61.0,11.0,91.0,63.0,1.0,Rabbit
19.0,pursuit,61.0,11.0,90.0,63.0,0.0,Rabbit
19.0,pursuit,61.0,11.0,91.0,63.0,1.0,Rabbit
19.0,pursuit,61.0,11.0,91.0,63.0,0.0,Rabbit
19.0,pursuit,61.0,11.0,91.0,63.0,1.0,Rabbit
19.0,pursuit,61.0,11.0,91.0,63.0,0.0,Rabbit
19.0,pursuit,61.0,11.0,91.0,67.0,0.0,Rabbit
19.0,pursuit,61.0,11.0,90.0,63.0,0.0,Rabbit
19.0,pursuit,61.0,11.0,91.0,63.0,1.0,Rabbit
19.0,pursuit,61.0,11.0,91.0,63.0,1.0,Rabbit
19.0,pursuit,61.0,11.0,91.0,63.0,1.0,Rabbit
19.0,pursuit,61.0,11.0,91.0,63.0,0.0,Rabbit
19.0,pursuit,61.0,11.0,91.0,63.0,1.0,Rabbit
19.0,pursuit,61.0,11.0,91.0,63.0,1.0,Rabbit
19.0,pursuit,61.0,11.0,91.0,63.0,1.0,Rabbit
19.0,pursuit,61.0,16.0,91.0,63.0,0.0,Rabbit
19.0,pursuit,61.0,11.0,91.0,63.0,1.0,Rabbit
19.0,pursuit,61.0,11.0,91.0,63.0,1.0,Rabbit
19.0,pursuit,61.0,11.0,91.0,63.0,1.0,Rabbit
19.0,pursuit,61.0,11.0,91.0,63.0,0.0,Rabbit
19.0,pursuit,61.0,11.0,91.0,63.0,1.0,Rabbit
19.0,pursuit,61.0,11.0,91.0,63.0,1.0,Rabbit
19.0,pursuit,61.0,11.0,91.0,63.0,0.0,Rabbit
19.0,pursuit,61.0,11.0,91.0,63.0,0.0,Rabbit
19.0,pursuit,61.0,11.0,91.0,63.0,0.0,Rabbit
19.0,pursuit,61.0,11.0,91.0,63.0,1.0,Rabbit
19.0,pursuit,61.0,11.0,91.0,63.0,0.0,Rabbit
19.0,pursuit,61.0,11.0,91.0,63.0,1.0,Rabbit
19.0,pursuit,61.0,11.0,96.0,63.0,1.0,Rabbit
19.0,pursuit,61.0,11.0,91.0,63.0,1.0,Rabbit
19.0,pursuit,61.0,11.0,91.0,63.0,0.0,Rabbit
19.0,pursuit,61.0,11.0,91.0,63.0,1.0,Rabbit
19.0,pursuit,61.0,9.0,88.0,63.0,0.0,Rabbit
19.0,pursuit,61.0,11.0,91.0,63.0,0.0,Rabbit
19.0,pursuit,61.0,11.0,91.0,63.0,1.0,Rabbit
19.0,pursuit,61.0,11.0,91.0,63.0,1.0,Rabbit
19.0,pursuit,61.0,11.0,91.0,63.0,1.0,Rabbit
19.0,pursuit,61.0,11.0,91.0,63.0,1.0,Rabbit
19.0,pursuit,61.0,11.0,91.0,63.0,1.0,Rabbit
19.0,pursuit,61.0,11.0,91.0,63.0,1.0,Rabbit
19.0,pursuit,61.0,11.0,91.0,63.0,1.0,Rabbit
19.0,pursuit,61.0,11.0,91.0,63.0,0.0,Rabbit
19.0,pursuit,61.0,11.0,91.0,63.0,1.0,Rabbit
19.0,pursuit,61.0,11.0,91.0,63.0,1.0,Rabbit
19.0,pursuit,61.0,11.0,91.0,63.0,0.0,Rabbit
19.0,pursuit,61.0,11.0,91.0,63.0,0.0,Rabbit
19.0,pursuit,61.0,11.0,91.0,63.0,0.0,Rabbit
19.0,pursuit,61.0,11.0,91.0,63.0,0.0,Rabbit
19.0,pursuit,61.0,11.0,91.0,63.0,1.0,Rabbit
19.0,pursuit,61.0,7.0,91.0,63.0,1.0,Rabbit
19.0,pursuit,61.0,11.0,91.0,63.0,0.0,Rabbit
19.0,pursuit,61.0,11.0,91.0,63.0,1.0,Rabbit
19.0,pursuit,61.0,11.0,91.0,63.0,1.0,Rabbit
19.0,pursuit,61.0,11.0,91.0,63.0,1.0,Rabbit
19.0,pursuit,61.0,11.0,91.0,63.0,1.0,Rabbit
19.0,pursuit,61.0,11.0,91.0,63.0,0.0,Rabbit
19.0,pursuit,61.0,11.0,91.0,63.0,1.0,Rabbit
19.0,pursuit,61.0,11.0,91.0,63.0,0.0,Rabbit
19.0,pursuit,61.0,11.0,91.0,63.0,0.0,Rabbit
19.0,pursuit,61.0,11.0,91.0,63.0,1.0,Rabbit
19.0,pursuit,61.0,11.0,91.0,63.0,1.0,Rabbit
19.0,pursuit,70.0,11.0,91.0,63.0,0.0,Rabbit
19.0,pursuit,61.0,11.0,91.0,63.0,0.0,Rabbit
19.0,pursuit,61.0,11.0,91.0,63.0,1.0,Rabbit
19.0,pursuit,61.0,11.0,91.0,63.0,1.0,Rabbit
19.0,pursuit,61.0,11.0,91.0,63.0,1.0,Rabbit
19.0,pursuit,61.0,11.0,91.0,63.0,1.0,Rabbit
19.0,pursuit,61.0,11.0,91.0,63.0,1.0,Rabbit
19.0,pursuit,61.0,11.0,91.0,63.0,1.0,Rabbit
19.0,pursuit,61.0,11.0,91.0,63.0,1.0,Rabbit
19.0,pursuit,61.0,11.0,91.0,63.0,1.0,Rabbit
19.0,pursuit,61.0,11.0,91.0,63.0,1.0,Rabbit
19.0,pursuit,61.0,11.0,91.0,63.0,1.0,Rabbit
19.0,pursuit,61.0,11.0,91.0,63.0,1.0,Rabbit
19.0,pursuit,61.0,11.0,91.0,63.0,1.0,Rabbit
19.0,pursuit,61.0,11.0,91.0,63.0,1.0,Rabbit
19.0,pursuit,61.0,11.0,91.0,63.0,0.0,Rabbit
19.0,pursuit,61.0,11.0,91.0,63.0,1.0,Rabbit
19.0,pursuit,61.0,11.0,91.0,63.0,0.0,Rabbit
19.0,pursuit,61.0,11.0,91.0,63.0,1.0,Rabbit
19.0,pursuit,61.0,11.0,91.0,63.0,1.0,Rabbit
19.0,pursuit,61.0,16.0,95.0,63.0,1.0,Rabbit
19.0,pursuit,61.0,11.0,89.0,63.0,0.0,Rabbit
19.0,pursuit,61.0,11.0,91.0,63.0,0.0,Rabbit
19.0,pursuit,61.0,11.0,91.0,63.0,1.0,Rabbit
19.0,pursuit,61.0,11.0,91.0,63.0,1.0,Rabbit
19.0,pursuit,61.0,11.0,91.0,63.0,1.0,Rabbit
19.0,pursuit,61.0,11.0,91.0,63.0,1.0,Rabbit
19.0,pursuit,61.0,11.0,91.0,63.0,1.0,Rabbit
19.0,pursuit,61.0,11.0,91.0,63.0,1.0,Rabbit
19.0,pursuit,61.0,11.0,91.0,63.0,1.0,Rabbit
19.0,pursuit,61.0,11.0,91.0,63.0,1.0,Rabbit
19.0,pursuit,61.0,11.0,91.0,63.0,1.0,Rabbit
19.0,pursuit,61.0,11.0,91.0,63.0,1.0,Rabbit
19.0,pursuit,61.0,11.0,91.0,63.0,0.0,Rabbit
19.0,pursuit,61.0,11.0,91.0,63.0,0.0,Rabbit
19.0,pursuit,61.0,11.0,91.0,63.0,0.0,Rabbit
19.0,pursuit,61.0,11.0,91.0,63.0,1.0,Rabbit
19.0,pursuit,61.0,11.0,91.0,63.0,0.0,Rabbit
19.0,pursuit,61.0,11.0,91.0,63.0,0.0,Rabbit
19.0,pursuit,61.0,11.0,91.0,63.0,1.0,Rabbit
19.0,pursuit,61.0,11.0,91.0,63.0,1.0,Rabbit
19.0,pursuit,61.0,11.0,91.0,63.0,1.0,Rabbit
19.0,pursuit,61.0,11.0,91.0,63.0,1.0,Rabbit
19.0,pursuit,61.0,11.0,91.0,63.0,0.0,Rabbit
19.0,pursuit,61.0,11.0,91.0,63.0,1.0,Rabbit
19.0,pursuit,61.0,11.0,91.0,63.0,1.0,Rabbit
19.0,pursuit,61.0,11.0,91.0,63.0,1.0,Rabbit
19.0,pursuit,61.0,11.0,91.0,63.0,1.0,Rabbit
19.0,pursuit,61.0,11.0,91.0,63.0,1.0,Rabbit
19.0,pursuit,61.0,11.0,91.0,63.0,1.0,Rabbit
19.0,pursuit,61.0,11.0,91.0,63.0,0.0,Rabbit
19.0,pursuit,61.0,11.0,91.0,63.0,1.0,Rabbit
19.0,pursuit,61.0,11.0,91.0,63.0,1.0,Rabbit
19.0,pursuit,61.0,11.0,91.0,63.0,1.0,Rabbit
19.0,pursuit,61.0,11.0,91.0,63.0,1.0,Rabbit
19.0,pursuit,61.0,11.0,91.0,63.0,1.0,Rabbit
19.0,pursuit,61.0,11.0,91.0,63.0,1.0,Rabbit
19.0,pursuit,61.0,11.0,91.0,63.0,1.0,Rabbit
19.0,pursuit,61.0,11.0,91.0,63.0,1.0,Rabbit
19.0,pursuit,61.0,11.0,91.0,63.0,1.0,Rabbit
19.0,pursuit,62.0,11.0,93.0,63.0,0.0,Rabbit
19.0,pursuit,61.0,11.0,91.0,63.0,1.0,Rabbit
19.0,pursuit,61.0,11.0,91.0,63.0,0.0,Rabbit
19.0,pursuit,61.0,11.0,91.0,63.0,1.0,Rabbit
19.0,pursuit,61.0,11.0,91.0,63.0,0.0,Rabbit
19.0,pursuit,61.0,11.0,91.0,63.0,0.0,Rabbit
19.0,pursuit,61.0,11.0,91.0,63.0,0.0,Rabbit
19.0,pursuit,61.0,11.0,91.0,63.0,1.0,Rabbit
19.0,pursuit,61.0,11.0,91.0,63.0,0.0,Rabbit
19.0,pursuit,61.0,11.0,91.0,63.0,0.0,Rabbit
19.0,pursuit,61.0,11.0,91.0,63.0,1.0,Rabbit
19.0,pursuit,61.0,11.0,91.0,63.0,0.0,Rabbit
19.0,pursuit,61.0,11.0,91.0,63.0,1.0,Rabbit
19.0,pursuit,61.0,11.0,91.0,63.0,1.0,Rabbit
19.0,pursuit,61.0,11.0,91.0,63.0,0.0,Rabbit
19.0,pursuit,61.0,11.0,91.0,63.0,1.0,Rabbit
19.0,pursuit,61.0,11.0,91.0,63.0,0.0,Rabbit
19.0,pursuit,61.0,11.0,91.0,63.0,1.0,Rabbit
19.0,pursuit,61.0,11.0,91.0,63.0,0.0,Rabbit
19.0,pursuit,61.0,11.0,91.0,63.0,0.0,Rabbit
19.0,pursuit,61.0,11.0,91.0,63.0,0.0,Rabbit
19.0,pursuit,61.0,11.0,91.0,63.0,1.0,Rabbit
20.0,pursuit,24.0,28.0,60.0,54.0,0.0,Rabbit
20.0,pursuit,24.0,28.0,60.0,54.0,1.0,Rabbit
20.0,pursuit,24.0,28.0,60.0,54.0,0.0,Rabbit
20.0,pursuit,24.0,28.0,60.0,54.0,1.0,Rabbit
20.0,pursuit,24.0,28.0,60.0,54.0,1.0,Rabbit
20.0,pursuit,24.0,28.0,60.0,54.0,1.0,Rabbit
20.0,pursuit,20.0,33.0,64.0,54.0,0.0,Rabbit
20.0,pursuit,24.0,28.0,60.0,54.0,1.0,Rabbit
20.0,pursuit,24.0,21.0,60.0,54.0,1.0,Rabbit
20.0,pursuit,24.0,28.0,60.0,54.0,0.0,Rabbit
20.0,pursuit,20.0,33.0,64.0,54.0,0.0,Rabbit
20.0,pursuit,23.0,28.0,60.0,54.0,1.0,Rabbit
20.0,pursuit,20.0,33.0,64.0,54.0,1.0,Rabbit
20.0,pursuit,24.0,28.0,60.0,54.0,1.0,Rabbit
20.0,pursuit,26.0,18.0,78.0,65.0,0.0,Rabbit
20.0,pursuit,24.0,28.0,60.0,54.0,1.0,Rabbit
20.0,pursuit,20.0,33.0,64.0,54.0,1.0,Rabbit
20.0,pursuit,24.0,28.0,60.0,54.0,1.0,Rabbit
20.0,pursuit,20.0,33.0,64.0,54.0,0.0,Rabbit
20.0,pursuit,20.0,36.0,64.0,54.0,0.0,Rabbit
20.0,pursuit,20.0,33.0,64.0,54.0,1.0,Rabbit
20.0,pursuit,21.0,22.0,78.0,65.0,1.0,Rabbit
20.0,pursuit,26.0,22.0,78.0,65.0,0.0,Rabbit
20.0,pursuit,26.0,22.0,78.0,65.0,0.0,Rabbit
20.0,pursuit,26.0,22.0,78.0,65.0,0.0,Rabbit
20.0,pursuit,26.0,22.0,78.0,65.0,0.0,Rabbit
20.0,pursuit,60.0,7.0,81.0,50.0,1.0,Rabbit
20.0,pursuit,26.0,18.0,78.0,65.0,1.0,Rabbit
20.0,pursuit,60.0,7.0,81.0,50.0,0.0,Rabbit
20.0,pursuit,60.0,12.0,78.0,50.0,1.0,Rabbit
20.0,pursuit,26.0,22.0,78.0,65.0,1.0,Rabbit
20.0,pursuit,60.0,12.0,78.0,50.0,0.0,Rabbit
20.0,pursuit,60.0,7.0,81.0,50.0,0.0,Rabbit
20.0,pursuit,60.0,8.0,83.0,50.0,0.0,Rabbit
20.0,pursuit,60.0,12.0,81.0,46.0,0.0,Rabbit
20.0,pursuit,26.0,22.0,78.0,65.0,1.0,Rabbit
20.0,pursuit,60.0,8.0,83.0,50.0,1.0,Rabbit
20.0,pursuit,60.0,8.0,83.0,50.0,1.0,Rabbit
20.0,pursuit,60.0,12.0,81.0,50.0,1.0,Rabbit
20.0,pursuit,60.0,12.0,81.0,50.0,1.0,Rabbit
20.0,pursuit,60.0,12.0,81.0,50.0,0.0,Rabbit
20.0,pursuit,60.0,12.0,81.0,50.0,0.0,Rabbit
20.0,pursuit,60.0,12.0,81.0,50.0,1.0,Rabbit
20.0,pursuit,26.0,22.0,78.0,65.0,1.0,Rabbit
20.0,pursuit,26.0,22.0,78.0,65.0,1.0,Rabbit
20.0,pursuit,60.0,12.0,81.0,50.0,1.0,Rabbit
20.0,pursuit,60.0,12.0,81.0,50.0,1.0,Rabbit
20.0,pursuit,60.0,12.0,81.0,50.0,0.0,Rabbit
20.0,pursuit,60.0,12.0,81.0,50.0,1.0,Rabbit
20.0,pursuit,60.0,12.0,81.0,50.0,0.0,Rabbit
20.0,pursuit,60.0,12.0,81.0,50.0,1.0,Rabbit
20.0,pursuit,60.0,12.0,81.0,50.0,1.0,Rabbit
20.0,pursuit,60.0,12.0,81.0,50.0,0.0,Rabbit
20.0,pursuit,60.0,12.0,81.0,50.0,1.0,Rabbit
20.0,pursuit,60.0,12.0,81.0,50.0,1.0,Rabbit
20.0,pursuit,60.0,12.0,81.0,50.0,1.0,Rabbit
20.0,pursuit,60.0,12.0,81.0,50.0,1.0,Rabbit
20.0,pursuit,60.0,12.0,81.0,50.0,1.0,Rabbit
20.0,pursuit,60.0,12.0,81.0,50.0,0.0,Rabbit
20.0,pursuit,60.0,12.0,81.0,50.0,1.0,Rabbit
20.0,pursuit,60.0,12.0,81.0,50.0,1.0,Rabbit
20.0,pursuit,60.0,12.0,81.0,50.0,1.0,Rabbit
20.0,pursuit,26.0,22.0,78.0,65.0,0.0,Rabbit
20.0,pursuit,60.0,12.0,81.0,50.0,1.0,Rabbit
20.0,pursuit,60.0,12.0,81.0,50.0,1.0,Rabbit
20.0,pursuit,60.0,12.0,81.0,50.0,1.0,Rabbit
20.0,pursuit,60.0,12.0,81.0,50.0,0.0,Rabbit
20.0,pursuit,60.0,12.0,81.0,50.0,1.0,Rabbit
20.0,pursuit,60.0,12.0,81.0,50.0,1.0,Rabbit
20.0,pursuit,60.0,12.0,81.0,50.0,1.0,Rabbit
20.0,pursuit,60.0,12.0,81.0,50.0,1.0,Rabbit
20.0,pursuit,60.0,12.0,81.0,50.0,0.0,Rabbit
20.0,pursuit,60.0,12.0,81.0,50.0,0.0,Rabbit
20.0,pursuit,60.0,12.0,81.0,50.0,0.0,Rabbit
20.0,pursuit,60.0,12.0,81.0,50.0,1.0,Rabbit
20.0,pursuit,60.0,12.0,81.0,50.0,0.0,Rabbit
20.0,pursuit,60.0,12.0,81.0,50.0,0.0,Rabbit
20.0,pursuit,60.0,12.0,81.0,50.0,0.0,Rabbit
20.0,pursuit,60.0,12.0,81.0,50.0,0.0,Rabbit
20.0,pursuit,60.0,12.0,81.0,50.0,0.0,Rabbit
20.0,pursuit,60.0,12.0,81.0,50.0,0.0,Rabbit
20.0,pursuit,60.0,16.0,81.0,53.0,1.0,Rabbit
20.0,pursuit,60.0,12.0,81.0,50.0,1.0,Rabbit
20.0,pursuit,60.0,12.0,81.0,50.0,1.0,Rabbit
20.0,pursuit,60.0,12.0,81.0,50.0,1.0,Rabbit
20.0,pursuit,60.0,12.0,81.0,50.0,1.0,Rabbit
20.0,pursuit,60.0,12.0,78.0,50.0,1.0,Rabbit
20.0,pursuit,60.0,12.0,81.0,50.0,0.0,Rabbit
20.0,pursuit,60.0,12.0,81.0,50.0,1.0,Rabbit
20.0,pursuit,60.0,12.0,81.0,50.0,1.0,Rabbit
20.0,pursuit,60.0,12.0,81.0,50.0,1.0,Rabbit
20.0,pursuit,60.0,12.0,81.0,50.0,0.0,Rabbit
20.0,pursuit,60.0,8.0,85.0,50.0,1.0,Rabbit
20.0,pursuit,60.0,12.0,81.0,50.0,0.0,Rabbit
20.0,pursuit,60.0,12.0,81.0,50.0,1.0,Rabbit
20.0,pursuit,60.0,12.0,81.0,50.0,1.0,Rabbit
20.0,pursuit,60.0,12.0,81.0,50.0,0.0,Rabbit
20.0,pursuit,60.0,12.0,81.0,50.0,1.0,Rabbit
20.0,pursuit,60.0,12.0,81.0,50.0,0.0,Rabbit
20.0,pursuit,60.0,12.0,81.0,50.0,1.0,Rabbit
20.0,pursuit,60.0,12.0,81.0,50.0,0.0,Rabbit
20.0,pursuit,60.0,12.0,81.0,50.0,0.0,Rabbit
20.0,pursuit,60.0,12.0,81.0,50.0,0.0,Rabbit
20.0,pursuit,60.0,12.0,81.0,50.0,1.0,Rabbit
20.0,pursuit,60.0,12.0,81.0,50.0,1.0,Rabbit
20.0,pursuit,60.0,12.0,81.0,50.0,1.0,Rabbit
20.0,pursuit,60.0,14.0,81.0,50.0,1.0,Rabbit
20.0,pursuit,60.0,12.0,81.0,50.0,0.0,Rabbit
20.0,pursuit,60.0,12.0,81.0,50.0,0.0,Rabbit
20.0,pursuit,60.0,12.0,81.0,50.0,1.0,Rabbit
20.0,pursuit,60.0,12.0,81.0,50.0,1.0,Rabbit
20.0,pursuit,60.0,12.0,81.0,50.0,0.0,Rabbit
20.0,pursuit,60.0,12.0,81.0,50.0,1.0,Rabbit
20.0,pursuit,60.0,12.0,81.0,50.0,1.0,Rabbit
20.0,pursuit,60.0,12.0,81.0,50.0,0.0,Rabbit
20.0,pursuit,60.0,12.0,81.0,50.0,0.0,Rabbit
20.0,pursuit,60.0,12.0,81.0,50.0,1.0,Rabbit
20.0,pursuit,60.0,12.0,81.0,50.0,0.0,Rabbit
20.0,pursuit,60.0,12.0,81.0,50.0,1.0,Rabbit
20.0,pursuit,60.0,12.0,81.0,50.0,1.0,Rabbit
20.0,pursuit,60.0,12.0,81.0,50.0,1.0,Rabbit
20.0,pursuit,60.0,12.0,81.0,50.0,1.0,Rabbit
20.0,pursuit,60.0,12.0,81.0,50.0,1.0,Rabbit
20.0,pursuit,60.0,8.0,81.0,50.0,1.0,Rabbit
20.0,pursuit,60.0,12.0,81.0,50.0,0.0,Rabbit
20.0,pursuit,60.0,12.0,81.0,50.0,1.0,Rabbit
20.0,pursuit,60.0,12.0,81.0,50.0,1.0,Rabbit
20.0,pursuit,64.0,12.0,81.0,50.0,1.0,Rabbit
20.0,pursuit,61.0,12.0,81.0,52.0,1.0,Rabbit
20.0,pursuit,64.0,12.0,81.0,50.0,1.0,Rabbit
20.0,pursuit,60.0,9.0,81.0,54.0,1.0,Rabbit
20.0,pursuit,61.0,12.0,81.0,52.0,0.0,Rabbit
20.0,pursuit,64.0,12.0,81.0,50.0,1.0,Rabbit
20.0,pursuit,64.0,12.0,81.0,50.0,1.0,Rabbit
20.0,pursuit,64.0,12.0,81.0,50.0,0.0,Rabbit
20.0,pursuit,64.0,12.0,81.0,50.0,1.0,Rabbit
20.0,pursuit,60.0,8.0,84.0,50.0,1.0,Rabbit
20.0,pursuit,64.0,12.0,81.0,50.0,1.0,Rabbit
20.0,pursuit,64.0,12.0,81.0,50.0,0.0,Rabbit
20.0,pursuit,64.0,12.0,81.0,50.0,1.0,Rabbit
20.0,pursuit,64.0,12.0,81.0,50.0,0.0,Rabbit
20.0,pursuit,64.0,12.0,81.0,50.0,1.0,Rabbit
20.0,pursuit,64.0,12.0,81.0,50.0,1.0,Rabbit
20.0,pursuit,60.0,17.0,80.0,50.0,0.0,Rabbit
20.0,pursuit,64.0,14.0,83.0,50.0,1.0,Rabbit
20.0,pursuit,60.0,17.0,80.0,50.0,0.0,Rabbit
20.0,pursuit,60.0,17.0,80.0,50.0,1.0,Rabbit
20.0,pursuit,60.0,12.0,81.0,50.0,0.0,Rabbit
20.0,pursuit,60.0,17.0,80.0,50.0,1.0,Rabbit
20.0,pursuit,60.0,17.0,80.0,50.0,1.0,Rabbit
20.0,pursuit,60.0,17.0,80.0,50.0,0.0,Rabbit
20.0,pursuit,60.0,17.0,80.0,50.0,1.0,Rabbit
20.0,pursuit,61.0,11.0,91.0,55.0,1.0,Rabbit
20.0,pursuit,61.0,11.0,92.0,55.0,0.0,Rabbit
20.0,pursuit,61.0,11.0,85.0,63.0,1.0,Rabbit
20.0,pursuit,61.0,11.0,85.0,63.0,1.0,Rabbit
20.0,pursuit,61.0,11.0,85.0,63.0,1.0,Rabbit
20.0,pursuit,61.0,11.0,85.0,63.0,1.0,Rabbit
20.0,pursuit,60.0,17.0,80.0,50.0,0.0,Rabbit
20.0,pursuit,57.0,11.0,91.0,63.0,0.0,Rabbit
20.0,pursuit,61.0,7.0,91.0,63.0,1.0,Rabbit
20.0,pursuit,64.0,12.0,81.0,50.0,0.0,Rabbit
20.0,pursuit,57.0,11.0,91.0,63.0,0.0,Rabbit
20.0,pursuit,57.0,11.0,91.0,63.0,0.0,Rabbit
20.0,pursuit,57.0,11.0,91.0,63.0,0.0,Rabbit
20.0,pursuit,57.0,11.0,91.0,63.0,0.0,Rabbit
20.0,pursuit,61.0,11.0,89.0,63.0,1.0,Rabbit
20.0,pursuit,61.0,11.0,89.0,63.0,1.0,Rabbit
20.0,pursuit,61.0,11.0,91.0,61.0,1.0,Rabbit
20.0,pursuit,60.0,12.0,81.0,50.0,0.0,Rabbit
20.0,pursuit,61.0,11.0,91.0,61.0,1.0,Rabbit
20.0,pursuit,60.0,12.0,81.0,50.0,0.0,Rabbit
20.0,pursuit,61.0,11.0,89.0,63.0,1.0,Rabbit
20.0,pursuit,61.0,11.0,91.0,61.0,0.0,Rabbit
20.0,pursuit,58.0,8.0,91.0,61.0,1.0,Rabbit
20.0,pursuit,61.0,11.0,91.0,61.0,1.0,Rabbit
20.0,pursuit,61.0,11.0,91.0,61.0,1.0,Rabbit
20.0,pursuit,60.0,17.0,80.0,50.0,1.0,Rabbit
20.0,pursuit,61.0,11.0,91.0,61.0,1.0,Rabbit
20.0,pursuit,61.0,11.0,91.0,61.0,1.0,Rabbit
20.0,pursuit,60.0,11.0,91.0,61.0,0.0,Rabbit
20.0,pursuit,61.0,11.0,91.0,61.0,1.0,Rabbit
20.0,pursuit,57.0,11.0,91.0,63.0,0.0,Rabbit
20.0,pursuit,61.0,11.0,90.0,63.0,1.0,Rabbit
20.0,pursuit,61.0,11.0,90.0,63.0,1.0,Rabbit
20.0,pursuit,61.0,11.0,90.0,63.0,1.0,Rabbit
20.0,pursuit,61.0,11.0,91.0,61.0,0.0,Rabbit
20.0,pursuit,57.0,11.0,91.0,63.0,0.0,Rabbit
20.0,pursuit,61.0,11.0,91.0,61.0,0.0,Rabbit
20.0,pursuit,61.0,11.0,90.0,63.0,1.0,Rabbit
20.0,pursuit,61.0,11.0,90.0,63.0,1.0,Rabbit
20.0,pursuit,61.0,11.0,90.0,63.0,1.0,Rabbit
20.0,pursuit,61.0,11.0,90.0,63.0,1.0,Rabbit
20.0,pursuit,64.0,12.0,81.0,50.0,0.0,Rabbit
20.0,pursuit,61.0,11.0,90.0,63.0,0.0,Rabbit
20.0,pursuit,61.0,11.0,90.0,63.0,1.0,Rabbit
20.0,pursuit,61.0,11.0,90.0,63.0,1.0,Rabbit
20.0,pursuit,61.0,11.0,90.0,63.0,1.0,Rabbit
20.0,pursuit,61.0,11.0,91.0,63.0,1.0,Rabbit
20.0,pursuit,61.0,11.0,90.0,63.0,0.0,Rabbit
20.0,pursuit,61.0,11.0,91.0,63.0,1.0,Rabbit
20.0,pursuit,61.0,11.0,91.0,63.0,1.0,Rabbit
20.0,pursuit,61.0,11.0,91.0,63.0,1.0,Rabbit
20.0,pursuit,61.0,11.0,90.0,63.0,0.0,Rabbit
20.0,pursuit,61.0,11.0,91.0,63.0,1.0,Rabbit
20.0,pursuit,61.0,11.0,91.0,63.0,1.0,Rabbit
20.0,pursuit,61.0,11.0,91.0,63.0,1.0,Rabbit
20.0,pursuit,61.0,11.0,91.0,63.0,1.0,Rabbit
20.0,pursuit,61.0,11.0,91.0,63.0,1.0,Rabbit
20.0,pursuit,61.0,11.0,91.0,63.0,0.0,Rabbit
20.0,pursuit,61.0,11.0,91.0,63.0,1.0,Rabbit
20.0,pursuit,61.0,11.0,91.0,63.0,1.0,Rabbit
20.0,pursuit,61.0,11.0,91.0,63.0,1.0,Rabbit
20.0,pursuit,61.0,11.0,89.0,63.0,1.0,Rabbit
20.0,pursuit,61.0,11.0,91.0,63.0,1.0,Rabbit
20.0,pursuit,61.0,11.0,91.0,63.0,0.0,Rabbit
20.0,pursuit,61.0,11.0,91.0,63.0,1.0,Rabbit
20.0,pursuit,61.0,11.0,91.0,63.0,1.0,Rabbit
20.0,pursuit,61.0,11.0,89.0,63.0,0.0,Rabbit
20.0,pursuit,61.0,11.0,91.0,63.0,1.0,Rabbit
20.0,pursuit,61.0,11.0,91.0,63.0,1.0,Rabbit
20.0,pursuit,61.0,11.0,90.0,63.0,0.0,Rabbit
20.0,pursuit,61.0,11.0,91.0,63.0,1.0,Rabbit
20.0,pursuit,61.0,11.0,91.0,61.0,0.0,Rabbit
20.0,pursuit,61.0,11.0,91.0,63.0,1.0,Rabbit
20.0,pursuit,61.0,11.0,91.0,63.0,1.0,Rabbit
20.0,pursuit,61.0,11.0,91.0,63.0,0.0,Rabbit
20.0,pursuit,61.0,11.0,91.0,63.0,0.0,Rabbit
20.0,pursuit,61.0,11.0,91.0,63.0,1.0,Rabbit
20.0,pursuit,61.0,12.0,87.0,63.0,0.0,Rabbit
20.0,pursuit,61.0,11.0,91.0,63.0,1.0,Rabbit
20.0,pursuit,61.0,11.0,91.0,63.0,0.0,Rabbit
20.0,pursuit,61.0,11.0,91.0,63.0,0.0,Rabbit
20.0,pursuit,61.0,11.0,91.0,63.0,0.0,Rabbit
20.0,pursuit,61.0,11.0,91.0,63.0,1.0,Rabbit
20.0,pursuit,61.0,11.0,91.0,63.0,1.0,Rabbit
20.0,pursuit,61.0,11.0,91.0,63.0,0.0,Rabbit
20.0,pursuit,61.0,11.0,91.0,63.0,0.0,Rabbit
20.0,pursuit,61.0,11.0,91.0,63.0,0.0,Rabbit
20.0,pursuit,61.0,11.0,91.0,63.0,1.0,Rabbit
20.0,pursuit,61.0,11.0,91.0,63.0,1.0,Rabbit
20.0,pursuit,61.0,11.0,91.0,63.0,1.0,Rabbit
20.0,pursuit,61.0,11.0,91.0,63.0,1.0,Rabbit
20.0,pursuit,61.0,11.0,91.0,63.0,0.0,Rabbit
20.0,pursuit,61.0,11.0,91.0,63.0,1.0,Rabbit
20.0,pursuit,61.0,11.0,91.0,63.0,1.0,Rabbit
20.0,pursuit,61.0,11.0,91.0,63.0,1.0,Rabbit
20.0,pursuit,61.0,11.0,91.0,63.0,1.0,Rabbit
20.0,pursuit,61.0,14.0,91.0,63.0,1.0,Rabbit
20.0,pursuit,61.0,11.0,91.0,63.0,1.0,Rabbit
20.0,pursuit,61.0,11.0,91.0,63.0,0.0,Rabbit
20.0,pursuit,61.0,11.0,91.0,63.0,0.0,Rabbit
20.0,pursuit,61.0,11.0,91.0,63.0,0.0,Rabbit
20.0,pursuit,61.0,11.0,91.0,63.0,1.0,Rabbit
20.0,pursuit,61.0,11.0,91.0,63.0,1.0,Rabbit
20.0,pursuit,61.0,11.0,91.0,63.0,0.0,Rabbit
20.0,pursuit,57.0,11.0,91.0,66.0,1.0,Rabbit
20.0,pursuit,61.0,11.0,91.0,63.0,0.0,Rabbit
20.0,pursuit,61.0,11.0,91.0,63.0,1.0,Rabbit
20.0,pursuit,61.0,11.0,91.0,63.0,0.0,Rabbit
20.0,pursuit,61.0,11.0,91.0,63.0,1.0,Rabbit
20.0,pursuit,61.0,11.0,91.0,63.0,1.0,Rabbit
20.0,pursuit,61.0,11.0,91.0,63.0,0.0,Rabbit
20.0,pursuit,61.0,11.0,91.0,63.0,1.0,Rabbit
20.0,pursuit,61.0,11.0,91.0,63.0,0.0,Rabbit
20.0,pursuit,61.0,11.0,91.0,63.0,1.0,Rabbit
20.0,pursuit,61.0,11.0,91.0,63.0,1.0,Rabbit
20.0,pursuit,61.0,11.0,91.0,63.0,1.0,Rabbit
20.0,pursuit,61.0,11.0,91.0,63.0,1.0,Rabbit
20.0,pursuit,61.0,11.0,91.0,63.0,0.0,Rabbit
20.0,pursuit,61.0,11.0,91.0,63.0,1.0,Rabbit
20.0,pursuit,61.0,11.0,91.0,63.0,0.0,Rabbit
20.0,pursuit,61.0,11.0,91.0,63.0,1.0,Rabbit
20.0,pursuit,61.0,11.0,91.0,63.0,1.0,Rabbit
20.0,pursuit,61.0,11.0,91.0,63.0,1.0,Rabbit
20.0,pursuit,61.0,11.0,91.0,63.0,0.0,Rabbit
20.0,pursuit,61.0,11.0,91.0,63.0,1.0,Rabbit
20.0,pursuit,61.0,11.0,91.0,63.0,0.0,Rabbit
20.0,pursuit,61.0,11.0,91.0,63.0,0.0,Rabbit
20.0,pursuit,61.0,11.0,91.0,63.0,0.0,Rabbit
20.0,pursuit,61.0,11.0,91.0,63.0,1.0,Rabbit
20.0,pursuit,61.0,11.0,91.0,63.0,0.0,Rabbit
20.0,pursuit,61.0,11.0,91.0,63.0,1.0,Rabbit
20.0,pursuit,61.0,11.0,91.0,63.0,0.0,Rabbit
20.0,pursuit,61.0,11.0,91.0,63.0,1.0,Rabbit
20.0,pursuit,61.0,11.0,91.0,63.0,0.0,Rabbit
20.0,pursuit,61.0,11.0,91.0,63.0,0.0,Rabbit
20.0,pursuit,61.0,11.0,91.0,63.0,0.0,Rabbit
20.0,pursuit,61.0,11.0,91.0,63.0,1.0,Rabbit
20.0,pursuit,61.0,11.0,91.0,63.0,1.0,Rabbit
20.0,pursuit,61.0,11.0,91.0,63.0,1.0,Rabbit
20.0,pursuit,61.0,11.0,91.0,63.0,1.0,Rabbit
20.0,pursuit,61.0,11.0,91.0,63.0,0.0,Rabbit
20.0,pursuit,61.0,11.0,91.0,63.0,0.0,Rabbit
20.0,pursuit,61.0,11.0,91.0,63.0,0.0,Rabbit
20.0,pursuit,61.0,11.0,91.0,63.0,1.0,Rabbit
20.0,pursuit,61.0,11.0,91.0,63.0,0.0,Rabbit
20.0,pursuit,61.0,11.0,91.0,63.0,1.0,Rabbit
20.0,pursuit,61.0,11.0,91.0,63.0,0.0,Rabbit
20.0,pursuit,61.0,11.0,91.0,63.0,1.0,Rabbit
20.0,pursuit,61.0,11.0,91.0,63.0,0.0,Rabbit
20.0,pursuit,61.0,11.0,91.0,63.0,1.0,Rabbit
20.0,pursuit,61.0,11.0,91.0,63.0,1.0,Rabbit
20.0,pursuit,61.0,11.0,91.0,63.0,1.0,Rabbit
20.0,pursuit,61.0,11.0,91.0,63.0,1.0,Rabbit
20.0,pursuit,61.0,11.0,91.0,63.0,0.0,Rabbit
20.0,pursuit,61.0,11.0,91.0,63.0,1.0,Rabbit
20.0,pursuit,61.0,11.0,91.0,63.0,1.0,Rabbit
20.0,pursuit,61.0,11.0,91.0,63.0,1.0,Rabbit
20.0,pursuit,61.0,11.0,91.0,63.0,1.0,Rabbit
20.0,pursuit,61.0,11.0,91.0,63.0,1.0,Rabbit
20.0,pursuit,61.0,11.0,91.0,63.0,1.0,Rabbit
20.0,pursuit,61.0,11.0,91.0,63.0,1.0,Rabbit
20.0,pursuit,61.0,11.0,91.0,63.0,0.0,Rabbit
20.0,pursuit,61.0,11.0,91.0,63.0,0.0,Rabbit
20.0,pursuit,61.0,11.0,91.0,63.0,0.0,Rabbit
20.0,pursuit,61.0,11.0,91.0,63.0,1.0,Rabbit
