Generation,Hunting Strategy,Speed,Stealth,Stamina,Sense,Hunting Outcome,Prey Type
0.0,ambush,71.0,47.0,60.0,52.0,0.0,Rabbit
0.0,ambush,10.0,99.0,93.0,51.0,0.0,Rabbit
0.0,ambush,58.0,10.0,53.0,98.0,0.0,Rabbit
0.0,ambush,92.0,79.0,57.0,12.0,1.0,Rabbit
0.0,ambush,67.0,61.0,88.0,39.0,1.0,Rabbit
0.0,ambush,81.0,15.0,65.0,37.0,1.0,Rabbit
0.0,ambush,73.0,35.0,21.0,14.0,0.0,Rabbit
0.0,ambush,62.0,22.0,2.0,15.0,0.0,Rabbit
0.0,ambush,91.0,33.0,80.0,6.0,0.0,Rabbit
0.0,ambush,91.0,78.0,42.0,89.0,1.0,Rabbit
0.0,ambush,37.0,69.0,21.0,86.0,1.0,Rabbit
0.0,ambush,41.0,31.0,87.0,48.0,0.0,Rabbit
0.0,ambush,85.0,29.0,47.0,12.0,0.0,Rabbit
0.0,ambush,21.0,4.0,23.0,44.0,0.0,Rabbit
0.0,ambush,100.0,87.0,35.0,63.0,0.0,Rabbit
0.0,ambush,67.0,5.0,9.0,57.0,0.0,Rabbit
0.0,ambush,57.0,65.0,1.0,96.0,0.0,Rabbit
0.0,ambush,11.0,28.0,55.0,9.0,0.0,Rabbit
0.0,ambush,34.0,27.0,22.0,25.0,0.0,Rabbit
0.0,ambush,82.0,18.0,83.0,84.0,1.0,Rabbit
0.0,ambush,14.0,31.0,2.0,3.0,0.0,Rabbit
0.0,ambush,77.0,6.0,37.0,50.0,0.0,Rabbit
0.0,ambush,53.0,62.0,14.0,52.0,0.0,Rabbit
0.0,ambush,93.0,52.0,95.0,38.0,0.0,Rabbit
0.0,ambush,75.0,44.0,86.0,56.0,1.0,Rabbit
0.0,ambush,37.0,3.0,45.0,33.0,0.0,Rabbit
0.0,ambush,61.0,32.0,5.0,57.0,1.0,Rabbit
0.0,ambush,26.0,89.0,77.0,11.0,1.0,Rabbit
0.0,ambush,73.0,63.0,9.0,60.0,1.0,Rabbit
0.0,ambush,88.0,39.0,79.0,94.0,1.0,Rabbit
0.0,ambush,89.0,50.0,81.0,50.0,1.0,Rabbit
0.0,ambush,41.0,29.0,9.0,52.0,0.0,Rabbit
0.0,ambush,10.0,97.0,24.0,69.0,0.0,Rabbit
0.0,ambush,27.0,8.0,57.0,29.0,0.0,Rabbit
0.0,ambush,29.0,91.0,57.0,66.0,0.0,Rabbit
0.0,ambush,1.0,48.0,36.0,78.0,0.0,Rabbit
0.0,ambush,56.0,83.0,25.0,8.0,0.0,Rabbit
0.0,ambush,27.0,61.0,11.0,93.0,0.0,Rabbit
0.0,ambush,66.0,35.0,90.0,29.0,0.0,Rabbit
0.0,ambush,59.0,11.0,53.0,53.0,0.0,Rabbit
0.0,ambush,94.0,28.0,9.0,88.0,0.0,Rabbit
0.0,ambush,11.0,1.0,40.0,82.0,0.0,Rabbit
0.0,ambush,85.0,54.0,4.0,94.0,1.0,Rabbit
0.0,ambush,48.0,67.0,88.0,5.0,0.0,Rabbit
0.0,ambush,8.0,72.0,93.0,63.0,1.0,Rabbit
0.0,ambush,46.0,68.0,82.0,50.0,0.0,Rabbit
0.0,ambush,63.0,18.0,22.0,48.0,0.0,Rabbit
0.0,ambush,7.0,2.0,16.0,31.0,0.0,Rabbit
0.0,ambush,38.0,95.0,77.0,28.0,0.0,Rabbit
0.0,ambush,78.0,37.0,97.0,50.0,1.0,Rabbit
0.0,ambush,80.0,42.0,58.0,8.0,0.0,Rabbit
0.0,ambush,69.0,44.0,85.0,11.0,0.0,Rabbit
0.0,ambush,86.0,52.0,49.0,66.0,0.0,Rabbit
0.0,ambush,30.0,84.0,19.0,72.0,0.0,Rabbit
0.0,ambush,88.0,20.0,39.0,24.0,0.0,Rabbit
0.0,ambush,11.0,21.0,31.0,93.0,1.0,Rabbit
0.0,ambush,67.0,67.0,55.0,16.0,1.0,Rabbit
0.0,ambush,96.0,8.0,1.0,87.0,1.0,Rabbit
0.0,ambush,63.0,18.0,45.0,32.0,0.0,Rabbit
0.0,ambush,61.0,46.0,77.0,68.0,0.0,Rabbit
0.0,ambush,15.0,91.0,15.0,58.0,1.0,Rabbit
0.0,ambush,36.0,48.0,19.0,37.0,0.0,Rabbit
0.0,ambush,21.0,82.0,87.0,53.0,1.0,Rabbit
0.0,ambush,87.0,75.0,94.0,74.0,0.0,Rabbit
0.0,ambush,1.0,43.0,32.0,38.0,0.0,Rabbit
0.0,ambush,75.0,52.0,69.0,94.0,1.0,Rabbit
0.0,ambush,49.0,26.0,46.0,19.0,0.0,Rabbit
0.0,ambush,25.0,4.0,79.0,36.0,0.0,Rabbit
0.0,ambush,92.0,88.0,34.0,67.0,1.0,Rabbit
0.0,ambush,3.0,38.0,66.0,42.0,0.0,Rabbit
0.0,ambush,79.0,68.0,71.0,85.0,0.0,Rabbit
0.0,ambush,81.0,71.0,22.0,23.0,0.0,Rabbit
0.0,ambush,55.0,88.0,40.0,89.0,1.0,Rabbit
0.0,ambush,33.0,65.0,96.0,18.0,1.0,Rabbit
0.0,ambush,63.0,28.0,34.0,29.0,0.0,Rabbit
0.0,ambush,69.0,8.0,72.0,20.0,0.0,Rabbit
0.0,ambush,16.0,56.0,12.0,79.0,1.0,Rabbit
0.0,ambush,56.0,95.0,73.0,1.0,0.0,Rabbit
0.0,ambush,54.0,44.0,49.0,50.0,0.0,Rabbit
0.0,ambush,29.0,22.0,63.0,26.0,0.0,Rabbit
0.0,ambush,77.0,30.0,54.0,26.0,0.0,Rabbit
0.0,ambush,38.0,42.0,77.0,99.0,0.0,Rabbit
0.0,ambush,15.0,84.0,86.0,78.0,1.0,Rabbit
0.0,ambush,28.0,15.0,4.0,43.0,1.0,Rabbit
0.0,ambush,84.0,35.0,96.0,46.0,1.0,Rabbit
0.0,ambush,7.0,32.0,85.0,36.0,0.0,Rabbit
0.0,ambush,93.0,65.0,13.0,53.0,1.0,Rabbit
0.0,ambush,37.0,39.0,97.0,20.0,0.0,Rabbit
0.0,ambush,2.0,17.0,51.0,70.0,0.0,Rabbit
0.0,ambush,11.0,50.0,6.0,97.0,0.0,Rabbit
0.0,ambush,73.0,60.0,85.0,54.0,1.0,Rabbit
0.0,ambush,48.0,71.0,15.0,68.0,1.0,Rabbit
0.0,ambush,40.0,62.0,52.0,77.0,0.0,Rabbit
0.0,ambush,32.0,57.0,92.0,70.0,0.0,Rabbit
0.0,ambush,83.0,40.0,55.0,86.0,0.0,Rabbit
0.0,ambush,48.0,15.0,58.0,79.0,0.0,Rabbit
0.0,ambush,59.0,16.0,23.0,76.0,0.0,Rabbit
0.0,ambush,25.0,96.0,12.0,10.0,0.0,Rabbit
0.0,ambush,38.0,88.0,5.0,83.0,1.0,Rabbit
0.0,ambush,97.0,91.0,98.0,89.0,0.0,Rabbit
0.0,ambush,72.0,65.0,79.0,17.0,1.0,Rabbit
0.0,ambush,31.0,14.0,56.0,68.0,0.0,Rabbit
0.0,ambush,41.0,87.0,41.0,57.0,0.0,Rabbit
0.0,ambush,3.0,19.0,91.0,56.0,0.0,Rabbit
0.0,ambush,38.0,46.0,49.0,71.0,0.0,Rabbit
0.0,ambush,99.0,70.0,96.0,89.0,0.0,Rabbit
0.0,ambush,58.0,24.0,82.0,47.0,0.0,Rabbit
0.0,ambush,100.0,50.0,28.0,40.0,0.0,Rabbit
0.0,ambush,58.0,27.0,97.0,79.0,0.0,Rabbit
0.0,ambush,2.0,9.0,57.0,12.0,0.0,Rabbit
0.0,ambush,99.0,56.0,100.0,93.0,0.0,Rabbit
0.0,ambush,21.0,19.0,69.0,30.0,0.0,Rabbit
0.0,ambush,82.0,54.0,3.0,76.0,0.0,Rabbit
0.0,ambush,47.0,3.0,61.0,55.0,0.0,Rabbit
0.0,ambush,25.0,81.0,33.0,23.0,0.0,Rabbit
0.0,ambush,70.0,78.0,42.0,80.0,1.0,Rabbit
0.0,ambush,51.0,68.0,12.0,17.0,1.0,Rabbit
0.0,ambush,36.0,94.0,90.0,90.0,0.0,Rabbit
0.0,ambush,34.0,25.0,82.0,96.0,0.0,Rabbit
0.0,ambush,37.0,79.0,36.0,54.0,0.0,Rabbit
0.0,ambush,85.0,68.0,43.0,97.0,1.0,Rabbit
0.0,ambush,31.0,18.0,14.0,39.0,1.0,Rabbit
0.0,ambush,44.0,98.0,4.0,51.0,0.0,Rabbit
0.0,ambush,20.0,93.0,60.0,84.0,1.0,Rabbit
0.0,ambush,67.0,91.0,94.0,38.0,1.0,Rabbit
0.0,ambush,12.0,49.0,69.0,46.0,0.0,Rabbit
0.0,ambush,72.0,67.0,93.0,41.0,0.0,Rabbit
0.0,ambush,76.0,44.0,98.0,4.0,0.0,Rabbit
0.0,ambush,55.0,50.0,6.0,78.0,1.0,Rabbit
0.0,ambush,56.0,78.0,62.0,68.0,0.0,Rabbit
0.0,ambush,26.0,91.0,98.0,78.0,1.0,Rabbit
0.0,ambush,39.0,36.0,18.0,24.0,0.0,Rabbit
0.0,ambush,70.0,90.0,15.0,2.0,0.0,Rabbit
0.0,ambush,84.0,97.0,93.0,21.0,1.0,Rabbit
0.0,ambush,76.0,90.0,70.0,31.0,0.0,Rabbit
0.0,ambush,76.0,19.0,43.0,13.0,0.0,Rabbit
0.0,ambush,51.0,83.0,49.0,7.0,0.0,Rabbit
0.0,ambush,96.0,36.0,4.0,57.0,1.0,Rabbit
0.0,ambush,90.0,26.0,83.0,26.0,0.0,Rabbit
0.0,ambush,18.0,40.0,82.0,62.0,0.0,Rabbit
0.0,ambush,23.0,50.0,36.0,91.0,0.0,Rabbit
0.0,ambush,93.0,86.0,19.0,47.0,1.0,Rabbit
0.0,ambush,20.0,65.0,98.0,30.0,1.0,Rabbit
0.0,ambush,99.0,79.0,1.0,32.0,0.0,Rabbit
0.0,ambush,75.0,80.0,66.0,49.0,1.0,Rabbit
0.0,ambush,14.0,47.0,87.0,49.0,0.0,Rabbit
0.0,ambush,68.0,96.0,92.0,72.0,0.0,Rabbit
0.0,ambush,76.0,41.0,82.0,37.0,0.0,Rabbit
0.0,ambush,58.0,27.0,88.0,1.0,0.0,Rabbit
0.0,ambush,72.0,27.0,24.0,23.0,0.0,Rabbit
0.0,ambush,24.0,46.0,56.0,96.0,0.0,Rabbit
0.0,ambush,70.0,69.0,4.0,59.0,0.0,Rabbit
0.0,ambush,30.0,14.0,18.0,29.0,0.0,Rabbit
0.0,ambush,63.0,18.0,81.0,70.0,0.0,Rabbit
0.0,ambush,48.0,77.0,94.0,93.0,0.0,Rabbit
0.0,ambush,73.0,34.0,55.0,69.0,0.0,Rabbit
0.0,ambush,64.0,68.0,26.0,4.0,0.0,Rabbit
0.0,ambush,65.0,18.0,39.0,82.0,0.0,Rabbit
0.0,ambush,81.0,8.0,47.0,81.0,0.0,Rabbit
0.0,ambush,44.0,62.0,56.0,74.0,0.0,Rabbit
0.0,ambush,7.0,14.0,77.0,84.0,0.0,Rabbit
0.0,ambush,93.0,7.0,85.0,53.0,0.0,Rabbit
0.0,ambush,73.0,47.0,33.0,83.0,0.0,Rabbit
0.0,ambush,71.0,86.0,38.0,80.0,1.0,Rabbit
0.0,ambush,69.0,38.0,62.0,54.0,0.0,Rabbit
0.0,ambush,38.0,98.0,77.0,54.0,0.0,Rabbit
0.0,ambush,10.0,14.0,89.0,91.0,0.0,Rabbit
0.0,ambush,75.0,18.0,79.0,40.0,0.0,Rabbit
0.0,ambush,8.0,9.0,70.0,79.0,0.0,Rabbit
0.0,ambush,29.0,41.0,66.0,61.0,0.0,Rabbit
0.0,ambush,49.0,68.0,95.0,59.0,0.0,Rabbit
0.0,ambush,9.0,76.0,33.0,86.0,0.0,Rabbit
0.0,ambush,8.0,8.0,27.0,7.0,0.0,Rabbit
0.0,ambush,20.0,14.0,90.0,35.0,0.0,Rabbit
0.0,ambush,50.0,70.0,44.0,74.0,0.0,Rabbit
0.0,ambush,44.0,73.0,65.0,36.0,1.0,Rabbit
0.0,ambush,26.0,28.0,77.0,25.0,0.0,Rabbit
0.0,ambush,16.0,81.0,35.0,21.0,0.0,Rabbit
0.0,ambush,47.0,19.0,17.0,20.0,0.0,Rabbit
0.0,ambush,84.0,81.0,57.0,65.0,0.0,Rabbit
0.0,ambush,76.0,73.0,91.0,66.0,1.0,Rabbit
0.0,ambush,33.0,46.0,61.0,80.0,0.0,Rabbit
0.0,ambush,67.0,35.0,84.0,34.0,1.0,Rabbit
0.0,ambush,38.0,63.0,94.0,88.0,0.0,Rabbit
0.0,ambush,76.0,83.0,86.0,1.0,0.0,Rabbit
0.0,ambush,20.0,18.0,38.0,21.0,0.0,Rabbit
0.0,ambush,83.0,25.0,19.0,15.0,0.0,Rabbit
0.0,ambush,4.0,74.0,25.0,14.0,1.0,Rabbit
0.0,ambush,44.0,7.0,34.0,14.0,0.0,Rabbit
0.0,ambush,84.0,57.0,18.0,47.0,1.0,Rabbit
0.0,ambush,83.0,26.0,51.0,13.0,0.0,Rabbit
0.0,ambush,16.0,80.0,94.0,42.0,0.0,Rabbit
0.0,ambush,75.0,72.0,31.0,20.0,1.0,Rabbit
0.0,ambush,87.0,99.0,15.0,21.0,1.0,Rabbit
0.0,ambush,15.0,70.0,79.0,27.0,0.0,Rabbit
0.0,ambush,29.0,35.0,10.0,67.0,0.0,Rabbit
0.0,ambush,5.0,38.0,32.0,72.0,0.0,Rabbit
0.0,ambush,76.0,96.0,34.0,86.0,1.0,Rabbit
0.0,ambush,28.0,51.0,80.0,17.0,0.0,Rabbit
0.0,ambush,32.0,21.0,44.0,65.0,0.0,Rabbit
0.0,ambush,29.0,11.0,44.0,38.0,0.0,Rabbit
0.0,ambush,11.0,34.0,92.0,44.0,1.0,Rabbit
0.0,ambush,86.0,99.0,72.0,89.0,0.0,Rabbit
0.0,ambush,82.0,88.0,29.0,39.0,0.0,Rabbit
0.0,ambush,35.0,39.0,27.0,17.0,0.0,Rabbit
0.0,ambush,14.0,17.0,76.0,15.0,0.0,Rabbit
0.0,ambush,60.0,35.0,15.0,38.0,1.0,Rabbit
0.0,ambush,19.0,74.0,39.0,3.0,0.0,Rabbit
0.0,ambush,24.0,3.0,24.0,63.0,1.0,Rabbit
0.0,ambush,100.0,49.0,87.0,61.0,1.0,Rabbit
0.0,ambush,26.0,93.0,98.0,8.0,0.0,Rabbit
0.0,ambush,55.0,43.0,79.0,46.0,0.0,Rabbit
0.0,ambush,65.0,16.0,100.0,87.0,0.0,Rabbit
0.0,ambush,52.0,55.0,44.0,12.0,0.0,Rabbit
0.0,ambush,85.0,12.0,72.0,83.0,0.0,Rabbit
0.0,ambush,78.0,29.0,29.0,82.0,0.0,Rabbit
0.0,ambush,100.0,12.0,71.0,54.0,0.0,Rabbit
0.0,ambush,70.0,34.0,26.0,56.0,0.0,Rabbit
0.0,ambush,53.0,94.0,24.0,6.0,1.0,Rabbit
0.0,ambush,73.0,61.0,71.0,62.0,0.0,Rabbit
0.0,ambush,16.0,79.0,40.0,22.0,1.0,Rabbit
0.0,ambush,28.0,87.0,39.0,77.0,0.0,Rabbit
0.0,ambush,32.0,77.0,7.0,54.0,0.0,Rabbit
0.0,ambush,53.0,39.0,24.0,23.0,0.0,Rabbit
0.0,ambush,89.0,13.0,31.0,94.0,1.0,Rabbit
0.0,ambush,62.0,69.0,45.0,85.0,1.0,Rabbit
0.0,ambush,54.0,59.0,60.0,23.0,0.0,Rabbit
0.0,ambush,69.0,32.0,94.0,52.0,1.0,Rabbit
0.0,ambush,7.0,72.0,11.0,26.0,1.0,Rabbit
0.0,ambush,60.0,36.0,98.0,6.0,1.0,Rabbit
0.0,ambush,51.0,4.0,29.0,9.0,0.0,Rabbit
0.0,ambush,11.0,18.0,80.0,12.0,0.0,Rabbit
0.0,ambush,34.0,45.0,54.0,70.0,0.0,Rabbit
0.0,ambush,91.0,40.0,98.0,7.0,0.0,Rabbit
0.0,ambush,64.0,3.0,86.0,68.0,0.0,Rabbit
0.0,ambush,20.0,53.0,77.0,31.0,0.0,Rabbit
0.0,ambush,8.0,8.0,49.0,99.0,0.0,Rabbit
0.0,ambush,16.0,5.0,67.0,6.0,0.0,Rabbit
0.0,ambush,18.0,39.0,10.0,83.0,1.0,Rabbit
0.0,ambush,97.0,47.0,41.0,62.0,0.0,Rabbit
0.0,ambush,51.0,88.0,86.0,45.0,0.0,Rabbit
0.0,ambush,25.0,70.0,44.0,48.0,0.0,Rabbit
0.0,ambush,13.0,66.0,76.0,83.0,0.0,Rabbit
0.0,ambush,15.0,16.0,75.0,87.0,0.0,Rabbit
0.0,ambush,48.0,47.0,99.0,49.0,0.0,Rabbit
0.0,ambush,5.0,100.0,5.0,76.0,0.0,Rabbit
0.0,ambush,36.0,97.0,99.0,22.0,0.0,Rabbit
0.0,ambush,78.0,89.0,7.0,57.0,0.0,Rabbit
0.0,ambush,64.0,73.0,68.0,18.0,0.0,Rabbit
0.0,ambush,78.0,66.0,92.0,61.0,1.0,Rabbit
0.0,ambush,13.0,50.0,45.0,54.0,0.0,Rabbit
0.0,ambush,11.0,38.0,56.0,39.0,1.0,Rabbit
0.0,ambush,90.0,63.0,95.0,33.0,1.0,Rabbit
0.0,ambush,20.0,7.0,84.0,92.0,1.0,Rabbit
0.0,ambush,28.0,14.0,87.0,14.0,0.0,Rabbit
0.0,ambush,97.0,99.0,34.0,57.0,1.0,Rabbit
0.0,ambush,99.0,28.0,4.0,14.0,0.0,Rabbit
0.0,ambush,5.0,45.0,33.0,48.0,1.0,Rabbit
0.0,ambush,58.0,88.0,41.0,43.0,1.0,Rabbit
0.0,ambush,95.0,43.0,59.0,6.0,0.0,Rabbit
0.0,ambush,21.0,15.0,73.0,76.0,0.0,Rabbit
0.0,ambush,24.0,37.0,30.0,50.0,0.0,Rabbit
0.0,ambush,74.0,88.0,38.0,35.0,1.0,Rabbit
0.0,ambush,57.0,29.0,12.0,57.0,0.0,Rabbit
0.0,ambush,39.0,16.0,97.0,23.0,0.0,Rabbit
0.0,ambush,44.0,59.0,54.0,91.0,0.0,Rabbit
0.0,ambush,57.0,97.0,65.0,21.0,1.0,Rabbit
0.0,ambush,53.0,27.0,87.0,7.0,0.0,Rabbit
0.0,ambush,68.0,83.0,19.0,89.0,1.0,Rabbit
0.0,ambush,14.0,99.0,77.0,79.0,1.0,Rabbit
0.0,ambush,23.0,38.0,38.0,33.0,0.0,Rabbit
0.0,ambush,76.0,97.0,38.0,3.0,0.0,Rabbit
0.0,ambush,31.0,30.0,2.0,34.0,0.0,Rabbit
0.0,ambush,35.0,38.0,76.0,12.0,0.0,Rabbit
0.0,ambush,60.0,76.0,62.0,51.0,0.0,Rabbit
0.0,ambush,65.0,35.0,93.0,44.0,0.0,Rabbit
0.0,ambush,74.0,53.0,55.0,19.0,1.0,Rabbit
0.0,ambush,60.0,12.0,80.0,49.0,0.0,Rabbit
0.0,ambush,97.0,46.0,53.0,87.0,0.0,Rabbit
0.0,ambush,86.0,82.0,5.0,47.0,1.0,Rabbit
0.0,ambush,58.0,34.0,72.0,67.0,0.0,Rabbit
0.0,ambush,61.0,51.0,70.0,58.0,0.0,Rabbit
0.0,ambush,11.0,82.0,21.0,26.0,0.0,Rabbit
0.0,ambush,55.0,49.0,46.0,100.0,0.0,Rabbit
0.0,ambush,2.0,31.0,97.0,61.0,0.0,Rabbit
0.0,ambush,81.0,37.0,96.0,89.0,0.0,Rabbit
0.0,ambush,58.0,7.0,92.0,88.0,0.0,Rabbit
0.0,ambush,43.0,4.0,18.0,88.0,0.0,Rabbit
0.0,ambush,32.0,56.0,52.0,12.0,0.0,Rabbit
0.0,ambush,96.0,47.0,7.0,9.0,0.0,Rabbit
0.0,ambush,14.0,27.0,85.0,51.0,0.0,Rabbit
0.0,ambush,95.0,26.0,58.0,98.0,1.0,Rabbit
0.0,ambush,78.0,13.0,5.0,88.0,1.0,Rabbit
0.0,ambush,10.0,61.0,100.0,24.0,0.0,Rabbit
0.0,ambush,58.0,10.0,34.0,44.0,0.0,Rabbit
0.0,ambush,45.0,55.0,95.0,58.0,0.0,Rabbit
0.0,ambush,30.0,59.0,36.0,71.0,0.0,Rabbit
0.0,ambush,7.0,30.0,84.0,57.0,0.0,Rabbit
0.0,ambush,65.0,59.0,3.0,59.0,1.0,Rabbit
0.0,ambush,82.0,96.0,29.0,33.0,0.0,Rabbit
0.0,ambush,40.0,56.0,63.0,34.0,0.0,Rabbit
0.0,ambush,27.0,33.0,69.0,19.0,0.0,Rabbit
0.0,ambush,98.0,63.0,41.0,90.0,1.0,Rabbit
0.0,ambush,39.0,69.0,24.0,5.0,0.0,Rabbit
0.0,ambush,86.0,93.0,89.0,4.0,0.0,Rabbit
0.0,ambush,22.0,91.0,12.0,43.0,1.0,Rabbit
0.0,ambush,32.0,40.0,64.0,100.0,0.0,Rabbit
0.0,ambush,46.0,64.0,51.0,37.0,0.0,Rabbit
0.0,ambush,93.0,54.0,43.0,62.0,0.0,Rabbit
0.0,ambush,18.0,34.0,47.0,48.0,0.0,Rabbit
0.0,ambush,63.0,71.0,96.0,98.0,1.0,Rabbit
0.0,ambush,99.0,14.0,54.0,51.0,0.0,Rabbit
0.0,ambush,63.0,26.0,70.0,19.0,0.0,Rabbit
0.0,ambush,91.0,91.0,49.0,59.0,0.0,Rabbit
0.0,ambush,14.0,64.0,27.0,99.0,0.0,Rabbit
0.0,ambush,46.0,38.0,59.0,68.0,0.0,Rabbit
0.0,ambush,10.0,94.0,70.0,21.0,0.0,Rabbit
0.0,ambush,6.0,17.0,16.0,29.0,0.0,Rabbit
0.0,ambush,32.0,31.0,52.0,94.0,0.0,Rabbit
0.0,ambush,77.0,26.0,82.0,85.0,0.0,Rabbit
0.0,ambush,14.0,57.0,19.0,93.0,1.0,Rabbit
0.0,ambush,15.0,61.0,21.0,52.0,0.0,Rabbit
0.0,ambush,48.0,39.0,21.0,34.0,0.0,Rabbit
0.0,ambush,78.0,14.0,76.0,22.0,0.0,Rabbit
0.0,ambush,57.0,72.0,3.0,4.0,0.0,Rabbit
0.0,ambush,91.0,59.0,24.0,97.0,0.0,Rabbit
0.0,ambush,52.0,26.0,22.0,53.0,1.0,Rabbit
0.0,ambush,24.0,48.0,14.0,11.0,0.0,Rabbit
0.0,ambush,1.0,67.0,77.0,52.0,0.0,Rabbit
0.0,ambush,75.0,78.0,70.0,50.0,0.0,Rabbit
0.0,ambush,98.0,37.0,83.0,1.0,0.0,Rabbit
0.0,ambush,15.0,94.0,28.0,65.0,1.0,Rabbit
0.0,ambush,12.0,91.0,31.0,66.0,0.0,Rabbit
0.0,ambush,1.0,100.0,83.0,2.0,0.0,Rabbit
0.0,ambush,87.0,24.0,69.0,97.0,0.0,Rabbit
0.0,ambush,2.0,85.0,17.0,72.0,0.0,Rabbit
0.0,ambush,36.0,46.0,18.0,59.0,0.0,Rabbit
0.0,ambush,2.0,57.0,11.0,24.0,0.0,Rabbit
0.0,ambush,90.0,31.0,23.0,2.0,0.0,Rabbit
0.0,ambush,52.0,22.0,65.0,42.0,0.0,Rabbit
0.0,ambush,26.0,96.0,37.0,48.0,1.0,Rabbit
0.0,ambush,82.0,74.0,99.0,12.0,0.0,Rabbit
0.0,ambush,53.0,45.0,98.0,26.0,1.0,Rabbit
0.0,ambush,19.0,6.0,46.0,97.0,0.0,Rabbit
0.0,ambush,7.0,98.0,98.0,88.0,0.0,Rabbit
0.0,ambush,1.0,19.0,5.0,87.0,0.0,Rabbit
0.0,ambush,30.0,76.0,33.0,36.0,0.0,Rabbit
0.0,ambush,72.0,70.0,70.0,81.0,1.0,Rabbit
0.0,ambush,26.0,98.0,24.0,29.0,1.0,Rabbit
0.0,ambush,38.0,65.0,93.0,60.0,1.0,Rabbit
0.0,ambush,35.0,16.0,77.0,81.0,0.0,Rabbit
0.0,ambush,11.0,85.0,57.0,82.0,1.0,Rabbit
0.0,ambush,21.0,49.0,18.0,6.0,0.0,Rabbit
0.0,ambush,81.0,94.0,68.0,71.0,1.0,Rabbit
0.0,ambush,87.0,72.0,7.0,19.0,0.0,Rabbit
0.0,ambush,30.0,28.0,9.0,21.0,0.0,Rabbit
0.0,ambush,68.0,52.0,91.0,37.0,1.0,Rabbit
0.0,ambush,67.0,33.0,3.0,89.0,1.0,Rabbit
0.0,ambush,46.0,10.0,78.0,82.0,1.0,Rabbit
0.0,ambush,69.0,75.0,46.0,59.0,1.0,Rabbit
0.0,ambush,20.0,16.0,83.0,95.0,0.0,Rabbit
0.0,ambush,98.0,43.0,42.0,16.0,0.0,Rabbit
0.0,ambush,15.0,31.0,20.0,84.0,1.0,Rabbit
0.0,ambush,4.0,36.0,57.0,74.0,0.0,Rabbit
0.0,ambush,16.0,37.0,33.0,21.0,0.0,Rabbit
0.0,ambush,34.0,92.0,45.0,75.0,0.0,Rabbit
0.0,ambush,91.0,6.0,86.0,96.0,1.0,Rabbit
0.0,ambush,57.0,75.0,51.0,65.0,1.0,Rabbit
0.0,ambush,88.0,32.0,32.0,41.0,0.0,Rabbit
0.0,ambush,17.0,45.0,27.0,48.0,1.0,Rabbit
0.0,ambush,49.0,39.0,47.0,87.0,0.0,Rabbit
0.0,ambush,76.0,94.0,96.0,80.0,0.0,Rabbit
0.0,ambush,75.0,72.0,1.0,66.0,0.0,Rabbit
0.0,ambush,75.0,27.0,76.0,87.0,0.0,Rabbit
0.0,ambush,33.0,92.0,56.0,82.0,1.0,Rabbit
0.0,ambush,19.0,96.0,15.0,98.0,0.0,Rabbit
0.0,ambush,44.0,14.0,9.0,87.0,0.0,Rabbit
0.0,ambush,29.0,6.0,41.0,84.0,0.0,Rabbit
0.0,ambush,3.0,14.0,97.0,83.0,0.0,Rabbit
0.0,ambush,24.0,12.0,62.0,82.0,1.0,Rabbit
0.0,ambush,85.0,23.0,60.0,49.0,0.0,Rabbit
0.0,ambush,90.0,12.0,39.0,33.0,0.0,Rabbit
0.0,ambush,80.0,39.0,98.0,12.0,0.0,Rabbit
0.0,ambush,39.0,61.0,28.0,4.0,0.0,Rabbit
0.0,ambush,52.0,81.0,42.0,65.0,0.0,Rabbit
0.0,ambush,61.0,6.0,95.0,55.0,1.0,Rabbit
0.0,ambush,44.0,88.0,41.0,45.0,1.0,Rabbit
0.0,ambush,79.0,68.0,11.0,60.0,0.0,Rabbit
0.0,ambush,23.0,73.0,67.0,36.0,0.0,Rabbit
0.0,ambush,30.0,32.0,89.0,69.0,0.0,Rabbit
0.0,ambush,48.0,35.0,53.0,88.0,0.0,Rabbit
0.0,ambush,72.0,87.0,23.0,89.0,1.0,Rabbit
0.0,ambush,68.0,31.0,10.0,24.0,0.0,Rabbit
0.0,ambush,24.0,32.0,1.0,24.0,0.0,Rabbit
0.0,ambush,13.0,78.0,78.0,16.0,0.0,Rabbit
0.0,ambush,85.0,96.0,36.0,9.0,0.0,Rabbit
0.0,ambush,5.0,3.0,58.0,40.0,0.0,Rabbit
0.0,ambush,18.0,78.0,17.0,78.0,0.0,Rabbit
0.0,ambush,11.0,41.0,85.0,74.0,0.0,Rabbit
0.0,ambush,24.0,17.0,99.0,28.0,1.0,Rabbit
0.0,ambush,94.0,31.0,28.0,83.0,0.0,Rabbit
0.0,ambush,53.0,76.0,27.0,33.0,0.0,Rabbit
0.0,ambush,78.0,22.0,81.0,23.0,1.0,Rabbit
0.0,ambush,53.0,28.0,93.0,31.0,1.0,Rabbit
0.0,ambush,94.0,22.0,43.0,7.0,0.0,Rabbit
0.0,ambush,89.0,70.0,23.0,42.0,1.0,Rabbit
0.0,ambush,57.0,47.0,39.0,17.0,0.0,Rabbit
0.0,ambush,38.0,2.0,85.0,84.0,0.0,Rabbit
0.0,ambush,1.0,55.0,13.0,11.0,0.0,Rabbit
0.0,ambush,65.0,37.0,81.0,58.0,1.0,Rabbit
0.0,ambush,95.0,24.0,41.0,53.0,0.0,Rabbit
0.0,ambush,26.0,42.0,12.0,21.0,0.0,Rabbit
0.0,ambush,70.0,94.0,87.0,13.0,0.0,Rabbit
0.0,ambush,60.0,32.0,6.0,18.0,0.0,Rabbit
0.0,ambush,92.0,69.0,14.0,32.0,0.0,Rabbit
0.0,ambush,57.0,39.0,21.0,59.0,0.0,Rabbit
0.0,ambush,46.0,96.0,91.0,52.0,0.0,Rabbit
0.0,ambush,46.0,4.0,55.0,8.0,0.0,Rabbit
0.0,ambush,37.0,44.0,28.0,76.0,0.0,Rabbit
0.0,ambush,89.0,52.0,86.0,7.0,0.0,Rabbit
0.0,ambush,82.0,14.0,6.0,56.0,1.0,Rabbit
0.0,ambush,2.0,70.0,67.0,68.0,0.0,Rabbit
0.0,ambush,55.0,24.0,20.0,42.0,1.0,Rabbit
0.0,ambush,37.0,69.0,50.0,29.0,0.0,Rabbit
0.0,ambush,6.0,19.0,95.0,96.0,0.0,Rabbit
0.0,ambush,33.0,28.0,65.0,60.0,0.0,Rabbit
0.0,ambush,100.0,58.0,97.0,29.0,0.0,Rabbit
0.0,ambush,80.0,59.0,46.0,15.0,0.0,Rabbit
0.0,ambush,52.0,85.0,92.0,62.0,0.0,Rabbit
0.0,ambush,59.0,43.0,54.0,99.0,1.0,Rabbit
0.0,ambush,45.0,53.0,8.0,63.0,0.0,Rabbit
0.0,ambush,31.0,77.0,100.0,81.0,0.0,Rabbit
0.0,ambush,54.0,23.0,32.0,92.0,0.0,Rabbit
0.0,ambush,67.0,65.0,47.0,46.0,0.0,Rabbit
0.0,ambush,79.0,21.0,93.0,34.0,0.0,Rabbit
0.0,ambush,34.0,16.0,60.0,88.0,0.0,Rabbit
0.0,ambush,46.0,47.0,46.0,6.0,0.0,Rabbit
0.0,ambush,68.0,79.0,26.0,18.0,0.0,Rabbit
0.0,ambush,24.0,49.0,29.0,4.0,0.0,Rabbit
0.0,ambush,45.0,62.0,26.0,40.0,0.0,Rabbit
0.0,ambush,80.0,59.0,2.0,28.0,0.0,Rabbit
0.0,ambush,35.0,92.0,18.0,37.0,0.0,Rabbit
0.0,ambush,43.0,51.0,77.0,49.0,0.0,Rabbit
0.0,ambush,30.0,43.0,88.0,62.0,1.0,Rabbit
0.0,ambush,27.0,25.0,78.0,45.0,1.0,Rabbit
0.0,ambush,3.0,3.0,10.0,59.0,0.0,Rabbit
0.0,ambush,31.0,5.0,12.0,86.0,0.0,Rabbit
0.0,ambush,19.0,65.0,34.0,96.0,0.0,Rabbit
0.0,ambush,38.0,16.0,43.0,39.0,0.0,Rabbit
0.0,ambush,57.0,90.0,51.0,34.0,1.0,Rabbit
0.0,ambush,51.0,46.0,25.0,64.0,0.0,Rabbit
0.0,ambush,69.0,64.0,44.0,55.0,1.0,Rabbit
0.0,ambush,2.0,12.0,40.0,37.0,0.0,Rabbit
0.0,ambush,33.0,90.0,7.0,15.0,0.0,Rabbit
0.0,ambush,18.0,80.0,74.0,95.0,1.0,Rabbit
0.0,ambush,58.0,98.0,76.0,19.0,1.0,Rabbit
0.0,ambush,2.0,3.0,78.0,91.0,0.0,Rabbit
0.0,ambush,95.0,8.0,27.0,96.0,0.0,Rabbit
0.0,ambush,5.0,94.0,38.0,64.0,1.0,Rabbit
0.0,ambush,3.0,81.0,55.0,59.0,0.0,Rabbit
0.0,ambush,38.0,37.0,74.0,52.0,1.0,Rabbit
0.0,ambush,61.0,27.0,91.0,75.0,0.0,Rabbit
0.0,ambush,74.0,34.0,9.0,44.0,1.0,Rabbit
0.0,ambush,91.0,36.0,7.0,11.0,0.0,Rabbit
0.0,ambush,40.0,20.0,45.0,18.0,0.0,Rabbit
0.0,ambush,65.0,19.0,72.0,76.0,0.0,Rabbit
0.0,ambush,85.0,49.0,1.0,88.0,0.0,Rabbit
0.0,ambush,9.0,18.0,18.0,54.0,0.0,Rabbit
0.0,ambush,86.0,91.0,53.0,56.0,0.0,Rabbit
0.0,ambush,29.0,36.0,99.0,5.0,0.0,Rabbit
0.0,ambush,12.0,98.0,74.0,99.0,0.0,Rabbit
0.0,ambush,56.0,1.0,46.0,14.0,0.0,Rabbit
0.0,ambush,63.0,50.0,81.0,1.0,0.0,Rabbit
0.0,ambush,88.0,19.0,65.0,85.0,0.0,Rabbit
0.0,ambush,43.0,4.0,68.0,36.0,0.0,Rabbit
0.0,ambush,38.0,56.0,55.0,4.0,0.0,Rabbit
0.0,ambush,8.0,9.0,74.0,17.0,0.0,Rabbit
0.0,ambush,53.0,55.0,98.0,31.0,0.0,Rabbit
0.0,ambush,50.0,70.0,19.0,75.0,0.0,Rabbit
0.0,ambush,6.0,68.0,5.0,51.0,1.0,Rabbit
0.0,ambush,81.0,18.0,88.0,31.0,0.0,Rabbit
0.0,ambush,1.0,58.0,31.0,50.0,0.0,Rabbit
0.0,ambush,27.0,26.0,55.0,88.0,0.0,Rabbit
0.0,ambush,4.0,73.0,5.0,24.0,0.0,Rabbit
0.0,ambush,44.0,33.0,87.0,41.0,1.0,Rabbit
0.0,ambush,35.0,40.0,87.0,20.0,1.0,Rabbit
0.0,ambush,32.0,33.0,68.0,20.0,1.0,Rabbit
0.0,ambush,89.0,85.0,14.0,59.0,1.0,Rabbit
0.0,ambush,28.0,23.0,22.0,46.0,0.0,Rabbit
0.0,ambush,47.0,65.0,58.0,12.0,1.0,Rabbit
0.0,ambush,40.0,1.0,21.0,92.0,0.0,Rabbit
0.0,ambush,4.0,45.0,96.0,32.0,0.0,Rabbit
0.0,ambush,56.0,72.0,14.0,22.0,0.0,Rabbit
0.0,ambush,93.0,25.0,10.0,75.0,0.0,Rabbit
0.0,ambush,12.0,66.0,80.0,54.0,1.0,Rabbit
0.0,ambush,23.0,54.0,55.0,98.0,0.0,Rabbit
0.0,ambush,63.0,49.0,33.0,66.0,1.0,Rabbit
0.0,ambush,72.0,48.0,64.0,38.0,0.0,Rabbit
0.0,ambush,19.0,81.0,90.0,34.0,0.0,Rabbit
0.0,ambush,66.0,18.0,7.0,51.0,0.0,Rabbit
0.0,ambush,99.0,77.0,54.0,53.0,1.0,Rabbit
0.0,ambush,4.0,38.0,41.0,15.0,0.0,Rabbit
0.0,ambush,35.0,61.0,94.0,19.0,0.0,Rabbit
0.0,ambush,58.0,90.0,94.0,77.0,0.0,Rabbit
0.0,ambush,52.0,80.0,73.0,22.0,0.0,Rabbit
0.0,ambush,94.0,7.0,42.0,31.0,0.0,Rabbit
0.0,ambush,80.0,25.0,48.0,63.0,1.0,Rabbit
0.0,ambush,20.0,99.0,78.0,91.0,1.0,Rabbit
0.0,ambush,61.0,91.0,66.0,94.0,0.0,Rabbit
0.0,ambush,40.0,55.0,62.0,21.0,0.0,Rabbit
0.0,ambush,26.0,92.0,7.0,78.0,1.0,Rabbit
0.0,ambush,20.0,71.0,67.0,95.0,1.0,Rabbit
0.0,ambush,50.0,12.0,63.0,9.0,0.0,Rabbit
0.0,ambush,73.0,51.0,37.0,42.0,0.0,Rabbit
0.0,ambush,68.0,53.0,89.0,71.0,1.0,Rabbit
0.0,ambush,87.0,47.0,51.0,47.0,1.0,Rabbit
0.0,ambush,86.0,43.0,65.0,29.0,0.0,Rabbit
0.0,ambush,77.0,9.0,6.0,45.0,0.0,Rabbit
0.0,ambush,29.0,3.0,66.0,92.0,0.0,Rabbit
0.0,ambush,24.0,21.0,20.0,8.0,0.0,Rabbit
0.0,ambush,42.0,18.0,72.0,95.0,0.0,Rabbit
0.0,ambush,83.0,3.0,2.0,33.0,0.0,Rabbit
0.0,ambush,13.0,63.0,46.0,87.0,0.0,Rabbit
0.0,ambush,74.0,83.0,13.0,4.0,0.0,Rabbit
0.0,ambush,17.0,47.0,22.0,37.0,1.0,Rabbit
0.0,ambush,79.0,87.0,58.0,27.0,1.0,Rabbit
0.0,ambush,87.0,31.0,100.0,52.0,0.0,Rabbit
0.0,ambush,15.0,70.0,63.0,25.0,0.0,Rabbit
0.0,ambush,69.0,86.0,83.0,77.0,1.0,Rabbit
0.0,ambush,80.0,7.0,81.0,26.0,0.0,Rabbit
0.0,ambush,10.0,20.0,29.0,56.0,0.0,Rabbit
0.0,ambush,4.0,12.0,68.0,73.0,0.0,Rabbit
0.0,ambush,40.0,27.0,21.0,33.0,0.0,Rabbit
0.0,ambush,48.0,1.0,92.0,82.0,0.0,Rabbit
0.0,ambush,14.0,95.0,66.0,6.0,1.0,Rabbit
0.0,ambush,88.0,11.0,51.0,15.0,1.0,Rabbit
0.0,ambush,84.0,76.0,61.0,13.0,1.0,Rabbit
0.0,ambush,37.0,66.0,9.0,8.0,0.0,Rabbit
0.0,ambush,93.0,2.0,58.0,55.0,0.0,Rabbit
0.0,ambush,30.0,72.0,83.0,85.0,1.0,Rabbit
0.0,ambush,60.0,96.0,89.0,21.0,0.0,Rabbit
0.0,ambush,36.0,16.0,69.0,46.0,0.0,Rabbit
0.0,ambush,39.0,69.0,15.0,95.0,0.0,Rabbit
0.0,ambush,79.0,91.0,91.0,31.0,1.0,Rabbit
0.0,ambush,97.0,60.0,37.0,18.0,1.0,Rabbit
0.0,ambush,68.0,30.0,78.0,26.0,0.0,Rabbit
0.0,ambush,88.0,87.0,3.0,30.0,1.0,Rabbit
0.0,ambush,44.0,33.0,8.0,53.0,0.0,Rabbit
0.0,ambush,92.0,50.0,60.0,92.0,0.0,Rabbit
0.0,ambush,68.0,15.0,54.0,27.0,0.0,Rabbit
0.0,ambush,38.0,39.0,71.0,14.0,1.0,Rabbit
0.0,ambush,91.0,74.0,96.0,92.0,0.0,Rabbit
0.0,ambush,66.0,58.0,8.0,53.0,1.0,Rabbit
0.0,ambush,77.0,20.0,19.0,62.0,0.0,Rabbit
0.0,ambush,53.0,41.0,78.0,52.0,0.0,Rabbit
0.0,ambush,43.0,36.0,42.0,96.0,0.0,Rabbit
0.0,ambush,24.0,20.0,76.0,52.0,0.0,Rabbit
0.0,ambush,56.0,11.0,90.0,8.0,0.0,Rabbit
0.0,ambush,39.0,35.0,69.0,66.0,0.0,Rabbit
0.0,ambush,88.0,93.0,92.0,4.0,1.0,Rabbit
0.0,ambush,55.0,84.0,61.0,11.0,0.0,Rabbit
0.0,ambush,82.0,43.0,67.0,23.0,0.0,Rabbit
0.0,ambush,36.0,31.0,73.0,42.0,1.0,Rabbit
0.0,ambush,51.0,5.0,56.0,82.0,0.0,Rabbit
0.0,ambush,69.0,24.0,20.0,13.0,0.0,Rabbit
0.0,ambush,69.0,53.0,70.0,85.0,0.0,Rabbit
0.0,ambush,71.0,48.0,53.0,50.0,0.0,Rabbit
0.0,ambush,71.0,25.0,25.0,38.0,0.0,Rabbit
0.0,ambush,58.0,28.0,5.0,10.0,0.0,Rabbit
0.0,ambush,99.0,71.0,30.0,43.0,0.0,Rabbit
0.0,ambush,98.0,69.0,3.0,6.0,1.0,Rabbit
0.0,ambush,64.0,50.0,29.0,62.0,0.0,Rabbit
0.0,ambush,33.0,37.0,4.0,70.0,0.0,Rabbit
0.0,ambush,69.0,81.0,42.0,66.0,0.0,Rabbit
0.0,ambush,65.0,66.0,18.0,75.0,0.0,Rabbit
0.0,ambush,71.0,64.0,18.0,7.0,0.0,Rabbit
0.0,ambush,8.0,2.0,2.0,84.0,0.0,Rabbit
0.0,ambush,16.0,23.0,33.0,35.0,1.0,Rabbit
0.0,ambush,77.0,62.0,99.0,17.0,1.0,Rabbit
0.0,ambush,10.0,55.0,42.0,93.0,0.0,Rabbit
0.0,ambush,30.0,36.0,21.0,9.0,0.0,Rabbit
0.0,ambush,81.0,81.0,86.0,20.0,0.0,Rabbit
0.0,ambush,63.0,72.0,10.0,74.0,0.0,Rabbit
0.0,ambush,63.0,76.0,56.0,18.0,1.0,Rabbit
0.0,ambush,62.0,14.0,79.0,52.0,1.0,Rabbit
0.0,ambush,92.0,24.0,89.0,30.0,0.0,Rabbit
0.0,ambush,73.0,48.0,26.0,90.0,0.0,Rabbit
0.0,ambush,99.0,71.0,24.0,26.0,1.0,Rabbit
0.0,ambush,87.0,2.0,33.0,39.0,0.0,Rabbit
0.0,ambush,45.0,51.0,65.0,19.0,0.0,Rabbit
0.0,ambush,55.0,38.0,94.0,83.0,0.0,Rabbit
0.0,ambush,12.0,26.0,35.0,27.0,0.0,Rabbit
0.0,ambush,13.0,39.0,31.0,15.0,1.0,Rabbit
0.0,ambush,6.0,22.0,16.0,17.0,0.0,Rabbit
0.0,ambush,23.0,51.0,86.0,65.0,1.0,Rabbit
0.0,ambush,56.0,22.0,4.0,92.0,0.0,Rabbit
0.0,ambush,56.0,6.0,93.0,100.0,0.0,Rabbit
0.0,ambush,69.0,51.0,6.0,40.0,1.0,Rabbit
0.0,ambush,64.0,42.0,51.0,49.0,0.0,Rabbit
0.0,ambush,73.0,70.0,6.0,35.0,0.0,Rabbit
0.0,ambush,56.0,94.0,99.0,43.0,0.0,Rabbit
0.0,ambush,17.0,79.0,23.0,20.0,1.0,Rabbit
0.0,ambush,71.0,20.0,44.0,14.0,0.0,Rabbit
0.0,ambush,65.0,63.0,34.0,91.0,1.0,Rabbit
0.0,ambush,61.0,95.0,63.0,56.0,1.0,Rabbit
0.0,ambush,50.0,5.0,72.0,62.0,0.0,Rabbit
0.0,ambush,31.0,96.0,92.0,40.0,0.0,Rabbit
0.0,ambush,21.0,93.0,64.0,68.0,1.0,Rabbit
0.0,ambush,16.0,65.0,3.0,13.0,1.0,Rabbit
0.0,ambush,69.0,90.0,100.0,89.0,1.0,Rabbit
0.0,ambush,11.0,93.0,27.0,72.0,0.0,Rabbit
0.0,ambush,97.0,9.0,88.0,67.0,0.0,Rabbit
0.0,ambush,89.0,88.0,14.0,37.0,1.0,Rabbit
0.0,ambush,31.0,81.0,70.0,74.0,1.0,Rabbit
0.0,ambush,87.0,1.0,29.0,51.0,1.0,Rabbit
0.0,ambush,94.0,14.0,96.0,74.0,0.0,Rabbit
0.0,ambush,7.0,53.0,93.0,73.0,0.0,Rabbit
0.0,ambush,51.0,85.0,80.0,14.0,1.0,Rabbit
0.0,ambush,58.0,52.0,22.0,51.0,0.0,Rabbit
0.0,ambush,75.0,85.0,67.0,78.0,0.0,Rabbit
0.0,ambush,2.0,4.0,84.0,24.0,0.0,Rabbit
0.0,ambush,19.0,57.0,11.0,23.0,0.0,Rabbit
0.0,ambush,59.0,51.0,10.0,75.0,0.0,Rabbit
0.0,ambush,42.0,64.0,32.0,12.0,0.0,Rabbit
0.0,ambush,76.0,8.0,88.0,16.0,0.0,Rabbit
0.0,ambush,19.0,77.0,86.0,54.0,0.0,Rabbit
0.0,ambush,8.0,99.0,35.0,4.0,0.0,Rabbit
0.0,ambush,95.0,68.0,99.0,14.0,1.0,Rabbit
0.0,ambush,54.0,2.0,59.0,62.0,0.0,Rabbit
0.0,ambush,19.0,21.0,52.0,40.0,0.0,Rabbit
0.0,ambush,39.0,81.0,11.0,41.0,0.0,Rabbit
0.0,ambush,55.0,80.0,10.0,33.0,0.0,Rabbit
0.0,ambush,70.0,80.0,21.0,20.0,0.0,Rabbit
0.0,ambush,10.0,34.0,87.0,72.0,0.0,Rabbit
0.0,ambush,95.0,79.0,86.0,48.0,0.0,Rabbit
0.0,ambush,54.0,26.0,69.0,83.0,0.0,Rabbit
0.0,ambush,26.0,66.0,75.0,74.0,1.0,Rabbit
0.0,ambush,40.0,20.0,11.0,100.0,0.0,Rabbit
0.0,ambush,12.0,44.0,41.0,14.0,0.0,Rabbit
0.0,ambush,4.0,54.0,70.0,24.0,0.0,Rabbit
0.0,ambush,99.0,41.0,98.0,63.0,1.0,Rabbit
0.0,ambush,38.0,12.0,76.0,45.0,0.0,Rabbit
0.0,ambush,86.0,19.0,18.0,60.0,0.0,Rabbit
0.0,ambush,33.0,55.0,32.0,96.0,0.0,Rabbit
0.0,ambush,12.0,67.0,85.0,48.0,0.0,Rabbit
0.0,ambush,35.0,50.0,6.0,34.0,0.0,Rabbit
0.0,ambush,23.0,99.0,7.0,28.0,0.0,Rabbit
0.0,ambush,38.0,7.0,88.0,49.0,0.0,Rabbit
0.0,ambush,14.0,61.0,93.0,45.0,1.0,Rabbit
0.0,ambush,35.0,66.0,94.0,47.0,1.0,Rabbit
0.0,ambush,15.0,14.0,60.0,55.0,1.0,Rabbit
0.0,ambush,52.0,97.0,100.0,64.0,0.0,Rabbit
0.0,ambush,85.0,86.0,20.0,12.0,1.0,Rabbit
0.0,ambush,94.0,24.0,42.0,59.0,1.0,Rabbit
0.0,ambush,56.0,77.0,80.0,28.0,0.0,Rabbit
0.0,ambush,30.0,47.0,99.0,49.0,1.0,Rabbit
0.0,ambush,18.0,3.0,76.0,17.0,0.0,Rabbit
0.0,ambush,81.0,40.0,65.0,14.0,0.0,Rabbit
0.0,ambush,58.0,9.0,99.0,76.0,0.0,Rabbit
0.0,ambush,94.0,73.0,4.0,98.0,0.0,Rabbit
0.0,ambush,11.0,72.0,48.0,24.0,0.0,Rabbit
0.0,ambush,79.0,83.0,87.0,13.0,0.0,Rabbit
0.0,ambush,2.0,99.0,19.0,95.0,0.0,Rabbit
0.0,ambush,60.0,81.0,95.0,13.0,1.0,Rabbit
0.0,ambush,75.0,83.0,69.0,90.0,0.0,Rabbit
0.0,ambush,48.0,9.0,79.0,63.0,0.0,Rabbit
0.0,ambush,26.0,83.0,70.0,12.0,0.0,Rabbit
0.0,ambush,75.0,44.0,96.0,97.0,1.0,Rabbit
0.0,ambush,73.0,60.0,98.0,18.0,0.0,Rabbit
0.0,ambush,22.0,66.0,47.0,40.0,0.0,Rabbit
0.0,ambush,87.0,69.0,32.0,89.0,0.0,Rabbit
0.0,ambush,81.0,14.0,60.0,79.0,1.0,Rabbit
0.0,ambush,52.0,78.0,18.0,83.0,1.0,Rabbit
0.0,ambush,87.0,34.0,32.0,27.0,0.0,Rabbit
0.0,ambush,72.0,70.0,81.0,60.0,1.0,Rabbit
0.0,ambush,37.0,63.0,23.0,53.0,1.0,Rabbit
0.0,ambush,91.0,61.0,47.0,89.0,0.0,Rabbit
0.0,ambush,65.0,91.0,86.0,45.0,1.0,Rabbit
0.0,ambush,9.0,77.0,84.0,97.0,1.0,Rabbit
0.0,ambush,97.0,97.0,68.0,66.0,0.0,Rabbit
0.0,ambush,24.0,78.0,2.0,47.0,1.0,Rabbit
0.0,ambush,59.0,69.0,91.0,8.0,1.0,Rabbit
0.0,ambush,29.0,95.0,53.0,19.0,1.0,Rabbit
0.0,ambush,12.0,50.0,12.0,10.0,0.0,Rabbit
0.0,ambush,69.0,52.0,51.0,3.0,0.0,Rabbit
0.0,ambush,88.0,57.0,71.0,72.0,1.0,Rabbit
0.0,ambush,1.0,38.0,2.0,57.0,0.0,Rabbit
0.0,ambush,34.0,2.0,65.0,38.0,1.0,Rabbit
0.0,ambush,25.0,75.0,98.0,90.0,0.0,Rabbit
0.0,ambush,47.0,21.0,80.0,45.0,1.0,Rabbit
0.0,ambush,23.0,96.0,94.0,41.0,1.0,Rabbit
0.0,ambush,10.0,27.0,68.0,84.0,0.0,Rabbit
0.0,ambush,5.0,42.0,77.0,95.0,0.0,Rabbit
0.0,ambush,56.0,74.0,52.0,28.0,0.0,Rabbit
0.0,ambush,16.0,26.0,34.0,85.0,0.0,Rabbit
0.0,ambush,31.0,74.0,98.0,84.0,0.0,Rabbit
0.0,ambush,33.0,21.0,51.0,100.0,0.0,Rabbit
0.0,ambush,94.0,38.0,14.0,37.0,1.0,Rabbit
0.0,ambush,54.0,40.0,14.0,24.0,0.0,Rabbit
0.0,ambush,54.0,74.0,74.0,100.0,0.0,Rabbit
0.0,ambush,35.0,5.0,48.0,26.0,0.0,Rabbit
0.0,ambush,9.0,29.0,30.0,64.0,0.0,Rabbit
0.0,ambush,79.0,3.0,27.0,45.0,0.0,Rabbit
0.0,ambush,41.0,62.0,45.0,99.0,0.0,Rabbit
0.0,ambush,93.0,3.0,14.0,82.0,1.0,Rabbit
0.0,ambush,93.0,61.0,23.0,13.0,0.0,Rabbit
0.0,ambush,44.0,62.0,70.0,89.0,0.0,Rabbit
0.0,ambush,87.0,13.0,4.0,90.0,0.0,Rabbit
0.0,ambush,40.0,44.0,71.0,54.0,0.0,Rabbit
0.0,ambush,25.0,26.0,13.0,12.0,0.0,Rabbit
0.0,ambush,81.0,1.0,99.0,64.0,1.0,Rabbit
0.0,ambush,78.0,59.0,28.0,75.0,1.0,Rabbit
0.0,ambush,81.0,2.0,37.0,100.0,0.0,Rabbit
0.0,ambush,6.0,6.0,95.0,83.0,0.0,Rabbit
0.0,ambush,7.0,69.0,43.0,43.0,1.0,Rabbit
0.0,ambush,66.0,15.0,99.0,16.0,0.0,Rabbit
0.0,ambush,51.0,20.0,62.0,46.0,0.0,Rabbit
0.0,ambush,83.0,26.0,49.0,28.0,1.0,Rabbit
0.0,ambush,96.0,29.0,42.0,64.0,0.0,Rabbit
0.0,ambush,58.0,50.0,22.0,50.0,0.0,Rabbit
0.0,ambush,39.0,19.0,31.0,87.0,0.0,Rabbit
0.0,ambush,100.0,3.0,20.0,49.0,0.0,Rabbit
0.0,ambush,67.0,9.0,60.0,84.0,0.0,Rabbit
0.0,ambush,30.0,32.0,49.0,96.0,0.0,Rabbit
0.0,ambush,70.0,99.0,13.0,20.0,1.0,Rabbit
0.0,ambush,97.0,25.0,64.0,78.0,0.0,Rabbit
0.0,ambush,67.0,96.0,32.0,53.0,1.0,Rabbit
0.0,ambush,91.0,11.0,79.0,77.0,1.0,Rabbit
0.0,ambush,70.0,71.0,46.0,77.0,0.0,Rabbit
0.0,ambush,50.0,50.0,84.0,78.0,0.0,Rabbit
0.0,ambush,23.0,60.0,38.0,87.0,0.0,Rabbit
0.0,ambush,49.0,28.0,86.0,6.0,0.0,Rabbit
0.0,ambush,86.0,8.0,34.0,73.0,0.0,Rabbit
0.0,ambush,100.0,61.0,51.0,61.0,0.0,Rabbit
0.0,ambush,57.0,50.0,99.0,41.0,0.0,Rabbit
0.0,ambush,2.0,52.0,35.0,40.0,0.0,Rabbit
0.0,ambush,62.0,75.0,6.0,69.0,0.0,Rabbit
0.0,ambush,27.0,97.0,28.0,31.0,0.0,Rabbit
0.0,ambush,83.0,80.0,67.0,93.0,1.0,Rabbit
0.0,ambush,22.0,46.0,7.0,47.0,0.0,Rabbit
0.0,ambush,28.0,23.0,91.0,47.0,0.0,Rabbit
0.0,ambush,51.0,88.0,25.0,5.0,0.0,Rabbit
0.0,ambush,2.0,5.0,29.0,75.0,0.0,Rabbit
0.0,ambush,47.0,31.0,15.0,32.0,1.0,Rabbit
0.0,ambush,85.0,7.0,83.0,45.0,0.0,Rabbit
0.0,ambush,49.0,60.0,85.0,79.0,0.0,Rabbit
0.0,ambush,11.0,89.0,41.0,17.0,0.0,Rabbit
0.0,ambush,88.0,97.0,80.0,77.0,1.0,Rabbit
0.0,ambush,5.0,20.0,7.0,52.0,0.0,Rabbit
0.0,ambush,29.0,99.0,55.0,15.0,0.0,Rabbit
0.0,ambush,69.0,56.0,87.0,30.0,1.0,Rabbit
0.0,ambush,60.0,63.0,91.0,46.0,0.0,Rabbit
0.0,ambush,82.0,45.0,14.0,89.0,0.0,Rabbit
0.0,ambush,31.0,54.0,86.0,47.0,0.0,Rabbit
0.0,ambush,74.0,57.0,15.0,88.0,1.0,Rabbit
0.0,ambush,92.0,81.0,45.0,99.0,0.0,Rabbit
0.0,ambush,81.0,92.0,33.0,6.0,1.0,Rabbit
0.0,ambush,40.0,66.0,32.0,74.0,1.0,Rabbit
0.0,ambush,97.0,16.0,85.0,45.0,0.0,Rabbit
0.0,ambush,25.0,90.0,65.0,94.0,0.0,Rabbit
0.0,ambush,2.0,29.0,60.0,29.0,0.0,Rabbit
0.0,ambush,38.0,41.0,12.0,24.0,0.0,Rabbit
0.0,ambush,37.0,23.0,39.0,80.0,0.0,Rabbit
0.0,ambush,6.0,55.0,34.0,83.0,0.0,Rabbit
0.0,ambush,77.0,66.0,29.0,84.0,0.0,Rabbit
0.0,ambush,6.0,23.0,23.0,81.0,0.0,Rabbit
0.0,ambush,93.0,81.0,91.0,99.0,1.0,Rabbit
0.0,ambush,88.0,81.0,83.0,69.0,1.0,Rabbit
0.0,ambush,69.0,18.0,24.0,90.0,0.0,Rabbit
0.0,ambush,59.0,82.0,59.0,74.0,0.0,Rabbit
0.0,ambush,53.0,10.0,96.0,33.0,0.0,Rabbit
0.0,ambush,26.0,13.0,57.0,30.0,0.0,Rabbit
0.0,ambush,19.0,18.0,95.0,1.0,0.0,Rabbit
0.0,ambush,57.0,16.0,44.0,23.0,0.0,Rabbit
0.0,ambush,81.0,30.0,6.0,59.0,0.0,Rabbit
0.0,ambush,81.0,84.0,40.0,3.0,1.0,Rabbit
0.0,ambush,59.0,12.0,77.0,51.0,0.0,Rabbit
0.0,ambush,97.0,56.0,93.0,22.0,1.0,Rabbit
0.0,ambush,33.0,22.0,96.0,37.0,0.0,Rabbit
0.0,ambush,5.0,11.0,38.0,33.0,0.0,Rabbit
0.0,ambush,68.0,60.0,89.0,71.0,0.0,Rabbit
0.0,ambush,85.0,84.0,33.0,80.0,1.0,Rabbit
0.0,ambush,86.0,3.0,24.0,93.0,0.0,Rabbit
0.0,ambush,7.0,84.0,95.0,42.0,1.0,Rabbit
0.0,ambush,37.0,37.0,60.0,55.0,0.0,Rabbit
0.0,ambush,97.0,53.0,92.0,40.0,0.0,Rabbit
0.0,ambush,2.0,78.0,43.0,72.0,0.0,Rabbit
0.0,ambush,39.0,83.0,68.0,100.0,1.0,Rabbit
0.0,ambush,66.0,44.0,73.0,23.0,1.0,Rabbit
0.0,ambush,44.0,100.0,97.0,48.0,0.0,Rabbit
0.0,ambush,11.0,100.0,91.0,11.0,0.0,Rabbit
0.0,ambush,81.0,11.0,88.0,13.0,0.0,Rabbit
0.0,ambush,32.0,37.0,56.0,40.0,0.0,Rabbit
0.0,ambush,24.0,76.0,43.0,31.0,0.0,Rabbit
0.0,ambush,73.0,4.0,86.0,19.0,0.0,Rabbit
0.0,ambush,49.0,71.0,25.0,5.0,0.0,Rabbit
0.0,ambush,80.0,15.0,84.0,94.0,1.0,Rabbit
0.0,ambush,93.0,5.0,42.0,90.0,1.0,Rabbit
0.0,ambush,9.0,82.0,11.0,71.0,0.0,Rabbit
0.0,ambush,98.0,55.0,53.0,77.0,0.0,Rabbit
0.0,ambush,22.0,32.0,33.0,28.0,0.0,Rabbit
0.0,ambush,34.0,100.0,36.0,1.0,0.0,Rabbit
0.0,ambush,57.0,81.0,21.0,46.0,0.0,Rabbit
0.0,ambush,92.0,58.0,30.0,54.0,1.0,Rabbit
0.0,ambush,71.0,90.0,53.0,37.0,0.0,Rabbit
0.0,ambush,17.0,36.0,97.0,98.0,1.0,Rabbit
0.0,ambush,37.0,2.0,14.0,55.0,0.0,Rabbit
0.0,ambush,14.0,84.0,66.0,82.0,1.0,Rabbit
0.0,ambush,48.0,27.0,36.0,65.0,0.0,Rabbit
0.0,ambush,13.0,58.0,23.0,35.0,1.0,Rabbit
0.0,ambush,10.0,47.0,34.0,78.0,0.0,Rabbit
0.0,ambush,96.0,80.0,19.0,70.0,1.0,Rabbit
0.0,ambush,11.0,51.0,13.0,79.0,0.0,Rabbit
0.0,ambush,14.0,57.0,100.0,64.0,0.0,Rabbit
0.0,ambush,3.0,15.0,69.0,9.0,0.0,Rabbit
0.0,ambush,22.0,60.0,32.0,67.0,0.0,Rabbit
0.0,ambush,10.0,18.0,78.0,4.0,0.0,Rabbit
0.0,ambush,28.0,50.0,46.0,94.0,0.0,Rabbit
0.0,ambush,62.0,76.0,75.0,12.0,0.0,Rabbit
0.0,ambush,78.0,69.0,55.0,74.0,1.0,Rabbit
0.0,ambush,89.0,76.0,63.0,5.0,0.0,Rabbit
0.0,ambush,93.0,66.0,11.0,48.0,0.0,Rabbit
0.0,ambush,86.0,7.0,60.0,60.0,1.0,Rabbit
0.0,ambush,45.0,81.0,54.0,2.0,1.0,Rabbit
0.0,ambush,58.0,5.0,51.0,54.0,0.0,Rabbit
0.0,ambush,67.0,16.0,46.0,13.0,0.0,Rabbit
0.0,ambush,25.0,15.0,1.0,20.0,0.0,Rabbit
0.0,ambush,60.0,63.0,35.0,88.0,1.0,Rabbit
0.0,ambush,35.0,95.0,27.0,53.0,1.0,Rabbit
0.0,ambush,56.0,48.0,36.0,43.0,0.0,Rabbit
0.0,ambush,36.0,32.0,16.0,55.0,0.0,Rabbit
0.0,ambush,5.0,13.0,22.0,97.0,0.0,Rabbit
0.0,ambush,63.0,55.0,6.0,11.0,0.0,Rabbit
0.0,ambush,26.0,98.0,87.0,56.0,0.0,Rabbit
0.0,ambush,50.0,91.0,26.0,65.0,0.0,Rabbit
0.0,ambush,66.0,88.0,58.0,9.0,1.0,Rabbit
0.0,ambush,1.0,91.0,96.0,19.0,1.0,Rabbit
0.0,ambush,93.0,49.0,49.0,8.0,0.0,Rabbit
0.0,ambush,22.0,36.0,29.0,63.0,0.0,Rabbit
0.0,ambush,66.0,75.0,50.0,83.0,0.0,Rabbit
0.0,ambush,72.0,39.0,88.0,6.0,0.0,Rabbit
0.0,ambush,80.0,14.0,78.0,85.0,1.0,Rabbit
0.0,ambush,75.0,82.0,51.0,42.0,0.0,Rabbit
0.0,ambush,87.0,40.0,12.0,76.0,1.0,Rabbit
0.0,ambush,42.0,37.0,87.0,94.0,0.0,Rabbit
0.0,ambush,38.0,53.0,100.0,20.0,0.0,Rabbit
0.0,ambush,75.0,86.0,7.0,64.0,1.0,Rabbit
0.0,ambush,74.0,68.0,86.0,7.0,0.0,Rabbit
0.0,ambush,30.0,58.0,62.0,51.0,0.0,Rabbit
0.0,ambush,71.0,49.0,94.0,48.0,0.0,Rabbit
0.0,ambush,44.0,57.0,84.0,2.0,0.0,Rabbit
0.0,ambush,11.0,18.0,29.0,86.0,0.0,Rabbit
0.0,ambush,59.0,63.0,36.0,25.0,0.0,Rabbit
0.0,ambush,36.0,39.0,88.0,77.0,0.0,Rabbit
0.0,ambush,59.0,59.0,79.0,34.0,0.0,Rabbit
0.0,ambush,83.0,53.0,79.0,68.0,1.0,Rabbit
0.0,ambush,72.0,6.0,33.0,70.0,0.0,Rabbit
0.0,ambush,1.0,1.0,71.0,89.0,0.0,Rabbit
0.0,ambush,78.0,22.0,25.0,42.0,0.0,Rabbit
0.0,ambush,70.0,49.0,31.0,49.0,1.0,Rabbit
0.0,ambush,38.0,94.0,14.0,79.0,1.0,Rabbit
0.0,ambush,66.0,86.0,85.0,51.0,0.0,Rabbit
0.0,ambush,92.0,6.0,18.0,52.0,0.0,Rabbit
0.0,ambush,82.0,51.0,41.0,17.0,0.0,Rabbit
0.0,ambush,41.0,58.0,16.0,12.0,0.0,Rabbit
0.0,ambush,50.0,71.0,12.0,11.0,0.0,Rabbit
0.0,ambush,27.0,93.0,24.0,79.0,1.0,Rabbit
0.0,ambush,63.0,73.0,82.0,18.0,1.0,Rabbit
0.0,ambush,59.0,19.0,81.0,10.0,0.0,Rabbit
0.0,ambush,3.0,40.0,27.0,37.0,0.0,Rabbit
0.0,ambush,21.0,32.0,9.0,11.0,0.0,Rabbit
0.0,ambush,6.0,85.0,12.0,17.0,1.0,Rabbit
0.0,ambush,61.0,89.0,30.0,93.0,1.0,Rabbit
0.0,ambush,55.0,51.0,95.0,21.0,0.0,Rabbit
0.0,ambush,34.0,20.0,31.0,92.0,0.0,Rabbit
0.0,ambush,71.0,96.0,88.0,14.0,1.0,Rabbit
0.0,ambush,16.0,61.0,89.0,64.0,0.0,Rabbit
0.0,ambush,9.0,84.0,3.0,54.0,1.0,Rabbit
0.0,ambush,15.0,8.0,50.0,16.0,0.0,Rabbit
0.0,ambush,8.0,74.0,60.0,95.0,0.0,Rabbit
0.0,ambush,28.0,10.0,91.0,77.0,0.0,Rabbit
0.0,ambush,69.0,60.0,38.0,93.0,0.0,Rabbit
0.0,ambush,67.0,58.0,96.0,4.0,0.0,Rabbit
0.0,ambush,54.0,32.0,51.0,62.0,0.0,Rabbit
0.0,ambush,79.0,12.0,43.0,93.0,1.0,Rabbit
0.0,ambush,100.0,83.0,61.0,12.0,0.0,Rabbit
0.0,ambush,75.0,93.0,49.0,26.0,1.0,Rabbit
0.0,ambush,94.0,52.0,32.0,16.0,0.0,Rabbit
0.0,ambush,51.0,77.0,95.0,27.0,0.0,Rabbit
0.0,ambush,58.0,23.0,29.0,78.0,0.0,Rabbit
0.0,ambush,1.0,13.0,48.0,7.0,0.0,Rabbit
0.0,ambush,81.0,92.0,74.0,32.0,0.0,Rabbit
0.0,ambush,31.0,4.0,64.0,25.0,0.0,Rabbit
0.0,ambush,19.0,42.0,26.0,20.0,1.0,Rabbit
0.0,ambush,88.0,11.0,57.0,43.0,0.0,Rabbit
0.0,ambush,67.0,98.0,95.0,61.0,0.0,Rabbit
0.0,ambush,25.0,73.0,59.0,100.0,0.0,Rabbit
0.0,ambush,91.0,56.0,25.0,19.0,1.0,Rabbit
0.0,ambush,39.0,92.0,83.0,10.0,1.0,Rabbit
0.0,ambush,6.0,20.0,75.0,22.0,0.0,Rabbit
0.0,ambush,69.0,18.0,38.0,29.0,0.0,Rabbit
0.0,ambush,15.0,90.0,21.0,86.0,1.0,Rabbit
0.0,ambush,11.0,12.0,94.0,69.0,0.0,Rabbit
0.0,ambush,86.0,58.0,30.0,72.0,1.0,Rabbit
0.0,ambush,52.0,66.0,97.0,79.0,0.0,Rabbit
0.0,ambush,47.0,59.0,38.0,62.0,0.0,Rabbit
0.0,ambush,63.0,69.0,24.0,42.0,0.0,Rabbit
0.0,ambush,59.0,19.0,47.0,16.0,1.0,Rabbit
0.0,ambush,21.0,3.0,78.0,96.0,0.0,Rabbit
0.0,ambush,67.0,80.0,79.0,95.0,1.0,Rabbit
0.0,ambush,66.0,16.0,69.0,20.0,0.0,Rabbit
0.0,ambush,21.0,40.0,77.0,75.0,1.0,Rabbit
0.0,ambush,75.0,32.0,63.0,13.0,1.0,Rabbit
0.0,ambush,6.0,22.0,12.0,15.0,1.0,Rabbit
0.0,ambush,32.0,86.0,50.0,37.0,0.0,Rabbit
0.0,ambush,16.0,94.0,40.0,82.0,1.0,Rabbit
0.0,ambush,36.0,93.0,92.0,10.0,0.0,Rabbit
0.0,ambush,21.0,72.0,3.0,38.0,0.0,Rabbit
0.0,ambush,87.0,11.0,48.0,64.0,0.0,Rabbit
0.0,ambush,70.0,69.0,73.0,95.0,1.0,Rabbit
0.0,ambush,76.0,13.0,30.0,45.0,0.0,Rabbit
0.0,ambush,83.0,55.0,67.0,42.0,0.0,Rabbit
0.0,ambush,30.0,47.0,54.0,16.0,1.0,Rabbit
0.0,ambush,72.0,52.0,48.0,86.0,1.0,Rabbit
0.0,ambush,81.0,35.0,9.0,45.0,0.0,Rabbit
0.0,ambush,37.0,52.0,60.0,95.0,0.0,Rabbit
0.0,ambush,85.0,96.0,41.0,21.0,1.0,Rabbit
0.0,ambush,18.0,4.0,5.0,68.0,1.0,Rabbit
0.0,ambush,87.0,89.0,87.0,38.0,1.0,Rabbit
0.0,ambush,50.0,82.0,94.0,69.0,1.0,Rabbit
0.0,ambush,40.0,90.0,36.0,89.0,0.0,Rabbit
0.0,ambush,7.0,43.0,22.0,3.0,0.0,Rabbit
0.0,ambush,11.0,3.0,40.0,10.0,0.0,Rabbit
0.0,ambush,87.0,78.0,68.0,73.0,0.0,Rabbit
0.0,ambush,61.0,44.0,68.0,42.0,0.0,Rabbit
0.0,ambush,4.0,44.0,100.0,74.0,0.0,Rabbit
0.0,ambush,81.0,22.0,70.0,67.0,1.0,Rabbit
0.0,ambush,43.0,7.0,47.0,35.0,0.0,Rabbit
0.0,ambush,96.0,70.0,80.0,50.0,0.0,Rabbit
0.0,ambush,67.0,38.0,47.0,61.0,1.0,Rabbit
0.0,ambush,19.0,2.0,58.0,86.0,0.0,Rabbit
0.0,ambush,51.0,67.0,34.0,27.0,0.0,Rabbit
0.0,ambush,78.0,79.0,90.0,71.0,1.0,Rabbit
0.0,ambush,96.0,69.0,47.0,87.0,1.0,Rabbit
0.0,ambush,76.0,58.0,7.0,97.0,1.0,Rabbit
0.0,ambush,59.0,10.0,43.0,25.0,0.0,Rabbit
0.0,ambush,40.0,90.0,39.0,78.0,0.0,Rabbit
0.0,ambush,31.0,86.0,40.0,18.0,1.0,Rabbit
0.0,ambush,70.0,60.0,11.0,81.0,1.0,Rabbit
0.0,ambush,74.0,80.0,67.0,10.0,0.0,Rabbit
0.0,ambush,55.0,49.0,57.0,61.0,0.0,Rabbit
0.0,ambush,86.0,16.0,58.0,98.0,0.0,Rabbit
0.0,ambush,81.0,76.0,71.0,7.0,0.0,Rabbit
0.0,ambush,59.0,68.0,28.0,33.0,0.0,Rabbit
0.0,ambush,17.0,79.0,98.0,4.0,1.0,Rabbit
0.0,ambush,96.0,17.0,98.0,77.0,0.0,Rabbit
0.0,ambush,26.0,6.0,99.0,3.0,0.0,Rabbit
0.0,ambush,16.0,20.0,64.0,57.0,0.0,Rabbit
0.0,ambush,30.0,16.0,8.0,62.0,0.0,Rabbit
0.0,ambush,90.0,59.0,40.0,32.0,0.0,Rabbit
0.0,ambush,84.0,75.0,27.0,54.0,1.0,Rabbit
0.0,ambush,81.0,29.0,40.0,48.0,0.0,Rabbit
0.0,ambush,38.0,55.0,71.0,49.0,0.0,Rabbit
0.0,ambush,5.0,77.0,74.0,11.0,0.0,Rabbit
0.0,ambush,11.0,27.0,36.0,35.0,0.0,Rabbit
0.0,ambush,69.0,13.0,96.0,19.0,0.0,Rabbit
0.0,ambush,99.0,41.0,45.0,33.0,0.0,Rabbit
0.0,ambush,82.0,92.0,21.0,9.0,1.0,Rabbit
0.0,ambush,72.0,98.0,98.0,79.0,1.0,Rabbit
0.0,ambush,28.0,71.0,18.0,77.0,0.0,Rabbit
0.0,ambush,37.0,1.0,49.0,80.0,0.0,Rabbit
0.0,ambush,87.0,82.0,68.0,70.0,1.0,Rabbit
0.0,ambush,97.0,60.0,41.0,91.0,0.0,Rabbit
0.0,ambush,78.0,100.0,9.0,58.0,1.0,Rabbit
0.0,ambush,17.0,77.0,96.0,4.0,0.0,Rabbit
0.0,ambush,79.0,18.0,94.0,30.0,0.0,Rabbit
0.0,ambush,21.0,45.0,7.0,48.0,0.0,Rabbit
0.0,ambush,78.0,2.0,19.0,33.0,1.0,Rabbit
0.0,ambush,16.0,28.0,30.0,33.0,0.0,Rabbit
0.0,ambush,100.0,91.0,97.0,97.0,1.0,Rabbit
0.0,ambush,1.0,45.0,19.0,60.0,0.0,Rabbit
0.0,ambush,40.0,65.0,7.0,59.0,0.0,Rabbit
0.0,ambush,33.0,29.0,11.0,69.0,0.0,Rabbit
0.0,ambush,92.0,70.0,99.0,45.0,1.0,Rabbit
0.0,ambush,31.0,25.0,45.0,14.0,0.0,Rabbit
0.0,ambush,92.0,75.0,13.0,46.0,0.0,Rabbit
0.0,ambush,80.0,42.0,14.0,84.0,0.0,Rabbit
0.0,ambush,75.0,27.0,36.0,59.0,1.0,Rabbit
0.0,ambush,50.0,44.0,35.0,30.0,0.0,Rabbit
0.0,ambush,84.0,69.0,33.0,60.0,1.0,Rabbit
0.0,ambush,12.0,57.0,7.0,69.0,0.0,Rabbit
0.0,ambush,71.0,80.0,67.0,34.0,0.0,Rabbit
0.0,ambush,82.0,25.0,51.0,23.0,1.0,Rabbit
0.0,ambush,97.0,28.0,43.0,89.0,0.0,Rabbit
0.0,ambush,72.0,84.0,19.0,83.0,0.0,Rabbit
0.0,ambush,54.0,70.0,35.0,93.0,0.0,Rabbit
0.0,ambush,84.0,32.0,57.0,81.0,0.0,Rabbit
0.0,ambush,22.0,80.0,5.0,85.0,0.0,Rabbit
0.0,ambush,99.0,30.0,53.0,98.0,0.0,Rabbit
0.0,ambush,23.0,1.0,21.0,95.0,1.0,Rabbit
1.0,ambush,92.0,79.0,57.0,12.0,0.0,Rabbit
1.0,ambush,92.0,79.0,57.0,12.0,1.0,Rabbit
1.0,ambush,37.0,69.0,21.0,86.0,1.0,Rabbit
1.0,ambush,67.0,61.0,88.0,39.0,1.0,Rabbit
1.0,ambush,92.0,79.0,57.0,12.0,0.0,Rabbit
1.0,ambush,81.0,15.0,65.0,37.0,1.0,Rabbit
1.0,ambush,67.0,61.0,88.0,39.0,0.0,Rabbit
1.0,ambush,91.0,78.0,42.0,89.0,0.0,Rabbit
1.0,ambush,37.0,69.0,21.0,86.0,0.0,Rabbit
1.0,ambush,82.0,18.0,83.0,84.0,1.0,Rabbit
1.0,ambush,75.0,44.0,86.0,56.0,0.0,Rabbit
1.0,ambush,67.0,61.0,88.0,39.0,0.0,Rabbit
1.0,ambush,26.0,89.0,77.0,11.0,1.0,Rabbit
1.0,ambush,26.0,89.0,77.0,11.0,0.0,Rabbit
1.0,ambush,75.0,44.0,86.0,56.0,0.0,Rabbit
1.0,ambush,88.0,39.0,79.0,94.0,1.0,Rabbit
1.0,ambush,88.0,39.0,79.0,94.0,0.0,Rabbit
1.0,ambush,88.0,39.0,79.0,94.0,1.0,Rabbit
1.0,ambush,61.0,32.0,3.0,57.0,0.0,Rabbit
1.0,ambush,26.0,89.0,77.0,11.0,0.0,Rabbit
1.0,ambush,8.0,72.0,93.0,63.0,0.0,Rabbit
1.0,ambush,8.0,72.0,93.0,63.0,1.0,Rabbit
1.0,ambush,8.0,72.0,93.0,63.0,0.0,Rabbit
1.0,ambush,78.0,37.0,97.0,50.0,0.0,Rabbit
1.0,ambush,75.0,44.0,86.0,56.0,1.0,Rabbit
1.0,ambush,11.0,21.0,31.0,93.0,0.0,Rabbit
1.0,ambush,67.0,67.0,55.0,16.0,1.0,Rabbit
1.0,ambush,89.0,50.0,81.0,50.0,0.0,Rabbit
1.0,ambush,96.0,8.0,1.0,87.0,1.0,Rabbit
1.0,ambush,11.0,21.0,31.0,93.0,1.0,Rabbit
1.0,ambush,96.0,10.0,1.0,87.0,1.0,Rabbit
1.0,ambush,15.0,91.0,15.0,58.0,0.0,Rabbit
1.0,ambush,61.0,32.0,5.0,57.0,0.0,Rabbit
1.0,ambush,96.0,8.0,1.0,87.0,1.0,Rabbit
1.0,ambush,67.0,67.0,55.0,16.0,0.0,Rabbit
1.0,ambush,15.0,91.0,15.0,58.0,0.0,Rabbit
1.0,ambush,75.0,52.0,69.0,94.0,0.0,Rabbit
1.0,ambush,91.0,78.0,42.0,89.0,0.0,Rabbit
1.0,ambush,75.0,52.0,69.0,94.0,1.0,Rabbit
1.0,ambush,55.0,88.0,40.0,89.0,0.0,Rabbit
1.0,ambush,73.0,63.0,9.0,60.0,0.0,Rabbit
1.0,ambush,33.0,65.0,96.0,18.0,0.0,Rabbit
1.0,ambush,16.0,56.0,12.0,79.0,0.0,Rabbit
1.0,ambush,15.0,84.0,86.0,78.0,0.0,Rabbit
1.0,ambush,16.0,56.0,12.0,79.0,0.0,Rabbit
1.0,ambush,28.0,15.0,4.0,43.0,0.0,Rabbit
1.0,ambush,85.0,54.0,4.0,94.0,0.0,Rabbit
1.0,ambush,28.0,15.0,4.0,43.0,0.0,Rabbit
1.0,ambush,93.0,65.0,13.0,53.0,1.0,Rabbit
1.0,ambush,84.0,35.0,96.0,46.0,0.0,Rabbit
1.0,ambush,15.0,91.0,15.0,58.0,0.0,Rabbit
1.0,ambush,84.0,35.0,96.0,46.0,0.0,Rabbit
1.0,ambush,48.0,71.0,15.0,68.0,0.0,Rabbit
1.0,ambush,48.0,71.0,15.0,68.0,0.0,Rabbit
1.0,ambush,92.0,88.0,34.0,67.0,0.0,Rabbit
1.0,ambush,38.0,88.0,5.0,83.0,1.0,Rabbit
1.0,ambush,21.0,82.0,87.0,53.0,0.0,Rabbit
1.0,ambush,72.0,65.0,79.0,17.0,1.0,Rabbit
1.0,ambush,70.0,78.0,42.0,80.0,1.0,Rabbit
1.0,ambush,70.0,78.0,42.0,80.0,1.0,Rabbit
1.0,ambush,72.0,65.0,79.0,17.0,0.0,Rabbit
1.0,ambush,51.0,68.0,12.0,17.0,0.0,Rabbit
1.0,ambush,38.0,88.0,5.0,83.0,1.0,Rabbit
1.0,ambush,51.0,68.0,12.0,17.0,0.0,Rabbit
1.0,ambush,73.0,60.0,85.0,54.0,0.0,Rabbit
1.0,ambush,51.0,68.0,12.0,17.0,0.0,Rabbit
1.0,ambush,93.0,65.0,13.0,53.0,0.0,Rabbit
1.0,ambush,16.0,56.0,12.0,79.0,0.0,Rabbit
1.0,ambush,67.0,91.0,94.0,38.0,1.0,Rabbit
1.0,ambush,67.0,91.0,94.0,38.0,1.0,Rabbit
1.0,ambush,85.0,68.0,43.0,97.0,1.0,Rabbit
1.0,ambush,73.0,60.0,85.0,54.0,0.0,Rabbit
1.0,ambush,67.0,91.0,94.0,35.0,0.0,Rabbit
1.0,ambush,55.0,50.0,6.0,78.0,1.0,Rabbit
1.0,ambush,82.0,18.0,83.0,84.0,0.0,Rabbit
1.0,ambush,26.0,91.0,98.0,78.0,1.0,Rabbit
1.0,ambush,26.0,91.0,98.0,78.0,0.0,Rabbit
1.0,ambush,84.0,97.0,93.0,21.0,0.0,Rabbit
1.0,ambush,55.0,50.0,6.0,78.0,0.0,Rabbit
1.0,ambush,55.0,50.0,6.0,78.0,0.0,Rabbit
1.0,ambush,93.0,86.0,19.0,47.0,1.0,Rabbit
1.0,ambush,93.0,86.0,19.0,47.0,1.0,Rabbit
1.0,ambush,20.0,93.0,60.0,84.0,0.0,Rabbit
1.0,ambush,31.0,18.0,14.0,39.0,1.0,Rabbit
1.0,ambush,75.0,80.0,66.0,49.0,1.0,Rabbit
1.0,ambush,71.0,86.0,38.0,80.0,1.0,Rabbit
1.0,ambush,26.0,91.0,98.0,78.0,0.0,Rabbit
1.0,ambush,20.0,65.0,98.0,30.0,0.0,Rabbit
1.0,ambush,44.0,73.0,65.0,36.0,1.0,Rabbit
1.0,ambush,67.0,35.0,84.0,34.0,1.0,Rabbit
1.0,ambush,75.0,80.0,66.0,49.0,0.0,Rabbit
1.0,ambush,85.0,68.0,43.0,97.0,0.0,Rabbit
1.0,ambush,67.0,35.0,84.0,34.0,0.0,Rabbit
1.0,ambush,4.0,74.0,25.0,14.0,0.0,Rabbit
1.0,ambush,4.0,74.0,25.0,14.0,1.0,Rabbit
1.0,ambush,4.0,74.0,25.0,14.0,1.0,Rabbit
1.0,ambush,85.0,68.0,43.0,97.0,0.0,Rabbit
1.0,ambush,84.0,57.0,18.0,47.0,1.0,Rabbit
1.0,ambush,84.0,57.0,18.0,47.0,0.0,Rabbit
1.0,ambush,75.0,72.0,31.0,20.0,0.0,Rabbit
1.0,ambush,87.0,99.0,15.0,21.0,1.0,Rabbit
1.0,ambush,20.0,65.0,98.0,30.0,1.0,Rabbit
1.0,ambush,44.0,73.0,65.0,36.0,0.0,Rabbit
1.0,ambush,76.0,96.0,34.0,86.0,1.0,Rabbit
1.0,ambush,67.0,35.0,84.0,34.0,0.0,Rabbit
1.0,ambush,96.0,36.0,4.0,57.0,0.0,Rabbit
1.0,ambush,11.0,34.0,92.0,44.0,0.0,Rabbit
1.0,ambush,75.0,72.0,31.0,20.0,0.0,Rabbit
1.0,ambush,60.0,35.0,15.0,38.0,0.0,Rabbit
1.0,ambush,76.0,96.0,34.0,86.0,0.0,Rabbit
1.0,ambush,84.0,57.0,18.0,47.0,0.0,Rabbit
1.0,ambush,24.0,3.0,24.0,63.0,0.0,Rabbit
1.0,ambush,11.0,34.0,92.0,44.0,1.0,Rabbit
1.0,ambush,53.0,94.0,24.0,6.0,0.0,Rabbit
1.0,ambush,53.0,94.0,24.0,6.0,0.0,Rabbit
1.0,ambush,53.0,94.0,24.0,6.0,1.0,Rabbit
1.0,ambush,76.0,73.0,91.0,66.0,0.0,Rabbit
1.0,ambush,16.0,79.0,40.0,22.0,1.0,Rabbit
1.0,ambush,60.0,35.0,15.0,38.0,0.0,Rabbit
1.0,ambush,11.0,34.0,92.0,44.0,1.0,Rabbit
1.0,ambush,89.0,13.0,31.0,94.0,1.0,Rabbit
1.0,ambush,76.0,96.0,34.0,86.0,0.0,Rabbit
1.0,ambush,7.0,72.0,11.0,26.0,0.0,Rabbit
1.0,ambush,89.0,13.0,31.0,94.0,1.0,Rabbit
1.0,ambush,56.0,32.0,98.0,6.0,0.0,Rabbit
1.0,ambush,60.0,36.0,98.0,6.0,0.0,Rabbit
1.0,ambush,18.0,39.0,10.0,83.0,0.0,Rabbit
1.0,ambush,78.0,66.0,92.0,61.0,1.0,Rabbit
1.0,ambush,69.0,32.0,94.0,52.0,1.0,Rabbit
1.0,ambush,60.0,36.0,98.0,6.0,0.0,Rabbit
1.0,ambush,16.0,79.0,40.0,22.0,0.0,Rabbit
1.0,ambush,11.0,38.0,56.0,39.0,0.0,Rabbit
1.0,ambush,20.0,7.0,84.0,92.0,0.0,Rabbit
1.0,ambush,97.0,99.0,34.0,57.0,1.0,Rabbit
1.0,ambush,97.0,99.0,34.0,57.0,1.0,Rabbit
1.0,ambush,100.0,49.0,87.0,61.0,0.0,Rabbit
1.0,ambush,97.0,99.0,34.0,57.0,0.0,Rabbit
1.0,ambush,5.0,45.0,33.0,48.0,0.0,Rabbit
1.0,ambush,58.0,88.0,41.0,43.0,0.0,Rabbit
1.0,ambush,60.0,35.0,15.0,38.0,0.0,Rabbit
1.0,ambush,57.0,97.0,65.0,21.0,0.0,Rabbit
1.0,ambush,57.0,97.0,65.0,21.0,0.0,Rabbit
1.0,ambush,57.0,97.0,65.0,21.0,0.0,Rabbit
1.0,ambush,90.0,63.0,95.0,33.0,0.0,Rabbit
1.0,ambush,14.0,99.0,77.0,79.0,1.0,Rabbit
1.0,ambush,74.0,53.0,55.0,19.0,1.0,Rabbit
1.0,ambush,74.0,53.0,55.0,19.0,1.0,Rabbit
1.0,ambush,24.0,3.0,24.0,63.0,0.0,Rabbit
1.0,ambush,74.0,53.0,55.0,19.0,0.0,Rabbit
1.0,ambush,86.0,82.0,5.0,47.0,1.0,Rabbit
1.0,ambush,86.0,82.0,5.0,47.0,1.0,Rabbit
1.0,ambush,95.0,26.0,58.0,98.0,0.0,Rabbit
1.0,ambush,86.0,82.0,5.0,47.0,1.0,Rabbit
1.0,ambush,74.0,88.0,38.0,35.0,0.0,Rabbit
1.0,ambush,78.0,13.0,5.0,88.0,0.0,Rabbit
1.0,ambush,78.0,13.0,5.0,88.0,0.0,Rabbit
1.0,ambush,78.0,13.0,5.0,88.0,1.0,Rabbit
1.0,ambush,90.0,63.0,95.0,33.0,0.0,Rabbit
1.0,ambush,65.0,59.0,3.0,59.0,0.0,Rabbit
1.0,ambush,65.0,59.0,3.0,59.0,1.0,Rabbit
1.0,ambush,98.0,63.0,41.0,90.0,1.0,Rabbit
1.0,ambush,65.0,59.0,3.0,59.0,1.0,Rabbit
1.0,ambush,22.0,91.0,12.0,43.0,1.0,Rabbit
1.0,ambush,98.0,63.0,41.0,90.0,1.0,Rabbit
1.0,ambush,22.0,91.0,12.0,43.0,1.0,Rabbit
1.0,ambush,63.0,71.0,96.0,98.0,1.0,Rabbit
1.0,ambush,20.0,7.0,84.0,92.0,1.0,Rabbit
1.0,ambush,62.0,69.0,45.0,85.0,0.0,Rabbit
1.0,ambush,68.0,83.0,19.0,89.0,0.0,Rabbit
1.0,ambush,14.0,57.0,19.0,93.0,0.0,Rabbit
1.0,ambush,52.0,26.0,22.0,53.0,0.0,Rabbit
1.0,ambush,14.0,57.0,19.0,93.0,0.0,Rabbit
1.0,ambush,98.0,63.0,41.0,90.0,0.0,Rabbit
1.0,ambush,26.0,96.0,37.0,48.0,1.0,Rabbit
1.0,ambush,15.0,94.0,28.0,65.0,0.0,Rabbit
1.0,ambush,63.0,71.0,96.0,98.0,0.0,Rabbit
1.0,ambush,26.0,96.0,37.0,48.0,1.0,Rabbit
1.0,ambush,21.0,96.0,39.0,48.0,1.0,Rabbit
1.0,ambush,53.0,45.0,98.0,26.0,0.0,Rabbit
1.0,ambush,26.0,98.0,24.0,29.0,1.0,Rabbit
1.0,ambush,26.0,98.0,24.0,29.0,1.0,Rabbit
1.0,ambush,26.0,98.0,24.0,29.0,1.0,Rabbit
1.0,ambush,15.0,94.0,28.0,65.0,1.0,Rabbit
1.0,ambush,14.0,57.0,19.0,93.0,0.0,Rabbit
1.0,ambush,11.0,85.0,57.0,82.0,0.0,Rabbit
1.0,ambush,7.0,85.0,57.0,78.0,1.0,Rabbit
1.0,ambush,68.0,52.0,91.0,37.0,1.0,Rabbit
1.0,ambush,81.0,94.0,68.0,71.0,0.0,Rabbit
1.0,ambush,53.0,45.0,98.0,26.0,1.0,Rabbit
1.0,ambush,15.0,94.0,28.0,65.0,0.0,Rabbit
1.0,ambush,95.0,26.0,58.0,98.0,0.0,Rabbit
1.0,ambush,46.0,10.0,78.0,82.0,0.0,Rabbit
1.0,ambush,69.0,75.0,46.0,59.0,1.0,Rabbit
1.0,ambush,67.0,33.0,3.0,89.0,1.0,Rabbit
1.0,ambush,69.0,75.0,46.0,59.0,0.0,Rabbit
1.0,ambush,95.0,26.0,58.0,98.0,0.0,Rabbit
1.0,ambush,15.0,31.0,20.0,84.0,0.0,Rabbit
1.0,ambush,15.0,31.0,20.0,79.0,0.0,Rabbit
1.0,ambush,91.0,6.0,86.0,96.0,0.0,Rabbit
1.0,ambush,91.0,6.0,86.0,96.0,0.0,Rabbit
1.0,ambush,38.0,65.0,93.0,60.0,1.0,Rabbit
1.0,ambush,57.0,75.0,55.0,65.0,1.0,Rabbit
1.0,ambush,57.0,75.0,51.0,65.0,1.0,Rabbit
1.0,ambush,72.0,70.0,70.0,81.0,0.0,Rabbit
1.0,ambush,33.0,92.0,56.0,82.0,1.0,Rabbit
1.0,ambush,57.0,75.0,51.0,65.0,1.0,Rabbit
1.0,ambush,24.0,12.0,62.0,82.0,0.0,Rabbit
1.0,ambush,17.0,45.0,27.0,48.0,1.0,Rabbit
1.0,ambush,61.0,6.0,95.0,55.0,1.0,Rabbit
1.0,ambush,67.0,33.0,3.0,89.0,0.0,Rabbit
1.0,ambush,61.0,6.0,95.0,55.0,1.0,Rabbit
1.0,ambush,15.0,31.0,20.0,84.0,0.0,Rabbit
1.0,ambush,44.0,88.0,41.0,45.0,0.0,Rabbit
1.0,ambush,24.0,17.0,99.0,28.0,0.0,Rabbit
1.0,ambush,78.0,22.0,81.0,23.0,0.0,Rabbit
1.0,ambush,72.0,87.0,23.0,89.0,1.0,Rabbit
1.0,ambush,78.0,22.0,81.0,23.0,0.0,Rabbit
1.0,ambush,67.0,33.0,3.0,89.0,0.0,Rabbit
1.0,ambush,72.0,87.0,23.0,89.0,1.0,Rabbit
1.0,ambush,89.0,70.0,23.0,42.0,1.0,Rabbit
1.0,ambush,65.0,37.0,81.0,58.0,1.0,Rabbit
1.0,ambush,69.0,37.0,81.0,58.0,1.0,Rabbit
1.0,ambush,24.0,12.0,62.0,82.0,1.0,Rabbit
1.0,ambush,82.0,14.0,6.0,56.0,1.0,Rabbit
1.0,ambush,55.0,24.0,20.0,42.0,0.0,Rabbit
1.0,ambush,65.0,37.0,81.0,58.0,0.0,Rabbit
1.0,ambush,55.0,24.0,20.0,42.0,0.0,Rabbit
1.0,ambush,55.0,24.0,20.0,42.0,0.0,Rabbit
1.0,ambush,30.0,43.0,88.0,62.0,0.0,Rabbit
1.0,ambush,30.0,43.0,88.0,62.0,0.0,Rabbit
1.0,ambush,59.0,43.0,54.0,99.0,0.0,Rabbit
1.0,ambush,30.0,43.0,88.0,62.0,0.0,Rabbit
1.0,ambush,53.0,28.0,93.0,31.0,1.0,Rabbit
1.0,ambush,69.0,64.0,44.0,55.0,1.0,Rabbit
1.0,ambush,57.0,90.0,51.0,34.0,0.0,Rabbit
1.0,ambush,18.0,80.0,74.0,95.0,1.0,Rabbit
1.0,ambush,18.0,80.0,74.0,95.0,0.0,Rabbit
1.0,ambush,58.0,98.0,76.0,19.0,1.0,Rabbit
1.0,ambush,53.0,28.0,93.0,31.0,1.0,Rabbit
1.0,ambush,89.0,70.0,23.0,42.0,0.0,Rabbit
1.0,ambush,58.0,98.0,76.0,19.0,1.0,Rabbit
1.0,ambush,5.0,94.0,38.0,64.0,0.0,Rabbit
1.0,ambush,58.0,98.0,73.0,20.0,0.0,Rabbit
1.0,ambush,38.0,37.0,74.0,52.0,0.0,Rabbit
1.0,ambush,74.0,34.0,9.0,44.0,1.0,Rabbit
1.0,ambush,5.0,94.0,38.0,64.0,0.0,Rabbit
1.0,ambush,46.0,10.0,78.0,82.0,1.0,Rabbit
1.0,ambush,44.0,33.0,87.0,41.0,0.0,Rabbit
1.0,ambush,44.0,33.0,87.0,41.0,0.0,Rabbit
1.0,ambush,35.0,40.0,87.0,20.0,0.0,Rabbit
1.0,ambush,24.0,12.0,62.0,82.0,1.0,Rabbit
1.0,ambush,32.0,33.0,68.0,20.0,0.0,Rabbit
1.0,ambush,5.0,94.0,38.0,64.0,1.0,Rabbit
1.0,ambush,89.0,85.0,14.0,59.0,1.0,Rabbit
1.0,ambush,6.0,68.0,5.0,51.0,0.0,Rabbit
1.0,ambush,47.0,65.0,58.0,12.0,0.0,Rabbit
1.0,ambush,47.0,65.0,58.0,12.0,1.0,Rabbit
1.0,ambush,12.0,66.0,80.0,54.0,1.0,Rabbit
1.0,ambush,69.0,64.0,44.0,55.0,0.0,Rabbit
1.0,ambush,63.0,49.0,33.0,66.0,1.0,Rabbit
1.0,ambush,91.0,6.0,86.0,96.0,0.0,Rabbit
1.0,ambush,89.0,85.0,14.0,59.0,0.0,Rabbit
1.0,ambush,80.0,25.0,48.0,63.0,0.0,Rabbit
1.0,ambush,20.0,99.0,78.0,91.0,1.0,Rabbit
1.0,ambush,26.0,92.0,7.0,78.0,1.0,Rabbit
1.0,ambush,20.0,99.0,78.0,91.0,1.0,Rabbit
1.0,ambush,27.0,25.0,78.0,45.0,0.0,Rabbit
1.0,ambush,26.0,92.0,7.0,78.0,1.0,Rabbit
1.0,ambush,89.0,85.0,14.0,59.0,0.0,Rabbit
1.0,ambush,20.0,71.0,67.0,95.0,1.0,Rabbit
1.0,ambush,35.0,40.0,87.0,20.0,1.0,Rabbit
1.0,ambush,87.0,47.0,51.0,47.0,1.0,Rabbit
1.0,ambush,87.0,47.0,51.0,47.0,0.0,Rabbit
1.0,ambush,12.0,66.0,80.0,54.0,1.0,Rabbit
1.0,ambush,87.0,47.0,51.0,47.0,0.0,Rabbit
1.0,ambush,17.0,47.0,22.0,37.0,1.0,Rabbit
1.0,ambush,79.0,87.0,58.0,27.0,1.0,Rabbit
1.0,ambush,99.0,77.0,54.0,53.0,0.0,Rabbit
1.0,ambush,79.0,87.0,58.0,27.0,1.0,Rabbit
1.0,ambush,69.0,86.0,83.0,77.0,1.0,Rabbit
1.0,ambush,20.0,71.0,67.0,95.0,0.0,Rabbit
1.0,ambush,26.0,92.0,7.0,78.0,0.0,Rabbit
1.0,ambush,14.0,95.0,66.0,6.0,1.0,Rabbit
1.0,ambush,88.0,11.0,51.0,15.0,0.0,Rabbit
1.0,ambush,84.0,76.0,61.0,13.0,0.0,Rabbit
1.0,ambush,84.0,76.0,61.0,13.0,0.0,Rabbit
1.0,ambush,20.0,71.0,67.0,95.0,0.0,Rabbit
1.0,ambush,80.0,25.0,48.0,63.0,0.0,Rabbit
1.0,ambush,79.0,91.0,91.0,31.0,1.0,Rabbit
1.0,ambush,17.0,47.0,22.0,37.0,0.0,Rabbit
1.0,ambush,97.0,60.0,37.0,18.0,0.0,Rabbit
1.0,ambush,88.0,87.0,3.0,30.0,0.0,Rabbit
1.0,ambush,38.0,39.0,71.0,14.0,0.0,Rabbit
1.0,ambush,30.0,72.0,83.0,85.0,1.0,Rabbit
1.0,ambush,79.0,91.0,91.0,31.0,0.0,Rabbit
1.0,ambush,38.0,39.0,71.0,14.0,0.0,Rabbit
1.0,ambush,38.0,39.0,71.0,14.0,0.0,Rabbit
1.0,ambush,66.0,58.0,8.0,53.0,1.0,Rabbit
1.0,ambush,88.0,93.0,92.0,4.0,1.0,Rabbit
1.0,ambush,88.0,93.0,92.0,4.0,0.0,Rabbit
1.0,ambush,36.0,31.0,73.0,42.0,0.0,Rabbit
1.0,ambush,36.0,31.0,73.0,42.0,0.0,Rabbit
1.0,ambush,40.0,31.0,73.0,42.0,0.0,Rabbit
1.0,ambush,98.0,69.0,3.0,6.0,0.0,Rabbit
1.0,ambush,98.0,69.0,3.0,6.0,0.0,Rabbit
1.0,ambush,16.0,23.0,33.0,35.0,0.0,Rabbit
1.0,ambush,16.0,23.0,33.0,35.0,0.0,Rabbit
1.0,ambush,77.0,62.0,99.0,17.0,0.0,Rabbit
1.0,ambush,63.0,76.0,56.0,18.0,0.0,Rabbit
1.0,ambush,62.0,14.0,79.0,52.0,0.0,Rabbit
1.0,ambush,88.0,93.0,92.0,4.0,0.0,Rabbit
1.0,ambush,62.0,14.0,79.0,52.0,1.0,Rabbit
1.0,ambush,79.0,91.0,91.0,31.0,0.0,Rabbit
1.0,ambush,68.0,53.0,89.0,71.0,0.0,Rabbit
1.0,ambush,69.0,86.0,83.0,77.0,0.0,Rabbit
1.0,ambush,99.0,71.0,24.0,26.0,1.0,Rabbit
1.0,ambush,30.0,72.0,83.0,85.0,0.0,Rabbit
1.0,ambush,23.0,51.0,86.0,65.0,0.0,Rabbit
1.0,ambush,23.0,51.0,86.0,65.0,0.0,Rabbit
1.0,ambush,13.0,39.0,31.0,15.0,1.0,Rabbit
1.0,ambush,17.0,79.0,23.0,20.0,0.0,Rabbit
1.0,ambush,77.0,62.0,99.0,17.0,0.0,Rabbit
1.0,ambush,69.0,51.0,6.0,40.0,0.0,Rabbit
1.0,ambush,65.0,63.0,34.0,91.0,1.0,Rabbit
1.0,ambush,61.0,95.0,63.0,56.0,1.0,Rabbit
1.0,ambush,61.0,95.0,63.0,56.0,1.0,Rabbit
1.0,ambush,30.0,72.0,83.0,85.0,0.0,Rabbit
1.0,ambush,16.0,65.0,3.0,13.0,0.0,Rabbit
1.0,ambush,16.0,65.0,3.0,13.0,0.0,Rabbit
1.0,ambush,13.0,39.0,31.0,15.0,1.0,Rabbit
1.0,ambush,69.0,90.0,100.0,89.0,1.0,Rabbit
1.0,ambush,13.0,39.0,31.0,15.0,0.0,Rabbit
1.0,ambush,31.0,81.0,70.0,74.0,1.0,Rabbit
1.0,ambush,31.0,81.0,70.0,74.0,1.0,Rabbit
1.0,ambush,21.0,93.0,64.0,68.0,0.0,Rabbit
1.0,ambush,87.0,1.0,29.0,51.0,0.0,Rabbit
1.0,ambush,51.0,85.0,80.0,14.0,0.0,Rabbit
1.0,ambush,89.0,88.0,14.0,37.0,0.0,Rabbit
1.0,ambush,51.0,85.0,80.0,14.0,1.0,Rabbit
1.0,ambush,95.0,68.0,99.0,14.0,1.0,Rabbit
1.0,ambush,16.0,65.0,3.0,13.0,0.0,Rabbit
1.0,ambush,51.0,85.0,80.0,14.0,0.0,Rabbit
1.0,ambush,99.0,41.0,98.0,63.0,0.0,Rabbit
1.0,ambush,14.0,61.0,93.0,45.0,0.0,Rabbit
1.0,ambush,35.0,66.0,94.0,47.0,1.0,Rabbit
1.0,ambush,95.0,68.0,99.0,14.0,0.0,Rabbit
1.0,ambush,61.0,95.0,63.0,56.0,0.0,Rabbit
1.0,ambush,15.0,14.0,60.0,55.0,0.0,Rabbit
1.0,ambush,65.0,63.0,34.0,91.0,0.0,Rabbit
1.0,ambush,15.0,14.0,60.0,55.0,0.0,Rabbit
1.0,ambush,85.0,86.0,20.0,12.0,1.0,Rabbit
1.0,ambush,31.0,81.0,70.0,74.0,0.0,Rabbit
1.0,ambush,30.0,47.0,99.0,49.0,0.0,Rabbit
1.0,ambush,30.0,52.0,99.0,49.0,1.0,Rabbit
1.0,ambush,60.0,81.0,95.0,13.0,1.0,Rabbit
1.0,ambush,30.0,47.0,99.0,49.0,0.0,Rabbit
1.0,ambush,60.0,81.0,95.0,13.0,1.0,Rabbit
1.0,ambush,75.0,44.0,96.0,97.0,1.0,Rabbit
1.0,ambush,81.0,14.0,60.0,79.0,0.0,Rabbit
1.0,ambush,65.0,63.0,34.0,91.0,0.0,Rabbit
1.0,ambush,35.0,66.0,94.0,47.0,0.0,Rabbit
1.0,ambush,35.0,66.0,94.0,47.0,0.0,Rabbit
1.0,ambush,72.0,70.0,81.0,60.0,1.0,Rabbit
1.0,ambush,26.0,66.0,75.0,74.0,0.0,Rabbit
1.0,ambush,65.0,91.0,86.0,45.0,1.0,Rabbit
1.0,ambush,9.0,77.0,84.0,97.0,0.0,Rabbit
1.0,ambush,9.0,77.0,84.0,97.0,0.0,Rabbit
1.0,ambush,24.0,78.0,2.0,47.0,1.0,Rabbit
1.0,ambush,24.0,78.0,2.0,43.0,1.0,Rabbit
1.0,ambush,37.0,64.0,23.0,53.0,0.0,Rabbit
1.0,ambush,52.0,78.0,18.0,83.0,0.0,Rabbit
1.0,ambush,37.0,63.0,23.0,53.0,0.0,Rabbit
1.0,ambush,59.0,69.0,91.0,8.0,0.0,Rabbit
1.0,ambush,29.0,95.0,53.0,19.0,0.0,Rabbit
1.0,ambush,29.0,95.0,53.0,19.0,1.0,Rabbit
1.0,ambush,94.0,24.0,42.0,59.0,0.0,Rabbit
1.0,ambush,34.0,2.0,65.0,38.0,0.0,Rabbit
1.0,ambush,34.0,2.0,65.0,38.0,0.0,Rabbit
1.0,ambush,29.0,95.0,53.0,19.0,0.0,Rabbit
1.0,ambush,47.0,21.0,80.0,45.0,0.0,Rabbit
1.0,ambush,59.0,69.0,91.0,8.0,0.0,Rabbit
1.0,ambush,23.0,96.0,94.0,41.0,0.0,Rabbit
1.0,ambush,94.0,38.0,14.0,37.0,0.0,Rabbit
1.0,ambush,93.0,3.0,14.0,82.0,0.0,Rabbit
1.0,ambush,23.0,96.0,94.0,41.0,0.0,Rabbit
1.0,ambush,88.0,57.0,71.0,72.0,0.0,Rabbit
1.0,ambush,81.0,1.0,99.0,64.0,1.0,Rabbit
1.0,ambush,81.0,1.0,99.0,64.0,1.0,Rabbit
1.0,ambush,7.0,69.0,43.0,43.0,0.0,Rabbit
1.0,ambush,83.0,26.0,49.0,28.0,0.0,Rabbit
1.0,ambush,78.0,59.0,28.0,75.0,1.0,Rabbit
1.0,ambush,83.0,26.0,49.0,28.0,1.0,Rabbit
1.0,ambush,70.0,99.0,13.0,20.0,1.0,Rabbit
1.0,ambush,88.0,57.0,71.0,72.0,0.0,Rabbit
1.0,ambush,81.0,14.0,60.0,79.0,0.0,Rabbit
1.0,ambush,67.0,96.0,32.0,53.0,0.0,Rabbit
1.0,ambush,34.0,2.0,65.0,38.0,0.0,Rabbit
1.0,ambush,75.0,44.0,96.0,97.0,0.0,Rabbit
1.0,ambush,83.0,80.0,67.0,93.0,1.0,Rabbit
1.0,ambush,47.0,31.0,15.0,32.0,0.0,Rabbit
1.0,ambush,83.0,26.0,49.0,28.0,0.0,Rabbit
1.0,ambush,47.0,31.0,15.0,32.0,0.0,Rabbit
1.0,ambush,67.0,96.0,32.0,53.0,0.0,Rabbit
1.0,ambush,47.0,31.0,15.0,32.0,1.0,Rabbit
1.0,ambush,69.0,56.0,87.0,30.0,1.0,Rabbit
1.0,ambush,69.0,56.0,87.0,30.0,1.0,Rabbit
1.0,ambush,74.0,57.0,15.0,88.0,1.0,Rabbit
1.0,ambush,88.0,97.0,80.0,77.0,0.0,Rabbit
1.0,ambush,81.0,92.0,33.0,6.0,0.0,Rabbit
1.0,ambush,91.0,11.0,79.0,77.0,0.0,Rabbit
1.0,ambush,93.0,81.0,91.0,99.0,1.0,Rabbit
1.0,ambush,93.0,81.0,91.0,99.0,1.0,Rabbit
1.0,ambush,88.0,81.0,83.0,69.0,1.0,Rabbit
1.0,ambush,81.0,84.0,40.0,3.0,0.0,Rabbit
1.0,ambush,91.0,11.0,79.0,70.0,0.0,Rabbit
1.0,ambush,97.0,56.0,93.0,22.0,1.0,Rabbit
1.0,ambush,97.0,56.0,93.0,22.0,1.0,Rabbit
1.0,ambush,85.0,84.0,33.0,80.0,1.0,Rabbit
1.0,ambush,81.0,1.0,99.0,64.0,0.0,Rabbit
1.0,ambush,39.0,83.0,68.0,100.0,1.0,Rabbit
1.0,ambush,69.0,56.0,87.0,30.0,0.0,Rabbit
1.0,ambush,80.0,15.0,84.0,94.0,0.0,Rabbit
1.0,ambush,66.0,44.0,73.0,23.0,0.0,Rabbit
1.0,ambush,62.0,14.0,79.0,52.0,0.0,Rabbit
1.0,ambush,93.0,5.0,42.0,90.0,1.0,Rabbit
1.0,ambush,40.0,66.0,32.0,74.0,0.0,Rabbit
1.0,ambush,7.0,84.0,95.0,42.0,0.0,Rabbit
1.0,ambush,37.0,79.0,68.0,100.0,0.0,Rabbit
1.0,ambush,74.0,57.0,15.0,88.0,0.0,Rabbit
1.0,ambush,92.0,58.0,30.0,54.0,0.0,Rabbit
1.0,ambush,14.0,84.0,66.0,82.0,0.0,Rabbit
1.0,ambush,91.0,11.0,79.0,77.0,0.0,Rabbit
1.0,ambush,96.0,80.0,19.0,70.0,1.0,Rabbit
1.0,ambush,13.0,58.0,23.0,35.0,0.0,Rabbit
1.0,ambush,14.0,84.0,66.0,82.0,0.0,Rabbit
1.0,ambush,14.0,84.0,66.0,82.0,0.0,Rabbit
1.0,ambush,78.0,69.0,55.0,74.0,1.0,Rabbit
1.0,ambush,86.0,7.0,60.0,60.0,1.0,Rabbit
1.0,ambush,86.0,7.0,60.0,60.0,0.0,Rabbit
1.0,ambush,86.0,7.0,60.0,60.0,0.0,Rabbit
1.0,ambush,93.0,5.0,42.0,90.0,0.0,Rabbit
1.0,ambush,80.0,15.0,84.0,94.0,0.0,Rabbit
1.0,ambush,45.0,81.0,54.0,2.0,0.0,Rabbit
1.0,ambush,45.0,81.0,54.0,2.0,0.0,Rabbit
1.0,ambush,78.0,69.0,55.0,74.0,0.0,Rabbit
1.0,ambush,93.0,5.0,42.0,90.0,0.0,Rabbit
1.0,ambush,35.0,95.0,27.0,53.0,0.0,Rabbit
1.0,ambush,35.0,95.0,27.0,53.0,0.0,Rabbit
1.0,ambush,66.0,88.0,58.0,9.0,1.0,Rabbit
1.0,ambush,66.0,88.0,58.0,9.0,0.0,Rabbit
1.0,ambush,45.0,81.0,54.0,2.0,0.0,Rabbit
1.0,ambush,1.0,91.0,96.0,19.0,0.0,Rabbit
1.0,ambush,80.0,14.0,78.0,85.0,1.0,Rabbit
1.0,ambush,96.0,80.0,19.0,70.0,0.0,Rabbit
1.0,ambush,80.0,14.0,78.0,85.0,1.0,Rabbit
1.0,ambush,75.0,86.0,7.0,64.0,1.0,Rabbit
1.0,ambush,35.0,95.0,27.0,53.0,0.0,Rabbit
1.0,ambush,60.0,63.0,35.0,88.0,1.0,Rabbit
1.0,ambush,78.0,69.0,55.0,74.0,0.0,Rabbit
1.0,ambush,70.0,49.0,31.0,49.0,0.0,Rabbit
1.0,ambush,38.0,94.0,14.0,79.0,0.0,Rabbit
1.0,ambush,75.0,86.0,7.0,64.0,0.0,Rabbit
1.0,ambush,6.0,85.0,12.0,17.0,0.0,Rabbit
1.0,ambush,6.0,85.0,12.0,17.0,0.0,Rabbit
1.0,ambush,61.0,89.0,30.0,93.0,1.0,Rabbit
1.0,ambush,61.0,89.0,30.0,93.0,1.0,Rabbit
1.0,ambush,27.0,93.0,24.0,79.0,0.0,Rabbit
1.0,ambush,71.0,96.0,88.0,14.0,1.0,Rabbit
1.0,ambush,61.0,89.0,30.0,93.0,1.0,Rabbit
1.0,ambush,9.0,84.0,3.0,54.0,0.0,Rabbit
1.0,ambush,9.0,84.0,3.0,54.0,1.0,Rabbit
1.0,ambush,87.0,40.0,12.0,76.0,0.0,Rabbit
1.0,ambush,9.0,84.0,3.0,54.0,1.0,Rabbit
1.0,ambush,79.0,12.0,43.0,93.0,1.0,Rabbit
1.0,ambush,75.0,93.0,49.0,26.0,1.0,Rabbit
1.0,ambush,79.0,12.0,43.0,93.0,1.0,Rabbit
1.0,ambush,75.0,93.0,49.0,26.0,1.0,Rabbit
1.0,ambush,83.0,53.0,79.0,68.0,0.0,Rabbit
1.0,ambush,63.0,73.0,82.0,18.0,0.0,Rabbit
1.0,ambush,17.0,36.0,97.0,98.0,1.0,Rabbit
1.0,ambush,71.0,96.0,88.0,14.0,0.0,Rabbit
1.0,ambush,39.0,92.0,83.0,10.0,1.0,Rabbit
1.0,ambush,91.0,56.0,25.0,19.0,0.0,Rabbit
1.0,ambush,27.0,93.0,24.0,79.0,0.0,Rabbit
1.0,ambush,86.0,58.0,30.0,72.0,1.0,Rabbit
1.0,ambush,75.0,93.0,49.0,26.0,0.0,Rabbit
1.0,ambush,59.0,19.0,47.0,16.0,0.0,Rabbit
1.0,ambush,86.0,58.0,30.0,72.0,1.0,Rabbit
1.0,ambush,19.0,42.0,26.0,20.0,1.0,Rabbit
1.0,ambush,59.0,19.0,47.0,16.0,0.0,Rabbit
1.0,ambush,75.0,32.0,63.0,13.0,1.0,Rabbit
1.0,ambush,75.0,32.0,63.0,13.0,0.0,Rabbit
1.0,ambush,19.0,42.0,26.0,20.0,1.0,Rabbit
1.0,ambush,16.0,94.0,40.0,82.0,1.0,Rabbit
1.0,ambush,6.0,22.0,12.0,15.0,0.0,Rabbit
1.0,ambush,19.0,42.0,26.0,20.0,1.0,Rabbit
1.0,ambush,67.0,80.0,79.0,95.0,1.0,Rabbit
1.0,ambush,70.0,69.0,73.0,95.0,1.0,Rabbit
1.0,ambush,16.0,94.0,40.0,82.0,0.0,Rabbit
1.0,ambush,70.0,69.0,73.0,95.0,1.0,Rabbit
1.0,ambush,70.0,69.0,73.0,95.0,1.0,Rabbit
1.0,ambush,28.0,47.0,54.0,16.0,0.0,Rabbit
1.0,ambush,15.0,90.0,21.0,86.0,0.0,Rabbit
1.0,ambush,15.0,90.0,21.0,86.0,0.0,Rabbit
1.0,ambush,85.0,96.0,41.0,21.0,1.0,Rabbit
1.0,ambush,85.0,96.0,41.0,21.0,1.0,Rabbit
1.0,ambush,72.0,52.0,48.0,86.0,1.0,Rabbit
1.0,ambush,18.0,4.0,5.0,68.0,0.0,Rabbit
1.0,ambush,18.0,4.0,5.0,68.0,0.0,Rabbit
1.0,ambush,87.0,89.0,87.0,38.0,1.0,Rabbit
1.0,ambush,87.0,89.0,87.0,38.0,1.0,Rabbit
1.0,ambush,85.0,96.0,41.0,21.0,1.0,Rabbit
1.0,ambush,50.0,82.0,98.0,69.0,1.0,Rabbit
1.0,ambush,81.0,22.0,70.0,67.0,0.0,Rabbit
1.0,ambush,30.0,47.0,54.0,16.0,1.0,Rabbit
1.0,ambush,50.0,82.0,94.0,69.0,1.0,Rabbit
1.0,ambush,67.0,38.0,47.0,61.0,1.0,Rabbit
1.0,ambush,78.0,79.0,90.0,71.0,1.0,Rabbit
1.0,ambush,96.0,69.0,47.0,87.0,1.0,Rabbit
1.0,ambush,30.0,47.0,54.0,16.0,1.0,Rabbit
1.0,ambush,96.0,69.0,47.0,87.0,1.0,Rabbit
1.0,ambush,64.0,38.0,45.0,61.0,0.0,Rabbit
1.0,ambush,76.0,58.0,7.0,97.0,0.0,Rabbit
1.0,ambush,31.0,86.0,40.0,18.0,0.0,Rabbit
1.0,ambush,50.0,82.0,94.0,69.0,0.0,Rabbit
1.0,ambush,67.0,38.0,47.0,61.0,0.0,Rabbit
1.0,ambush,72.0,52.0,48.0,86.0,0.0,Rabbit
1.0,ambush,84.0,75.0,27.0,54.0,1.0,Rabbit
1.0,ambush,70.0,60.0,11.0,81.0,1.0,Rabbit
1.0,ambush,17.0,79.0,98.0,4.0,0.0,Rabbit
1.0,ambush,84.0,75.0,27.0,54.0,1.0,Rabbit
1.0,ambush,82.0,92.0,21.0,12.0,1.0,Rabbit
1.0,ambush,84.0,75.0,27.0,54.0,0.0,Rabbit
1.0,ambush,82.0,92.0,21.0,9.0,0.0,Rabbit
1.0,ambush,72.0,98.0,100.0,79.0,1.0,Rabbit
1.0,ambush,70.0,60.0,11.0,81.0,0.0,Rabbit
1.0,ambush,78.0,100.0,9.0,58.0,1.0,Rabbit
1.0,ambush,87.0,82.0,68.0,70.0,0.0,Rabbit
1.0,ambush,78.0,100.0,9.0,58.0,1.0,Rabbit
1.0,ambush,78.0,2.0,19.0,33.0,0.0,Rabbit
1.0,ambush,21.0,40.0,77.0,75.0,0.0,Rabbit
1.0,ambush,92.0,70.0,99.0,45.0,1.0,Rabbit
1.0,ambush,92.0,70.0,99.0,45.0,1.0,Rabbit
1.0,ambush,84.0,69.0,33.0,60.0,1.0,Rabbit
1.0,ambush,84.0,69.0,33.0,60.0,1.0,Rabbit
1.0,ambush,100.0,91.0,97.0,97.0,1.0,Rabbit
1.0,ambush,82.0,25.0,51.0,23.0,0.0,Rabbit
1.0,ambush,23.0,1.0,21.0,95.0,0.0,Rabbit
1.0,ambush,82.0,92.0,21.0,9.0,0.0,Rabbit
1.0,ambush,72.0,98.0,98.0,79.0,0.0,Rabbit
1.0,ambush,23.0,1.0,21.0,95.0,0.0,Rabbit
1.0,ambush,84.0,69.0,33.0,60.0,0.0,Rabbit
1.0,ambush,76.0,58.0,11.0,97.0,0.0,Rabbit
1.0,ambush,76.0,58.0,7.0,97.0,0.0,Rabbit
1.0,ambush,75.0,27.0,36.0,59.0,0.0,Rabbit
1.0,ambush,80.0,14.0,78.0,85.0,0.0,Rabbit
2.0,ambush,13.0,39.0,31.0,15.0,1.0,Rabbit
2.0,ambush,13.0,39.0,31.0,15.0,0.0,Rabbit
2.0,ambush,31.0,18.0,14.0,39.0,0.0,Rabbit
2.0,ambush,13.0,39.0,31.0,15.0,0.0,Rabbit
2.0,ambush,4.0,74.0,25.0,14.0,0.0,Rabbit
2.0,ambush,4.0,74.0,25.0,14.0,1.0,Rabbit
2.0,ambush,19.0,42.0,26.0,20.0,0.0,Rabbit
2.0,ambush,19.0,42.0,26.0,20.0,0.0,Rabbit
2.0,ambush,17.0,47.0,22.0,37.0,1.0,Rabbit
2.0,ambush,4.0,74.0,25.0,14.0,0.0,Rabbit
2.0,ambush,17.0,47.0,22.0,37.0,0.0,Rabbit
2.0,ambush,4.0,74.0,22.0,14.0,0.0,Rabbit
2.0,ambush,47.0,31.0,15.0,32.0,0.0,Rabbit
2.0,ambush,17.0,45.0,27.0,48.0,0.0,Rabbit
2.0,ambush,19.0,42.0,26.0,20.0,0.0,Rabbit
2.0,ambush,30.0,47.0,54.0,16.0,0.0,Rabbit
2.0,ambush,47.0,31.0,15.0,32.0,0.0,Rabbit
2.0,ambush,19.0,42.0,26.0,20.0,1.0,Rabbit
2.0,ambush,19.0,42.0,26.0,20.0,0.0,Rabbit
2.0,ambush,31.0,47.0,56.0,16.0,0.0,Rabbit
2.0,ambush,13.0,39.0,31.0,15.0,0.0,Rabbit
2.0,ambush,24.0,78.0,2.0,43.0,1.0,Rabbit
2.0,ambush,17.0,45.0,27.0,48.0,0.0,Rabbit
2.0,ambush,24.0,78.0,2.0,43.0,0.0,Rabbit
2.0,ambush,30.0,47.0,54.0,16.0,1.0,Rabbit
2.0,ambush,24.0,78.0,2.0,47.0,1.0,Rabbit
2.0,ambush,24.0,78.0,2.0,44.0,0.0,Rabbit
2.0,ambush,9.0,84.0,3.0,54.0,1.0,Rabbit
2.0,ambush,24.0,78.0,2.0,43.0,0.0,Rabbit
2.0,ambush,11.0,21.0,31.0,93.0,0.0,Rabbit
2.0,ambush,16.0,79.0,40.0,22.0,1.0,Rabbit
2.0,ambush,30.0,47.0,54.0,18.0,0.0,Rabbit
2.0,ambush,17.0,47.0,22.0,37.0,0.0,Rabbit
2.0,ambush,82.0,14.0,6.0,56.0,0.0,Rabbit
2.0,ambush,74.0,34.0,9.0,44.0,0.0,Rabbit
2.0,ambush,30.0,47.0,54.0,16.0,1.0,Rabbit
2.0,ambush,9.0,84.0,3.0,54.0,1.0,Rabbit
2.0,ambush,74.0,34.0,9.0,44.0,0.0,Rabbit
2.0,ambush,11.0,21.0,31.0,93.0,0.0,Rabbit
2.0,ambush,22.0,91.0,12.0,43.0,1.0,Rabbit
2.0,ambush,22.0,91.0,12.0,43.0,0.0,Rabbit
2.0,ambush,26.0,98.0,24.0,29.0,1.0,Rabbit
2.0,ambush,24.0,78.0,2.0,47.0,0.0,Rabbit
2.0,ambush,26.0,98.0,24.0,29.0,1.0,Rabbit
2.0,ambush,53.0,94.0,24.0,6.0,0.0,Rabbit
2.0,ambush,26.0,98.0,24.0,29.0,1.0,Rabbit
2.0,ambush,53.0,94.0,24.0,6.0,0.0,Rabbit
2.0,ambush,26.0,98.0,24.0,29.0,1.0,Rabbit
2.0,ambush,24.0,12.0,62.0,82.0,0.0,Rabbit
2.0,ambush,24.0,12.0,62.0,82.0,0.0,Rabbit
2.0,ambush,14.0,95.0,66.0,6.0,1.0,Rabbit
2.0,ambush,30.0,47.0,54.0,16.0,1.0,Rabbit
2.0,ambush,22.0,91.0,12.0,43.0,0.0,Rabbit
2.0,ambush,26.0,98.0,24.0,29.0,0.0,Rabbit
2.0,ambush,11.0,34.0,92.0,44.0,0.0,Rabbit
2.0,ambush,11.0,34.0,92.0,44.0,0.0,Rabbit
2.0,ambush,22.0,91.0,12.0,43.0,1.0,Rabbit
2.0,ambush,35.0,40.0,87.0,20.0,0.0,Rabbit
2.0,ambush,47.0,65.0,58.0,12.0,0.0,Rabbit
2.0,ambush,24.0,12.0,62.0,82.0,0.0,Rabbit
2.0,ambush,75.0,32.0,63.0,13.0,0.0,Rabbit
2.0,ambush,75.0,25.0,65.0,13.0,0.0,Rabbit
2.0,ambush,74.0,34.0,9.0,44.0,0.0,Rabbit
2.0,ambush,82.0,14.0,6.0,56.0,0.0,Rabbit
2.0,ambush,11.0,34.0,92.0,44.0,1.0,Rabbit
2.0,ambush,66.0,57.0,12.0,53.0,0.0,Rabbit
2.0,ambush,14.0,95.0,66.0,6.0,0.0,Rabbit
2.0,ambush,66.0,58.0,8.0,53.0,0.0,Rabbit
2.0,ambush,65.0,59.0,3.0,59.0,1.0,Rabbit
2.0,ambush,65.0,59.0,3.0,59.0,1.0,Rabbit
2.0,ambush,83.0,26.0,49.0,28.0,0.0,Rabbit
2.0,ambush,11.0,34.0,92.0,44.0,1.0,Rabbit
2.0,ambush,55.0,50.0,6.0,78.0,0.0,Rabbit
2.0,ambush,75.0,32.0,63.0,13.0,0.0,Rabbit
2.0,ambush,96.0,8.0,1.0,87.0,1.0,Rabbit
2.0,ambush,96.0,8.0,1.0,87.0,1.0,Rabbit
2.0,ambush,96.0,8.0,1.0,87.0,0.0,Rabbit
2.0,ambush,31.0,44.0,87.0,20.0,0.0,Rabbit
2.0,ambush,96.0,10.0,1.0,87.0,1.0,Rabbit
2.0,ambush,66.0,58.0,8.0,53.0,0.0,Rabbit
2.0,ambush,55.0,50.0,6.0,78.0,0.0,Rabbit
2.0,ambush,29.0,95.0,53.0,19.0,1.0,Rabbit
2.0,ambush,81.0,15.0,65.0,37.0,0.0,Rabbit
2.0,ambush,67.0,33.0,3.0,89.0,0.0,Rabbit
2.0,ambush,81.0,15.0,65.0,37.0,1.0,Rabbit
2.0,ambush,5.0,94.0,38.0,64.0,1.0,Rabbit
2.0,ambush,96.0,8.0,1.0,87.0,0.0,Rabbit
2.0,ambush,55.0,50.0,6.0,78.0,0.0,Rabbit
2.0,ambush,29.0,95.0,53.0,19.0,0.0,Rabbit
2.0,ambush,74.0,53.0,55.0,19.0,0.0,Rabbit
2.0,ambush,74.0,53.0,55.0,19.0,0.0,Rabbit
2.0,ambush,74.0,53.0,55.0,19.0,0.0,Rabbit
2.0,ambush,74.0,53.0,55.0,19.0,0.0,Rabbit
2.0,ambush,70.0,99.0,13.0,20.0,1.0,Rabbit
2.0,ambush,70.0,99.0,13.0,20.0,1.0,Rabbit
2.0,ambush,70.0,99.0,13.0,20.0,1.0,Rabbit
2.0,ambush,74.0,53.0,55.0,19.0,0.0,Rabbit
2.0,ambush,15.0,94.0,28.0,65.0,0.0,Rabbit
2.0,ambush,26.0,92.0,7.0,78.0,1.0,Rabbit
2.0,ambush,26.0,89.0,77.0,11.0,0.0,Rabbit
2.0,ambush,15.0,94.0,28.0,65.0,0.0,Rabbit
2.0,ambush,26.0,92.0,7.0,78.0,1.0,Rabbit
2.0,ambush,85.0,86.0,20.0,12.0,0.0,Rabbit
2.0,ambush,78.0,13.0,5.0,88.0,0.0,Rabbit
2.0,ambush,20.0,7.0,84.0,92.0,0.0,Rabbit
2.0,ambush,85.0,84.0,20.0,12.0,0.0,Rabbit
2.0,ambush,21.0,96.0,39.0,48.0,0.0,Rabbit
2.0,ambush,26.0,92.0,7.0,78.0,0.0,Rabbit
2.0,ambush,53.0,28.0,93.0,31.0,1.0,Rabbit
2.0,ambush,67.0,67.0,55.0,16.0,1.0,Rabbit
2.0,ambush,67.0,67.0,55.0,16.0,1.0,Rabbit
2.0,ambush,84.0,57.0,18.0,47.0,0.0,Rabbit
2.0,ambush,81.0,15.0,65.0,37.0,0.0,Rabbit
2.0,ambush,26.0,96.0,37.0,48.0,1.0,Rabbit
2.0,ambush,84.0,57.0,18.0,47.0,1.0,Rabbit
2.0,ambush,26.0,92.0,7.0,78.0,0.0,Rabbit
2.0,ambush,96.0,10.0,1.0,87.0,0.0,Rabbit
2.0,ambush,26.0,96.0,37.0,48.0,0.0,Rabbit
2.0,ambush,26.0,96.0,37.0,48.0,1.0,Rabbit
2.0,ambush,26.0,96.0,37.0,48.0,1.0,Rabbit
2.0,ambush,62.0,14.0,79.0,52.0,1.0,Rabbit
2.0,ambush,82.0,92.0,21.0,12.0,1.0,Rabbit
2.0,ambush,26.0,92.0,7.0,78.0,0.0,Rabbit
2.0,ambush,63.0,49.0,33.0,66.0,1.0,Rabbit
2.0,ambush,82.0,92.0,21.0,12.0,0.0,Rabbit
2.0,ambush,26.0,96.0,37.0,48.0,0.0,Rabbit
2.0,ambush,96.0,10.0,1.0,87.0,0.0,Rabbit
2.0,ambush,12.0,66.0,80.0,54.0,0.0,Rabbit
2.0,ambush,12.0,66.0,80.0,54.0,0.0,Rabbit
2.0,ambush,26.0,96.0,37.0,48.0,0.0,Rabbit
2.0,ambush,53.0,28.0,93.0,31.0,1.0,Rabbit
2.0,ambush,67.0,38.0,47.0,61.0,1.0,Rabbit
2.0,ambush,12.0,66.0,80.0,54.0,1.0,Rabbit
2.0,ambush,20.0,65.0,98.0,30.0,1.0,Rabbit
2.0,ambush,37.0,69.0,21.0,86.0,0.0,Rabbit
2.0,ambush,63.0,49.0,33.0,66.0,0.0,Rabbit
2.0,ambush,86.0,7.0,60.0,60.0,0.0,Rabbit
2.0,ambush,20.0,7.0,84.0,92.0,0.0,Rabbit
2.0,ambush,12.0,66.0,80.0,54.0,0.0,Rabbit
2.0,ambush,20.0,65.0,98.0,30.0,0.0,Rabbit
2.0,ambush,38.0,88.0,5.0,83.0,1.0,Rabbit
2.0,ambush,63.0,49.0,33.0,66.0,0.0,Rabbit
2.0,ambush,38.0,88.0,5.0,83.0,1.0,Rabbit
2.0,ambush,61.0,6.0,95.0,55.0,0.0,Rabbit
2.0,ambush,61.0,6.0,95.0,55.0,0.0,Rabbit
2.0,ambush,61.0,6.0,95.0,55.0,1.0,Rabbit
2.0,ambush,20.0,65.0,98.0,30.0,0.0,Rabbit
2.0,ambush,38.0,88.0,5.0,83.0,0.0,Rabbit
2.0,ambush,61.0,6.0,95.0,55.0,1.0,Rabbit
2.0,ambush,61.0,6.0,95.0,55.0,1.0,Rabbit
2.0,ambush,44.0,73.0,65.0,36.0,1.0,Rabbit
2.0,ambush,44.0,73.0,65.0,36.0,0.0,Rabbit
2.0,ambush,86.0,82.0,5.0,47.0,0.0,Rabbit
2.0,ambush,99.0,71.0,24.0,26.0,1.0,Rabbit
2.0,ambush,67.0,38.0,47.0,61.0,0.0,Rabbit
2.0,ambush,67.0,35.0,84.0,34.0,0.0,Rabbit
2.0,ambush,86.0,82.0,5.0,47.0,0.0,Rabbit
2.0,ambush,86.0,7.0,60.0,60.0,0.0,Rabbit
2.0,ambush,67.0,38.0,47.0,61.0,0.0,Rabbit
2.0,ambush,86.0,82.0,5.0,47.0,1.0,Rabbit
2.0,ambush,86.0,82.0,5.0,47.0,0.0,Rabbit
2.0,ambush,99.0,71.0,24.0,27.0,0.0,Rabbit
2.0,ambush,67.0,35.0,84.0,34.0,0.0,Rabbit
2.0,ambush,66.0,88.0,58.0,9.0,0.0,Rabbit
2.0,ambush,66.0,88.0,58.0,9.0,1.0,Rabbit
2.0,ambush,87.0,99.0,15.0,21.0,1.0,Rabbit
2.0,ambush,87.0,99.0,15.0,21.0,1.0,Rabbit
2.0,ambush,39.0,92.0,83.0,10.0,1.0,Rabbit
2.0,ambush,44.0,73.0,65.0,36.0,0.0,Rabbit
2.0,ambush,39.0,91.0,83.0,10.0,1.0,Rabbit
2.0,ambush,86.0,82.0,5.0,47.0,0.0,Rabbit
2.0,ambush,93.0,65.0,13.0,53.0,1.0,Rabbit
2.0,ambush,53.0,45.0,98.0,26.0,0.0,Rabbit
2.0,ambush,93.0,65.0,13.0,53.0,1.0,Rabbit
2.0,ambush,70.0,60.0,11.0,81.0,1.0,Rabbit
2.0,ambush,89.0,70.0,23.0,42.0,1.0,Rabbit
2.0,ambush,89.0,13.0,31.0,94.0,1.0,Rabbit
2.0,ambush,79.0,12.0,43.0,93.0,1.0,Rabbit
2.0,ambush,86.0,82.0,5.0,47.0,0.0,Rabbit
2.0,ambush,7.0,85.0,57.0,78.0,0.0,Rabbit
2.0,ambush,7.0,85.0,57.0,78.0,0.0,Rabbit
2.0,ambush,7.0,85.0,57.0,78.0,0.0,Rabbit
2.0,ambush,89.0,13.0,31.0,94.0,1.0,Rabbit
2.0,ambush,93.0,65.0,13.0,53.0,0.0,Rabbit
2.0,ambush,89.0,70.0,23.0,42.0,0.0,Rabbit
2.0,ambush,79.0,12.0,43.0,93.0,1.0,Rabbit
2.0,ambush,86.0,7.0,60.0,60.0,0.0,Rabbit
2.0,ambush,51.0,85.0,80.0,14.0,1.0,Rabbit
2.0,ambush,30.0,52.0,99.0,49.0,1.0,Rabbit
2.0,ambush,51.0,85.0,80.0,14.0,0.0,Rabbit
2.0,ambush,46.0,10.0,78.0,82.0,1.0,Rabbit
2.0,ambush,93.0,5.0,42.0,90.0,1.0,Rabbit
2.0,ambush,93.0,5.0,42.0,90.0,0.0,Rabbit
2.0,ambush,30.0,52.0,99.0,49.0,0.0,Rabbit
2.0,ambush,16.0,94.0,40.0,82.0,1.0,Rabbit
2.0,ambush,16.0,94.0,40.0,82.0,0.0,Rabbit
2.0,ambush,75.0,86.0,7.0,64.0,1.0,Rabbit
2.0,ambush,87.0,47.0,51.0,47.0,1.0,Rabbit
2.0,ambush,30.0,52.0,99.0,49.0,0.0,Rabbit
2.0,ambush,69.0,64.0,44.0,55.0,1.0,Rabbit
2.0,ambush,87.0,47.0,51.0,47.0,0.0,Rabbit
2.0,ambush,16.0,94.0,40.0,82.0,0.0,Rabbit
2.0,ambush,72.0,65.0,79.0,17.0,1.0,Rabbit
2.0,ambush,74.0,57.0,15.0,88.0,1.0,Rabbit
2.0,ambush,8.0,72.0,93.0,63.0,0.0,Rabbit
2.0,ambush,74.0,57.0,15.0,88.0,1.0,Rabbit
2.0,ambush,84.0,75.0,27.0,54.0,0.0,Rabbit
2.0,ambush,8.0,72.0,93.0,63.0,1.0,Rabbit
2.0,ambush,84.0,75.0,27.0,54.0,1.0,Rabbit
2.0,ambush,92.0,79.0,57.0,12.0,1.0,Rabbit
2.0,ambush,86.0,71.0,27.0,54.0,1.0,Rabbit
2.0,ambush,78.0,59.0,28.0,75.0,1.0,Rabbit
2.0,ambush,92.0,79.0,57.0,12.0,0.0,Rabbit
2.0,ambush,84.0,75.0,27.0,54.0,0.0,Rabbit
2.0,ambush,65.0,37.0,81.0,58.0,1.0,Rabbit
2.0,ambush,79.0,12.0,43.0,93.0,0.0,Rabbit
2.0,ambush,79.0,12.0,43.0,93.0,0.0,Rabbit
2.0,ambush,35.0,66.0,94.0,47.0,0.0,Rabbit
2.0,ambush,69.0,56.0,87.0,30.0,0.0,Rabbit
2.0,ambush,69.0,56.0,87.0,30.0,0.0,Rabbit
2.0,ambush,69.0,56.0,87.0,30.0,0.0,Rabbit
2.0,ambush,79.0,12.0,43.0,93.0,0.0,Rabbit
2.0,ambush,75.0,93.0,49.0,26.0,1.0,Rabbit
2.0,ambush,75.0,93.0,49.0,26.0,1.0,Rabbit
2.0,ambush,75.0,93.0,49.0,26.0,1.0,Rabbit
2.0,ambush,85.0,96.0,41.0,21.0,1.0,Rabbit
2.0,ambush,85.0,96.0,41.0,21.0,1.0,Rabbit
2.0,ambush,74.0,57.0,15.0,88.0,0.0,Rabbit
2.0,ambush,85.0,96.0,41.0,21.0,1.0,Rabbit
2.0,ambush,79.0,12.0,43.0,93.0,0.0,Rabbit
2.0,ambush,78.0,100.0,9.0,58.0,1.0,Rabbit
2.0,ambush,85.0,96.0,41.0,21.0,1.0,Rabbit
2.0,ambush,85.0,96.0,41.0,21.0,0.0,Rabbit
2.0,ambush,78.0,100.0,9.0,58.0,1.0,Rabbit
2.0,ambush,93.0,5.0,42.0,90.0,0.0,Rabbit
2.0,ambush,78.0,100.0,9.0,58.0,1.0,Rabbit
2.0,ambush,35.0,66.0,94.0,47.0,0.0,Rabbit
2.0,ambush,35.0,66.0,94.0,47.0,0.0,Rabbit
2.0,ambush,69.0,37.0,81.0,58.0,0.0,Rabbit
2.0,ambush,78.0,100.0,9.0,58.0,0.0,Rabbit
2.0,ambush,75.0,93.0,49.0,26.0,0.0,Rabbit
2.0,ambush,78.0,100.0,9.0,58.0,0.0,Rabbit
2.0,ambush,81.0,1.0,99.0,64.0,1.0,Rabbit
2.0,ambush,93.0,86.0,19.0,47.0,1.0,Rabbit
2.0,ambush,81.0,1.0,99.0,64.0,1.0,Rabbit
2.0,ambush,78.0,100.0,8.0,58.0,0.0,Rabbit
2.0,ambush,84.0,69.0,33.0,60.0,1.0,Rabbit
2.0,ambush,84.0,69.0,33.0,60.0,1.0,Rabbit
2.0,ambush,81.0,3.0,99.0,64.0,1.0,Rabbit
2.0,ambush,93.0,86.0,19.0,47.0,0.0,Rabbit
2.0,ambush,60.0,63.0,35.0,88.0,1.0,Rabbit
2.0,ambush,86.0,58.0,30.0,72.0,0.0,Rabbit
2.0,ambush,93.0,86.0,19.0,47.0,0.0,Rabbit
2.0,ambush,84.0,69.0,33.0,60.0,1.0,Rabbit
2.0,ambush,81.0,1.0,99.0,64.0,1.0,Rabbit
2.0,ambush,84.0,69.0,33.0,60.0,0.0,Rabbit
2.0,ambush,69.0,32.0,94.0,52.0,1.0,Rabbit
2.0,ambush,86.0,58.0,30.0,72.0,0.0,Rabbit
2.0,ambush,89.0,85.0,14.0,59.0,1.0,Rabbit
2.0,ambush,89.0,85.0,14.0,59.0,1.0,Rabbit
2.0,ambush,69.0,32.0,94.0,52.0,1.0,Rabbit
2.0,ambush,65.0,37.0,81.0,58.0,0.0,Rabbit
2.0,ambush,89.0,85.0,14.0,59.0,1.0,Rabbit
2.0,ambush,57.0,75.0,51.0,65.0,0.0,Rabbit
2.0,ambush,57.0,75.0,51.0,65.0,0.0,Rabbit
2.0,ambush,17.0,36.0,97.0,98.0,0.0,Rabbit
2.0,ambush,69.0,37.0,81.0,58.0,0.0,Rabbit
2.0,ambush,17.0,36.0,97.0,98.0,0.0,Rabbit
2.0,ambush,68.0,52.0,91.0,37.0,0.0,Rabbit
2.0,ambush,60.0,81.0,95.0,13.0,0.0,Rabbit
2.0,ambush,84.0,69.0,33.0,60.0,0.0,Rabbit
2.0,ambush,60.0,81.0,95.0,13.0,0.0,Rabbit
2.0,ambush,60.0,81.0,95.0,13.0,0.0,Rabbit
2.0,ambush,60.0,81.0,95.0,13.0,0.0,Rabbit
2.0,ambush,60.0,81.0,92.0,13.0,1.0,Rabbit
2.0,ambush,69.0,75.0,46.0,59.0,1.0,Rabbit
2.0,ambush,60.0,81.0,95.0,13.0,0.0,Rabbit
2.0,ambush,58.0,98.0,76.0,19.0,1.0,Rabbit
2.0,ambush,69.0,37.0,81.0,58.0,0.0,Rabbit
2.0,ambush,58.0,98.0,76.0,19.0,0.0,Rabbit
2.0,ambush,58.0,98.0,76.0,19.0,1.0,Rabbit
2.0,ambush,57.0,75.0,51.0,65.0,0.0,Rabbit
2.0,ambush,59.0,73.0,51.0,65.0,0.0,Rabbit
2.0,ambush,79.0,87.0,58.0,27.0,1.0,Rabbit
2.0,ambush,58.0,98.0,76.0,19.0,0.0,Rabbit
2.0,ambush,79.0,87.0,58.0,27.0,1.0,Rabbit
2.0,ambush,58.0,98.0,76.0,19.0,0.0,Rabbit
2.0,ambush,79.0,87.0,58.0,27.0,0.0,Rabbit
2.0,ambush,86.0,59.0,30.0,72.0,0.0,Rabbit
2.0,ambush,57.0,75.0,55.0,65.0,0.0,Rabbit
2.0,ambush,79.0,87.0,58.0,27.0,1.0,Rabbit
2.0,ambush,67.0,61.0,88.0,39.0,0.0,Rabbit
2.0,ambush,86.0,58.0,30.0,72.0,0.0,Rabbit
2.0,ambush,31.0,81.0,70.0,74.0,1.0,Rabbit
2.0,ambush,79.0,86.0,58.0,30.0,0.0,Rabbit
2.0,ambush,79.0,87.0,58.0,27.0,0.0,Rabbit
2.0,ambush,31.0,81.0,70.0,74.0,1.0,Rabbit
2.0,ambush,67.0,61.0,88.0,39.0,0.0,Rabbit
2.0,ambush,38.0,65.0,93.0,60.0,0.0,Rabbit
2.0,ambush,80.0,14.0,78.0,85.0,0.0,Rabbit
2.0,ambush,31.0,81.0,70.0,74.0,0.0,Rabbit
2.0,ambush,80.0,14.0,78.0,85.0,1.0,Rabbit
2.0,ambush,72.0,52.0,48.0,86.0,1.0,Rabbit
2.0,ambush,80.0,14.0,78.0,85.0,1.0,Rabbit
2.0,ambush,75.0,44.0,86.0,56.0,1.0,Rabbit
2.0,ambush,17.0,36.0,97.0,98.0,0.0,Rabbit
2.0,ambush,75.0,44.0,86.0,56.0,0.0,Rabbit
2.0,ambush,33.0,92.0,56.0,82.0,1.0,Rabbit
2.0,ambush,75.0,44.0,86.0,56.0,0.0,Rabbit
2.0,ambush,31.0,81.0,70.0,74.0,0.0,Rabbit
2.0,ambush,20.0,71.0,67.0,95.0,0.0,Rabbit
2.0,ambush,18.0,80.0,74.0,95.0,0.0,Rabbit
2.0,ambush,38.0,65.0,93.0,60.0,1.0,Rabbit
2.0,ambush,38.0,66.0,96.0,60.0,1.0,Rabbit
2.0,ambush,97.0,56.0,93.0,27.0,1.0,Rabbit
2.0,ambush,65.0,63.0,34.0,91.0,0.0,Rabbit
2.0,ambush,71.0,96.0,88.0,14.0,1.0,Rabbit
2.0,ambush,97.0,56.0,93.0,22.0,0.0,Rabbit
2.0,ambush,82.0,18.0,83.0,84.0,1.0,Rabbit
2.0,ambush,14.0,99.0,77.0,79.0,1.0,Rabbit
2.0,ambush,71.0,91.0,88.0,10.0,1.0,Rabbit
2.0,ambush,71.0,96.0,88.0,14.0,1.0,Rabbit
2.0,ambush,14.0,99.0,77.0,79.0,1.0,Rabbit
2.0,ambush,70.0,78.0,42.0,80.0,1.0,Rabbit
2.0,ambush,74.0,78.0,42.0,80.0,1.0,Rabbit
2.0,ambush,96.0,80.0,19.0,70.0,0.0,Rabbit
2.0,ambush,75.0,80.0,66.0,49.0,1.0,Rabbit
2.0,ambush,96.0,80.0,19.0,70.0,0.0,Rabbit
2.0,ambush,30.0,72.0,83.0,85.0,1.0,Rabbit
2.0,ambush,18.0,80.0,74.0,95.0,0.0,Rabbit
2.0,ambush,72.0,87.0,23.0,89.0,1.0,Rabbit
2.0,ambush,97.0,56.0,93.0,22.0,0.0,Rabbit
2.0,ambush,97.0,56.0,93.0,22.0,0.0,Rabbit
2.0,ambush,30.0,72.0,83.0,85.0,0.0,Rabbit
2.0,ambush,30.0,72.0,83.0,85.0,0.0,Rabbit
2.0,ambush,75.0,80.0,66.0,49.0,0.0,Rabbit
2.0,ambush,61.0,89.0,30.0,93.0,1.0,Rabbit
2.0,ambush,61.0,89.0,30.0,93.0,1.0,Rabbit
2.0,ambush,61.0,89.0,30.0,93.0,1.0,Rabbit
2.0,ambush,61.0,95.0,63.0,56.0,0.0,Rabbit
2.0,ambush,61.0,95.0,63.0,56.0,0.0,Rabbit
2.0,ambush,71.0,86.0,38.0,80.0,1.0,Rabbit
2.0,ambush,72.0,87.0,23.0,89.0,0.0,Rabbit
2.0,ambush,70.0,78.0,42.0,80.0,0.0,Rabbit
2.0,ambush,70.0,78.0,42.0,80.0,0.0,Rabbit
2.0,ambush,95.0,68.0,99.0,14.0,1.0,Rabbit
2.0,ambush,72.0,87.0,23.0,89.0,0.0,Rabbit
2.0,ambush,88.0,93.0,92.0,4.0,0.0,Rabbit
2.0,ambush,85.0,84.0,33.0,80.0,1.0,Rabbit
2.0,ambush,72.0,87.0,23.0,89.0,0.0,Rabbit
2.0,ambush,95.0,68.0,99.0,14.0,0.0,Rabbit
2.0,ambush,61.0,89.0,30.0,93.0,0.0,Rabbit
2.0,ambush,85.0,84.0,33.0,80.0,1.0,Rabbit
2.0,ambush,72.0,70.0,81.0,60.0,1.0,Rabbit
2.0,ambush,85.0,84.0,33.0,80.0,1.0,Rabbit
2.0,ambush,97.0,99.0,34.0,57.0,1.0,Rabbit
2.0,ambush,97.0,99.0,34.0,57.0,1.0,Rabbit
2.0,ambush,23.0,99.0,78.0,90.0,1.0,Rabbit
2.0,ambush,97.0,99.0,34.0,57.0,0.0,Rabbit
2.0,ambush,20.0,99.0,78.0,91.0,1.0,Rabbit
2.0,ambush,20.0,99.0,78.0,91.0,0.0,Rabbit
2.0,ambush,61.0,89.0,30.0,93.0,0.0,Rabbit
2.0,ambush,39.0,83.0,68.0,100.0,1.0,Rabbit
2.0,ambush,61.0,95.0,63.0,56.0,0.0,Rabbit
2.0,ambush,67.0,91.0,94.0,38.0,1.0,Rabbit
2.0,ambush,67.0,91.0,94.0,38.0,1.0,Rabbit
2.0,ambush,71.0,88.0,38.0,80.0,0.0,Rabbit
2.0,ambush,20.0,99.0,78.0,91.0,0.0,Rabbit
2.0,ambush,79.0,91.0,91.0,31.0,1.0,Rabbit
2.0,ambush,78.0,69.0,55.0,74.0,0.0,Rabbit
2.0,ambush,79.0,91.0,91.0,31.0,0.0,Rabbit
2.0,ambush,98.0,63.0,41.0,90.0,1.0,Rabbit
2.0,ambush,79.0,91.0,91.0,31.0,0.0,Rabbit
2.0,ambush,65.0,91.0,86.0,45.0,0.0,Rabbit
2.0,ambush,98.0,63.0,41.0,90.0,1.0,Rabbit
2.0,ambush,26.0,91.0,98.0,78.0,1.0,Rabbit
2.0,ambush,26.0,91.0,94.0,78.0,1.0,Rabbit
2.0,ambush,26.0,91.0,98.0,78.0,1.0,Rabbit
2.0,ambush,85.0,68.0,43.0,97.0,1.0,Rabbit
2.0,ambush,85.0,68.0,43.0,97.0,1.0,Rabbit
2.0,ambush,39.0,83.0,68.0,100.0,0.0,Rabbit
2.0,ambush,67.0,91.0,94.0,38.0,0.0,Rabbit
2.0,ambush,39.0,83.0,68.0,100.0,0.0,Rabbit
2.0,ambush,78.0,66.0,92.0,61.0,1.0,Rabbit
2.0,ambush,98.0,63.0,41.0,90.0,0.0,Rabbit
2.0,ambush,98.0,63.0,41.0,90.0,0.0,Rabbit
2.0,ambush,96.0,69.0,47.0,87.0,1.0,Rabbit
2.0,ambush,96.0,69.0,47.0,87.0,1.0,Rabbit
2.0,ambush,96.0,69.0,47.0,87.0,1.0,Rabbit
2.0,ambush,78.0,66.0,92.0,61.0,0.0,Rabbit
2.0,ambush,50.0,82.0,94.0,69.0,0.0,Rabbit
2.0,ambush,96.0,69.0,47.0,87.0,0.0,Rabbit
2.0,ambush,50.0,82.0,98.0,69.0,0.0,Rabbit
2.0,ambush,78.0,66.0,92.0,61.0,0.0,Rabbit
2.0,ambush,76.0,96.0,34.0,86.0,0.0,Rabbit
2.0,ambush,75.0,52.0,69.0,94.0,0.0,Rabbit
2.0,ambush,96.0,69.0,47.0,87.0,0.0,Rabbit
3.0,ambush,17.0,47.0,22.0,37.0,0.0,Rabbit
3.0,ambush,17.0,47.0,22.0,37.0,0.0,Rabbit
3.0,ambush,13.0,39.0,31.0,15.0,0.0,Rabbit
3.0,ambush,30.0,47.0,54.0,16.0,1.0,Rabbit
3.0,ambush,30.0,47.0,54.0,16.0,0.0,Rabbit
3.0,ambush,30.0,47.0,54.0,16.0,0.0,Rabbit
3.0,ambush,4.0,74.0,25.0,14.0,0.0,Rabbit
3.0,ambush,30.0,47.0,54.0,16.0,0.0,Rabbit
3.0,ambush,9.0,84.0,3.0,54.0,0.0,Rabbit
3.0,ambush,19.0,42.0,26.0,20.0,0.0,Rabbit
3.0,ambush,24.0,78.0,2.0,47.0,0.0,Rabbit
3.0,ambush,9.0,84.0,3.0,54.0,0.0,Rabbit
3.0,ambush,19.0,42.0,26.0,20.0,0.0,Rabbit
3.0,ambush,4.0,74.0,25.0,14.0,0.0,Rabbit
3.0,ambush,16.0,79.0,40.0,22.0,0.0,Rabbit
3.0,ambush,22.0,91.0,12.0,43.0,1.0,Rabbit
3.0,ambush,22.0,91.0,12.0,43.0,0.0,Rabbit
3.0,ambush,26.0,98.0,24.0,29.0,1.0,Rabbit
3.0,ambush,24.0,78.0,2.0,43.0,0.0,Rabbit
3.0,ambush,9.0,84.0,3.0,54.0,0.0,Rabbit
3.0,ambush,26.0,98.0,24.0,29.0,1.0,Rabbit
3.0,ambush,30.0,47.0,54.0,16.0,1.0,Rabbit
3.0,ambush,9.0,84.0,3.0,54.0,0.0,Rabbit
3.0,ambush,24.0,78.0,2.0,47.0,0.0,Rabbit
3.0,ambush,22.0,91.0,12.0,43.0,0.0,Rabbit
3.0,ambush,14.0,95.0,66.0,6.0,0.0,Rabbit
3.0,ambush,11.0,29.0,87.0,44.0,0.0,Rabbit
3.0,ambush,24.0,78.0,2.0,47.0,0.0,Rabbit
3.0,ambush,11.0,34.0,92.0,44.0,0.0,Rabbit
3.0,ambush,14.0,95.0,66.0,6.0,1.0,Rabbit
3.0,ambush,11.0,34.0,92.0,44.0,0.0,Rabbit
3.0,ambush,65.0,59.0,3.0,59.0,1.0,Rabbit
3.0,ambush,96.0,8.0,1.0,87.0,0.0,Rabbit
3.0,ambush,26.0,98.0,24.0,29.0,0.0,Rabbit
3.0,ambush,26.0,98.0,24.0,29.0,0.0,Rabbit
3.0,ambush,26.0,98.0,24.0,29.0,0.0,Rabbit
3.0,ambush,11.0,34.0,92.0,44.0,0.0,Rabbit
3.0,ambush,26.0,98.0,24.0,29.0,0.0,Rabbit
3.0,ambush,96.0,10.0,1.0,87.0,0.0,Rabbit
3.0,ambush,29.0,95.0,53.0,19.0,1.0,Rabbit
3.0,ambush,81.0,15.0,65.0,37.0,0.0,Rabbit
3.0,ambush,96.0,8.0,1.0,87.0,1.0,Rabbit
3.0,ambush,5.0,94.0,38.0,64.0,1.0,Rabbit
3.0,ambush,96.0,8.0,1.0,87.0,1.0,Rabbit
3.0,ambush,96.0,10.0,1.0,87.0,1.0,Rabbit
3.0,ambush,70.0,99.0,13.0,20.0,0.0,Rabbit
3.0,ambush,70.0,99.0,13.0,20.0,1.0,Rabbit
3.0,ambush,70.0,99.0,13.0,20.0,0.0,Rabbit
3.0,ambush,26.0,92.0,7.0,78.0,1.0,Rabbit
3.0,ambush,5.0,94.0,38.0,64.0,0.0,Rabbit
3.0,ambush,70.0,99.0,13.0,20.0,1.0,Rabbit
3.0,ambush,67.0,67.0,55.0,16.0,1.0,Rabbit
3.0,ambush,5.0,94.0,38.0,64.0,0.0,Rabbit
3.0,ambush,26.0,92.0,7.0,78.0,1.0,Rabbit
3.0,ambush,67.0,67.0,55.0,16.0,0.0,Rabbit
3.0,ambush,67.0,67.0,55.0,16.0,1.0,Rabbit
3.0,ambush,67.0,67.0,55.0,16.0,0.0,Rabbit
3.0,ambush,53.0,28.0,93.0,31.0,0.0,Rabbit
3.0,ambush,67.0,67.0,55.0,16.0,0.0,Rabbit
3.0,ambush,67.0,67.0,55.0,16.0,0.0,Rabbit
3.0,ambush,53.0,28.0,93.0,31.0,0.0,Rabbit
3.0,ambush,84.0,57.0,18.0,47.0,1.0,Rabbit
3.0,ambush,26.0,92.0,7.0,78.0,0.0,Rabbit
3.0,ambush,84.0,57.0,18.0,47.0,1.0,Rabbit
3.0,ambush,53.0,28.0,93.0,31.0,0.0,Rabbit
3.0,ambush,65.0,59.0,3.0,59.0,0.0,Rabbit
3.0,ambush,53.0,28.0,93.0,31.0,1.0,Rabbit
3.0,ambush,84.0,57.0,18.0,47.0,0.0,Rabbit
3.0,ambush,26.0,96.0,37.0,48.0,0.0,Rabbit
3.0,ambush,26.0,96.0,37.0,48.0,1.0,Rabbit
3.0,ambush,26.0,96.0,37.0,48.0,0.0,Rabbit
3.0,ambush,26.0,96.0,37.0,48.0,1.0,Rabbit
3.0,ambush,26.0,96.0,37.0,48.0,0.0,Rabbit
3.0,ambush,26.0,96.0,37.0,48.0,0.0,Rabbit
3.0,ambush,82.0,92.0,21.0,12.0,0.0,Rabbit
3.0,ambush,62.0,14.0,79.0,52.0,1.0,Rabbit
3.0,ambush,62.0,14.0,79.0,52.0,1.0,Rabbit
3.0,ambush,12.0,66.0,80.0,54.0,0.0,Rabbit
3.0,ambush,26.0,96.0,37.0,48.0,0.0,Rabbit
3.0,ambush,20.0,65.0,98.0,30.0,0.0,Rabbit
3.0,ambush,20.0,65.0,98.0,30.0,1.0,Rabbit
3.0,ambush,26.0,96.0,37.0,48.0,0.0,Rabbit
3.0,ambush,12.0,66.0,80.0,54.0,0.0,Rabbit
3.0,ambush,67.0,38.0,47.0,61.0,0.0,Rabbit
3.0,ambush,46.0,10.0,78.0,82.0,0.0,Rabbit
3.0,ambush,96.0,10.0,1.0,87.0,0.0,Rabbit
3.0,ambush,38.0,88.0,5.0,83.0,1.0,Rabbit
3.0,ambush,61.0,6.0,95.0,55.0,0.0,Rabbit
3.0,ambush,96.0,8.0,1.0,87.0,0.0,Rabbit
3.0,ambush,61.0,6.0,95.0,55.0,1.0,Rabbit
3.0,ambush,61.0,6.0,95.0,55.0,0.0,Rabbit
3.0,ambush,61.0,6.0,95.0,55.0,1.0,Rabbit
3.0,ambush,61.0,6.0,95.0,55.0,1.0,Rabbit
3.0,ambush,61.0,6.0,95.0,55.0,1.0,Rabbit
3.0,ambush,44.0,73.0,65.0,36.0,1.0,Rabbit
3.0,ambush,96.0,8.0,1.0,87.0,0.0,Rabbit
3.0,ambush,61.0,6.0,95.0,55.0,0.0,Rabbit
3.0,ambush,61.0,6.0,95.0,55.0,1.0,Rabbit
3.0,ambush,99.0,71.0,24.0,26.0,1.0,Rabbit
3.0,ambush,99.0,71.0,20.0,22.0,1.0,Rabbit
3.0,ambush,66.0,88.0,58.0,9.0,0.0,Rabbit
3.0,ambush,66.0,88.0,58.0,12.0,1.0,Rabbit
3.0,ambush,87.0,99.0,15.0,21.0,1.0,Rabbit
3.0,ambush,12.0,66.0,80.0,54.0,0.0,Rabbit
3.0,ambush,87.0,99.0,15.0,21.0,1.0,Rabbit
3.0,ambush,66.0,88.0,58.0,9.0,0.0,Rabbit
3.0,ambush,87.0,99.0,15.0,21.0,1.0,Rabbit
3.0,ambush,39.0,91.0,83.0,10.0,1.0,Rabbit
3.0,ambush,63.0,49.0,33.0,66.0,0.0,Rabbit
3.0,ambush,39.0,92.0,83.0,10.0,1.0,Rabbit
3.0,ambush,93.0,65.0,13.0,53.0,1.0,Rabbit
3.0,ambush,93.0,65.0,13.0,53.0,1.0,Rabbit
3.0,ambush,44.0,73.0,65.0,36.0,0.0,Rabbit
3.0,ambush,93.0,65.0,13.0,53.0,0.0,Rabbit
3.0,ambush,39.0,91.0,83.0,10.0,0.0,Rabbit
3.0,ambush,38.0,88.0,5.0,83.0,0.0,Rabbit
3.0,ambush,89.0,13.0,31.0,94.0,0.0,Rabbit
3.0,ambush,89.0,70.0,23.0,42.0,1.0,Rabbit
3.0,ambush,39.0,91.0,83.0,10.0,0.0,Rabbit
3.0,ambush,86.0,82.0,5.0,47.0,0.0,Rabbit
3.0,ambush,89.0,13.0,31.0,94.0,1.0,Rabbit
3.0,ambush,70.0,60.0,11.0,81.0,0.0,Rabbit
3.0,ambush,93.0,65.0,13.0,53.0,0.0,Rabbit
3.0,ambush,89.0,13.0,31.0,94.0,1.0,Rabbit
3.0,ambush,93.0,65.0,13.0,57.0,0.0,Rabbit
3.0,ambush,70.0,60.0,11.0,81.0,0.0,Rabbit
3.0,ambush,79.0,12.0,43.0,93.0,0.0,Rabbit
3.0,ambush,79.0,12.0,43.0,93.0,0.0,Rabbit
3.0,ambush,79.0,12.0,43.0,93.0,0.0,Rabbit
3.0,ambush,51.0,85.0,80.0,14.0,0.0,Rabbit
3.0,ambush,93.0,5.0,42.0,90.0,1.0,Rabbit
3.0,ambush,89.0,13.0,31.0,94.0,0.0,Rabbit
3.0,ambush,30.0,52.0,99.0,49.0,0.0,Rabbit
3.0,ambush,30.0,52.0,99.0,49.0,1.0,Rabbit
3.0,ambush,75.0,86.0,7.0,64.0,1.0,Rabbit
3.0,ambush,79.0,12.0,43.0,93.0,0.0,Rabbit
3.0,ambush,89.0,13.0,31.0,94.0,0.0,Rabbit
3.0,ambush,79.0,12.0,43.0,93.0,0.0,Rabbit
3.0,ambush,93.0,5.0,42.0,90.0,1.0,Rabbit
3.0,ambush,87.0,47.0,51.0,47.0,0.0,Rabbit
3.0,ambush,89.0,13.0,31.0,94.0,0.0,Rabbit
3.0,ambush,87.0,47.0,51.0,47.0,1.0,Rabbit
3.0,ambush,75.0,86.0,7.0,64.0,0.0,Rabbit
3.0,ambush,75.0,86.0,7.0,64.0,0.0,Rabbit
3.0,ambush,72.0,65.0,79.0,17.0,0.0,Rabbit
3.0,ambush,72.0,65.0,79.0,17.0,1.0,Rabbit
3.0,ambush,16.0,94.0,40.0,82.0,0.0,Rabbit
3.0,ambush,74.0,57.0,15.0,88.0,1.0,Rabbit
3.0,ambush,73.0,60.0,79.0,17.0,0.0,Rabbit
3.0,ambush,74.0,57.0,15.0,88.0,1.0,Rabbit
3.0,ambush,8.0,72.0,93.0,63.0,1.0,Rabbit
3.0,ambush,74.0,57.0,15.0,88.0,1.0,Rabbit
3.0,ambush,8.0,72.0,93.0,63.0,0.0,Rabbit
3.0,ambush,8.0,72.0,93.0,63.0,0.0,Rabbit
3.0,ambush,86.0,71.0,27.0,54.0,1.0,Rabbit
3.0,ambush,92.0,79.0,57.0,12.0,1.0,Rabbit
3.0,ambush,92.0,79.0,57.0,12.0,1.0,Rabbit
3.0,ambush,78.0,59.0,28.0,75.0,1.0,Rabbit
3.0,ambush,69.0,64.0,44.0,55.0,0.0,Rabbit
3.0,ambush,84.0,75.0,27.0,54.0,1.0,Rabbit
3.0,ambush,74.0,57.0,15.0,88.0,0.0,Rabbit
3.0,ambush,65.0,37.0,81.0,58.0,0.0,Rabbit
3.0,ambush,84.0,75.0,27.0,54.0,1.0,Rabbit
3.0,ambush,79.0,12.0,43.0,93.0,0.0,Rabbit
3.0,ambush,75.0,93.0,49.0,26.0,0.0,Rabbit
3.0,ambush,87.0,47.0,51.0,47.0,1.0,Rabbit
3.0,ambush,85.0,96.0,41.0,21.0,0.0,Rabbit
3.0,ambush,85.0,96.0,41.0,21.0,1.0,Rabbit
3.0,ambush,75.0,93.0,49.0,26.0,0.0,Rabbit
3.0,ambush,75.0,93.0,49.0,26.0,0.0,Rabbit
3.0,ambush,85.0,96.0,41.0,21.0,0.0,Rabbit
3.0,ambush,85.0,96.0,41.0,21.0,1.0,Rabbit
3.0,ambush,85.0,96.0,41.0,21.0,1.0,Rabbit
3.0,ambush,85.0,96.0,41.0,21.0,0.0,Rabbit
3.0,ambush,85.0,96.0,41.0,21.0,0.0,Rabbit
3.0,ambush,75.0,93.0,49.0,26.0,0.0,Rabbit
3.0,ambush,78.0,59.0,28.0,75.0,0.0,Rabbit
3.0,ambush,85.0,96.0,41.0,21.0,0.0,Rabbit
3.0,ambush,75.0,93.0,49.0,26.0,0.0,Rabbit
3.0,ambush,78.0,100.0,9.0,58.0,1.0,Rabbit
3.0,ambush,75.0,93.0,49.0,26.0,0.0,Rabbit
3.0,ambush,78.0,100.0,9.0,58.0,0.0,Rabbit
3.0,ambush,86.0,71.0,27.0,54.0,0.0,Rabbit
3.0,ambush,78.0,100.0,9.0,58.0,1.0,Rabbit
3.0,ambush,78.0,100.0,9.0,58.0,1.0,Rabbit
3.0,ambush,78.0,100.0,9.0,58.0,0.0,Rabbit
3.0,ambush,74.0,57.0,15.0,88.0,0.0,Rabbit
3.0,ambush,78.0,100.0,9.0,58.0,1.0,Rabbit
3.0,ambush,93.0,86.0,19.0,47.0,0.0,Rabbit
3.0,ambush,81.0,1.0,99.0,64.0,0.0,Rabbit
3.0,ambush,84.0,69.0,33.0,60.0,1.0,Rabbit
3.0,ambush,78.0,100.0,9.0,58.0,0.0,Rabbit
3.0,ambush,81.0,1.0,99.0,64.0,0.0,Rabbit
3.0,ambush,84.0,69.0,33.0,60.0,1.0,Rabbit
3.0,ambush,75.0,92.0,49.0,26.0,0.0,Rabbit
3.0,ambush,84.0,69.0,33.0,60.0,1.0,Rabbit
3.0,ambush,60.0,81.0,92.0,13.0,1.0,Rabbit
3.0,ambush,81.0,1.0,99.0,64.0,0.0,Rabbit
3.0,ambush,84.0,69.0,33.0,60.0,1.0,Rabbit
3.0,ambush,60.0,63.0,35.0,88.0,1.0,Rabbit
3.0,ambush,84.0,69.0,33.0,60.0,0.0,Rabbit
3.0,ambush,81.0,3.0,99.0,64.0,0.0,Rabbit
3.0,ambush,69.0,32.0,94.0,52.0,0.0,Rabbit
3.0,ambush,69.0,32.0,94.0,52.0,1.0,Rabbit
3.0,ambush,60.0,81.0,92.0,13.0,0.0,Rabbit
3.0,ambush,89.0,85.0,14.0,59.0,1.0,Rabbit
3.0,ambush,69.0,32.0,94.0,52.0,1.0,Rabbit
3.0,ambush,89.0,85.0,14.0,59.0,1.0,Rabbit
3.0,ambush,89.0,85.0,14.0,59.0,1.0,Rabbit
3.0,ambush,84.0,69.0,33.0,60.0,0.0,Rabbit
3.0,ambush,93.0,86.0,19.0,47.0,0.0,Rabbit
3.0,ambush,93.0,5.0,42.0,90.0,0.0,Rabbit
3.0,ambush,89.0,85.0,14.0,59.0,1.0,Rabbit
3.0,ambush,89.0,85.0,14.0,59.0,1.0,Rabbit
3.0,ambush,78.0,100.0,9.0,58.0,0.0,Rabbit
3.0,ambush,89.0,85.0,14.0,59.0,0.0,Rabbit
3.0,ambush,89.0,85.0,14.0,59.0,0.0,Rabbit
3.0,ambush,79.0,87.0,58.0,27.0,0.0,Rabbit
3.0,ambush,79.0,87.0,58.0,27.0,0.0,Rabbit
3.0,ambush,79.0,87.0,58.0,27.0,0.0,Rabbit
3.0,ambush,79.0,87.0,58.0,27.0,0.0,Rabbit
3.0,ambush,58.0,98.0,76.0,19.0,1.0,Rabbit
3.0,ambush,79.0,87.0,58.0,27.0,1.0,Rabbit
3.0,ambush,89.0,85.0,14.0,59.0,0.0,Rabbit
3.0,ambush,31.0,81.0,70.0,74.0,1.0,Rabbit
3.0,ambush,31.0,81.0,70.0,74.0,1.0,Rabbit
3.0,ambush,58.0,98.0,76.0,19.0,0.0,Rabbit
3.0,ambush,80.0,14.0,78.0,85.0,1.0,Rabbit
3.0,ambush,89.0,85.0,14.0,59.0,0.0,Rabbit
3.0,ambush,31.0,81.0,70.0,74.0,0.0,Rabbit
3.0,ambush,80.0,14.0,78.0,85.0,0.0,Rabbit
3.0,ambush,38.0,65.0,93.0,60.0,0.0,Rabbit
3.0,ambush,80.0,14.0,78.0,85.0,1.0,Rabbit
3.0,ambush,80.0,14.0,78.0,83.0,1.0,Rabbit
3.0,ambush,77.0,52.0,48.0,86.0,1.0,Rabbit
3.0,ambush,69.0,75.0,46.0,59.0,0.0,Rabbit
3.0,ambush,38.0,66.0,96.0,60.0,1.0,Rabbit
3.0,ambush,79.0,87.0,58.0,27.0,0.0,Rabbit
3.0,ambush,75.0,44.0,86.0,56.0,0.0,Rabbit
3.0,ambush,75.0,44.0,86.0,56.0,1.0,Rabbit
3.0,ambush,82.0,18.0,83.0,84.0,0.0,Rabbit
3.0,ambush,71.0,91.0,88.0,10.0,0.0,Rabbit
3.0,ambush,82.0,18.0,83.0,84.0,1.0,Rabbit
3.0,ambush,72.0,52.0,48.0,86.0,0.0,Rabbit
3.0,ambush,14.0,99.0,77.0,79.0,1.0,Rabbit
3.0,ambush,14.0,99.0,77.0,79.0,1.0,Rabbit
3.0,ambush,69.0,32.0,94.0,52.0,0.0,Rabbit
3.0,ambush,14.0,99.0,77.0,79.0,0.0,Rabbit
3.0,ambush,71.0,96.0,88.0,14.0,1.0,Rabbit
3.0,ambush,71.0,96.0,88.0,14.0,0.0,Rabbit
3.0,ambush,30.0,72.0,83.0,85.0,1.0,Rabbit
3.0,ambush,33.0,92.0,56.0,82.0,0.0,Rabbit
3.0,ambush,75.0,80.0,66.0,49.0,1.0,Rabbit
3.0,ambush,14.0,99.0,77.0,79.0,0.0,Rabbit
3.0,ambush,70.0,78.0,42.0,80.0,1.0,Rabbit
3.0,ambush,14.0,99.0,77.0,79.0,0.0,Rabbit
3.0,ambush,72.0,52.0,48.0,86.0,0.0,Rabbit
3.0,ambush,61.0,89.0,30.0,93.0,1.0,Rabbit
3.0,ambush,61.0,89.0,30.0,93.0,1.0,Rabbit
3.0,ambush,97.0,56.0,93.0,27.0,0.0,Rabbit
3.0,ambush,97.0,56.0,93.0,27.0,1.0,Rabbit
3.0,ambush,97.0,56.0,93.0,27.0,1.0,Rabbit
3.0,ambush,80.0,14.0,78.0,85.0,0.0,Rabbit
3.0,ambush,75.0,80.0,66.0,49.0,0.0,Rabbit
3.0,ambush,61.0,89.0,30.0,93.0,1.0,Rabbit
3.0,ambush,61.0,89.0,30.0,93.0,1.0,Rabbit
3.0,ambush,30.0,72.0,83.0,85.0,1.0,Rabbit
3.0,ambush,61.0,89.0,30.0,93.0,1.0,Rabbit
3.0,ambush,74.0,78.0,42.0,80.0,1.0,Rabbit
3.0,ambush,80.0,14.0,78.0,85.0,0.0,Rabbit
3.0,ambush,74.0,78.0,42.0,80.0,1.0,Rabbit
3.0,ambush,95.0,68.0,99.0,14.0,1.0,Rabbit
3.0,ambush,95.0,68.0,99.0,14.0,0.0,Rabbit
3.0,ambush,95.0,68.0,99.0,14.0,1.0,Rabbit
3.0,ambush,85.0,84.0,33.0,80.0,1.0,Rabbit
3.0,ambush,85.0,84.0,33.0,80.0,1.0,Rabbit
3.0,ambush,72.0,87.0,23.0,89.0,0.0,Rabbit
3.0,ambush,74.0,78.0,42.0,80.0,0.0,Rabbit
3.0,ambush,82.0,18.0,83.0,84.0,0.0,Rabbit
3.0,ambush,72.0,70.0,81.0,60.0,1.0,Rabbit
3.0,ambush,97.0,99.0,29.0,57.0,1.0,Rabbit
3.0,ambush,70.0,78.0,42.0,80.0,0.0,Rabbit
3.0,ambush,71.0,86.0,38.0,80.0,0.0,Rabbit
3.0,ambush,26.0,91.0,94.0,78.0,1.0,Rabbit
3.0,ambush,97.0,99.0,34.0,57.0,0.0,Rabbit
3.0,ambush,23.0,99.0,78.0,90.0,1.0,Rabbit
3.0,ambush,23.0,99.0,78.0,90.0,1.0,Rabbit
3.0,ambush,97.0,99.0,34.0,57.0,0.0,Rabbit
3.0,ambush,71.0,86.0,38.0,80.0,0.0,Rabbit
3.0,ambush,67.0,91.0,94.0,38.0,0.0,Rabbit
3.0,ambush,26.0,91.0,94.0,78.0,0.0,Rabbit
3.0,ambush,67.0,91.0,94.0,38.0,1.0,Rabbit
3.0,ambush,85.0,84.0,33.0,80.0,0.0,Rabbit
3.0,ambush,67.0,91.0,94.0,38.0,0.0,Rabbit
3.0,ambush,98.0,63.0,41.0,90.0,1.0,Rabbit
3.0,ambush,39.0,83.0,68.0,100.0,1.0,Rabbit
3.0,ambush,79.0,91.0,91.0,31.0,0.0,Rabbit
3.0,ambush,79.0,91.0,91.0,31.0,1.0,Rabbit
3.0,ambush,79.0,91.0,91.0,31.0,0.0,Rabbit
3.0,ambush,26.0,91.0,98.0,78.0,1.0,Rabbit
3.0,ambush,23.0,99.0,78.0,90.0,0.0,Rabbit
3.0,ambush,20.0,99.0,78.0,91.0,0.0,Rabbit
3.0,ambush,67.0,91.0,94.0,38.0,0.0,Rabbit
3.0,ambush,85.0,68.0,43.0,97.0,1.0,Rabbit
3.0,ambush,39.0,83.0,68.0,100.0,0.0,Rabbit
3.0,ambush,85.0,68.0,43.0,97.0,1.0,Rabbit
3.0,ambush,78.0,66.0,92.0,61.0,1.0,Rabbit
3.0,ambush,78.0,66.0,92.0,61.0,0.0,Rabbit
3.0,ambush,96.0,69.0,47.0,87.0,1.0,Rabbit
3.0,ambush,26.0,91.0,98.0,78.0,0.0,Rabbit
3.0,ambush,96.0,69.0,47.0,87.0,1.0,Rabbit
3.0,ambush,85.0,68.0,43.0,97.0,0.0,Rabbit
3.0,ambush,96.0,69.0,47.0,87.0,0.0,Rabbit
3.0,ambush,96.0,69.0,47.0,87.0,0.0,Rabbit
3.0,ambush,98.0,63.0,41.0,90.0,0.0,Rabbit
3.0,ambush,61.0,89.0,30.0,93.0,0.0,Rabbit
3.0,ambush,85.0,68.0,43.0,97.0,0.0,Rabbit
3.0,ambush,85.0,68.0,43.0,97.0,0.0,Rabbit
3.0,ambush,96.0,69.0,47.0,87.0,0.0,Rabbit
3.0,ambush,96.0,69.0,47.0,87.0,0.0,Rabbit
4.0,ambush,22.0,91.0,12.0,43.0,1.0,Rabbit
4.0,ambush,30.0,47.0,54.0,16.0,0.0,Rabbit
4.0,ambush,26.0,98.0,24.0,29.0,1.0,Rabbit
4.0,ambush,22.0,91.0,12.0,43.0,1.0,Rabbit
4.0,ambush,14.0,95.0,66.0,6.0,0.0,Rabbit
4.0,ambush,14.0,95.0,66.0,6.0,1.0,Rabbit
4.0,ambush,26.0,98.0,24.0,29.0,0.0,Rabbit
4.0,ambush,96.0,8.0,1.0,87.0,1.0,Rabbit
4.0,ambush,65.0,59.0,3.0,59.0,0.0,Rabbit
4.0,ambush,22.0,91.0,12.0,43.0,0.0,Rabbit
4.0,ambush,96.0,10.0,1.0,87.0,1.0,Rabbit
4.0,ambush,30.0,52.0,54.0,16.0,1.0,Rabbit
4.0,ambush,29.0,95.0,53.0,19.0,1.0,Rabbit
4.0,ambush,30.0,47.0,54.0,16.0,0.0,Rabbit
4.0,ambush,29.0,95.0,53.0,19.0,1.0,Rabbit
4.0,ambush,5.0,94.0,38.0,64.0,1.0,Rabbit
4.0,ambush,29.0,95.0,53.0,19.0,0.0,Rabbit
4.0,ambush,70.0,99.0,13.0,20.0,1.0,Rabbit
4.0,ambush,71.0,99.0,13.0,20.0,1.0,Rabbit
4.0,ambush,70.0,99.0,13.0,20.0,0.0,Rabbit
4.0,ambush,5.0,94.0,38.0,64.0,0.0,Rabbit
4.0,ambush,70.0,99.0,13.0,20.0,0.0,Rabbit
4.0,ambush,65.0,59.0,3.0,59.0,0.0,Rabbit
4.0,ambush,26.0,92.0,7.0,78.0,1.0,Rabbit
4.0,ambush,26.0,92.0,7.0,78.0,1.0,Rabbit
4.0,ambush,96.0,10.0,1.0,87.0,0.0,Rabbit
4.0,ambush,67.0,67.0,55.0,16.0,1.0,Rabbit
4.0,ambush,67.0,67.0,55.0,16.0,1.0,Rabbit
4.0,ambush,67.0,67.0,55.0,16.0,1.0,Rabbit
4.0,ambush,67.0,67.0,55.0,16.0,1.0,Rabbit
4.0,ambush,26.0,92.0,7.0,78.0,1.0,Rabbit
4.0,ambush,67.0,67.0,55.0,16.0,1.0,Rabbit
4.0,ambush,96.0,8.0,1.0,87.0,0.0,Rabbit
4.0,ambush,67.0,67.0,55.0,16.0,0.0,Rabbit
4.0,ambush,26.0,96.0,37.0,48.0,1.0,Rabbit
4.0,ambush,26.0,96.0,37.0,48.0,1.0,Rabbit
4.0,ambush,84.0,57.0,18.0,47.0,1.0,Rabbit
4.0,ambush,96.0,8.0,1.0,87.0,0.0,Rabbit
4.0,ambush,26.0,96.0,37.0,48.0,1.0,Rabbit
4.0,ambush,26.0,96.0,37.0,48.0,0.0,Rabbit
4.0,ambush,62.0,14.0,79.0,52.0,1.0,Rabbit
4.0,ambush,26.0,92.0,7.0,78.0,0.0,Rabbit
4.0,ambush,62.0,14.0,79.0,52.0,0.0,Rabbit
4.0,ambush,99.0,71.0,20.0,22.0,0.0,Rabbit
4.0,ambush,20.0,65.0,98.0,30.0,0.0,Rabbit
4.0,ambush,96.0,6.0,1.0,87.0,0.0,Rabbit
4.0,ambush,62.0,14.0,79.0,52.0,0.0,Rabbit
4.0,ambush,20.0,65.0,98.0,30.0,0.0,Rabbit
4.0,ambush,38.0,88.0,5.0,83.0,1.0,Rabbit
4.0,ambush,26.0,96.0,37.0,48.0,1.0,Rabbit
4.0,ambush,20.0,65.0,98.0,30.0,0.0,Rabbit
4.0,ambush,61.0,6.0,95.0,55.0,0.0,Rabbit
4.0,ambush,96.0,10.0,1.0,87.0,0.0,Rabbit
4.0,ambush,61.0,6.0,95.0,55.0,1.0,Rabbit
4.0,ambush,61.0,6.0,95.0,55.0,1.0,Rabbit
4.0,ambush,61.0,6.0,95.0,55.0,0.0,Rabbit
4.0,ambush,61.0,6.0,95.0,55.0,0.0,Rabbit
4.0,ambush,61.0,6.0,95.0,55.0,1.0,Rabbit
4.0,ambush,61.0,6.0,95.0,55.0,1.0,Rabbit
4.0,ambush,61.0,6.0,95.0,55.0,0.0,Rabbit
4.0,ambush,61.0,6.0,95.0,55.0,1.0,Rabbit
4.0,ambush,53.0,28.0,93.0,31.0,1.0,Rabbit
4.0,ambush,61.0,6.0,95.0,55.0,1.0,Rabbit
4.0,ambush,66.0,6.0,95.0,55.0,1.0,Rabbit
4.0,ambush,61.0,6.0,95.0,55.0,1.0,Rabbit
4.0,ambush,84.0,57.0,18.0,47.0,0.0,Rabbit
4.0,ambush,99.0,71.0,24.0,26.0,0.0,Rabbit
4.0,ambush,99.0,71.0,24.0,26.0,1.0,Rabbit
4.0,ambush,87.0,99.0,15.0,21.0,1.0,Rabbit
4.0,ambush,87.0,99.0,15.0,21.0,1.0,Rabbit
4.0,ambush,87.0,99.0,15.0,21.0,1.0,Rabbit
4.0,ambush,44.0,73.0,65.0,36.0,0.0,Rabbit
4.0,ambush,44.0,73.0,65.0,36.0,0.0,Rabbit
4.0,ambush,87.0,99.0,15.0,21.0,0.0,Rabbit
4.0,ambush,44.0,73.0,65.0,36.0,0.0,Rabbit
4.0,ambush,89.0,70.0,23.0,42.0,1.0,Rabbit
4.0,ambush,93.0,65.0,13.0,53.0,0.0,Rabbit
4.0,ambush,38.0,88.0,5.0,83.0,0.0,Rabbit
4.0,ambush,89.0,70.0,23.0,42.0,0.0,Rabbit
4.0,ambush,39.0,92.0,83.0,9.0,0.0,Rabbit
4.0,ambush,39.0,91.0,83.0,10.0,0.0,Rabbit
4.0,ambush,93.0,65.0,13.0,53.0,0.0,Rabbit
4.0,ambush,39.0,92.0,83.0,10.0,0.0,Rabbit
4.0,ambush,39.0,91.0,83.0,10.0,1.0,Rabbit
4.0,ambush,66.0,88.0,58.0,12.0,1.0,Rabbit
4.0,ambush,66.0,88.0,58.0,12.0,1.0,Rabbit
4.0,ambush,39.0,92.0,83.0,10.0,0.0,Rabbit
4.0,ambush,62.0,14.0,79.0,52.0,0.0,Rabbit
4.0,ambush,89.0,70.0,23.0,42.0,0.0,Rabbit
4.0,ambush,93.0,65.0,13.0,53.0,0.0,Rabbit
4.0,ambush,93.0,65.0,13.0,53.0,0.0,Rabbit
4.0,ambush,61.0,6.0,95.0,55.0,1.0,Rabbit
4.0,ambush,30.0,52.0,99.0,49.0,1.0,Rabbit
4.0,ambush,89.0,13.0,31.0,94.0,1.0,Rabbit
4.0,ambush,30.0,52.0,99.0,49.0,0.0,Rabbit
4.0,ambush,93.0,5.0,42.0,90.0,1.0,Rabbit
4.0,ambush,75.0,86.0,7.0,64.0,0.0,Rabbit
4.0,ambush,75.0,86.0,7.0,64.0,1.0,Rabbit
4.0,ambush,89.0,47.0,48.0,47.0,1.0,Rabbit
4.0,ambush,87.0,47.0,51.0,47.0,1.0,Rabbit
4.0,ambush,87.0,47.0,51.0,47.0,0.0,Rabbit
4.0,ambush,72.0,65.0,79.0,17.0,1.0,Rabbit
4.0,ambush,61.0,6.0,95.0,55.0,0.0,Rabbit
4.0,ambush,72.0,67.0,79.0,13.0,1.0,Rabbit
4.0,ambush,87.0,49.0,51.0,48.0,0.0,Rabbit
4.0,ambush,72.0,65.0,79.0,17.0,0.0,Rabbit
4.0,ambush,74.0,57.0,15.0,88.0,1.0,Rabbit
4.0,ambush,8.0,72.0,93.0,63.0,1.0,Rabbit
4.0,ambush,93.0,5.0,42.0,90.0,0.0,Rabbit
4.0,ambush,78.0,86.0,7.0,64.0,0.0,Rabbit
4.0,ambush,93.0,5.0,42.0,90.0,0.0,Rabbit
4.0,ambush,8.0,72.0,93.0,63.0,0.0,Rabbit
4.0,ambush,89.0,13.0,31.0,94.0,0.0,Rabbit
4.0,ambush,92.0,79.0,57.0,12.0,0.0,Rabbit
4.0,ambush,84.0,75.0,27.0,54.0,1.0,Rabbit
4.0,ambush,92.0,79.0,57.0,12.0,0.0,Rabbit
4.0,ambush,86.0,71.0,27.0,54.0,0.0,Rabbit
4.0,ambush,78.0,59.0,28.0,75.0,1.0,Rabbit
4.0,ambush,74.0,57.0,15.0,88.0,0.0,Rabbit
4.0,ambush,84.0,75.0,27.0,54.0,1.0,Rabbit
4.0,ambush,85.0,96.0,41.0,21.0,0.0,Rabbit
4.0,ambush,85.0,96.0,41.0,21.0,0.0,Rabbit
4.0,ambush,85.0,96.0,41.0,21.0,0.0,Rabbit
4.0,ambush,85.0,96.0,41.0,21.0,1.0,Rabbit
4.0,ambush,85.0,96.0,41.0,21.0,1.0,Rabbit
4.0,ambush,8.0,72.0,93.0,63.0,0.0,Rabbit
4.0,ambush,93.0,5.0,42.0,90.0,0.0,Rabbit
4.0,ambush,85.0,96.0,41.0,21.0,1.0,Rabbit
4.0,ambush,85.0,96.0,41.0,21.0,0.0,Rabbit
4.0,ambush,78.0,100.0,9.0,58.0,1.0,Rabbit
4.0,ambush,78.0,100.0,9.0,58.0,1.0,Rabbit
4.0,ambush,78.0,100.0,9.0,58.0,1.0,Rabbit
4.0,ambush,86.0,71.0,27.0,54.0,0.0,Rabbit
4.0,ambush,60.0,81.0,92.0,13.0,1.0,Rabbit
4.0,ambush,60.0,81.0,92.0,13.0,1.0,Rabbit
4.0,ambush,78.0,100.0,9.0,58.0,0.0,Rabbit
4.0,ambush,60.0,81.0,92.0,13.0,1.0,Rabbit
4.0,ambush,84.0,69.0,33.0,60.0,1.0,Rabbit
4.0,ambush,84.0,69.0,33.0,60.0,0.0,Rabbit
4.0,ambush,74.0,57.0,15.0,88.0,0.0,Rabbit
4.0,ambush,60.0,63.0,35.0,88.0,1.0,Rabbit
4.0,ambush,78.0,100.0,9.0,58.0,0.0,Rabbit
4.0,ambush,78.0,59.0,28.0,75.0,0.0,Rabbit
4.0,ambush,78.0,100.0,9.0,58.0,0.0,Rabbit
4.0,ambush,84.0,69.0,33.0,60.0,0.0,Rabbit
4.0,ambush,84.0,69.0,33.0,60.0,1.0,Rabbit
4.0,ambush,84.0,69.0,33.0,60.0,1.0,Rabbit
4.0,ambush,89.0,85.0,14.0,59.0,1.0,Rabbit
4.0,ambush,84.0,69.0,33.0,60.0,1.0,Rabbit
4.0,ambush,89.0,85.0,14.0,59.0,1.0,Rabbit
4.0,ambush,89.0,85.0,14.0,59.0,0.0,Rabbit
4.0,ambush,89.0,85.0,14.0,59.0,1.0,Rabbit
4.0,ambush,89.0,85.0,14.0,59.0,0.0,Rabbit
4.0,ambush,69.0,32.0,94.0,52.0,0.0,Rabbit
4.0,ambush,89.0,84.0,14.0,59.0,1.0,Rabbit
4.0,ambush,89.0,85.0,14.0,59.0,0.0,Rabbit
4.0,ambush,84.0,69.0,33.0,60.0,0.0,Rabbit
4.0,ambush,89.0,85.0,14.0,59.0,1.0,Rabbit
4.0,ambush,89.0,85.0,14.0,59.0,0.0,Rabbit
4.0,ambush,89.0,85.0,14.0,59.0,0.0,Rabbit
4.0,ambush,78.0,59.0,28.0,75.0,0.0,Rabbit
4.0,ambush,84.0,69.0,33.0,60.0,0.0,Rabbit
4.0,ambush,69.0,32.0,94.0,52.0,1.0,Rabbit
4.0,ambush,78.0,100.0,9.0,58.0,0.0,Rabbit
4.0,ambush,81.0,87.0,58.0,30.0,1.0,Rabbit
4.0,ambush,79.0,87.0,58.0,27.0,0.0,Rabbit
4.0,ambush,58.0,98.0,76.0,19.0,0.0,Rabbit
4.0,ambush,58.0,98.0,76.0,18.0,0.0,Rabbit
4.0,ambush,89.0,85.0,14.0,59.0,0.0,Rabbit
4.0,ambush,80.0,14.0,78.0,83.0,0.0,Rabbit
4.0,ambush,84.0,69.0,33.0,60.0,0.0,Rabbit
4.0,ambush,80.0,14.0,78.0,83.0,0.0,Rabbit
4.0,ambush,69.0,32.0,98.0,52.0,0.0,Rabbit
4.0,ambush,31.0,81.0,70.0,74.0,1.0,Rabbit
4.0,ambush,79.0,87.0,58.0,27.0,0.0,Rabbit
4.0,ambush,31.0,81.0,70.0,74.0,1.0,Rabbit
4.0,ambush,58.0,98.0,76.0,19.0,0.0,Rabbit
4.0,ambush,89.0,85.0,14.0,59.0,0.0,Rabbit
4.0,ambush,80.0,14.0,78.0,85.0,0.0,Rabbit
4.0,ambush,80.0,14.0,78.0,85.0,1.0,Rabbit
4.0,ambush,38.0,66.0,96.0,60.0,0.0,Rabbit
4.0,ambush,60.0,63.0,35.0,88.0,0.0,Rabbit
4.0,ambush,38.0,66.0,96.0,60.0,0.0,Rabbit
4.0,ambush,75.0,44.0,86.0,56.0,0.0,Rabbit
4.0,ambush,31.0,81.0,70.0,74.0,0.0,Rabbit
4.0,ambush,75.0,44.0,86.0,56.0,0.0,Rabbit
4.0,ambush,77.0,52.0,48.0,86.0,0.0,Rabbit
4.0,ambush,82.0,18.0,83.0,84.0,1.0,Rabbit
4.0,ambush,69.0,32.0,94.0,52.0,0.0,Rabbit
4.0,ambush,77.0,52.0,48.0,86.0,1.0,Rabbit
4.0,ambush,82.0,18.0,83.0,84.0,1.0,Rabbit
4.0,ambush,14.0,99.0,77.0,79.0,0.0,Rabbit
4.0,ambush,77.0,52.0,48.0,86.0,0.0,Rabbit
4.0,ambush,71.0,96.0,88.0,14.0,1.0,Rabbit
4.0,ambush,14.0,99.0,77.0,79.0,1.0,Rabbit
4.0,ambush,30.0,72.0,83.0,85.0,1.0,Rabbit
4.0,ambush,71.0,96.0,88.0,14.0,0.0,Rabbit
4.0,ambush,70.0,78.0,42.0,80.0,1.0,Rabbit
4.0,ambush,71.0,96.0,88.0,14.0,0.0,Rabbit
4.0,ambush,70.0,78.0,42.0,80.0,1.0,Rabbit
4.0,ambush,70.0,78.0,42.0,80.0,1.0,Rabbit
4.0,ambush,30.0,72.0,83.0,85.0,1.0,Rabbit
4.0,ambush,30.0,74.0,83.0,84.0,1.0,Rabbit
4.0,ambush,75.0,44.0,86.0,56.0,0.0,Rabbit
4.0,ambush,80.0,14.0,78.0,83.0,0.0,Rabbit
4.0,ambush,30.0,72.0,83.0,85.0,0.0,Rabbit
4.0,ambush,80.0,14.0,78.0,85.0,0.0,Rabbit
4.0,ambush,80.0,14.0,78.0,85.0,0.0,Rabbit
4.0,ambush,82.0,18.0,83.0,84.0,0.0,Rabbit
5.0,ambush,22.0,91.0,12.0,43.0,1.0,Rabbit
5.0,ambush,26.0,98.0,24.0,29.0,1.0,Rabbit
5.0,ambush,96.0,8.0,1.0,87.0,0.0,Rabbit
5.0,ambush,22.0,91.0,12.0,43.0,0.0,Rabbit
5.0,ambush,22.0,91.0,12.0,43.0,0.0,Rabbit
5.0,ambush,14.0,95.0,66.0,6.0,0.0,Rabbit
5.0,ambush,14.0,95.0,66.0,6.0,0.0,Rabbit
5.0,ambush,29.0,95.0,53.0,19.0,0.0,Rabbit
5.0,ambush,29.0,95.0,53.0,19.0,1.0,Rabbit
5.0,ambush,30.0,52.0,54.0,16.0,0.0,Rabbit
5.0,ambush,29.0,95.0,53.0,19.0,1.0,Rabbit
5.0,ambush,5.0,94.0,38.0,64.0,1.0,Rabbit
5.0,ambush,5.0,94.0,38.0,64.0,0.0,Rabbit
5.0,ambush,22.0,91.0,12.0,43.0,0.0,Rabbit
5.0,ambush,26.0,98.0,24.0,29.0,0.0,Rabbit
5.0,ambush,30.0,52.0,54.0,16.0,1.0,Rabbit
5.0,ambush,71.0,99.0,13.0,20.0,0.0,Rabbit
5.0,ambush,71.0,99.0,13.0,20.0,0.0,Rabbit
5.0,ambush,26.0,92.0,7.0,78.0,1.0,Rabbit
5.0,ambush,26.0,92.0,7.0,78.0,1.0,Rabbit
5.0,ambush,67.0,67.0,55.0,16.0,0.0,Rabbit
5.0,ambush,67.0,66.0,55.0,13.0,1.0,Rabbit
5.0,ambush,67.0,67.0,55.0,16.0,1.0,Rabbit
5.0,ambush,70.0,99.0,13.0,20.0,0.0,Rabbit
5.0,ambush,67.0,67.0,55.0,16.0,1.0,Rabbit
5.0,ambush,67.0,67.0,55.0,16.0,0.0,Rabbit
5.0,ambush,5.0,94.0,38.0,64.0,0.0,Rabbit
5.0,ambush,26.0,92.0,7.0,78.0,1.0,Rabbit
5.0,ambush,67.0,67.0,55.0,16.0,0.0,Rabbit
5.0,ambush,26.0,92.0,7.0,78.0,1.0,Rabbit
5.0,ambush,71.0,99.0,13.0,20.0,0.0,Rabbit
5.0,ambush,26.0,92.0,7.0,78.0,1.0,Rabbit
5.0,ambush,26.0,96.0,37.0,43.0,1.0,Rabbit
5.0,ambush,26.0,96.0,37.0,48.0,1.0,Rabbit
5.0,ambush,67.0,67.0,55.0,16.0,0.0,Rabbit
5.0,ambush,67.0,67.0,55.0,16.0,0.0,Rabbit
5.0,ambush,84.0,57.0,18.0,47.0,0.0,Rabbit
5.0,ambush,26.0,96.0,37.0,48.0,0.0,Rabbit
5.0,ambush,26.0,96.0,37.0,48.0,0.0,Rabbit
5.0,ambush,84.0,57.0,18.0,47.0,1.0,Rabbit
5.0,ambush,26.0,96.0,37.0,48.0,0.0,Rabbit
5.0,ambush,62.0,14.0,79.0,52.0,1.0,Rabbit
5.0,ambush,38.0,88.0,5.0,83.0,1.0,Rabbit
5.0,ambush,26.0,96.0,37.0,48.0,1.0,Rabbit
5.0,ambush,26.0,92.0,7.0,78.0,0.0,Rabbit
5.0,ambush,61.0,6.0,95.0,55.0,1.0,Rabbit
5.0,ambush,26.0,96.0,37.0,48.0,0.0,Rabbit
5.0,ambush,21.0,96.0,40.0,48.0,0.0,Rabbit
5.0,ambush,61.0,6.0,95.0,55.0,1.0,Rabbit
5.0,ambush,61.0,6.0,95.0,55.0,0.0,Rabbit
5.0,ambush,61.0,6.0,95.0,55.0,1.0,Rabbit
5.0,ambush,61.0,6.0,95.0,55.0,0.0,Rabbit
5.0,ambush,61.0,6.0,95.0,55.0,0.0,Rabbit
5.0,ambush,61.0,6.0,95.0,55.0,0.0,Rabbit
5.0,ambush,53.0,28.0,93.0,31.0,0.0,Rabbit
5.0,ambush,61.0,6.0,95.0,55.0,1.0,Rabbit
5.0,ambush,53.0,28.0,93.0,31.0,0.0,Rabbit
5.0,ambush,26.0,96.0,37.0,48.0,0.0,Rabbit
5.0,ambush,61.0,6.0,95.0,55.0,1.0,Rabbit
5.0,ambush,66.0,6.0,95.0,55.0,0.0,Rabbit
5.0,ambush,61.0,6.0,95.0,55.0,0.0,Rabbit
5.0,ambush,96.0,10.0,1.0,87.0,0.0,Rabbit
5.0,ambush,61.0,6.0,95.0,55.0,1.0,Rabbit
5.0,ambush,66.0,6.0,95.0,55.0,1.0,Rabbit
5.0,ambush,99.0,71.0,24.0,26.0,0.0,Rabbit
5.0,ambush,87.0,99.0,15.0,21.0,1.0,Rabbit
5.0,ambush,87.0,99.0,15.0,21.0,1.0,Rabbit
5.0,ambush,87.0,99.0,11.0,21.0,1.0,Rabbit
5.0,ambush,87.0,99.0,15.0,21.0,1.0,Rabbit
5.0,ambush,99.0,71.0,24.0,26.0,0.0,Rabbit
5.0,ambush,87.0,99.0,15.0,21.0,0.0,Rabbit
5.0,ambush,87.0,99.0,15.0,21.0,0.0,Rabbit
5.0,ambush,87.0,99.0,15.0,21.0,0.0,Rabbit
5.0,ambush,89.0,70.0,23.0,42.0,1.0,Rabbit
5.0,ambush,38.0,88.0,5.0,83.0,0.0,Rabbit
5.0,ambush,89.0,70.0,23.0,42.0,0.0,Rabbit
5.0,ambush,66.0,88.0,58.0,12.0,1.0,Rabbit
5.0,ambush,66.0,88.0,58.0,12.0,1.0,Rabbit
5.0,ambush,66.0,88.0,58.0,12.0,0.0,Rabbit
5.0,ambush,99.0,71.0,24.0,26.0,1.0,Rabbit
5.0,ambush,61.0,6.0,95.0,55.0,1.0,Rabbit
5.0,ambush,30.0,52.0,99.0,49.0,0.0,Rabbit
5.0,ambush,30.0,52.0,99.0,49.0,0.0,Rabbit
5.0,ambush,89.0,13.0,31.0,94.0,1.0,Rabbit
5.0,ambush,66.0,88.0,58.0,12.0,0.0,Rabbit
5.0,ambush,93.0,5.0,42.0,90.0,0.0,Rabbit
5.0,ambush,39.0,91.0,83.0,10.0,1.0,Rabbit
5.0,ambush,93.0,5.0,42.0,90.0,1.0,Rabbit
5.0,ambush,89.0,47.0,48.0,47.0,0.0,Rabbit
5.0,ambush,87.0,47.0,51.0,47.0,0.0,Rabbit
5.0,ambush,96.0,10.0,1.0,87.0,0.0,Rabbit
5.0,ambush,87.0,47.0,51.0,47.0,0.0,Rabbit
5.0,ambush,72.0,65.0,79.0,17.0,1.0,Rabbit
5.0,ambush,72.0,65.0,79.0,17.0,1.0,Rabbit
5.0,ambush,72.0,67.0,79.0,13.0,0.0,Rabbit
5.0,ambush,96.0,8.0,1.0,87.0,0.0,Rabbit
5.0,ambush,72.0,67.0,79.0,13.0,1.0,Rabbit
5.0,ambush,72.0,67.0,79.0,13.0,0.0,Rabbit
5.0,ambush,79.0,86.0,7.0,64.0,0.0,Rabbit
5.0,ambush,8.0,72.0,93.0,63.0,0.0,Rabbit
5.0,ambush,8.0,72.0,93.0,63.0,0.0,Rabbit
5.0,ambush,75.0,86.0,7.0,64.0,0.0,Rabbit
5.0,ambush,8.0,72.0,93.0,63.0,0.0,Rabbit
5.0,ambush,84.0,75.0,27.0,54.0,1.0,Rabbit
5.0,ambush,84.0,75.0,27.0,54.0,1.0,Rabbit
5.0,ambush,84.0,71.0,30.0,54.0,1.0,Rabbit
5.0,ambush,84.0,75.0,27.0,54.0,1.0,Rabbit
5.0,ambush,85.0,96.0,41.0,21.0,0.0,Rabbit
5.0,ambush,85.0,96.0,41.0,21.0,1.0,Rabbit
5.0,ambush,85.0,96.0,41.0,21.0,1.0,Rabbit
5.0,ambush,85.0,96.0,41.0,21.0,1.0,Rabbit
5.0,ambush,85.0,96.0,41.0,21.0,1.0,Rabbit
5.0,ambush,78.0,100.0,9.0,58.0,1.0,Rabbit
5.0,ambush,72.0,65.0,79.0,17.0,0.0,Rabbit
5.0,ambush,78.0,100.0,9.0,58.0,0.0,Rabbit
5.0,ambush,78.0,100.0,9.0,58.0,0.0,Rabbit
5.0,ambush,78.0,100.0,9.0,58.0,1.0,Rabbit
5.0,ambush,78.0,100.0,9.0,58.0,1.0,Rabbit
5.0,ambush,61.0,6.0,95.0,55.0,0.0,Rabbit
5.0,ambush,78.0,59.0,28.0,75.0,0.0,Rabbit
5.0,ambush,78.0,100.0,9.0,58.0,1.0,Rabbit
5.0,ambush,60.0,81.0,92.0,13.0,1.0,Rabbit
5.0,ambush,78.0,100.0,9.0,58.0,0.0,Rabbit
5.0,ambush,60.0,81.0,92.0,13.0,1.0,Rabbit
5.0,ambush,84.0,69.0,33.0,62.0,1.0,Rabbit
5.0,ambush,84.0,69.0,33.0,60.0,1.0,Rabbit
5.0,ambush,60.0,81.0,92.0,13.0,0.0,Rabbit
5.0,ambush,60.0,63.0,35.0,88.0,0.0,Rabbit
5.0,ambush,84.0,69.0,33.0,60.0,1.0,Rabbit
5.0,ambush,84.0,69.0,33.0,60.0,0.0,Rabbit
5.0,ambush,84.0,69.0,33.0,60.0,0.0,Rabbit
5.0,ambush,89.0,85.0,14.0,59.0,0.0,Rabbit
5.0,ambush,84.0,69.0,33.0,60.0,1.0,Rabbit
5.0,ambush,74.0,57.0,15.0,88.0,0.0,Rabbit
5.0,ambush,84.0,69.0,33.0,60.0,0.0,Rabbit
5.0,ambush,89.0,85.0,14.0,59.0,1.0,Rabbit
5.0,ambush,89.0,85.0,14.0,59.0,1.0,Rabbit
5.0,ambush,89.0,85.0,14.0,59.0,1.0,Rabbit
5.0,ambush,89.0,85.0,14.0,59.0,1.0,Rabbit
5.0,ambush,89.0,84.0,14.0,59.0,1.0,Rabbit
5.0,ambush,89.0,85.0,14.0,59.0,0.0,Rabbit
5.0,ambush,78.0,100.0,9.0,58.0,0.0,Rabbit
5.0,ambush,74.0,57.0,15.0,88.0,0.0,Rabbit
5.0,ambush,89.0,85.0,14.0,59.0,1.0,Rabbit
5.0,ambush,89.0,85.0,14.0,59.0,1.0,Rabbit
5.0,ambush,89.0,85.0,14.0,59.0,1.0,Rabbit
5.0,ambush,89.0,84.0,14.0,59.0,1.0,Rabbit
5.0,ambush,69.0,32.0,94.0,52.0,0.0,Rabbit
5.0,ambush,69.0,32.0,94.0,52.0,1.0,Rabbit
5.0,ambush,81.0,87.0,58.0,30.0,0.0,Rabbit
5.0,ambush,89.0,85.0,14.0,59.0,0.0,Rabbit
5.0,ambush,31.0,81.0,70.0,74.0,0.0,Rabbit
5.0,ambush,31.0,81.0,70.0,74.0,1.0,Rabbit
5.0,ambush,80.0,14.0,78.0,85.0,1.0,Rabbit
5.0,ambush,60.0,63.0,35.0,88.0,1.0,Rabbit
5.0,ambush,82.0,18.0,83.0,84.0,0.0,Rabbit
5.0,ambush,82.0,18.0,83.0,84.0,1.0,Rabbit
5.0,ambush,61.0,6.0,95.0,55.0,0.0,Rabbit
5.0,ambush,31.0,81.0,70.0,74.0,1.0,Rabbit
5.0,ambush,71.0,96.0,88.0,14.0,1.0,Rabbit
5.0,ambush,71.0,96.0,88.0,14.0,0.0,Rabbit
5.0,ambush,14.0,99.0,77.0,79.0,1.0,Rabbit
5.0,ambush,31.0,81.0,70.0,74.0,1.0,Rabbit
5.0,ambush,30.0,72.0,83.0,85.0,1.0,Rabbit
5.0,ambush,70.0,78.0,42.0,80.0,1.0,Rabbit
5.0,ambush,70.0,78.0,42.0,80.0,1.0,Rabbit
5.0,ambush,30.0,72.0,83.0,85.0,0.0,Rabbit
5.0,ambush,30.0,72.0,83.0,85.0,1.0,Rabbit
5.0,ambush,89.0,84.0,14.0,59.0,0.0,Rabbit
5.0,ambush,70.0,78.0,42.0,80.0,1.0,Rabbit
5.0,ambush,61.0,4.0,91.0,55.0,0.0,Rabbit
5.0,ambush,70.0,78.0,42.0,80.0,0.0,Rabbit
5.0,ambush,30.0,74.0,83.0,84.0,0.0,Rabbit
5.0,ambush,69.0,32.0,94.0,52.0,0.0,Rabbit
5.0,ambush,77.0,52.0,48.0,86.0,0.0,Rabbit
5.0,ambush,82.0,18.0,83.0,84.0,0.0,Rabbit
6.0,ambush,29.0,95.0,53.0,19.0,1.0,Rabbit
6.0,ambush,29.0,95.0,53.0,19.0,1.0,Rabbit
6.0,ambush,29.0,95.0,53.0,19.0,1.0,Rabbit
6.0,ambush,22.0,91.0,12.0,43.0,1.0,Rabbit
6.0,ambush,5.0,94.0,38.0,64.0,0.0,Rabbit
6.0,ambush,29.0,95.0,53.0,19.0,1.0,Rabbit
6.0,ambush,5.0,94.0,38.0,64.0,0.0,Rabbit
6.0,ambush,5.0,94.0,38.0,64.0,0.0,Rabbit
6.0,ambush,30.0,52.0,54.0,16.0,0.0,Rabbit
6.0,ambush,26.0,92.0,7.0,78.0,0.0,Rabbit
6.0,ambush,22.0,91.0,12.0,43.0,0.0,Rabbit
6.0,ambush,22.0,91.0,12.0,43.0,0.0,Rabbit
6.0,ambush,26.0,98.0,24.0,29.0,0.0,Rabbit
6.0,ambush,67.0,67.0,55.0,16.0,1.0,Rabbit
6.0,ambush,67.0,66.0,55.0,13.0,0.0,Rabbit
6.0,ambush,26.0,92.0,7.0,78.0,0.0,Rabbit
6.0,ambush,67.0,67.0,55.0,16.0,0.0,Rabbit
6.0,ambush,67.0,67.0,55.0,16.0,1.0,Rabbit
6.0,ambush,65.0,67.0,55.0,16.0,1.0,Rabbit
6.0,ambush,67.0,67.0,55.0,16.0,1.0,Rabbit
6.0,ambush,67.0,67.0,55.0,16.0,1.0,Rabbit
6.0,ambush,26.0,92.0,7.0,78.0,1.0,Rabbit
6.0,ambush,26.0,92.0,7.0,78.0,0.0,Rabbit
6.0,ambush,26.0,92.0,7.0,78.0,0.0,Rabbit
6.0,ambush,26.0,92.0,7.0,78.0,0.0,Rabbit
6.0,ambush,26.0,96.0,37.0,48.0,1.0,Rabbit
6.0,ambush,26.0,96.0,37.0,43.0,0.0,Rabbit
6.0,ambush,26.0,92.0,7.0,78.0,0.0,Rabbit
6.0,ambush,26.0,92.0,7.0,78.0,0.0,Rabbit
6.0,ambush,38.0,88.0,5.0,83.0,1.0,Rabbit
6.0,ambush,84.0,57.0,18.0,47.0,1.0,Rabbit
6.0,ambush,26.0,96.0,37.0,48.0,0.0,Rabbit
6.0,ambush,30.0,52.0,54.0,11.0,0.0,Rabbit
6.0,ambush,38.0,88.0,5.0,83.0,0.0,Rabbit
6.0,ambush,26.0,96.0,37.0,48.0,0.0,Rabbit
6.0,ambush,61.0,6.0,95.0,55.0,0.0,Rabbit
6.0,ambush,61.0,6.0,95.0,55.0,0.0,Rabbit
6.0,ambush,61.0,6.0,95.0,55.0,1.0,Rabbit
6.0,ambush,26.0,92.0,7.0,78.0,0.0,Rabbit
6.0,ambush,61.0,6.0,95.0,55.0,1.0,Rabbit
6.0,ambush,61.0,6.0,95.0,55.0,0.0,Rabbit
6.0,ambush,61.0,6.0,95.0,55.0,0.0,Rabbit
6.0,ambush,26.0,96.0,37.0,48.0,0.0,Rabbit
6.0,ambush,61.0,6.0,95.0,55.0,0.0,Rabbit
6.0,ambush,66.0,6.0,95.0,55.0,1.0,Rabbit
6.0,ambush,38.0,88.0,5.0,83.0,0.0,Rabbit
6.0,ambush,87.0,99.0,15.0,21.0,0.0,Rabbit
6.0,ambush,87.0,99.0,15.0,21.0,1.0,Rabbit
6.0,ambush,26.0,92.0,7.0,78.0,0.0,Rabbit
6.0,ambush,26.0,92.0,7.0,78.0,0.0,Rabbit
6.0,ambush,87.0,99.0,11.0,21.0,1.0,Rabbit
6.0,ambush,87.0,99.0,15.0,21.0,0.0,Rabbit
6.0,ambush,87.0,99.0,15.0,21.0,0.0,Rabbit
6.0,ambush,87.0,99.0,11.0,21.0,1.0,Rabbit
6.0,ambush,89.0,70.0,23.0,42.0,1.0,Rabbit
6.0,ambush,87.0,99.0,15.0,21.0,0.0,Rabbit
6.0,ambush,87.0,99.0,11.0,21.0,1.0,Rabbit
6.0,ambush,89.0,70.0,23.0,42.0,1.0,Rabbit
6.0,ambush,66.0,88.0,58.0,12.0,1.0,Rabbit
6.0,ambush,66.0,88.0,58.0,12.0,1.0,Rabbit
6.0,ambush,66.0,88.0,58.0,12.0,1.0,Rabbit
6.0,ambush,61.0,6.0,95.0,55.0,0.0,Rabbit
6.0,ambush,89.0,70.0,23.0,42.0,0.0,Rabbit
6.0,ambush,39.0,91.0,83.0,10.0,1.0,Rabbit
6.0,ambush,99.0,71.0,24.0,26.0,0.0,Rabbit
6.0,ambush,93.0,5.0,42.0,90.0,0.0,Rabbit
6.0,ambush,72.0,65.0,79.0,17.0,1.0,Rabbit
6.0,ambush,62.0,14.0,79.0,52.0,1.0,Rabbit
6.0,ambush,87.0,99.0,15.0,21.0,0.0,Rabbit
6.0,ambush,72.0,65.0,79.0,17.0,0.0,Rabbit
6.0,ambush,72.0,67.0,79.0,13.0,0.0,Rabbit
6.0,ambush,72.0,67.0,79.0,13.0,0.0,Rabbit
6.0,ambush,84.0,75.0,27.0,54.0,1.0,Rabbit
6.0,ambush,84.0,75.0,27.0,54.0,1.0,Rabbit
6.0,ambush,84.0,75.0,27.0,54.0,0.0,Rabbit
6.0,ambush,39.0,91.0,83.0,10.0,0.0,Rabbit
6.0,ambush,84.0,71.0,30.0,54.0,1.0,Rabbit
6.0,ambush,72.0,65.0,79.0,17.0,0.0,Rabbit
6.0,ambush,84.0,71.0,30.0,54.0,0.0,Rabbit
6.0,ambush,61.0,6.0,95.0,55.0,1.0,Rabbit
6.0,ambush,85.0,96.0,41.0,21.0,1.0,Rabbit
6.0,ambush,85.0,96.0,41.0,21.0,1.0,Rabbit
6.0,ambush,85.0,96.0,41.0,21.0,1.0,Rabbit
6.0,ambush,85.0,96.0,41.0,21.0,1.0,Rabbit
6.0,ambush,84.0,75.0,27.0,54.0,1.0,Rabbit
6.0,ambush,85.0,96.0,41.0,21.0,0.0,Rabbit
6.0,ambush,85.0,96.0,41.0,18.0,0.0,Rabbit
6.0,ambush,78.0,100.0,9.0,58.0,1.0,Rabbit
6.0,ambush,84.0,75.0,27.0,54.0,0.0,Rabbit
6.0,ambush,78.0,100.0,9.0,58.0,1.0,Rabbit
6.0,ambush,78.0,100.0,9.0,58.0,1.0,Rabbit
6.0,ambush,78.0,100.0,9.0,58.0,1.0,Rabbit
6.0,ambush,78.0,100.0,9.0,58.0,1.0,Rabbit
6.0,ambush,84.0,71.0,30.0,54.0,1.0,Rabbit
6.0,ambush,84.0,75.0,27.0,54.0,0.0,Rabbit
6.0,ambush,60.0,81.0,92.0,13.0,0.0,Rabbit
6.0,ambush,60.0,81.0,92.0,13.0,1.0,Rabbit
6.0,ambush,60.0,81.0,92.0,13.0,0.0,Rabbit
6.0,ambush,84.0,69.0,33.0,60.0,1.0,Rabbit
6.0,ambush,84.0,69.0,33.0,60.0,1.0,Rabbit
6.0,ambush,84.0,69.0,33.0,60.0,1.0,Rabbit
6.0,ambush,84.0,69.0,33.0,62.0,0.0,Rabbit
6.0,ambush,84.0,69.0,33.0,60.0,0.0,Rabbit
6.0,ambush,84.0,69.0,33.0,60.0,1.0,Rabbit
6.0,ambush,78.0,100.0,9.0,58.0,1.0,Rabbit
6.0,ambush,78.0,100.0,9.0,58.0,0.0,Rabbit
6.0,ambush,84.0,69.0,33.0,60.0,1.0,Rabbit
6.0,ambush,89.0,85.0,14.0,59.0,1.0,Rabbit
6.0,ambush,89.0,85.0,14.0,59.0,1.0,Rabbit
6.0,ambush,89.0,85.0,14.0,59.0,1.0,Rabbit
6.0,ambush,89.0,85.0,14.0,59.0,1.0,Rabbit
6.0,ambush,89.0,85.0,14.0,59.0,1.0,Rabbit
6.0,ambush,89.0,85.0,14.0,59.0,1.0,Rabbit
6.0,ambush,89.0,84.0,14.0,59.0,1.0,Rabbit
6.0,ambush,61.0,10.0,95.0,55.0,0.0,Rabbit
6.0,ambush,89.0,84.0,14.0,59.0,0.0,Rabbit
6.0,ambush,66.0,6.0,95.0,55.0,0.0,Rabbit
6.0,ambush,78.0,100.0,9.0,58.0,0.0,Rabbit
6.0,ambush,89.0,85.0,14.0,59.0,0.0,Rabbit
6.0,ambush,84.0,69.0,33.0,60.0,0.0,Rabbit
6.0,ambush,89.0,85.0,14.0,59.0,1.0,Rabbit
6.0,ambush,89.0,85.0,14.0,59.0,0.0,Rabbit
6.0,ambush,69.0,32.0,94.0,52.0,0.0,Rabbit
6.0,ambush,31.0,81.0,70.0,74.0,0.0,Rabbit
6.0,ambush,89.0,84.0,14.0,59.0,0.0,Rabbit
6.0,ambush,31.0,81.0,70.0,74.0,0.0,Rabbit
6.0,ambush,89.0,85.0,14.0,59.0,0.0,Rabbit
6.0,ambush,89.0,85.0,14.0,59.0,0.0,Rabbit
6.0,ambush,80.0,14.0,78.0,85.0,1.0,Rabbit
6.0,ambush,89.0,85.0,14.0,59.0,0.0,Rabbit
6.0,ambush,80.0,14.0,78.0,85.0,1.0,Rabbit
6.0,ambush,89.0,85.0,14.0,59.0,0.0,Rabbit
6.0,ambush,82.0,18.0,83.0,84.0,1.0,Rabbit
6.0,ambush,89.0,84.0,14.0,59.0,0.0,Rabbit
6.0,ambush,71.0,96.0,88.0,14.0,1.0,Rabbit
6.0,ambush,14.0,99.0,77.0,79.0,1.0,Rabbit
6.0,ambush,89.0,13.0,31.0,94.0,0.0,Rabbit
6.0,ambush,31.0,81.0,70.0,74.0,0.0,Rabbit
6.0,ambush,80.0,14.0,78.0,85.0,0.0,Rabbit
6.0,ambush,31.0,81.0,70.0,74.0,0.0,Rabbit
6.0,ambush,30.0,72.0,83.0,85.0,1.0,Rabbit
6.0,ambush,70.0,78.0,42.0,80.0,1.0,Rabbit
6.0,ambush,30.0,72.0,83.0,85.0,0.0,Rabbit
6.0,ambush,70.0,78.0,42.0,80.0,1.0,Rabbit
6.0,ambush,60.0,63.0,35.0,88.0,0.0,Rabbit
6.0,ambush,31.0,81.0,70.0,74.0,1.0,Rabbit
6.0,ambush,31.0,81.0,70.0,74.0,0.0,Rabbit
6.0,ambush,31.0,81.0,70.0,74.0,0.0,Rabbit
6.0,ambush,60.0,63.0,35.0,88.0,0.0,Rabbit
6.0,ambush,31.0,81.0,70.0,74.0,0.0,Rabbit
6.0,ambush,30.0,72.0,83.0,85.0,0.0,Rabbit
6.0,ambush,70.0,78.0,42.0,80.0,0.0,Rabbit
6.0,ambush,30.0,72.0,83.0,85.0,0.0,Rabbit
6.0,ambush,70.0,78.0,42.0,80.0,0.0,Rabbit
7.0,ambush,22.0,91.0,12.0,43.0,1.0,Rabbit
7.0,ambush,29.0,95.0,53.0,19.0,1.0,Rabbit
7.0,ambush,29.0,95.0,53.0,19.0,1.0,Rabbit
7.0,ambush,67.0,67.0,55.0,16.0,0.0,Rabbit
7.0,ambush,67.0,67.0,55.0,16.0,1.0,Rabbit
7.0,ambush,29.0,95.0,53.0,19.0,0.0,Rabbit
7.0,ambush,29.0,95.0,53.0,19.0,0.0,Rabbit
7.0,ambush,29.0,95.0,53.0,19.0,0.0,Rabbit
7.0,ambush,67.0,67.0,55.0,16.0,1.0,Rabbit
7.0,ambush,67.0,67.0,55.0,16.0,1.0,Rabbit
7.0,ambush,67.0,67.0,55.0,16.0,1.0,Rabbit
7.0,ambush,67.0,67.0,55.0,16.0,1.0,Rabbit
7.0,ambush,67.0,67.0,55.0,16.0,1.0,Rabbit
7.0,ambush,65.0,67.0,55.0,16.0,0.0,Rabbit
7.0,ambush,67.0,67.0,55.0,16.0,1.0,Rabbit
7.0,ambush,67.0,67.0,55.0,16.0,1.0,Rabbit
7.0,ambush,29.0,95.0,53.0,19.0,1.0,Rabbit
7.0,ambush,26.0,96.0,37.0,48.0,1.0,Rabbit
7.0,ambush,26.0,96.0,37.0,48.0,1.0,Rabbit
7.0,ambush,26.0,96.0,37.0,48.0,1.0,Rabbit
7.0,ambush,29.0,95.0,53.0,19.0,0.0,Rabbit
7.0,ambush,38.0,88.0,5.0,83.0,1.0,Rabbit
7.0,ambush,22.0,91.0,12.0,43.0,0.0,Rabbit
7.0,ambush,84.0,57.0,18.0,47.0,0.0,Rabbit
7.0,ambush,84.0,57.0,18.0,47.0,1.0,Rabbit
7.0,ambush,22.0,91.0,12.0,43.0,0.0,Rabbit
7.0,ambush,26.0,92.0,7.0,78.0,0.0,Rabbit
7.0,ambush,26.0,92.0,7.0,78.0,0.0,Rabbit
7.0,ambush,84.0,57.0,18.0,47.0,1.0,Rabbit
7.0,ambush,61.0,6.0,95.0,55.0,0.0,Rabbit
7.0,ambush,87.0,99.0,15.0,21.0,1.0,Rabbit
7.0,ambush,87.0,99.0,11.0,21.0,1.0,Rabbit
7.0,ambush,87.0,99.0,11.0,21.0,1.0,Rabbit
7.0,ambush,61.0,6.0,95.0,55.0,0.0,Rabbit
7.0,ambush,67.0,67.0,55.0,16.0,0.0,Rabbit
7.0,ambush,87.0,99.0,11.0,21.0,0.0,Rabbit
7.0,ambush,87.0,99.0,11.0,21.0,1.0,Rabbit
7.0,ambush,89.0,70.0,23.0,42.0,1.0,Rabbit
7.0,ambush,89.0,70.0,23.0,42.0,1.0,Rabbit
7.0,ambush,89.0,70.0,23.0,42.0,1.0,Rabbit
7.0,ambush,66.0,88.0,58.0,12.0,1.0,Rabbit
7.0,ambush,66.0,88.0,58.0,12.0,1.0,Rabbit
7.0,ambush,66.0,88.0,58.0,12.0,1.0,Rabbit
7.0,ambush,61.0,6.0,95.0,55.0,0.0,Rabbit
7.0,ambush,38.0,88.0,5.0,83.0,0.0,Rabbit
7.0,ambush,66.0,88.0,58.0,12.0,1.0,Rabbit
7.0,ambush,66.0,88.0,58.0,12.0,0.0,Rabbit
7.0,ambush,66.0,88.0,58.0,12.0,0.0,Rabbit
7.0,ambush,39.0,91.0,83.0,10.0,1.0,Rabbit
7.0,ambush,38.0,88.0,5.0,83.0,0.0,Rabbit
7.0,ambush,72.0,65.0,79.0,17.0,0.0,Rabbit
7.0,ambush,62.0,14.0,84.0,52.0,0.0,Rabbit
7.0,ambush,87.0,99.0,11.0,21.0,0.0,Rabbit
7.0,ambush,84.0,75.0,27.0,54.0,1.0,Rabbit
7.0,ambush,84.0,75.0,27.0,54.0,1.0,Rabbit
7.0,ambush,84.0,75.0,27.0,54.0,0.0,Rabbit
7.0,ambush,84.0,75.0,27.0,54.0,1.0,Rabbit
7.0,ambush,61.0,6.0,95.0,55.0,0.0,Rabbit
7.0,ambush,26.0,88.0,12.0,78.0,0.0,Rabbit
7.0,ambush,85.0,96.0,41.0,21.0,1.0,Rabbit
7.0,ambush,85.0,96.0,41.0,21.0,0.0,Rabbit
7.0,ambush,85.0,96.0,41.0,21.0,1.0,Rabbit
7.0,ambush,85.0,96.0,41.0,21.0,0.0,Rabbit
7.0,ambush,85.0,96.0,41.0,21.0,1.0,Rabbit
7.0,ambush,72.0,65.0,79.0,17.0,0.0,Rabbit
7.0,ambush,66.0,88.0,58.0,12.0,0.0,Rabbit
7.0,ambush,85.0,96.0,41.0,21.0,0.0,Rabbit
7.0,ambush,85.0,96.0,41.0,21.0,0.0,Rabbit
7.0,ambush,78.0,100.0,9.0,58.0,1.0,Rabbit
7.0,ambush,72.0,65.0,79.0,17.0,0.0,Rabbit
7.0,ambush,78.0,100.0,9.0,58.0,1.0,Rabbit
7.0,ambush,84.0,75.0,29.0,54.0,1.0,Rabbit
7.0,ambush,84.0,75.0,27.0,54.0,0.0,Rabbit
7.0,ambush,85.0,96.0,41.0,21.0,0.0,Rabbit
7.0,ambush,78.0,100.0,9.0,58.0,1.0,Rabbit
7.0,ambush,78.0,100.0,9.0,58.0,0.0,Rabbit
7.0,ambush,84.0,71.0,30.0,54.0,1.0,Rabbit
7.0,ambush,60.0,81.0,92.0,13.0,1.0,Rabbit
7.0,ambush,84.0,69.0,33.0,60.0,1.0,Rabbit
7.0,ambush,78.0,100.0,9.0,58.0,0.0,Rabbit
7.0,ambush,84.0,69.0,33.0,60.0,1.0,Rabbit
7.0,ambush,78.0,100.0,9.0,58.0,0.0,Rabbit
7.0,ambush,84.0,69.0,33.0,60.0,1.0,Rabbit
7.0,ambush,78.0,100.0,9.0,58.0,0.0,Rabbit
7.0,ambush,87.0,69.0,33.0,60.0,0.0,Rabbit
7.0,ambush,84.0,69.0,33.0,60.0,0.0,Rabbit
7.0,ambush,84.0,69.0,33.0,60.0,1.0,Rabbit
7.0,ambush,84.0,69.0,33.0,60.0,1.0,Rabbit
7.0,ambush,84.0,71.0,30.0,54.0,0.0,Rabbit
7.0,ambush,78.0,100.0,9.0,58.0,0.0,Rabbit
7.0,ambush,89.0,85.0,14.0,59.0,1.0,Rabbit
7.0,ambush,84.0,69.0,33.0,60.0,0.0,Rabbit
7.0,ambush,89.0,85.0,14.0,59.0,1.0,Rabbit
7.0,ambush,84.0,69.0,33.0,60.0,0.0,Rabbit
7.0,ambush,84.0,69.0,33.0,60.0,0.0,Rabbit
7.0,ambush,89.0,85.0,14.0,59.0,0.0,Rabbit
7.0,ambush,89.0,85.0,14.0,59.0,1.0,Rabbit
7.0,ambush,84.0,71.0,30.0,54.0,0.0,Rabbit
7.0,ambush,89.0,85.0,14.0,59.0,0.0,Rabbit
7.0,ambush,89.0,85.0,14.0,59.0,1.0,Rabbit
7.0,ambush,88.0,85.0,14.0,59.0,0.0,Rabbit
7.0,ambush,89.0,85.0,14.0,59.0,0.0,Rabbit
7.0,ambush,89.0,85.0,14.0,59.0,1.0,Rabbit
7.0,ambush,89.0,85.0,14.0,59.0,1.0,Rabbit
7.0,ambush,89.0,85.0,14.0,59.0,0.0,Rabbit
7.0,ambush,66.0,6.0,95.0,55.0,0.0,Rabbit
7.0,ambush,89.0,84.0,14.0,59.0,1.0,Rabbit
7.0,ambush,89.0,85.0,14.0,59.0,1.0,Rabbit
7.0,ambush,89.0,85.0,14.0,59.0,1.0,Rabbit
7.0,ambush,62.0,14.0,79.0,52.0,1.0,Rabbit
7.0,ambush,80.0,14.0,78.0,85.0,1.0,Rabbit
7.0,ambush,80.0,14.0,78.0,85.0,1.0,Rabbit
7.0,ambush,84.0,69.0,33.0,60.0,0.0,Rabbit
7.0,ambush,80.0,14.0,78.0,85.0,1.0,Rabbit
7.0,ambush,89.0,84.0,14.0,59.0,0.0,Rabbit
7.0,ambush,80.0,14.0,78.0,85.0,1.0,Rabbit
7.0,ambush,71.0,96.0,88.0,14.0,1.0,Rabbit
7.0,ambush,14.0,99.0,77.0,79.0,1.0,Rabbit
7.0,ambush,89.0,84.0,14.0,59.0,0.0,Rabbit
7.0,ambush,89.0,85.0,14.0,59.0,0.0,Rabbit
7.0,ambush,30.0,72.0,83.0,85.0,0.0,Rabbit
7.0,ambush,30.0,72.0,83.0,85.0,1.0,Rabbit
7.0,ambush,70.0,78.0,42.0,80.0,1.0,Rabbit
7.0,ambush,82.0,18.0,83.0,84.0,1.0,Rabbit
7.0,ambush,70.0,78.0,42.0,80.0,1.0,Rabbit
7.0,ambush,70.0,78.0,42.0,80.0,1.0,Rabbit
7.0,ambush,89.0,85.0,14.0,59.0,0.0,Rabbit
7.0,ambush,31.0,81.0,70.0,74.0,0.0,Rabbit
7.0,ambush,89.0,85.0,14.0,59.0,0.0,Rabbit
7.0,ambush,31.0,81.0,70.0,74.0,0.0,Rabbit
7.0,ambush,70.0,78.0,42.0,80.0,0.0,Rabbit
7.0,ambush,80.0,14.0,78.0,85.0,0.0,Rabbit
8.0,ambush,29.0,95.0,53.0,19.0,1.0,Rabbit
8.0,ambush,67.0,67.0,55.0,16.0,1.0,Rabbit
8.0,ambush,67.0,67.0,55.0,16.0,1.0,Rabbit
8.0,ambush,22.0,91.0,12.0,43.0,1.0,Rabbit
8.0,ambush,67.0,67.0,55.0,16.0,1.0,Rabbit
8.0,ambush,67.0,67.0,55.0,16.0,0.0,Rabbit
8.0,ambush,67.0,67.0,55.0,16.0,1.0,Rabbit
8.0,ambush,67.0,67.0,55.0,16.0,1.0,Rabbit
8.0,ambush,67.0,67.0,55.0,16.0,0.0,Rabbit
8.0,ambush,67.0,67.0,55.0,16.0,0.0,Rabbit
8.0,ambush,67.0,67.0,55.0,16.0,0.0,Rabbit
8.0,ambush,29.0,95.0,53.0,19.0,1.0,Rabbit
8.0,ambush,67.0,67.0,55.0,16.0,1.0,Rabbit
8.0,ambush,67.0,67.0,55.0,16.0,1.0,Rabbit
8.0,ambush,26.0,96.0,37.0,48.0,1.0,Rabbit
8.0,ambush,26.0,96.0,37.0,48.0,1.0,Rabbit
8.0,ambush,26.0,96.0,37.0,48.0,1.0,Rabbit
8.0,ambush,67.0,67.0,55.0,16.0,0.0,Rabbit
8.0,ambush,38.0,88.0,5.0,83.0,0.0,Rabbit
8.0,ambush,29.0,95.0,53.0,19.0,0.0,Rabbit
8.0,ambush,84.0,57.0,18.0,47.0,0.0,Rabbit
8.0,ambush,26.0,96.0,37.0,48.0,1.0,Rabbit
8.0,ambush,84.0,57.0,18.0,47.0,0.0,Rabbit
8.0,ambush,87.0,99.0,15.0,21.0,1.0,Rabbit
8.0,ambush,26.0,96.0,37.0,48.0,0.0,Rabbit
8.0,ambush,87.0,99.0,11.0,21.0,1.0,Rabbit
8.0,ambush,87.0,99.0,11.0,21.0,0.0,Rabbit
8.0,ambush,87.0,99.0,11.0,21.0,1.0,Rabbit
8.0,ambush,87.0,99.0,11.0,21.0,0.0,Rabbit
8.0,ambush,89.0,70.0,23.0,42.0,1.0,Rabbit
8.0,ambush,89.0,70.0,23.0,42.0,1.0,Rabbit
8.0,ambush,29.0,95.0,53.0,19.0,0.0,Rabbit
8.0,ambush,89.0,70.0,23.0,42.0,1.0,Rabbit
8.0,ambush,89.0,70.0,23.0,42.0,1.0,Rabbit
8.0,ambush,26.0,96.0,37.0,48.0,0.0,Rabbit
8.0,ambush,89.0,70.0,23.0,42.0,1.0,Rabbit
8.0,ambush,67.0,67.0,55.0,16.0,0.0,Rabbit
8.0,ambush,66.0,88.0,58.0,12.0,1.0,Rabbit
8.0,ambush,66.0,88.0,58.0,12.0,1.0,Rabbit
8.0,ambush,66.0,88.0,58.0,12.0,1.0,Rabbit
8.0,ambush,66.0,88.0,58.0,12.0,1.0,Rabbit
8.0,ambush,66.0,88.0,58.0,12.0,1.0,Rabbit
8.0,ambush,66.0,88.0,58.0,12.0,0.0,Rabbit
8.0,ambush,66.0,88.0,58.0,12.0,1.0,Rabbit
8.0,ambush,66.0,88.0,58.0,12.0,1.0,Rabbit
8.0,ambush,39.0,91.0,83.0,10.0,1.0,Rabbit
8.0,ambush,84.0,75.0,27.0,54.0,1.0,Rabbit
8.0,ambush,66.0,88.0,58.0,12.0,1.0,Rabbit
8.0,ambush,84.0,75.0,27.0,54.0,1.0,Rabbit
8.0,ambush,87.0,100.0,11.0,21.0,0.0,Rabbit
8.0,ambush,84.0,75.0,27.0,54.0,1.0,Rabbit
8.0,ambush,84.0,75.0,27.0,54.0,1.0,Rabbit
8.0,ambush,89.0,70.0,23.0,42.0,1.0,Rabbit
8.0,ambush,85.0,96.0,41.0,21.0,1.0,Rabbit
8.0,ambush,85.0,96.0,41.0,21.0,1.0,Rabbit
8.0,ambush,85.0,96.0,41.0,21.0,1.0,Rabbit
8.0,ambush,85.0,96.0,41.0,21.0,1.0,Rabbit
8.0,ambush,85.0,96.0,41.0,21.0,0.0,Rabbit
8.0,ambush,67.0,67.0,55.0,16.0,0.0,Rabbit
8.0,ambush,78.0,100.0,9.0,58.0,1.0,Rabbit
8.0,ambush,78.0,100.0,9.0,58.0,1.0,Rabbit
8.0,ambush,78.0,100.0,9.0,58.0,1.0,Rabbit
8.0,ambush,85.0,96.0,41.0,21.0,0.0,Rabbit
8.0,ambush,85.0,96.0,41.0,21.0,1.0,Rabbit
8.0,ambush,84.0,57.0,18.0,47.0,0.0,Rabbit
8.0,ambush,89.0,70.0,23.0,42.0,0.0,Rabbit
8.0,ambush,84.0,75.0,29.0,54.0,0.0,Rabbit
8.0,ambush,78.0,100.0,9.0,58.0,0.0,Rabbit
8.0,ambush,78.0,100.0,9.0,58.0,0.0,Rabbit
8.0,ambush,84.0,75.0,27.0,54.0,0.0,Rabbit
8.0,ambush,39.0,91.0,83.0,10.0,0.0,Rabbit
8.0,ambush,60.0,81.0,92.0,13.0,1.0,Rabbit
8.0,ambush,84.0,71.0,30.0,54.0,1.0,Rabbit
8.0,ambush,84.0,69.0,33.0,60.0,1.0,Rabbit
8.0,ambush,84.0,71.0,30.0,54.0,0.0,Rabbit
8.0,ambush,60.0,81.0,92.0,13.0,0.0,Rabbit
8.0,ambush,60.0,81.0,92.0,13.0,1.0,Rabbit
8.0,ambush,84.0,69.0,33.0,60.0,1.0,Rabbit
8.0,ambush,84.0,69.0,33.0,60.0,1.0,Rabbit
8.0,ambush,84.0,69.0,33.0,60.0,1.0,Rabbit
8.0,ambush,84.0,69.0,33.0,60.0,0.0,Rabbit
8.0,ambush,84.0,75.0,27.0,54.0,0.0,Rabbit
8.0,ambush,84.0,69.0,33.0,60.0,1.0,Rabbit
8.0,ambush,84.0,69.0,33.0,60.0,1.0,Rabbit
8.0,ambush,89.0,85.0,14.0,59.0,1.0,Rabbit
8.0,ambush,89.0,85.0,11.0,59.0,1.0,Rabbit
8.0,ambush,89.0,85.0,14.0,59.0,1.0,Rabbit
8.0,ambush,89.0,85.0,14.0,59.0,1.0,Rabbit
8.0,ambush,89.0,85.0,14.0,59.0,1.0,Rabbit
8.0,ambush,89.0,85.0,14.0,59.0,1.0,Rabbit
8.0,ambush,78.0,100.0,9.0,58.0,0.0,Rabbit
8.0,ambush,89.0,85.0,14.0,59.0,1.0,Rabbit
8.0,ambush,78.0,100.0,9.0,58.0,0.0,Rabbit
8.0,ambush,89.0,85.0,14.0,59.0,1.0,Rabbit
8.0,ambush,84.0,69.0,33.0,60.0,0.0,Rabbit
8.0,ambush,89.0,85.0,14.0,59.0,1.0,Rabbit
8.0,ambush,89.0,84.0,14.0,59.0,1.0,Rabbit
8.0,ambush,84.0,75.0,29.0,54.0,0.0,Rabbit
8.0,ambush,89.0,85.0,14.0,59.0,1.0,Rabbit
8.0,ambush,89.0,85.0,14.0,59.0,0.0,Rabbit
8.0,ambush,89.0,85.0,14.0,59.0,0.0,Rabbit
8.0,ambush,89.0,85.0,14.0,59.0,0.0,Rabbit
8.0,ambush,89.0,85.0,14.0,59.0,0.0,Rabbit
8.0,ambush,62.0,14.0,79.0,52.0,1.0,Rabbit
8.0,ambush,62.0,14.0,79.0,52.0,0.0,Rabbit
8.0,ambush,80.0,14.0,78.0,85.0,0.0,Rabbit
8.0,ambush,80.0,14.0,78.0,85.0,1.0,Rabbit
8.0,ambush,84.0,69.0,33.0,60.0,0.0,Rabbit
8.0,ambush,80.0,14.0,78.0,85.0,0.0,Rabbit
8.0,ambush,80.0,14.0,78.0,85.0,1.0,Rabbit
8.0,ambush,89.0,84.0,14.0,59.0,0.0,Rabbit
8.0,ambush,89.0,84.0,14.0,59.0,0.0,Rabbit
8.0,ambush,71.0,96.0,88.0,14.0,1.0,Rabbit
8.0,ambush,89.0,85.0,14.0,59.0,0.0,Rabbit
8.0,ambush,80.0,14.0,78.0,85.0,1.0,Rabbit
8.0,ambush,71.0,96.0,88.0,14.0,1.0,Rabbit
8.0,ambush,71.0,96.0,88.0,14.0,1.0,Rabbit
8.0,ambush,14.0,99.0,77.0,79.0,1.0,Rabbit
8.0,ambush,80.0,14.0,78.0,85.0,0.0,Rabbit
8.0,ambush,14.0,99.0,77.0,79.0,1.0,Rabbit
8.0,ambush,14.0,99.0,72.0,79.0,1.0,Rabbit
8.0,ambush,89.0,85.0,14.0,59.0,1.0,Rabbit
8.0,ambush,70.0,78.0,42.0,80.0,1.0,Rabbit
8.0,ambush,89.0,85.0,14.0,59.0,0.0,Rabbit
8.0,ambush,84.0,69.0,33.0,60.0,0.0,Rabbit
8.0,ambush,82.0,18.0,83.0,84.0,1.0,Rabbit
8.0,ambush,70.0,78.0,42.0,80.0,1.0,Rabbit
8.0,ambush,80.0,14.0,78.0,85.0,0.0,Rabbit
8.0,ambush,70.0,78.0,42.0,80.0,1.0,Rabbit
8.0,ambush,70.0,78.0,42.0,80.0,1.0,Rabbit
8.0,ambush,70.0,78.0,42.0,80.0,0.0,Rabbit
8.0,ambush,30.0,72.0,83.0,85.0,0.0,Rabbit
8.0,ambush,30.0,72.0,83.0,85.0,0.0,Rabbit
8.0,ambush,70.0,78.0,42.0,80.0,0.0,Rabbit
8.0,ambush,30.0,72.0,83.0,85.0,0.0,Rabbit
8.0,ambush,70.0,78.0,42.0,80.0,0.0,Rabbit
8.0,ambush,82.0,18.0,83.0,84.0,0.0,Rabbit
9.0,ambush,67.0,67.0,55.0,16.0,1.0,Rabbit
9.0,ambush,67.0,67.0,55.0,16.0,1.0,Rabbit
9.0,ambush,67.0,67.0,55.0,16.0,1.0,Rabbit
9.0,ambush,67.0,67.0,55.0,16.0,1.0,Rabbit
9.0,ambush,67.0,67.0,55.0,16.0,1.0,Rabbit
9.0,ambush,67.0,67.0,55.0,16.0,1.0,Rabbit
9.0,ambush,29.0,95.0,53.0,19.0,0.0,Rabbit
9.0,ambush,29.0,95.0,53.0,19.0,0.0,Rabbit
9.0,ambush,67.0,67.0,55.0,16.0,0.0,Rabbit
9.0,ambush,26.0,96.0,37.0,48.0,1.0,Rabbit
9.0,ambush,67.0,67.0,55.0,16.0,0.0,Rabbit
9.0,ambush,67.0,67.0,55.0,16.0,0.0,Rabbit
9.0,ambush,26.0,96.0,37.0,48.0,1.0,Rabbit
9.0,ambush,26.0,96.0,37.0,48.0,1.0,Rabbit
9.0,ambush,26.0,96.0,37.0,48.0,1.0,Rabbit
9.0,ambush,26.0,96.0,37.0,48.0,0.0,Rabbit
9.0,ambush,26.0,96.0,37.0,48.0,0.0,Rabbit
9.0,ambush,22.0,91.0,12.0,43.0,0.0,Rabbit
9.0,ambush,29.0,95.0,53.0,19.0,0.0,Rabbit
9.0,ambush,67.0,67.0,55.0,16.0,0.0,Rabbit
9.0,ambush,29.0,95.0,53.0,19.0,1.0,Rabbit
9.0,ambush,89.0,99.0,15.0,20.0,0.0,Rabbit
9.0,ambush,87.0,99.0,11.0,21.0,1.0,Rabbit
9.0,ambush,87.0,99.0,11.0,21.0,1.0,Rabbit
9.0,ambush,87.0,99.0,15.0,21.0,0.0,Rabbit
9.0,ambush,89.0,73.0,20.0,46.0,1.0,Rabbit
9.0,ambush,26.0,96.0,37.0,48.0,0.0,Rabbit
9.0,ambush,89.0,70.0,23.0,42.0,1.0,Rabbit
9.0,ambush,89.0,70.0,23.0,42.0,1.0,Rabbit
9.0,ambush,89.0,70.0,23.0,42.0,1.0,Rabbit
9.0,ambush,87.0,99.0,15.0,21.0,0.0,Rabbit
9.0,ambush,26.0,96.0,37.0,48.0,0.0,Rabbit
9.0,ambush,26.0,96.0,37.0,48.0,0.0,Rabbit
9.0,ambush,67.0,67.0,55.0,16.0,0.0,Rabbit
9.0,ambush,66.0,88.0,58.0,12.0,1.0,Rabbit
9.0,ambush,66.0,88.0,58.0,12.0,1.0,Rabbit
9.0,ambush,69.0,88.0,58.0,17.0,1.0,Rabbit
9.0,ambush,66.0,88.0,58.0,12.0,0.0,Rabbit
9.0,ambush,66.0,88.0,58.0,12.0,1.0,Rabbit
9.0,ambush,66.0,88.0,58.0,12.0,1.0,Rabbit
9.0,ambush,66.0,88.0,58.0,12.0,1.0,Rabbit
9.0,ambush,66.0,88.0,58.0,12.0,1.0,Rabbit
9.0,ambush,66.0,88.0,58.0,12.0,0.0,Rabbit
9.0,ambush,66.0,88.0,58.0,12.0,1.0,Rabbit
9.0,ambush,66.0,88.0,58.0,12.0,1.0,Rabbit
9.0,ambush,39.0,91.0,83.0,10.0,1.0,Rabbit
9.0,ambush,89.0,70.0,23.0,42.0,0.0,Rabbit
9.0,ambush,39.0,91.0,83.0,10.0,1.0,Rabbit
9.0,ambush,89.0,70.0,23.0,42.0,0.0,Rabbit
9.0,ambush,39.0,91.0,83.0,10.0,1.0,Rabbit
9.0,ambush,66.0,88.0,58.0,12.0,0.0,Rabbit
9.0,ambush,89.0,70.0,23.0,42.0,0.0,Rabbit
9.0,ambush,66.0,88.0,58.0,12.0,1.0,Rabbit
9.0,ambush,84.0,75.0,27.0,54.0,1.0,Rabbit
9.0,ambush,66.0,88.0,58.0,12.0,0.0,Rabbit
9.0,ambush,66.0,88.0,58.0,12.0,0.0,Rabbit
9.0,ambush,84.0,75.0,27.0,54.0,0.0,Rabbit
9.0,ambush,89.0,70.0,23.0,42.0,1.0,Rabbit
9.0,ambush,84.0,75.0,27.0,54.0,1.0,Rabbit
9.0,ambush,85.0,96.0,41.0,21.0,1.0,Rabbit
9.0,ambush,85.0,96.0,41.0,21.0,1.0,Rabbit
9.0,ambush,89.0,70.0,23.0,42.0,0.0,Rabbit
9.0,ambush,85.0,96.0,41.0,21.0,1.0,Rabbit
9.0,ambush,85.0,96.0,41.0,21.0,1.0,Rabbit
9.0,ambush,84.0,75.0,27.0,58.0,1.0,Rabbit
9.0,ambush,85.0,96.0,41.0,21.0,1.0,Rabbit
9.0,ambush,85.0,96.0,41.0,21.0,0.0,Rabbit
9.0,ambush,85.0,96.0,41.0,21.0,1.0,Rabbit
9.0,ambush,85.0,96.0,41.0,21.0,1.0,Rabbit
9.0,ambush,78.0,100.0,9.0,58.0,1.0,Rabbit
9.0,ambush,78.0,100.0,9.0,58.0,1.0,Rabbit
9.0,ambush,78.0,100.0,9.0,58.0,0.0,Rabbit
9.0,ambush,85.0,96.0,41.0,21.0,1.0,Rabbit
9.0,ambush,78.0,100.0,9.0,58.0,0.0,Rabbit
9.0,ambush,60.0,81.0,92.0,13.0,1.0,Rabbit
9.0,ambush,78.0,100.0,9.0,58.0,0.0,Rabbit
9.0,ambush,60.0,81.0,92.0,13.0,0.0,Rabbit
9.0,ambush,84.0,71.0,30.0,54.0,1.0,Rabbit
9.0,ambush,84.0,69.0,33.0,60.0,1.0,Rabbit
9.0,ambush,84.0,69.0,33.0,60.0,1.0,Rabbit
9.0,ambush,60.0,81.0,92.0,13.0,1.0,Rabbit
9.0,ambush,84.0,69.0,33.0,60.0,0.0,Rabbit
9.0,ambush,60.0,81.0,92.0,13.0,0.0,Rabbit
9.0,ambush,89.0,70.0,23.0,42.0,0.0,Rabbit
9.0,ambush,66.0,88.0,58.0,12.0,0.0,Rabbit
9.0,ambush,84.0,69.0,33.0,60.0,1.0,Rabbit
9.0,ambush,84.0,69.0,39.0,60.0,0.0,Rabbit
9.0,ambush,84.0,69.0,33.0,60.0,0.0,Rabbit
9.0,ambush,84.0,75.0,27.0,54.0,1.0,Rabbit
9.0,ambush,84.0,69.0,33.0,60.0,0.0,Rabbit
9.0,ambush,84.0,69.0,33.0,60.0,1.0,Rabbit
9.0,ambush,84.0,69.0,33.0,60.0,0.0,Rabbit
9.0,ambush,84.0,69.0,33.0,60.0,1.0,Rabbit
9.0,ambush,60.0,81.0,92.0,13.0,0.0,Rabbit
9.0,ambush,84.0,71.0,30.0,54.0,0.0,Rabbit
9.0,ambush,84.0,69.0,33.0,60.0,0.0,Rabbit
9.0,ambush,89.0,85.0,14.0,59.0,0.0,Rabbit
9.0,ambush,89.0,85.0,11.0,59.0,1.0,Rabbit
9.0,ambush,89.0,85.0,11.0,59.0,1.0,Rabbit
9.0,ambush,89.0,85.0,14.0,59.0,0.0,Rabbit
9.0,ambush,89.0,85.0,14.0,59.0,1.0,Rabbit
9.0,ambush,89.0,85.0,11.0,59.0,1.0,Rabbit
9.0,ambush,89.0,85.0,14.0,59.0,1.0,Rabbit
9.0,ambush,84.0,75.0,27.0,54.0,0.0,Rabbit
9.0,ambush,89.0,85.0,14.0,59.0,1.0,Rabbit
9.0,ambush,89.0,85.0,14.0,59.0,1.0,Rabbit
9.0,ambush,89.0,85.0,14.0,59.0,0.0,Rabbit
9.0,ambush,89.0,85.0,14.0,59.0,0.0,Rabbit
9.0,ambush,89.0,85.0,14.0,59.0,0.0,Rabbit
9.0,ambush,84.0,69.0,33.0,60.0,0.0,Rabbit
9.0,ambush,89.0,85.0,14.0,59.0,1.0,Rabbit
9.0,ambush,89.0,85.0,14.0,59.0,1.0,Rabbit
9.0,ambush,89.0,85.0,14.0,59.0,1.0,Rabbit
9.0,ambush,89.0,85.0,14.0,59.0,1.0,Rabbit
9.0,ambush,89.0,85.0,14.0,59.0,0.0,Rabbit
9.0,ambush,89.0,85.0,14.0,59.0,1.0,Rabbit
9.0,ambush,89.0,85.0,14.0,59.0,1.0,Rabbit
9.0,ambush,89.0,84.0,14.0,59.0,1.0,Rabbit
9.0,ambush,89.0,84.0,14.0,59.0,1.0,Rabbit
9.0,ambush,84.0,69.0,33.0,60.0,0.0,Rabbit
9.0,ambush,84.0,70.0,33.0,60.0,0.0,Rabbit
9.0,ambush,88.0,85.0,14.0,59.0,1.0,Rabbit
9.0,ambush,89.0,85.0,14.0,59.0,0.0,Rabbit
9.0,ambush,62.0,14.0,79.0,52.0,0.0,Rabbit
9.0,ambush,62.0,14.0,79.0,52.0,1.0,Rabbit
9.0,ambush,89.0,85.0,14.0,59.0,0.0,Rabbit
9.0,ambush,80.0,14.0,78.0,85.0,1.0,Rabbit
9.0,ambush,80.0,14.0,78.0,85.0,0.0,Rabbit
9.0,ambush,84.0,69.0,33.0,60.0,0.0,Rabbit
9.0,ambush,93.0,85.0,18.0,59.0,0.0,Rabbit
9.0,ambush,77.0,14.0,79.0,85.0,1.0,Rabbit
9.0,ambush,93.0,89.0,14.0,59.0,0.0,Rabbit
9.0,ambush,80.0,14.0,78.0,85.0,1.0,Rabbit
9.0,ambush,71.0,96.0,88.0,14.0,1.0,Rabbit
9.0,ambush,71.0,96.0,88.0,14.0,0.0,Rabbit
9.0,ambush,71.0,96.0,88.0,14.0,0.0,Rabbit
9.0,ambush,71.0,96.0,88.0,14.0,0.0,Rabbit
9.0,ambush,89.0,85.0,14.0,59.0,0.0,Rabbit
9.0,ambush,14.0,99.0,77.0,79.0,0.0,Rabbit
9.0,ambush,14.0,99.0,77.0,79.0,1.0,Rabbit
9.0,ambush,14.0,99.0,72.0,79.0,1.0,Rabbit
9.0,ambush,89.0,85.0,14.0,59.0,1.0,Rabbit
9.0,ambush,89.0,85.0,14.0,59.0,0.0,Rabbit
9.0,ambush,71.0,96.0,88.0,14.0,0.0,Rabbit
9.0,ambush,82.0,18.0,83.0,84.0,1.0,Rabbit
9.0,ambush,14.0,99.0,72.0,79.0,1.0,Rabbit
9.0,ambush,82.0,18.0,83.0,84.0,1.0,Rabbit
9.0,ambush,89.0,85.0,14.0,59.0,0.0,Rabbit
9.0,ambush,89.0,85.0,14.0,59.0,0.0,Rabbit
9.0,ambush,70.0,78.0,42.0,80.0,1.0,Rabbit
9.0,ambush,14.0,99.0,77.0,79.0,0.0,Rabbit
9.0,ambush,70.0,78.0,42.0,80.0,1.0,Rabbit
9.0,ambush,70.0,78.0,42.0,80.0,1.0,Rabbit
9.0,ambush,70.0,78.0,42.0,80.0,0.0,Rabbit
9.0,ambush,70.0,78.0,42.0,80.0,0.0,Rabbit
9.0,ambush,70.0,78.0,42.0,80.0,0.0,Rabbit
9.0,ambush,70.0,78.0,42.0,80.0,0.0,Rabbit
9.0,ambush,80.0,14.0,78.0,85.0,0.0,Rabbit
9.0,ambush,80.0,14.0,78.0,85.0,0.0,Rabbit
9.0,ambush,70.0,78.0,42.0,80.0,0.0,Rabbit
9.0,ambush,82.0,18.0,83.0,84.0,0.0,Rabbit
10.0,ambush,67.0,67.0,55.0,16.0,1.0,Rabbit
10.0,ambush,67.0,67.0,55.0,16.0,1.0,Rabbit
10.0,ambush,67.0,67.0,55.0,16.0,1.0,Rabbit
10.0,ambush,67.0,67.0,55.0,16.0,0.0,Rabbit
10.0,ambush,67.0,67.0,55.0,16.0,0.0,Rabbit
10.0,ambush,67.0,67.0,55.0,16.0,1.0,Rabbit
10.0,ambush,67.0,67.0,50.0,16.0,0.0,Rabbit
10.0,ambush,67.0,67.0,55.0,16.0,0.0,Rabbit
10.0,ambush,67.0,67.0,55.0,16.0,0.0,Rabbit
10.0,ambush,67.0,67.0,55.0,16.0,0.0,Rabbit
10.0,ambush,26.0,96.0,33.0,48.0,1.0,Rabbit
10.0,ambush,67.0,63.0,55.0,16.0,0.0,Rabbit
10.0,ambush,67.0,67.0,55.0,16.0,0.0,Rabbit
10.0,ambush,29.0,95.0,53.0,19.0,0.0,Rabbit
10.0,ambush,64.0,67.0,55.0,11.0,0.0,Rabbit
10.0,ambush,26.0,96.0,37.0,48.0,0.0,Rabbit
10.0,ambush,87.0,99.0,11.0,21.0,1.0,Rabbit
10.0,ambush,29.0,95.0,53.0,19.0,1.0,Rabbit
10.0,ambush,87.0,99.0,11.0,21.0,1.0,Rabbit
10.0,ambush,87.0,99.0,11.0,21.0,1.0,Rabbit
10.0,ambush,26.0,96.0,37.0,48.0,1.0,Rabbit
10.0,ambush,89.0,70.0,23.0,42.0,1.0,Rabbit
10.0,ambush,89.0,70.0,23.0,42.0,1.0,Rabbit
10.0,ambush,89.0,73.0,20.0,46.0,1.0,Rabbit
10.0,ambush,89.0,70.0,23.0,42.0,1.0,Rabbit
10.0,ambush,67.0,67.0,55.0,16.0,0.0,Rabbit
10.0,ambush,89.0,70.0,23.0,42.0,1.0,Rabbit
10.0,ambush,89.0,70.0,23.0,42.0,0.0,Rabbit
10.0,ambush,26.0,96.0,37.0,48.0,0.0,Rabbit
10.0,ambush,26.0,96.0,37.0,48.0,0.0,Rabbit
10.0,ambush,66.0,88.0,58.0,12.0,1.0,Rabbit
10.0,ambush,66.0,88.0,58.0,12.0,0.0,Rabbit
10.0,ambush,89.0,73.0,20.0,46.0,0.0,Rabbit
10.0,ambush,66.0,88.0,58.0,12.0,0.0,Rabbit
10.0,ambush,89.0,70.0,23.0,42.0,0.0,Rabbit
10.0,ambush,66.0,88.0,58.0,12.0,1.0,Rabbit
10.0,ambush,66.0,88.0,58.0,12.0,1.0,Rabbit
10.0,ambush,89.0,70.0,23.0,42.0,0.0,Rabbit
10.0,ambush,66.0,88.0,58.0,12.0,0.0,Rabbit
10.0,ambush,26.0,96.0,37.0,48.0,0.0,Rabbit
10.0,ambush,66.0,88.0,58.0,12.0,1.0,Rabbit
10.0,ambush,89.0,70.0,23.0,42.0,0.0,Rabbit
10.0,ambush,66.0,88.0,58.0,12.0,0.0,Rabbit
10.0,ambush,66.0,88.0,58.0,12.0,0.0,Rabbit
10.0,ambush,84.0,75.0,27.0,54.0,1.0,Rabbit
10.0,ambush,39.0,91.0,83.0,10.0,1.0,Rabbit
10.0,ambush,39.0,91.0,83.0,10.0,0.0,Rabbit
10.0,ambush,89.0,70.0,23.0,42.0,1.0,Rabbit
10.0,ambush,66.0,88.0,58.0,12.0,1.0,Rabbit
10.0,ambush,39.0,91.0,83.0,10.0,1.0,Rabbit
10.0,ambush,85.0,96.0,41.0,21.0,1.0,Rabbit
10.0,ambush,85.0,96.0,41.0,21.0,1.0,Rabbit
10.0,ambush,84.0,75.0,27.0,54.0,0.0,Rabbit
10.0,ambush,85.0,96.0,38.0,16.0,0.0,Rabbit
10.0,ambush,85.0,96.0,41.0,21.0,1.0,Rabbit
10.0,ambush,85.0,96.0,41.0,21.0,1.0,Rabbit
10.0,ambush,85.0,96.0,41.0,21.0,1.0,Rabbit
10.0,ambush,85.0,96.0,41.0,21.0,1.0,Rabbit
10.0,ambush,66.0,88.0,58.0,12.0,0.0,Rabbit
10.0,ambush,69.0,88.0,58.0,17.0,0.0,Rabbit
10.0,ambush,39.0,91.0,83.0,10.0,0.0,Rabbit
10.0,ambush,85.0,96.0,41.0,21.0,0.0,Rabbit
10.0,ambush,85.0,96.0,41.0,21.0,1.0,Rabbit
10.0,ambush,81.0,96.0,41.0,21.0,0.0,Rabbit
10.0,ambush,85.0,96.0,41.0,21.0,0.0,Rabbit
10.0,ambush,85.0,96.0,41.0,21.0,1.0,Rabbit
10.0,ambush,85.0,96.0,41.0,21.0,0.0,Rabbit
10.0,ambush,84.0,75.0,27.0,58.0,0.0,Rabbit
10.0,ambush,80.0,96.0,41.0,21.0,1.0,Rabbit
10.0,ambush,85.0,96.0,41.0,21.0,1.0,Rabbit
10.0,ambush,78.0,100.0,9.0,58.0,1.0,Rabbit
10.0,ambush,78.0,100.0,9.0,58.0,1.0,Rabbit
10.0,ambush,78.0,100.0,9.0,58.0,0.0,Rabbit
10.0,ambush,78.0,100.0,9.0,58.0,1.0,Rabbit
10.0,ambush,85.0,96.0,41.0,21.0,1.0,Rabbit
10.0,ambush,60.0,81.0,92.0,13.0,1.0,Rabbit
10.0,ambush,84.0,75.0,27.0,54.0,0.0,Rabbit
10.0,ambush,85.0,96.0,41.0,21.0,1.0,Rabbit
10.0,ambush,60.0,81.0,92.0,13.0,1.0,Rabbit
10.0,ambush,85.0,96.0,41.0,21.0,0.0,Rabbit
10.0,ambush,84.0,71.0,30.0,54.0,1.0,Rabbit
10.0,ambush,60.0,81.0,92.0,13.0,1.0,Rabbit
10.0,ambush,84.0,71.0,30.0,54.0,1.0,Rabbit
10.0,ambush,60.0,81.0,92.0,13.0,1.0,Rabbit
10.0,ambush,84.0,71.0,30.0,54.0,0.0,Rabbit
10.0,ambush,84.0,69.0,33.0,60.0,1.0,Rabbit
10.0,ambush,60.0,81.0,92.0,13.0,1.0,Rabbit
10.0,ambush,84.0,75.0,27.0,54.0,1.0,Rabbit
10.0,ambush,84.0,69.0,37.0,60.0,0.0,Rabbit
10.0,ambush,84.0,75.0,27.0,54.0,1.0,Rabbit
10.0,ambush,84.0,69.0,33.0,60.0,1.0,Rabbit
10.0,ambush,84.0,69.0,33.0,60.0,1.0,Rabbit
10.0,ambush,84.0,75.0,27.0,54.0,0.0,Rabbit
10.0,ambush,85.0,96.0,41.0,21.0,0.0,Rabbit
10.0,ambush,84.0,69.0,33.0,60.0,1.0,Rabbit
10.0,ambush,89.0,85.0,11.0,59.0,1.0,Rabbit
10.0,ambush,89.0,85.0,11.0,59.0,1.0,Rabbit
10.0,ambush,89.0,85.0,11.0,59.0,1.0,Rabbit
10.0,ambush,84.0,75.0,27.0,58.0,0.0,Rabbit
10.0,ambush,89.0,85.0,14.0,59.0,1.0,Rabbit
10.0,ambush,89.0,85.0,14.0,59.0,0.0,Rabbit
10.0,ambush,84.0,75.0,22.0,54.0,0.0,Rabbit
10.0,ambush,89.0,85.0,11.0,59.0,1.0,Rabbit
10.0,ambush,84.0,69.0,33.0,60.0,0.0,Rabbit
10.0,ambush,89.0,85.0,14.0,59.0,1.0,Rabbit
10.0,ambush,89.0,85.0,14.0,59.0,1.0,Rabbit
10.0,ambush,84.0,69.0,33.0,60.0,0.0,Rabbit
10.0,ambush,89.0,85.0,14.0,59.0,1.0,Rabbit
10.0,ambush,84.0,69.0,33.0,60.0,0.0,Rabbit
10.0,ambush,89.0,85.0,14.0,59.0,0.0,Rabbit
10.0,ambush,89.0,85.0,14.0,59.0,1.0,Rabbit
10.0,ambush,89.0,85.0,14.0,59.0,1.0,Rabbit
10.0,ambush,89.0,85.0,14.0,59.0,1.0,Rabbit
10.0,ambush,89.0,85.0,14.0,59.0,1.0,Rabbit
10.0,ambush,89.0,85.0,14.0,59.0,1.0,Rabbit
10.0,ambush,89.0,85.0,14.0,59.0,1.0,Rabbit
10.0,ambush,89.0,85.0,14.0,59.0,1.0,Rabbit
10.0,ambush,89.0,85.0,14.0,59.0,1.0,Rabbit
10.0,ambush,89.0,85.0,14.0,59.0,1.0,Rabbit
10.0,ambush,89.0,85.0,14.0,59.0,1.0,Rabbit
10.0,ambush,89.0,85.0,14.0,59.0,1.0,Rabbit
10.0,ambush,89.0,85.0,11.0,59.0,0.0,Rabbit
10.0,ambush,84.0,69.0,33.0,65.0,0.0,Rabbit
10.0,ambush,89.0,84.0,14.0,59.0,1.0,Rabbit
10.0,ambush,89.0,85.0,14.0,59.0,0.0,Rabbit
10.0,ambush,89.0,84.0,14.0,59.0,1.0,Rabbit
10.0,ambush,89.0,85.0,14.0,59.0,0.0,Rabbit
10.0,ambush,62.0,14.0,79.0,52.0,1.0,Rabbit
10.0,ambush,62.0,14.0,79.0,52.0,1.0,Rabbit
10.0,ambush,80.0,14.0,78.0,85.0,1.0,Rabbit
10.0,ambush,80.0,14.0,78.0,85.0,1.0,Rabbit
10.0,ambush,77.0,14.0,79.0,85.0,1.0,Rabbit
10.0,ambush,80.0,14.0,78.0,85.0,1.0,Rabbit
10.0,ambush,89.0,85.0,14.0,59.0,0.0,Rabbit
10.0,ambush,89.0,85.0,14.0,59.0,0.0,Rabbit
10.0,ambush,89.0,84.0,14.0,59.0,0.0,Rabbit
10.0,ambush,71.0,96.0,88.0,14.0,0.0,Rabbit
10.0,ambush,14.0,99.0,77.0,79.0,1.0,Rabbit
10.0,ambush,71.0,96.0,88.0,14.0,0.0,Rabbit
10.0,ambush,14.0,99.0,77.0,79.0,1.0,Rabbit
10.0,ambush,14.0,99.0,72.0,79.0,1.0,Rabbit
10.0,ambush,88.0,85.0,14.0,59.0,0.0,Rabbit
10.0,ambush,89.0,84.0,14.0,59.0,0.0,Rabbit
10.0,ambush,89.0,84.0,14.0,59.0,0.0,Rabbit
10.0,ambush,89.0,85.0,14.0,59.0,1.0,Rabbit
10.0,ambush,14.0,99.0,77.0,79.0,0.0,Rabbit
10.0,ambush,14.0,99.0,72.0,79.0,1.0,Rabbit
10.0,ambush,14.0,99.0,72.0,79.0,1.0,Rabbit
10.0,ambush,14.0,99.0,72.0,79.0,1.0,Rabbit
10.0,ambush,89.0,85.0,14.0,59.0,0.0,Rabbit
10.0,ambush,82.0,18.0,83.0,84.0,1.0,Rabbit
10.0,ambush,82.0,18.0,83.0,84.0,1.0,Rabbit
10.0,ambush,14.0,99.0,72.0,79.0,1.0,Rabbit
10.0,ambush,70.0,78.0,42.0,80.0,0.0,Rabbit
10.0,ambush,70.0,78.0,42.0,80.0,1.0,Rabbit
10.0,ambush,70.0,78.0,42.0,80.0,0.0,Rabbit
10.0,ambush,80.0,14.0,78.0,85.0,0.0,Rabbit
10.0,ambush,69.0,78.0,39.0,80.0,1.0,Rabbit
10.0,ambush,70.0,78.0,42.0,80.0,0.0,Rabbit
10.0,ambush,77.0,14.0,79.0,85.0,0.0,Rabbit
10.0,ambush,82.0,18.0,83.0,84.0,0.0,Rabbit
10.0,ambush,70.0,78.0,42.0,80.0,0.0,Rabbit
10.0,ambush,80.0,14.0,78.0,85.0,0.0,Rabbit
10.0,ambush,82.0,18.0,83.0,84.0,0.0,Rabbit
10.0,ambush,82.0,18.0,83.0,84.0,0.0,Rabbit
11.0,ambush,69.0,67.0,54.0,16.0,0.0,Rabbit
11.0,ambush,67.0,67.0,55.0,16.0,1.0,Rabbit
11.0,ambush,67.0,67.0,55.0,16.0,1.0,Rabbit
11.0,ambush,26.0,96.0,33.0,48.0,1.0,Rabbit
11.0,ambush,67.0,67.0,55.0,16.0,1.0,Rabbit
11.0,ambush,67.0,67.0,55.0,16.0,1.0,Rabbit
11.0,ambush,67.0,67.0,55.0,16.0,1.0,Rabbit
11.0,ambush,87.0,99.0,11.0,21.0,1.0,Rabbit
11.0,ambush,67.0,67.0,55.0,16.0,0.0,Rabbit
11.0,ambush,87.0,99.0,11.0,21.0,0.0,Rabbit
11.0,ambush,87.0,99.0,11.0,21.0,1.0,Rabbit
11.0,ambush,67.0,67.0,55.0,16.0,0.0,Rabbit
11.0,ambush,87.0,99.0,11.0,21.0,1.0,Rabbit
11.0,ambush,87.0,99.0,11.0,21.0,1.0,Rabbit
11.0,ambush,89.0,70.0,23.0,42.0,1.0,Rabbit
11.0,ambush,87.0,99.0,11.0,21.0,1.0,Rabbit
11.0,ambush,87.0,99.0,11.0,21.0,0.0,Rabbit
11.0,ambush,89.0,70.0,23.0,42.0,1.0,Rabbit
11.0,ambush,89.0,73.0,20.0,46.0,1.0,Rabbit
11.0,ambush,26.0,96.0,33.0,48.0,0.0,Rabbit
11.0,ambush,89.0,73.0,20.0,46.0,0.0,Rabbit
11.0,ambush,29.0,95.0,53.0,19.0,0.0,Rabbit
11.0,ambush,87.0,99.0,11.0,21.0,0.0,Rabbit
11.0,ambush,89.0,70.0,23.0,42.0,0.0,Rabbit
11.0,ambush,89.0,70.0,23.0,42.0,1.0,Rabbit
11.0,ambush,89.0,70.0,23.0,42.0,0.0,Rabbit
11.0,ambush,66.0,88.0,58.0,12.0,0.0,Rabbit
11.0,ambush,66.0,88.0,58.0,12.0,1.0,Rabbit
11.0,ambush,66.0,88.0,56.0,14.0,1.0,Rabbit
11.0,ambush,89.0,70.0,23.0,42.0,0.0,Rabbit
11.0,ambush,66.0,88.0,58.0,12.0,0.0,Rabbit
11.0,ambush,66.0,88.0,58.0,12.0,1.0,Rabbit
11.0,ambush,84.0,75.0,27.0,54.0,1.0,Rabbit
11.0,ambush,89.0,70.0,23.0,42.0,0.0,Rabbit
11.0,ambush,66.0,88.0,58.0,12.0,0.0,Rabbit
11.0,ambush,66.0,89.0,58.0,12.0,0.0,Rabbit
11.0,ambush,39.0,91.0,83.0,10.0,0.0,Rabbit
11.0,ambush,89.0,70.0,23.0,42.0,1.0,Rabbit
11.0,ambush,39.0,91.0,83.0,10.0,1.0,Rabbit
11.0,ambush,84.0,75.0,27.0,54.0,0.0,Rabbit
11.0,ambush,66.0,88.0,58.0,12.0,0.0,Rabbit
11.0,ambush,89.0,70.0,25.0,42.0,0.0,Rabbit
11.0,ambush,89.0,70.0,23.0,42.0,0.0,Rabbit
11.0,ambush,39.0,91.0,83.0,10.0,0.0,Rabbit
11.0,ambush,26.0,96.0,37.0,48.0,0.0,Rabbit
11.0,ambush,89.0,73.0,16.0,46.0,0.0,Rabbit
11.0,ambush,85.0,96.0,41.0,21.0,1.0,Rabbit
11.0,ambush,85.0,96.0,41.0,21.0,1.0,Rabbit
11.0,ambush,39.0,91.0,83.0,10.0,1.0,Rabbit
11.0,ambush,85.0,96.0,41.0,21.0,0.0,Rabbit
11.0,ambush,85.0,96.0,41.0,21.0,0.0,Rabbit
11.0,ambush,85.0,96.0,41.0,21.0,0.0,Rabbit
11.0,ambush,86.0,100.0,41.0,21.0,0.0,Rabbit
11.0,ambush,85.0,96.0,41.0,21.0,1.0,Rabbit
11.0,ambush,85.0,96.0,41.0,21.0,0.0,Rabbit
11.0,ambush,85.0,96.0,41.0,21.0,0.0,Rabbit
11.0,ambush,67.0,67.0,55.0,16.0,0.0,Rabbit
11.0,ambush,85.0,96.0,41.0,21.0,0.0,Rabbit
11.0,ambush,85.0,96.0,41.0,21.0,0.0,Rabbit
11.0,ambush,85.0,96.0,41.0,21.0,1.0,Rabbit
11.0,ambush,85.0,96.0,41.0,21.0,1.0,Rabbit
11.0,ambush,80.0,96.0,41.0,21.0,1.0,Rabbit
11.0,ambush,85.0,96.0,41.0,21.0,0.0,Rabbit
11.0,ambush,85.0,96.0,41.0,21.0,1.0,Rabbit
11.0,ambush,78.0,100.0,9.0,58.0,1.0,Rabbit
11.0,ambush,85.0,96.0,41.0,21.0,1.0,Rabbit
11.0,ambush,85.0,96.0,41.0,21.0,0.0,Rabbit
11.0,ambush,78.0,100.0,9.0,58.0,1.0,Rabbit
11.0,ambush,78.0,100.0,9.0,58.0,1.0,Rabbit
11.0,ambush,85.0,96.0,41.0,21.0,1.0,Rabbit
11.0,ambush,88.0,75.0,30.0,54.0,0.0,Rabbit
11.0,ambush,85.0,96.0,41.0,21.0,1.0,Rabbit
11.0,ambush,78.0,100.0,9.0,58.0,0.0,Rabbit
11.0,ambush,60.0,81.0,92.0,13.0,1.0,Rabbit
11.0,ambush,89.0,70.0,23.0,42.0,0.0,Rabbit
11.0,ambush,85.0,96.0,43.0,21.0,1.0,Rabbit
11.0,ambush,85.0,96.0,41.0,21.0,1.0,Rabbit
11.0,ambush,78.0,100.0,9.0,58.0,0.0,Rabbit
11.0,ambush,85.0,96.0,41.0,21.0,0.0,Rabbit
11.0,ambush,60.0,81.0,92.0,13.0,1.0,Rabbit
11.0,ambush,60.0,81.0,92.0,13.0,1.0,Rabbit
11.0,ambush,84.0,71.0,30.0,54.0,1.0,Rabbit
11.0,ambush,60.0,81.0,92.0,13.0,0.0,Rabbit
11.0,ambush,84.0,71.0,30.0,54.0,1.0,Rabbit
11.0,ambush,60.0,81.0,92.0,13.0,0.0,Rabbit
11.0,ambush,85.0,96.0,41.0,21.0,0.0,Rabbit
11.0,ambush,78.0,100.0,9.0,58.0,0.0,Rabbit
11.0,ambush,78.0,100.0,9.0,58.0,0.0,Rabbit
11.0,ambush,60.0,81.0,92.0,13.0,1.0,Rabbit
11.0,ambush,84.0,75.0,27.0,54.0,0.0,Rabbit
11.0,ambush,84.0,71.0,30.0,54.0,0.0,Rabbit
11.0,ambush,78.0,100.0,9.0,58.0,0.0,Rabbit
11.0,ambush,84.0,71.0,30.0,54.0,0.0,Rabbit
11.0,ambush,84.0,69.0,33.0,60.0,0.0,Rabbit
11.0,ambush,84.0,75.0,27.0,54.0,0.0,Rabbit
11.0,ambush,84.0,71.0,30.0,54.0,0.0,Rabbit
11.0,ambush,84.0,75.0,27.0,54.0,0.0,Rabbit
11.0,ambush,84.0,69.0,33.0,60.0,0.0,Rabbit
11.0,ambush,84.0,69.0,33.0,60.0,0.0,Rabbit
11.0,ambush,89.0,85.0,11.0,59.0,1.0,Rabbit
11.0,ambush,89.0,85.0,11.0,59.0,1.0,Rabbit
11.0,ambush,89.0,85.0,14.0,59.0,1.0,Rabbit
11.0,ambush,89.0,85.0,14.0,59.0,1.0,Rabbit
11.0,ambush,89.0,85.0,11.0,59.0,1.0,Rabbit
11.0,ambush,84.0,69.0,33.0,60.0,0.0,Rabbit
11.0,ambush,89.0,85.0,11.0,59.0,1.0,Rabbit
11.0,ambush,84.0,69.0,33.0,60.0,0.0,Rabbit
11.0,ambush,89.0,85.0,11.0,59.0,0.0,Rabbit
11.0,ambush,89.0,85.0,14.0,59.0,1.0,Rabbit
11.0,ambush,89.0,85.0,14.0,59.0,1.0,Rabbit
11.0,ambush,89.0,85.0,14.0,59.0,1.0,Rabbit
11.0,ambush,89.0,85.0,14.0,59.0,0.0,Rabbit
11.0,ambush,84.0,65.0,32.0,60.0,0.0,Rabbit
11.0,ambush,89.0,85.0,14.0,59.0,1.0,Rabbit
11.0,ambush,89.0,85.0,14.0,59.0,1.0,Rabbit
11.0,ambush,89.0,85.0,14.0,59.0,1.0,Rabbit
11.0,ambush,89.0,85.0,14.0,59.0,1.0,Rabbit
11.0,ambush,89.0,85.0,11.0,59.0,0.0,Rabbit
11.0,ambush,89.0,85.0,14.0,59.0,0.0,Rabbit
11.0,ambush,89.0,85.0,14.0,59.0,0.0,Rabbit
11.0,ambush,89.0,85.0,14.0,59.0,0.0,Rabbit
11.0,ambush,89.0,85.0,11.0,59.0,0.0,Rabbit
11.0,ambush,89.0,85.0,14.0,59.0,0.0,Rabbit
11.0,ambush,89.0,85.0,11.0,59.0,0.0,Rabbit
11.0,ambush,89.0,85.0,14.0,59.0,0.0,Rabbit
11.0,ambush,89.0,85.0,14.0,59.0,0.0,Rabbit
11.0,ambush,89.0,85.0,14.0,59.0,1.0,Rabbit
11.0,ambush,89.0,85.0,14.0,59.0,1.0,Rabbit
11.0,ambush,89.0,85.0,14.0,59.0,0.0,Rabbit
11.0,ambush,89.0,85.0,14.0,59.0,0.0,Rabbit
11.0,ambush,84.0,75.0,27.0,54.0,0.0,Rabbit
11.0,ambush,89.0,85.0,14.0,59.0,0.0,Rabbit
11.0,ambush,89.0,85.0,14.0,59.0,1.0,Rabbit
11.0,ambush,89.0,85.0,14.0,59.0,0.0,Rabbit
11.0,ambush,89.0,85.0,14.0,59.0,0.0,Rabbit
11.0,ambush,62.0,14.0,79.0,52.0,1.0,Rabbit
11.0,ambush,89.0,85.0,14.0,59.0,0.0,Rabbit
11.0,ambush,62.0,14.0,79.0,52.0,1.0,Rabbit
11.0,ambush,62.0,14.0,79.0,52.0,0.0,Rabbit
11.0,ambush,89.0,85.0,14.0,59.0,0.0,Rabbit
11.0,ambush,62.0,14.0,79.0,52.0,0.0,Rabbit
11.0,ambush,89.0,85.0,14.0,59.0,0.0,Rabbit
11.0,ambush,89.0,85.0,14.0,59.0,0.0,Rabbit
11.0,ambush,62.0,14.0,79.0,52.0,0.0,Rabbit
11.0,ambush,80.0,14.0,78.0,85.0,1.0,Rabbit
11.0,ambush,89.0,85.0,14.0,59.0,0.0,Rabbit
11.0,ambush,77.0,14.0,79.0,85.0,1.0,Rabbit
11.0,ambush,65.0,14.0,79.0,52.0,1.0,Rabbit
11.0,ambush,14.0,99.0,77.0,79.0,1.0,Rabbit
11.0,ambush,14.0,99.0,77.0,79.0,0.0,Rabbit
11.0,ambush,89.0,84.0,14.0,59.0,0.0,Rabbit
11.0,ambush,89.0,84.0,14.0,59.0,0.0,Rabbit
11.0,ambush,14.0,99.0,72.0,79.0,1.0,Rabbit
11.0,ambush,89.0,85.0,14.0,59.0,0.0,Rabbit
11.0,ambush,14.0,99.0,72.0,79.0,1.0,Rabbit
11.0,ambush,14.0,99.0,72.0,79.0,1.0,Rabbit
11.0,ambush,14.0,99.0,72.0,79.0,1.0,Rabbit
11.0,ambush,14.0,99.0,72.0,79.0,0.0,Rabbit
11.0,ambush,14.0,99.0,72.0,79.0,1.0,Rabbit
11.0,ambush,14.0,99.0,72.0,79.0,1.0,Rabbit
11.0,ambush,14.0,99.0,72.0,79.0,1.0,Rabbit
11.0,ambush,14.0,99.0,72.0,79.0,1.0,Rabbit
11.0,ambush,14.0,99.0,77.0,79.0,1.0,Rabbit
11.0,ambush,14.0,99.0,72.0,79.0,0.0,Rabbit
11.0,ambush,14.0,99.0,72.0,79.0,1.0,Rabbit
11.0,ambush,14.0,99.0,72.0,79.0,1.0,Rabbit
11.0,ambush,14.0,99.0,72.0,79.0,0.0,Rabbit
11.0,ambush,70.0,78.0,42.0,80.0,1.0,Rabbit
11.0,ambush,77.0,14.0,79.0,85.0,0.0,Rabbit
11.0,ambush,14.0,99.0,72.0,79.0,0.0,Rabbit
11.0,ambush,80.0,14.0,78.0,85.0,0.0,Rabbit
11.0,ambush,80.0,14.0,78.0,85.0,0.0,Rabbit
11.0,ambush,82.0,18.0,83.0,84.0,0.0,Rabbit
11.0,ambush,69.0,78.0,39.0,80.0,0.0,Rabbit
11.0,ambush,80.0,14.0,78.0,85.0,0.0,Rabbit
11.0,ambush,82.0,18.0,83.0,84.0,0.0,Rabbit
12.0,ambush,67.0,67.0,55.0,16.0,1.0,Rabbit
12.0,ambush,67.0,67.0,55.0,16.0,0.0,Rabbit
12.0,ambush,67.0,67.0,55.0,16.0,1.0,Rabbit
12.0,ambush,67.0,67.0,55.0,16.0,0.0,Rabbit
12.0,ambush,67.0,67.0,55.0,16.0,0.0,Rabbit
12.0,ambush,87.0,99.0,11.0,21.0,1.0,Rabbit
12.0,ambush,26.0,96.0,33.0,48.0,1.0,Rabbit
12.0,ambush,87.0,99.0,11.0,21.0,1.0,Rabbit
12.0,ambush,87.0,99.0,11.0,21.0,1.0,Rabbit
12.0,ambush,87.0,99.0,11.0,21.0,1.0,Rabbit
12.0,ambush,87.0,99.0,11.0,21.0,1.0,Rabbit
12.0,ambush,26.0,96.0,33.0,48.0,0.0,Rabbit
12.0,ambush,67.0,67.0,55.0,16.0,0.0,Rabbit
12.0,ambush,87.0,99.0,11.0,21.0,1.0,Rabbit
12.0,ambush,87.0,99.0,11.0,21.0,1.0,Rabbit
12.0,ambush,87.0,99.0,11.0,21.0,1.0,Rabbit
12.0,ambush,87.0,99.0,11.0,21.0,1.0,Rabbit
12.0,ambush,89.0,70.0,23.0,42.0,0.0,Rabbit
12.0,ambush,87.0,99.0,11.0,21.0,1.0,Rabbit
12.0,ambush,87.0,99.0,11.0,21.0,1.0,Rabbit
12.0,ambush,87.0,99.0,11.0,21.0,0.0,Rabbit
12.0,ambush,87.0,99.0,11.0,21.0,1.0,Rabbit
12.0,ambush,89.0,73.0,20.0,46.0,1.0,Rabbit
12.0,ambush,89.0,70.0,23.0,42.0,0.0,Rabbit
12.0,ambush,89.0,70.0,23.0,42.0,1.0,Rabbit
12.0,ambush,89.0,73.0,20.0,46.0,1.0,Rabbit
12.0,ambush,89.0,70.0,23.0,42.0,1.0,Rabbit
12.0,ambush,89.0,70.0,23.0,42.0,0.0,Rabbit
12.0,ambush,66.0,88.0,58.0,12.0,1.0,Rabbit
12.0,ambush,89.0,73.0,25.0,42.0,1.0,Rabbit
12.0,ambush,66.0,88.0,58.0,12.0,1.0,Rabbit
12.0,ambush,89.0,70.0,23.0,42.0,1.0,Rabbit
12.0,ambush,66.0,88.0,58.0,12.0,0.0,Rabbit
12.0,ambush,66.0,88.0,59.0,16.0,0.0,Rabbit
12.0,ambush,89.0,70.0,23.0,42.0,1.0,Rabbit
12.0,ambush,66.0,88.0,56.0,14.0,0.0,Rabbit
12.0,ambush,39.0,91.0,83.0,10.0,1.0,Rabbit
12.0,ambush,39.0,91.0,83.0,10.0,1.0,Rabbit
12.0,ambush,85.0,96.0,41.0,21.0,1.0,Rabbit
12.0,ambush,39.0,91.0,83.0,10.0,0.0,Rabbit
12.0,ambush,85.0,96.0,41.0,21.0,1.0,Rabbit
12.0,ambush,85.0,96.0,41.0,21.0,1.0,Rabbit
12.0,ambush,85.0,96.0,41.0,21.0,0.0,Rabbit
12.0,ambush,39.0,91.0,83.0,10.0,1.0,Rabbit
12.0,ambush,85.0,96.0,41.0,21.0,0.0,Rabbit
12.0,ambush,85.0,96.0,41.0,21.0,0.0,Rabbit
12.0,ambush,85.0,96.0,41.0,21.0,0.0,Rabbit
12.0,ambush,67.0,67.0,55.0,16.0,0.0,Rabbit
12.0,ambush,89.0,73.0,20.0,46.0,0.0,Rabbit
12.0,ambush,85.0,96.0,41.0,21.0,0.0,Rabbit
12.0,ambush,67.0,67.0,55.0,16.0,0.0,Rabbit
12.0,ambush,80.0,96.0,41.0,21.0,1.0,Rabbit
12.0,ambush,85.0,96.0,41.0,21.0,1.0,Rabbit
12.0,ambush,85.0,96.0,41.0,21.0,1.0,Rabbit
12.0,ambush,85.0,96.0,41.0,21.0,1.0,Rabbit
12.0,ambush,85.0,96.0,41.0,21.0,0.0,Rabbit
12.0,ambush,78.0,100.0,9.0,58.0,1.0,Rabbit
12.0,ambush,85.0,96.0,41.0,21.0,0.0,Rabbit
12.0,ambush,85.0,96.0,41.0,21.0,0.0,Rabbit
12.0,ambush,85.0,96.0,41.0,21.0,1.0,Rabbit
12.0,ambush,82.0,100.0,9.0,58.0,1.0,Rabbit
12.0,ambush,85.0,96.0,38.0,21.0,1.0,Rabbit
12.0,ambush,85.0,96.0,41.0,21.0,1.0,Rabbit
12.0,ambush,85.0,96.0,41.0,21.0,1.0,Rabbit
12.0,ambush,85.0,96.0,41.0,21.0,1.0,Rabbit
12.0,ambush,78.0,100.0,9.0,58.0,0.0,Rabbit
12.0,ambush,60.0,81.0,92.0,13.0,0.0,Rabbit
12.0,ambush,60.0,81.0,92.0,13.0,0.0,Rabbit
12.0,ambush,85.0,96.0,43.0,21.0,1.0,Rabbit
12.0,ambush,85.0,96.0,43.0,21.0,0.0,Rabbit
12.0,ambush,85.0,96.0,41.0,21.0,1.0,Rabbit
12.0,ambush,85.0,96.0,41.0,21.0,1.0,Rabbit
12.0,ambush,85.0,96.0,41.0,21.0,0.0,Rabbit
12.0,ambush,60.0,81.0,92.0,13.0,1.0,Rabbit
12.0,ambush,78.0,100.0,9.0,58.0,0.0,Rabbit
12.0,ambush,84.0,75.0,27.0,54.0,0.0,Rabbit
12.0,ambush,84.0,75.0,27.0,54.0,0.0,Rabbit
12.0,ambush,60.0,81.0,92.0,13.0,0.0,Rabbit
12.0,ambush,60.0,81.0,92.0,13.0,1.0,Rabbit
12.0,ambush,60.0,81.0,92.0,13.0,1.0,Rabbit
12.0,ambush,60.0,81.0,92.0,13.0,1.0,Rabbit
12.0,ambush,84.0,71.0,30.0,54.0,0.0,Rabbit
12.0,ambush,84.0,71.0,30.0,54.0,1.0,Rabbit
12.0,ambush,85.0,96.0,41.0,21.0,0.0,Rabbit
12.0,ambush,89.0,85.0,11.0,59.0,1.0,Rabbit
12.0,ambush,80.0,96.0,41.0,21.0,0.0,Rabbit
12.0,ambush,89.0,85.0,14.0,59.0,1.0,Rabbit
12.0,ambush,89.0,85.0,14.0,59.0,1.0,Rabbit
12.0,ambush,89.0,85.0,14.0,59.0,1.0,Rabbit
12.0,ambush,85.0,96.0,41.0,21.0,0.0,Rabbit
12.0,ambush,89.0,85.0,14.0,59.0,1.0,Rabbit
12.0,ambush,89.0,85.0,11.0,59.0,1.0,Rabbit
12.0,ambush,89.0,85.0,11.0,59.0,1.0,Rabbit
12.0,ambush,89.0,85.0,12.0,59.0,1.0,Rabbit
12.0,ambush,89.0,85.0,11.0,59.0,1.0,Rabbit
12.0,ambush,60.0,81.0,92.0,13.0,0.0,Rabbit
12.0,ambush,89.0,85.0,14.0,59.0,0.0,Rabbit
12.0,ambush,89.0,85.0,14.0,59.0,1.0,Rabbit
12.0,ambush,89.0,85.0,14.0,59.0,1.0,Rabbit
12.0,ambush,89.0,85.0,11.0,59.0,0.0,Rabbit
12.0,ambush,89.0,85.0,14.0,59.0,1.0,Rabbit
12.0,ambush,89.0,85.0,11.0,59.0,0.0,Rabbit
12.0,ambush,89.0,85.0,14.0,59.0,0.0,Rabbit
12.0,ambush,89.0,85.0,11.0,59.0,0.0,Rabbit
12.0,ambush,89.0,85.0,14.0,59.0,0.0,Rabbit
12.0,ambush,60.0,81.0,92.0,13.0,0.0,Rabbit
12.0,ambush,89.0,85.0,14.0,59.0,0.0,Rabbit
12.0,ambush,89.0,85.0,14.0,59.0,1.0,Rabbit
12.0,ambush,89.0,85.0,14.0,59.0,1.0,Rabbit
12.0,ambush,89.0,94.0,14.0,59.0,1.0,Rabbit
12.0,ambush,89.0,85.0,14.0,59.0,0.0,Rabbit
12.0,ambush,89.0,85.0,14.0,59.0,0.0,Rabbit
12.0,ambush,89.0,85.0,11.0,59.0,0.0,Rabbit
12.0,ambush,89.0,85.0,14.0,59.0,0.0,Rabbit
12.0,ambush,89.0,85.0,14.0,59.0,1.0,Rabbit
12.0,ambush,89.0,85.0,14.0,59.0,1.0,Rabbit
12.0,ambush,89.0,85.0,11.0,59.0,0.0,Rabbit
12.0,ambush,89.0,85.0,14.0,59.0,0.0,Rabbit
12.0,ambush,89.0,85.0,14.0,59.0,1.0,Rabbit
12.0,ambush,89.0,85.0,14.0,59.0,0.0,Rabbit
12.0,ambush,89.0,85.0,14.0,59.0,1.0,Rabbit
12.0,ambush,62.0,14.0,79.0,52.0,0.0,Rabbit
12.0,ambush,89.0,85.0,14.0,58.0,0.0,Rabbit
12.0,ambush,89.0,85.0,14.0,59.0,0.0,Rabbit
12.0,ambush,62.0,14.0,79.0,52.0,1.0,Rabbit
12.0,ambush,62.0,14.0,79.0,52.0,0.0,Rabbit
12.0,ambush,62.0,14.0,79.0,52.0,0.0,Rabbit
12.0,ambush,89.0,85.0,14.0,59.0,0.0,Rabbit
12.0,ambush,89.0,85.0,14.0,59.0,0.0,Rabbit
12.0,ambush,80.0,14.0,78.0,85.0,1.0,Rabbit
12.0,ambush,89.0,85.0,14.0,59.0,0.0,Rabbit
12.0,ambush,89.0,85.0,14.0,59.0,0.0,Rabbit
12.0,ambush,89.0,85.0,14.0,59.0,0.0,Rabbit
12.0,ambush,14.0,99.0,72.0,79.0,0.0,Rabbit
12.0,ambush,14.0,99.0,72.0,79.0,1.0,Rabbit
12.0,ambush,14.0,99.0,72.0,79.0,0.0,Rabbit
12.0,ambush,14.0,99.0,72.0,79.0,1.0,Rabbit
12.0,ambush,14.0,99.0,77.0,79.0,0.0,Rabbit
12.0,ambush,14.0,99.0,72.0,79.0,0.0,Rabbit
12.0,ambush,14.0,99.0,77.0,79.0,0.0,Rabbit
12.0,ambush,17.0,100.0,72.0,79.0,0.0,Rabbit
12.0,ambush,14.0,99.0,72.0,79.0,0.0,Rabbit
12.0,ambush,14.0,99.0,72.0,79.0,1.0,Rabbit
12.0,ambush,14.0,99.0,72.0,79.0,0.0,Rabbit
12.0,ambush,14.0,99.0,72.0,79.0,1.0,Rabbit
12.0,ambush,14.0,99.0,72.0,79.0,0.0,Rabbit
12.0,ambush,14.0,99.0,72.0,79.0,0.0,Rabbit
12.0,ambush,77.0,14.0,79.0,85.0,0.0,Rabbit
12.0,ambush,14.0,99.0,72.0,79.0,1.0,Rabbit
12.0,ambush,14.0,99.0,72.0,79.0,0.0,Rabbit
12.0,ambush,14.0,96.0,77.0,79.0,1.0,Rabbit
12.0,ambush,14.0,99.0,77.0,79.0,0.0,Rabbit
12.0,ambush,14.0,99.0,72.0,79.0,1.0,Rabbit
12.0,ambush,14.0,99.0,72.0,79.0,1.0,Rabbit
12.0,ambush,14.0,99.0,72.0,79.0,0.0,Rabbit
12.0,ambush,70.0,78.0,42.0,80.0,1.0,Rabbit
12.0,ambush,14.0,99.0,72.0,79.0,0.0,Rabbit
12.0,ambush,14.0,99.0,72.0,79.0,0.0,Rabbit
12.0,ambush,65.0,14.0,79.0,52.0,0.0,Rabbit
12.0,ambush,80.0,14.0,78.0,85.0,0.0,Rabbit
12.0,ambush,14.0,99.0,77.0,79.0,0.0,Rabbit
12.0,ambush,80.0,14.0,78.0,85.0,0.0,Rabbit
12.0,ambush,70.0,78.0,42.0,80.0,0.0,Rabbit
13.0,ambush,87.0,99.0,11.0,21.0,1.0,Rabbit
13.0,ambush,87.0,99.0,11.0,21.0,1.0,Rabbit
13.0,ambush,87.0,99.0,11.0,21.0,1.0,Rabbit
13.0,ambush,26.0,96.0,33.0,48.0,1.0,Rabbit
13.0,ambush,87.0,99.0,11.0,21.0,1.0,Rabbit
13.0,ambush,67.0,67.0,55.0,16.0,1.0,Rabbit
13.0,ambush,87.0,99.0,11.0,21.0,1.0,Rabbit
13.0,ambush,67.0,67.0,55.0,16.0,1.0,Rabbit
13.0,ambush,87.0,99.0,11.0,21.0,1.0,Rabbit
13.0,ambush,87.0,99.0,11.0,21.0,1.0,Rabbit
13.0,ambush,87.0,99.0,11.0,21.0,1.0,Rabbit
13.0,ambush,87.0,99.0,11.0,21.0,0.0,Rabbit
13.0,ambush,87.0,99.0,11.0,21.0,1.0,Rabbit
13.0,ambush,87.0,99.0,11.0,21.0,0.0,Rabbit
13.0,ambush,87.0,99.0,11.0,21.0,1.0,Rabbit
13.0,ambush,87.0,99.0,11.0,21.0,0.0,Rabbit
13.0,ambush,87.0,99.0,11.0,21.0,0.0,Rabbit
13.0,ambush,87.0,99.0,11.0,21.0,0.0,Rabbit
13.0,ambush,87.0,99.0,11.0,21.0,1.0,Rabbit
13.0,ambush,87.0,99.0,11.0,21.0,1.0,Rabbit
13.0,ambush,87.0,99.0,11.0,21.0,0.0,Rabbit
13.0,ambush,87.0,99.0,11.0,21.0,0.0,Rabbit
13.0,ambush,26.0,96.0,33.0,48.0,1.0,Rabbit
13.0,ambush,87.0,99.0,11.0,21.0,0.0,Rabbit
13.0,ambush,26.0,96.0,33.0,48.0,0.0,Rabbit
13.0,ambush,87.0,99.0,11.0,21.0,0.0,Rabbit
13.0,ambush,89.0,73.0,20.0,46.0,1.0,Rabbit
13.0,ambush,87.0,99.0,11.0,21.0,0.0,Rabbit
13.0,ambush,87.0,99.0,11.0,21.0,0.0,Rabbit
13.0,ambush,89.0,73.0,20.0,46.0,0.0,Rabbit
13.0,ambush,87.0,99.0,11.0,21.0,0.0,Rabbit
13.0,ambush,66.0,88.0,58.0,12.0,0.0,Rabbit
13.0,ambush,89.0,73.0,25.0,42.0,1.0,Rabbit
13.0,ambush,66.0,88.0,58.0,12.0,0.0,Rabbit
13.0,ambush,66.0,88.0,58.0,12.0,0.0,Rabbit
13.0,ambush,89.0,70.0,23.0,42.0,1.0,Rabbit
13.0,ambush,87.0,99.0,11.0,21.0,0.0,Rabbit
13.0,ambush,89.0,70.0,23.0,42.0,0.0,Rabbit
13.0,ambush,89.0,70.0,23.0,42.0,1.0,Rabbit
13.0,ambush,66.0,88.0,58.0,12.0,0.0,Rabbit
13.0,ambush,89.0,70.0,23.0,42.0,1.0,Rabbit
13.0,ambush,89.0,73.0,20.0,46.0,0.0,Rabbit
13.0,ambush,39.0,91.0,83.0,10.0,0.0,Rabbit
13.0,ambush,89.0,73.0,25.0,42.0,0.0,Rabbit
13.0,ambush,39.0,91.0,83.0,10.0,0.0,Rabbit
13.0,ambush,39.0,91.0,83.0,10.0,1.0,Rabbit
13.0,ambush,39.0,91.0,83.0,10.0,1.0,Rabbit
13.0,ambush,39.0,91.0,83.0,10.0,0.0,Rabbit
13.0,ambush,85.0,96.0,41.0,21.0,1.0,Rabbit
13.0,ambush,85.0,96.0,41.0,21.0,1.0,Rabbit
13.0,ambush,85.0,96.0,41.0,21.0,0.0,Rabbit
13.0,ambush,85.0,96.0,41.0,21.0,1.0,Rabbit
13.0,ambush,85.0,96.0,41.0,21.0,1.0,Rabbit
13.0,ambush,85.0,96.0,41.0,21.0,1.0,Rabbit
13.0,ambush,85.0,96.0,41.0,21.0,0.0,Rabbit
13.0,ambush,85.0,96.0,41.0,21.0,0.0,Rabbit
13.0,ambush,39.0,91.0,83.0,10.0,0.0,Rabbit
13.0,ambush,80.0,96.0,41.0,21.0,0.0,Rabbit
13.0,ambush,84.0,70.0,19.0,42.0,0.0,Rabbit
13.0,ambush,89.0,70.0,23.0,42.0,0.0,Rabbit
13.0,ambush,89.0,70.0,23.0,42.0,0.0,Rabbit
13.0,ambush,89.0,70.0,23.0,42.0,0.0,Rabbit
13.0,ambush,85.0,96.0,41.0,21.0,1.0,Rabbit
13.0,ambush,85.0,96.0,41.0,21.0,1.0,Rabbit
13.0,ambush,78.0,100.0,9.0,58.0,1.0,Rabbit
13.0,ambush,85.0,96.0,42.0,19.0,1.0,Rabbit
13.0,ambush,85.0,96.0,41.0,21.0,0.0,Rabbit
13.0,ambush,85.0,96.0,41.0,21.0,1.0,Rabbit
13.0,ambush,89.0,73.0,20.0,46.0,0.0,Rabbit
13.0,ambush,39.0,91.0,83.0,10.0,0.0,Rabbit
13.0,ambush,82.0,100.0,9.0,58.0,1.0,Rabbit
13.0,ambush,85.0,96.0,41.0,21.0,0.0,Rabbit
13.0,ambush,85.0,96.0,41.0,21.0,0.0,Rabbit
13.0,ambush,85.0,96.0,38.0,21.0,1.0,Rabbit
13.0,ambush,85.0,96.0,38.0,21.0,1.0,Rabbit
13.0,ambush,85.0,96.0,41.0,21.0,1.0,Rabbit
13.0,ambush,85.0,96.0,41.0,21.0,1.0,Rabbit
13.0,ambush,85.0,96.0,41.0,21.0,1.0,Rabbit
13.0,ambush,85.0,96.0,43.0,21.0,0.0,Rabbit
13.0,ambush,85.0,96.0,41.0,21.0,1.0,Rabbit
13.0,ambush,85.0,96.0,41.0,21.0,1.0,Rabbit
13.0,ambush,85.0,96.0,41.0,21.0,0.0,Rabbit
13.0,ambush,60.0,81.0,92.0,13.0,0.0,Rabbit
13.0,ambush,60.0,81.0,92.0,13.0,0.0,Rabbit
13.0,ambush,60.0,81.0,92.0,13.0,1.0,Rabbit
13.0,ambush,78.0,100.0,9.0,58.0,0.0,Rabbit
13.0,ambush,60.0,81.0,92.0,13.0,0.0,Rabbit
13.0,ambush,60.0,81.0,92.0,13.0,1.0,Rabbit
13.0,ambush,84.0,71.0,30.0,54.0,1.0,Rabbit
13.0,ambush,60.0,81.0,92.0,13.0,1.0,Rabbit
13.0,ambush,78.0,100.0,9.0,58.0,0.0,Rabbit
13.0,ambush,85.0,96.0,38.0,21.0,0.0,Rabbit
13.0,ambush,89.0,85.0,14.0,59.0,1.0,Rabbit
13.0,ambush,89.0,85.0,14.0,59.0,1.0,Rabbit
13.0,ambush,89.0,85.0,11.0,59.0,0.0,Rabbit
13.0,ambush,89.0,85.0,14.0,59.0,1.0,Rabbit
13.0,ambush,82.0,100.0,9.0,58.0,0.0,Rabbit
13.0,ambush,89.0,85.0,14.0,59.0,1.0,Rabbit
13.0,ambush,85.0,96.0,41.0,21.0,0.0,Rabbit
13.0,ambush,89.0,85.0,14.0,59.0,0.0,Rabbit
13.0,ambush,82.0,100.0,9.0,58.0,0.0,Rabbit
13.0,ambush,84.0,71.0,30.0,54.0,0.0,Rabbit
13.0,ambush,89.0,85.0,11.0,59.0,1.0,Rabbit
13.0,ambush,89.0,85.0,14.0,59.0,0.0,Rabbit
13.0,ambush,89.0,85.0,11.0,59.0,0.0,Rabbit
13.0,ambush,89.0,85.0,11.0,59.0,1.0,Rabbit
13.0,ambush,89.0,85.0,11.0,59.0,1.0,Rabbit
13.0,ambush,89.0,85.0,11.0,59.0,0.0,Rabbit
13.0,ambush,89.0,85.0,14.0,59.0,0.0,Rabbit
13.0,ambush,89.0,85.0,11.0,59.0,0.0,Rabbit
13.0,ambush,89.0,85.0,14.0,59.0,0.0,Rabbit
13.0,ambush,89.0,85.0,14.0,59.0,1.0,Rabbit
13.0,ambush,89.0,85.0,14.0,59.0,0.0,Rabbit
13.0,ambush,89.0,85.0,14.0,59.0,0.0,Rabbit
13.0,ambush,89.0,85.0,14.0,59.0,1.0,Rabbit
13.0,ambush,89.0,85.0,14.0,59.0,1.0,Rabbit
13.0,ambush,89.0,85.0,14.0,59.0,1.0,Rabbit
13.0,ambush,89.0,85.0,14.0,59.0,1.0,Rabbit
13.0,ambush,89.0,85.0,11.0,59.0,0.0,Rabbit
13.0,ambush,89.0,85.0,11.0,59.0,0.0,Rabbit
13.0,ambush,89.0,85.0,14.0,59.0,1.0,Rabbit
13.0,ambush,89.0,88.0,11.0,61.0,1.0,Rabbit
13.0,ambush,89.0,85.0,12.0,59.0,0.0,Rabbit
13.0,ambush,89.0,85.0,14.0,59.0,0.0,Rabbit
13.0,ambush,89.0,85.0,14.0,59.0,0.0,Rabbit
13.0,ambush,89.0,94.0,14.0,59.0,1.0,Rabbit
13.0,ambush,89.0,85.0,14.0,59.0,0.0,Rabbit
13.0,ambush,89.0,85.0,14.0,59.0,1.0,Rabbit
13.0,ambush,89.0,85.0,12.0,59.0,0.0,Rabbit
13.0,ambush,88.0,85.0,16.0,59.0,1.0,Rabbit
13.0,ambush,89.0,85.0,14.0,59.0,0.0,Rabbit
13.0,ambush,89.0,85.0,14.0,59.0,1.0,Rabbit
13.0,ambush,89.0,85.0,14.0,59.0,0.0,Rabbit
13.0,ambush,89.0,85.0,14.0,59.0,0.0,Rabbit
13.0,ambush,89.0,85.0,14.0,59.0,1.0,Rabbit
13.0,ambush,89.0,85.0,14.0,59.0,1.0,Rabbit
13.0,ambush,89.0,85.0,14.0,59.0,1.0,Rabbit
13.0,ambush,89.0,85.0,14.0,59.0,0.0,Rabbit
13.0,ambush,62.0,14.0,79.0,52.0,1.0,Rabbit
13.0,ambush,14.0,99.0,72.0,79.0,1.0,Rabbit
13.0,ambush,89.0,94.0,14.0,59.0,0.0,Rabbit
13.0,ambush,14.0,99.0,72.0,79.0,1.0,Rabbit
13.0,ambush,14.0,99.0,72.0,79.0,1.0,Rabbit
13.0,ambush,89.0,85.0,14.0,59.0,0.0,Rabbit
13.0,ambush,14.0,99.0,72.0,79.0,1.0,Rabbit
13.0,ambush,14.0,99.0,72.0,79.0,0.0,Rabbit
13.0,ambush,89.0,85.0,14.0,59.0,0.0,Rabbit
13.0,ambush,14.0,99.0,72.0,79.0,1.0,Rabbit
13.0,ambush,14.0,99.0,72.0,79.0,1.0,Rabbit
13.0,ambush,14.0,96.0,77.0,79.0,1.0,Rabbit
13.0,ambush,89.0,85.0,14.0,59.0,0.0,Rabbit
13.0,ambush,14.0,99.0,72.0,79.0,1.0,Rabbit
13.0,ambush,14.0,99.0,72.0,79.0,1.0,Rabbit
13.0,ambush,89.0,85.0,14.0,59.0,0.0,Rabbit
13.0,ambush,14.0,99.0,72.0,79.0,0.0,Rabbit
13.0,ambush,14.0,99.0,72.0,79.0,0.0,Rabbit
13.0,ambush,70.0,78.0,42.0,80.0,1.0,Rabbit
13.0,ambush,70.0,78.0,42.0,80.0,1.0,Rabbit
13.0,ambush,14.0,99.0,72.0,79.0,0.0,Rabbit
13.0,ambush,14.0,96.0,77.0,79.0,0.0,Rabbit
13.0,ambush,14.0,96.0,77.0,79.0,0.0,Rabbit
13.0,ambush,80.0,14.0,78.0,85.0,0.0,Rabbit
13.0,ambush,80.0,14.0,78.0,85.0,0.0,Rabbit
14.0,ambush,87.0,99.0,11.0,21.0,1.0,Rabbit
14.0,ambush,87.0,99.0,11.0,21.0,1.0,Rabbit
14.0,ambush,87.0,99.0,11.0,21.0,1.0,Rabbit
14.0,ambush,87.0,99.0,11.0,21.0,1.0,Rabbit
14.0,ambush,67.0,67.0,55.0,16.0,0.0,Rabbit
14.0,ambush,87.0,99.0,11.0,21.0,1.0,Rabbit
14.0,ambush,87.0,99.0,11.0,21.0,0.0,Rabbit
14.0,ambush,87.0,99.0,11.0,21.0,1.0,Rabbit
14.0,ambush,67.0,67.0,55.0,16.0,0.0,Rabbit
14.0,ambush,87.0,99.0,11.0,21.0,1.0,Rabbit
14.0,ambush,87.0,99.0,11.0,21.0,1.0,Rabbit
14.0,ambush,67.0,67.0,55.0,16.0,1.0,Rabbit
14.0,ambush,87.0,99.0,11.0,21.0,0.0,Rabbit
14.0,ambush,87.0,99.0,11.0,21.0,0.0,Rabbit
14.0,ambush,87.0,99.0,11.0,21.0,1.0,Rabbit
14.0,ambush,87.0,99.0,11.0,21.0,1.0,Rabbit
14.0,ambush,26.0,96.0,33.0,48.0,1.0,Rabbit
14.0,ambush,87.0,99.0,11.0,21.0,1.0,Rabbit
14.0,ambush,87.0,99.0,11.0,21.0,0.0,Rabbit
14.0,ambush,87.0,99.0,11.0,21.0,0.0,Rabbit
14.0,ambush,87.0,99.0,11.0,21.0,0.0,Rabbit
14.0,ambush,26.0,96.0,33.0,48.0,1.0,Rabbit
14.0,ambush,67.0,67.0,55.0,16.0,0.0,Rabbit
14.0,ambush,89.0,70.0,23.0,42.0,1.0,Rabbit
14.0,ambush,89.0,73.0,20.0,46.0,1.0,Rabbit
14.0,ambush,89.0,73.0,25.0,42.0,0.0,Rabbit
14.0,ambush,26.0,96.0,33.0,48.0,0.0,Rabbit
14.0,ambush,89.0,70.0,23.0,42.0,1.0,Rabbit
14.0,ambush,89.0,70.0,23.0,42.0,0.0,Rabbit
14.0,ambush,87.0,99.0,11.0,21.0,0.0,Rabbit
14.0,ambush,89.0,70.0,23.0,42.0,0.0,Rabbit
14.0,ambush,89.0,70.0,23.0,42.0,0.0,Rabbit
14.0,ambush,87.0,99.0,11.0,21.0,0.0,Rabbit
14.0,ambush,39.0,91.0,83.0,10.0,1.0,Rabbit
14.0,ambush,39.0,91.0,83.0,10.0,0.0,Rabbit
14.0,ambush,85.0,96.0,41.0,21.0,1.0,Rabbit
14.0,ambush,85.0,96.0,41.0,21.0,0.0,Rabbit
14.0,ambush,85.0,96.0,41.0,21.0,0.0,Rabbit
14.0,ambush,86.0,96.0,41.0,22.0,0.0,Rabbit
14.0,ambush,26.0,96.0,33.0,48.0,0.0,Rabbit
14.0,ambush,39.0,91.0,83.0,10.0,0.0,Rabbit
14.0,ambush,85.0,96.0,41.0,21.0,0.0,Rabbit
14.0,ambush,85.0,96.0,41.0,21.0,0.0,Rabbit
14.0,ambush,85.0,96.0,41.0,21.0,1.0,Rabbit
14.0,ambush,85.0,96.0,41.0,21.0,1.0,Rabbit
14.0,ambush,89.0,70.0,23.0,42.0,1.0,Rabbit
14.0,ambush,85.0,96.0,41.0,21.0,1.0,Rabbit
14.0,ambush,78.0,100.0,9.0,58.0,1.0,Rabbit
14.0,ambush,78.0,100.0,9.0,58.0,1.0,Rabbit
14.0,ambush,85.0,96.0,41.0,21.0,1.0,Rabbit
14.0,ambush,85.0,96.0,41.0,21.0,1.0,Rabbit
14.0,ambush,78.0,100.0,9.0,58.0,1.0,Rabbit
14.0,ambush,89.0,70.0,23.0,42.0,0.0,Rabbit
14.0,ambush,82.0,100.0,9.0,58.0,1.0,Rabbit
14.0,ambush,85.0,96.0,42.0,19.0,1.0,Rabbit
14.0,ambush,85.0,96.0,38.0,21.0,1.0,Rabbit
14.0,ambush,83.0,96.0,38.0,19.0,1.0,Rabbit
14.0,ambush,85.0,96.0,38.0,21.0,1.0,Rabbit
14.0,ambush,82.0,96.0,39.0,21.0,0.0,Rabbit
14.0,ambush,82.0,100.0,9.0,63.0,1.0,Rabbit
14.0,ambush,85.0,96.0,38.0,21.0,0.0,Rabbit
14.0,ambush,85.0,96.0,41.0,21.0,1.0,Rabbit
14.0,ambush,85.0,96.0,41.0,21.0,1.0,Rabbit
14.0,ambush,85.0,96.0,41.0,21.0,1.0,Rabbit
14.0,ambush,85.0,96.0,38.0,21.0,0.0,Rabbit
14.0,ambush,85.0,96.0,41.0,21.0,1.0,Rabbit
14.0,ambush,85.0,96.0,41.0,21.0,1.0,Rabbit
14.0,ambush,85.0,96.0,41.0,21.0,1.0,Rabbit
14.0,ambush,85.0,96.0,41.0,21.0,1.0,Rabbit
14.0,ambush,85.0,95.0,43.0,21.0,1.0,Rabbit
14.0,ambush,89.0,70.0,23.0,42.0,0.0,Rabbit
14.0,ambush,85.0,96.0,41.0,21.0,0.0,Rabbit
14.0,ambush,85.0,96.0,41.0,21.0,0.0,Rabbit
14.0,ambush,60.0,81.0,92.0,13.0,0.0,Rabbit
14.0,ambush,85.0,96.0,41.0,21.0,0.0,Rabbit
14.0,ambush,60.0,81.0,92.0,13.0,0.0,Rabbit
14.0,ambush,39.0,91.0,83.0,10.0,0.0,Rabbit
14.0,ambush,60.0,81.0,92.0,13.0,0.0,Rabbit
14.0,ambush,89.0,85.0,14.0,59.0,1.0,Rabbit
14.0,ambush,89.0,85.0,14.0,59.0,1.0,Rabbit
14.0,ambush,89.0,85.0,14.0,59.0,0.0,Rabbit
14.0,ambush,84.0,85.0,14.0,59.0,1.0,Rabbit
14.0,ambush,89.0,85.0,14.0,59.0,1.0,Rabbit
14.0,ambush,84.0,71.0,30.0,54.0,0.0,Rabbit
14.0,ambush,89.0,85.0,10.0,59.0,0.0,Rabbit
14.0,ambush,89.0,85.0,11.0,59.0,1.0,Rabbit
14.0,ambush,89.0,85.0,11.0,59.0,1.0,Rabbit
14.0,ambush,89.0,85.0,14.0,59.0,1.0,Rabbit
14.0,ambush,89.0,85.0,11.0,59.0,1.0,Rabbit
14.0,ambush,89.0,85.0,14.0,59.0,1.0,Rabbit
14.0,ambush,85.0,96.0,41.0,21.0,0.0,Rabbit
14.0,ambush,89.0,85.0,11.0,59.0,1.0,Rabbit
14.0,ambush,89.0,85.0,11.0,59.0,0.0,Rabbit
14.0,ambush,60.0,81.0,92.0,13.0,0.0,Rabbit
14.0,ambush,89.0,85.0,14.0,59.0,1.0,Rabbit
14.0,ambush,89.0,85.0,11.0,59.0,0.0,Rabbit
14.0,ambush,89.0,85.0,14.0,59.0,0.0,Rabbit
14.0,ambush,89.0,85.0,14.0,59.0,1.0,Rabbit
14.0,ambush,89.0,85.0,14.0,59.0,1.0,Rabbit
14.0,ambush,89.0,85.0,14.0,59.0,1.0,Rabbit
14.0,ambush,89.0,85.0,14.0,59.0,1.0,Rabbit
14.0,ambush,89.0,85.0,14.0,59.0,1.0,Rabbit
14.0,ambush,89.0,85.0,14.0,59.0,1.0,Rabbit
14.0,ambush,60.0,81.0,92.0,13.0,0.0,Rabbit
14.0,ambush,84.0,71.0,30.0,54.0,0.0,Rabbit
14.0,ambush,89.0,88.0,11.0,61.0,1.0,Rabbit
14.0,ambush,89.0,94.0,14.0,59.0,0.0,Rabbit
14.0,ambush,89.0,85.0,14.0,59.0,0.0,Rabbit
14.0,ambush,89.0,85.0,14.0,59.0,0.0,Rabbit
14.0,ambush,89.0,85.0,14.0,59.0,0.0,Rabbit
14.0,ambush,89.0,85.0,9.0,59.0,0.0,Rabbit
14.0,ambush,89.0,85.0,14.0,59.0,0.0,Rabbit
14.0,ambush,89.0,85.0,14.0,59.0,0.0,Rabbit
14.0,ambush,88.0,85.0,16.0,59.0,1.0,Rabbit
14.0,ambush,90.0,85.0,18.0,59.0,1.0,Rabbit
14.0,ambush,89.0,85.0,14.0,59.0,0.0,Rabbit
14.0,ambush,89.0,85.0,14.0,59.0,0.0,Rabbit
14.0,ambush,89.0,85.0,14.0,59.0,1.0,Rabbit
14.0,ambush,89.0,85.0,14.0,59.0,1.0,Rabbit
14.0,ambush,89.0,94.0,14.0,59.0,0.0,Rabbit
14.0,ambush,62.0,14.0,79.0,52.0,1.0,Rabbit
14.0,ambush,62.0,14.0,79.0,52.0,1.0,Rabbit
14.0,ambush,89.0,85.0,14.0,59.0,0.0,Rabbit
14.0,ambush,62.0,14.0,79.0,52.0,1.0,Rabbit
14.0,ambush,14.0,99.0,72.0,79.0,1.0,Rabbit
14.0,ambush,14.0,99.0,72.0,79.0,1.0,Rabbit
14.0,ambush,89.0,85.0,14.0,59.0,0.0,Rabbit
14.0,ambush,14.0,99.0,72.0,79.0,0.0,Rabbit
14.0,ambush,14.0,99.0,72.0,79.0,1.0,Rabbit
14.0,ambush,89.0,85.0,14.0,59.0,0.0,Rabbit
14.0,ambush,14.0,99.0,72.0,79.0,1.0,Rabbit
14.0,ambush,14.0,96.0,77.0,79.0,1.0,Rabbit
14.0,ambush,14.0,99.0,72.0,79.0,1.0,Rabbit
14.0,ambush,14.0,99.0,72.0,79.0,1.0,Rabbit
14.0,ambush,14.0,99.0,72.0,79.0,1.0,Rabbit
14.0,ambush,14.0,99.0,72.0,79.0,0.0,Rabbit
14.0,ambush,14.0,99.0,72.0,79.0,1.0,Rabbit
14.0,ambush,88.0,85.0,16.0,59.0,0.0,Rabbit
14.0,ambush,14.0,99.0,72.0,79.0,0.0,Rabbit
14.0,ambush,14.0,99.0,72.0,79.0,0.0,Rabbit
14.0,ambush,14.0,99.0,72.0,79.0,0.0,Rabbit
14.0,ambush,14.0,99.0,72.0,79.0,0.0,Rabbit
14.0,ambush,14.0,99.0,72.0,79.0,1.0,Rabbit
14.0,ambush,70.0,78.0,42.0,80.0,1.0,Rabbit
14.0,ambush,14.0,99.0,72.0,79.0,0.0,Rabbit
14.0,ambush,70.0,78.0,42.0,80.0,0.0,Rabbit
14.0,ambush,70.0,78.0,42.0,80.0,0.0,Rabbit
14.0,ambush,89.0,85.0,14.0,59.0,0.0,Rabbit
14.0,ambush,70.0,78.0,42.0,80.0,0.0,Rabbit
15.0,ambush,87.0,99.0,11.0,21.0,1.0,Rabbit
15.0,ambush,85.0,99.0,11.0,21.0,1.0,Rabbit
15.0,ambush,87.0,99.0,11.0,21.0,1.0,Rabbit
15.0,ambush,87.0,99.0,11.0,21.0,1.0,Rabbit
15.0,ambush,87.0,99.0,11.0,21.0,1.0,Rabbit
15.0,ambush,87.0,99.0,11.0,21.0,1.0,Rabbit
15.0,ambush,87.0,99.0,11.0,21.0,0.0,Rabbit
15.0,ambush,87.0,99.0,11.0,21.0,0.0,Rabbit
15.0,ambush,67.0,67.0,55.0,16.0,0.0,Rabbit
15.0,ambush,87.0,99.0,11.0,21.0,1.0,Rabbit
15.0,ambush,87.0,99.0,11.0,21.0,0.0,Rabbit
15.0,ambush,87.0,99.0,11.0,21.0,1.0,Rabbit
15.0,ambush,87.0,99.0,11.0,21.0,0.0,Rabbit
15.0,ambush,87.0,99.0,11.0,21.0,1.0,Rabbit
15.0,ambush,67.0,67.0,55.0,16.0,1.0,Rabbit
15.0,ambush,87.0,99.0,11.0,21.0,0.0,Rabbit
15.0,ambush,87.0,99.0,11.0,21.0,1.0,Rabbit
15.0,ambush,26.0,96.0,33.0,48.0,1.0,Rabbit
15.0,ambush,87.0,99.0,11.0,21.0,1.0,Rabbit
15.0,ambush,87.0,99.0,11.0,21.0,1.0,Rabbit
15.0,ambush,89.0,70.0,23.0,42.0,1.0,Rabbit
15.0,ambush,89.0,70.0,23.0,42.0,1.0,Rabbit
15.0,ambush,89.0,70.0,23.0,42.0,1.0,Rabbit
15.0,ambush,87.0,99.0,11.0,21.0,0.0,Rabbit
15.0,ambush,39.0,91.0,83.0,10.0,1.0,Rabbit
15.0,ambush,85.0,96.0,41.0,21.0,1.0,Rabbit
15.0,ambush,85.0,96.0,41.0,21.0,1.0,Rabbit
15.0,ambush,89.0,73.0,20.0,46.0,0.0,Rabbit
15.0,ambush,85.0,96.0,41.0,21.0,1.0,Rabbit
15.0,ambush,85.0,96.0,41.0,21.0,1.0,Rabbit
15.0,ambush,85.0,96.0,41.0,21.0,0.0,Rabbit
15.0,ambush,85.0,96.0,41.0,21.0,0.0,Rabbit
15.0,ambush,85.0,96.0,41.0,21.0,0.0,Rabbit
15.0,ambush,89.0,70.0,23.0,42.0,1.0,Rabbit
15.0,ambush,89.0,70.0,23.0,42.0,1.0,Rabbit
15.0,ambush,85.0,96.0,41.0,21.0,1.0,Rabbit
15.0,ambush,85.0,96.0,41.0,21.0,1.0,Rabbit
15.0,ambush,78.0,100.0,9.0,58.0,1.0,Rabbit
15.0,ambush,85.0,96.0,41.0,21.0,0.0,Rabbit
15.0,ambush,85.0,96.0,41.0,21.0,0.0,Rabbit
15.0,ambush,78.0,100.0,9.0,58.0,0.0,Rabbit
15.0,ambush,85.0,96.0,41.0,21.0,1.0,Rabbit
15.0,ambush,78.0,100.0,9.0,58.0,0.0,Rabbit
15.0,ambush,78.0,100.0,9.0,58.0,1.0,Rabbit
15.0,ambush,78.0,100.0,9.0,58.0,1.0,Rabbit
15.0,ambush,85.0,96.0,41.0,21.0,0.0,Rabbit
15.0,ambush,26.0,96.0,33.0,48.0,0.0,Rabbit
15.0,ambush,85.0,96.0,42.0,19.0,1.0,Rabbit
15.0,ambush,85.0,96.0,38.0,21.0,1.0,Rabbit
15.0,ambush,83.0,96.0,38.0,19.0,1.0,Rabbit
15.0,ambush,89.0,70.0,23.0,42.0,0.0,Rabbit
15.0,ambush,83.0,96.0,38.0,19.0,1.0,Rabbit
15.0,ambush,85.0,96.0,38.0,21.0,1.0,Rabbit
15.0,ambush,67.0,67.0,55.0,16.0,0.0,Rabbit
15.0,ambush,85.0,96.0,38.0,21.0,1.0,Rabbit
15.0,ambush,85.0,96.0,38.0,21.0,0.0,Rabbit
15.0,ambush,83.0,96.0,38.0,19.0,0.0,Rabbit
15.0,ambush,85.0,96.0,41.0,21.0,0.0,Rabbit
15.0,ambush,82.0,100.0,9.0,63.0,0.0,Rabbit
15.0,ambush,85.0,96.0,41.0,21.0,0.0,Rabbit
15.0,ambush,82.0,100.0,9.0,63.0,0.0,Rabbit
15.0,ambush,85.0,96.0,41.0,21.0,1.0,Rabbit
15.0,ambush,85.0,96.0,42.0,19.0,0.0,Rabbit
15.0,ambush,82.0,100.0,9.0,58.0,0.0,Rabbit
15.0,ambush,85.0,96.0,41.0,21.0,1.0,Rabbit
15.0,ambush,85.0,92.0,41.0,17.0,1.0,Rabbit
15.0,ambush,85.0,96.0,41.0,21.0,0.0,Rabbit
15.0,ambush,85.0,96.0,41.0,21.0,0.0,Rabbit
15.0,ambush,85.0,96.0,41.0,21.0,1.0,Rabbit
15.0,ambush,85.0,96.0,41.0,21.0,0.0,Rabbit
15.0,ambush,85.0,96.0,41.0,21.0,1.0,Rabbit
15.0,ambush,85.0,96.0,41.0,21.0,0.0,Rabbit
15.0,ambush,85.0,95.0,43.0,21.0,0.0,Rabbit
15.0,ambush,89.0,85.0,14.0,59.0,1.0,Rabbit
15.0,ambush,85.0,95.0,43.0,21.0,1.0,Rabbit
15.0,ambush,84.0,85.0,14.0,59.0,1.0,Rabbit
15.0,ambush,89.0,85.0,14.0,59.0,1.0,Rabbit
15.0,ambush,89.0,85.0,14.0,59.0,1.0,Rabbit
15.0,ambush,89.0,73.0,20.0,46.0,0.0,Rabbit
15.0,ambush,89.0,85.0,14.0,59.0,1.0,Rabbit
15.0,ambush,89.0,85.0,11.0,59.0,1.0,Rabbit
15.0,ambush,89.0,83.0,14.0,59.0,1.0,Rabbit
15.0,ambush,89.0,85.0,11.0,59.0,0.0,Rabbit
15.0,ambush,89.0,85.0,11.0,59.0,1.0,Rabbit
15.0,ambush,89.0,85.0,14.0,59.0,0.0,Rabbit
15.0,ambush,89.0,85.0,11.0,59.0,1.0,Rabbit
15.0,ambush,89.0,85.0,14.0,59.0,1.0,Rabbit
15.0,ambush,89.0,85.0,14.0,59.0,1.0,Rabbit
15.0,ambush,89.0,85.0,14.0,59.0,1.0,Rabbit
15.0,ambush,85.0,96.0,41.0,21.0,0.0,Rabbit
15.0,ambush,89.0,85.0,11.0,59.0,1.0,Rabbit
15.0,ambush,89.0,85.0,11.0,59.0,0.0,Rabbit
15.0,ambush,89.0,85.0,14.0,59.0,1.0,Rabbit
15.0,ambush,85.0,96.0,41.0,21.0,0.0,Rabbit
15.0,ambush,89.0,85.0,14.0,59.0,1.0,Rabbit
15.0,ambush,89.0,85.0,14.0,59.0,0.0,Rabbit
15.0,ambush,89.0,85.0,11.0,59.0,0.0,Rabbit
15.0,ambush,89.0,85.0,14.0,59.0,0.0,Rabbit
15.0,ambush,89.0,85.0,14.0,59.0,1.0,Rabbit
15.0,ambush,89.0,85.0,14.0,59.0,1.0,Rabbit
15.0,ambush,89.0,85.0,11.0,59.0,1.0,Rabbit
15.0,ambush,89.0,85.0,14.0,59.0,0.0,Rabbit
15.0,ambush,89.0,85.0,14.0,59.0,1.0,Rabbit
15.0,ambush,89.0,85.0,14.0,59.0,1.0,Rabbit
15.0,ambush,89.0,85.0,14.0,59.0,1.0,Rabbit
15.0,ambush,89.0,85.0,14.0,59.0,0.0,Rabbit
15.0,ambush,89.0,85.0,14.0,59.0,1.0,Rabbit
15.0,ambush,89.0,85.0,14.0,59.0,0.0,Rabbit
15.0,ambush,89.0,85.0,14.0,59.0,0.0,Rabbit
15.0,ambush,93.0,85.0,14.0,63.0,0.0,Rabbit
15.0,ambush,88.0,85.0,16.0,59.0,1.0,Rabbit
15.0,ambush,89.0,85.0,14.0,59.0,1.0,Rabbit
15.0,ambush,89.0,85.0,11.0,59.0,0.0,Rabbit
15.0,ambush,62.0,14.0,79.0,52.0,0.0,Rabbit
15.0,ambush,89.0,85.0,14.0,59.0,1.0,Rabbit
15.0,ambush,62.0,14.0,79.0,52.0,0.0,Rabbit
15.0,ambush,89.0,88.0,11.0,61.0,0.0,Rabbit
15.0,ambush,62.0,14.0,79.0,52.0,1.0,Rabbit
15.0,ambush,89.0,85.0,14.0,59.0,0.0,Rabbit
15.0,ambush,90.0,85.0,18.0,59.0,1.0,Rabbit
15.0,ambush,89.0,85.0,11.0,59.0,0.0,Rabbit
15.0,ambush,89.0,88.0,11.0,61.0,0.0,Rabbit
15.0,ambush,14.0,99.0,72.0,79.0,0.0,Rabbit
15.0,ambush,89.0,85.0,14.0,59.0,0.0,Rabbit
15.0,ambush,14.0,99.0,72.0,79.0,1.0,Rabbit
15.0,ambush,14.0,99.0,72.0,79.0,1.0,Rabbit
15.0,ambush,14.0,99.0,72.0,79.0,0.0,Rabbit
15.0,ambush,14.0,100.0,72.0,79.0,0.0,Rabbit
15.0,ambush,14.0,96.0,72.0,79.0,1.0,Rabbit
15.0,ambush,14.0,99.0,72.0,79.0,0.0,Rabbit
15.0,ambush,14.0,99.0,72.0,79.0,1.0,Rabbit
15.0,ambush,14.0,99.0,72.0,79.0,1.0,Rabbit
15.0,ambush,14.0,99.0,72.0,79.0,1.0,Rabbit
15.0,ambush,14.0,96.0,77.0,79.0,1.0,Rabbit
15.0,ambush,14.0,99.0,67.0,79.0,0.0,Rabbit
15.0,ambush,14.0,99.0,72.0,79.0,1.0,Rabbit
15.0,ambush,14.0,99.0,72.0,79.0,1.0,Rabbit
15.0,ambush,14.0,99.0,72.0,79.0,1.0,Rabbit
15.0,ambush,14.0,99.0,72.0,79.0,0.0,Rabbit
15.0,ambush,14.0,99.0,72.0,79.0,0.0,Rabbit
15.0,ambush,14.0,99.0,72.0,79.0,0.0,Rabbit
15.0,ambush,14.0,99.0,72.0,79.0,1.0,Rabbit
15.0,ambush,14.0,99.0,72.0,79.0,0.0,Rabbit
15.0,ambush,70.0,78.0,42.0,80.0,0.0,Rabbit
15.0,ambush,14.0,99.0,72.0,79.0,0.0,Rabbit
15.0,ambush,62.0,14.0,79.0,52.0,1.0,Rabbit
16.0,ambush,87.0,99.0,11.0,21.0,1.0,Rabbit
16.0,ambush,85.0,100.0,11.0,21.0,0.0,Rabbit
16.0,ambush,85.0,99.0,11.0,21.0,0.0,Rabbit
16.0,ambush,87.0,99.0,11.0,21.0,1.0,Rabbit
16.0,ambush,87.0,99.0,11.0,21.0,0.0,Rabbit
16.0,ambush,85.0,98.0,11.0,21.0,1.0,Rabbit
16.0,ambush,95.0,99.0,11.0,21.0,1.0,Rabbit
16.0,ambush,87.0,99.0,11.0,21.0,0.0,Rabbit
16.0,ambush,87.0,99.0,11.0,21.0,0.0,Rabbit
16.0,ambush,87.0,99.0,11.0,21.0,1.0,Rabbit
16.0,ambush,87.0,99.0,11.0,21.0,0.0,Rabbit
16.0,ambush,87.0,99.0,11.0,21.0,1.0,Rabbit
16.0,ambush,87.0,99.0,11.0,21.0,1.0,Rabbit
16.0,ambush,87.0,99.0,11.0,21.0,1.0,Rabbit
16.0,ambush,87.0,99.0,11.0,21.0,0.0,Rabbit
16.0,ambush,87.0,99.0,11.0,21.0,0.0,Rabbit
16.0,ambush,87.0,99.0,11.0,21.0,0.0,Rabbit
16.0,ambush,87.0,99.0,11.0,21.0,1.0,Rabbit
16.0,ambush,87.0,99.0,11.0,21.0,0.0,Rabbit
16.0,ambush,67.0,67.0,55.0,16.0,0.0,Rabbit
16.0,ambush,87.0,99.0,11.0,21.0,1.0,Rabbit
16.0,ambush,87.0,99.0,11.0,21.0,1.0,Rabbit
16.0,ambush,87.0,99.0,11.0,21.0,1.0,Rabbit
16.0,ambush,87.0,99.0,11.0,21.0,1.0,Rabbit
16.0,ambush,67.0,67.0,55.0,16.0,0.0,Rabbit
16.0,ambush,87.0,99.0,11.0,21.0,1.0,Rabbit
16.0,ambush,89.0,70.0,23.0,42.0,1.0,Rabbit
16.0,ambush,89.0,70.0,23.0,42.0,1.0,Rabbit
16.0,ambush,87.0,99.0,11.0,21.0,0.0,Rabbit
16.0,ambush,87.0,99.0,11.0,21.0,0.0,Rabbit
16.0,ambush,89.0,70.0,23.0,42.0,0.0,Rabbit
16.0,ambush,26.0,96.0,33.0,48.0,0.0,Rabbit
16.0,ambush,89.0,70.0,23.0,42.0,0.0,Rabbit
16.0,ambush,87.0,99.0,11.0,21.0,1.0,Rabbit
16.0,ambush,67.0,67.0,55.0,16.0,0.0,Rabbit
16.0,ambush,87.0,99.0,11.0,21.0,0.0,Rabbit
16.0,ambush,85.0,96.0,41.0,21.0,1.0,Rabbit
16.0,ambush,26.0,96.0,33.0,48.0,0.0,Rabbit
16.0,ambush,85.0,96.0,41.0,21.0,1.0,Rabbit
16.0,ambush,85.0,96.0,41.0,21.0,1.0,Rabbit
16.0,ambush,85.0,96.0,41.0,21.0,1.0,Rabbit
16.0,ambush,85.0,96.0,41.0,21.0,1.0,Rabbit
16.0,ambush,89.0,70.0,23.0,42.0,0.0,Rabbit
16.0,ambush,85.0,96.0,41.0,21.0,1.0,Rabbit
16.0,ambush,85.0,96.0,41.0,21.0,1.0,Rabbit
16.0,ambush,85.0,96.0,41.0,21.0,1.0,Rabbit
16.0,ambush,85.0,96.0,41.0,21.0,0.0,Rabbit
16.0,ambush,89.0,70.0,23.0,42.0,1.0,Rabbit
16.0,ambush,89.0,70.0,23.0,42.0,1.0,Rabbit
16.0,ambush,89.0,70.0,23.0,42.0,1.0,Rabbit
16.0,ambush,84.0,70.0,23.0,42.0,1.0,Rabbit
16.0,ambush,85.0,96.0,41.0,21.0,1.0,Rabbit
16.0,ambush,85.0,96.0,41.0,21.0,1.0,Rabbit
16.0,ambush,39.0,91.0,83.0,10.0,1.0,Rabbit
16.0,ambush,85.0,96.0,41.0,21.0,0.0,Rabbit
16.0,ambush,89.0,70.0,23.0,46.0,0.0,Rabbit
16.0,ambush,85.0,70.0,23.0,42.0,0.0,Rabbit
16.0,ambush,85.0,96.0,41.0,21.0,0.0,Rabbit
16.0,ambush,85.0,96.0,41.0,21.0,0.0,Rabbit
16.0,ambush,85.0,96.0,41.0,21.0,0.0,Rabbit
16.0,ambush,85.0,96.0,41.0,21.0,0.0,Rabbit
16.0,ambush,40.0,91.0,83.0,7.0,0.0,Rabbit
16.0,ambush,89.0,70.0,23.0,42.0,0.0,Rabbit
16.0,ambush,85.0,96.0,42.0,19.0,1.0,Rabbit
16.0,ambush,78.0,100.0,9.0,58.0,1.0,Rabbit
16.0,ambush,85.0,96.0,42.0,19.0,1.0,Rabbit
16.0,ambush,85.0,96.0,38.0,21.0,0.0,Rabbit
16.0,ambush,83.0,96.0,38.0,19.0,1.0,Rabbit
16.0,ambush,83.0,96.0,38.0,19.0,1.0,Rabbit
16.0,ambush,83.0,96.0,38.0,19.0,1.0,Rabbit
16.0,ambush,83.0,96.0,38.0,13.0,1.0,Rabbit
16.0,ambush,39.0,91.0,83.0,10.0,0.0,Rabbit
16.0,ambush,85.0,96.0,38.0,21.0,1.0,Rabbit
16.0,ambush,78.0,100.0,9.0,58.0,0.0,Rabbit
16.0,ambush,83.0,96.0,38.0,19.0,0.0,Rabbit
16.0,ambush,85.0,96.0,41.0,21.0,1.0,Rabbit
16.0,ambush,85.0,96.0,38.0,21.0,1.0,Rabbit
16.0,ambush,85.0,96.0,38.0,21.0,0.0,Rabbit
16.0,ambush,85.0,96.0,41.0,21.0,1.0,Rabbit
16.0,ambush,85.0,96.0,38.0,21.0,1.0,Rabbit
16.0,ambush,85.0,96.0,41.0,21.0,1.0,Rabbit
16.0,ambush,85.0,96.0,41.0,21.0,1.0,Rabbit
16.0,ambush,78.0,100.0,7.0,58.0,0.0,Rabbit
16.0,ambush,85.0,92.0,41.0,17.0,1.0,Rabbit
16.0,ambush,85.0,96.0,41.0,21.0,1.0,Rabbit
16.0,ambush,85.0,96.0,41.0,21.0,0.0,Rabbit
16.0,ambush,85.0,96.0,41.0,21.0,0.0,Rabbit
16.0,ambush,84.0,85.0,14.0,59.0,1.0,Rabbit
16.0,ambush,84.0,85.0,14.0,59.0,1.0,Rabbit
16.0,ambush,83.0,96.0,38.0,19.0,0.0,Rabbit
16.0,ambush,85.0,96.0,41.0,21.0,0.0,Rabbit
16.0,ambush,85.0,95.0,43.0,21.0,1.0,Rabbit
16.0,ambush,89.0,85.0,14.0,59.0,1.0,Rabbit
16.0,ambush,89.0,85.0,14.0,59.0,1.0,Rabbit
16.0,ambush,78.0,100.0,9.0,58.0,0.0,Rabbit
16.0,ambush,89.0,85.0,11.0,59.0,1.0,Rabbit
16.0,ambush,89.0,85.0,11.0,59.0,1.0,Rabbit
16.0,ambush,78.0,100.0,9.0,58.0,0.0,Rabbit
16.0,ambush,89.0,85.0,14.0,59.0,0.0,Rabbit
16.0,ambush,89.0,85.0,14.0,59.0,0.0,Rabbit
16.0,ambush,89.0,85.0,14.0,59.0,0.0,Rabbit
16.0,ambush,89.0,85.0,11.0,59.0,0.0,Rabbit
16.0,ambush,89.0,85.0,14.0,59.0,0.0,Rabbit
16.0,ambush,89.0,83.0,14.0,59.0,0.0,Rabbit
16.0,ambush,89.0,84.0,14.0,59.0,0.0,Rabbit
16.0,ambush,89.0,85.0,14.0,59.0,1.0,Rabbit
16.0,ambush,89.0,85.0,14.0,59.0,1.0,Rabbit
16.0,ambush,89.0,85.0,11.0,59.0,1.0,Rabbit
16.0,ambush,89.0,85.0,11.0,59.0,1.0,Rabbit
16.0,ambush,92.0,85.0,11.0,59.0,1.0,Rabbit
16.0,ambush,89.0,85.0,14.0,59.0,0.0,Rabbit
16.0,ambush,89.0,85.0,14.0,59.0,0.0,Rabbit
16.0,ambush,89.0,85.0,14.0,59.0,0.0,Rabbit
16.0,ambush,89.0,85.0,14.0,59.0,1.0,Rabbit
16.0,ambush,89.0,85.0,14.0,59.0,1.0,Rabbit
16.0,ambush,89.0,85.0,14.0,59.0,1.0,Rabbit
16.0,ambush,89.0,85.0,14.0,59.0,1.0,Rabbit
16.0,ambush,89.0,85.0,14.0,59.0,0.0,Rabbit
16.0,ambush,89.0,85.0,11.0,59.0,0.0,Rabbit
16.0,ambush,89.0,85.0,11.0,59.0,0.0,Rabbit
16.0,ambush,89.0,85.0,14.0,59.0,1.0,Rabbit
16.0,ambush,89.0,85.0,14.0,59.0,0.0,Rabbit
16.0,ambush,89.0,85.0,14.0,59.0,0.0,Rabbit
16.0,ambush,89.0,85.0,14.0,59.0,0.0,Rabbit
16.0,ambush,89.0,85.0,14.0,59.0,0.0,Rabbit
16.0,ambush,89.0,85.0,11.0,59.0,0.0,Rabbit
16.0,ambush,89.0,85.0,11.0,59.0,0.0,Rabbit
16.0,ambush,89.0,85.0,14.0,59.0,1.0,Rabbit
16.0,ambush,89.0,85.0,14.0,59.0,1.0,Rabbit
16.0,ambush,89.0,85.0,14.0,59.0,1.0,Rabbit
16.0,ambush,88.0,85.0,16.0,59.0,1.0,Rabbit
16.0,ambush,89.0,85.0,14.0,59.0,1.0,Rabbit
16.0,ambush,89.0,85.0,14.0,59.0,0.0,Rabbit
16.0,ambush,89.0,85.0,11.0,59.0,0.0,Rabbit
16.0,ambush,89.0,85.0,11.0,59.0,0.0,Rabbit
16.0,ambush,62.0,14.0,79.0,52.0,1.0,Rabbit
16.0,ambush,14.0,99.0,72.0,79.0,1.0,Rabbit
16.0,ambush,14.0,99.0,72.0,79.0,1.0,Rabbit
16.0,ambush,14.0,99.0,72.0,79.0,1.0,Rabbit
16.0,ambush,14.0,96.0,72.0,79.0,1.0,Rabbit
16.0,ambush,14.0,99.0,72.0,79.0,1.0,Rabbit
16.0,ambush,14.0,96.0,72.0,79.0,1.0,Rabbit
16.0,ambush,14.0,99.0,72.0,79.0,1.0,Rabbit
16.0,ambush,14.0,99.0,72.0,79.0,1.0,Rabbit
16.0,ambush,14.0,96.0,72.0,79.0,0.0,Rabbit
16.0,ambush,14.0,99.0,72.0,79.0,1.0,Rabbit
16.0,ambush,89.0,85.0,14.0,59.0,0.0,Rabbit
16.0,ambush,89.0,85.0,14.0,59.0,0.0,Rabbit
16.0,ambush,14.0,99.0,72.0,79.0,1.0,Rabbit
16.0,ambush,89.0,85.0,14.0,59.0,1.0,Rabbit
16.0,ambush,14.0,99.0,72.0,79.0,0.0,Rabbit
16.0,ambush,14.0,99.0,72.0,79.0,1.0,Rabbit
16.0,ambush,90.0,85.0,18.0,59.0,0.0,Rabbit
16.0,ambush,14.0,99.0,72.0,79.0,0.0,Rabbit
16.0,ambush,14.0,99.0,72.0,79.0,0.0,Rabbit
16.0,ambush,62.0,14.0,79.0,52.0,1.0,Rabbit
16.0,ambush,62.0,14.0,87.0,52.0,1.0,Rabbit
16.0,ambush,14.0,99.0,72.0,79.0,0.0,Rabbit
16.0,ambush,14.0,96.0,77.0,79.0,0.0,Rabbit
16.0,ambush,89.0,85.0,14.0,59.0,0.0,Rabbit
16.0,ambush,89.0,85.0,14.0,59.0,0.0,Rabbit
16.0,ambush,14.0,99.0,72.0,79.0,1.0,Rabbit
16.0,ambush,14.0,99.0,72.0,79.0,0.0,Rabbit
17.0,ambush,62.0,14.0,87.0,52.0,0.0,Rabbit
17.0,ambush,62.0,14.0,79.0,52.0,0.0,Rabbit
17.0,ambush,85.0,98.0,11.0,21.0,0.0,Rabbit
17.0,ambush,85.0,98.0,11.0,21.0,0.0,Rabbit
17.0,ambush,62.0,14.0,79.0,52.0,1.0,Rabbit
17.0,ambush,87.0,99.0,11.0,21.0,1.0,Rabbit
17.0,ambush,87.0,99.0,11.0,21.0,0.0,Rabbit
17.0,ambush,87.0,99.0,11.0,21.0,1.0,Rabbit
17.0,ambush,87.0,99.0,11.0,21.0,1.0,Rabbit
17.0,ambush,87.0,99.0,11.0,21.0,0.0,Rabbit
17.0,ambush,87.0,99.0,11.0,21.0,0.0,Rabbit
17.0,ambush,87.0,99.0,11.0,21.0,1.0,Rabbit
17.0,ambush,87.0,99.0,11.0,21.0,1.0,Rabbit
17.0,ambush,87.0,99.0,11.0,21.0,1.0,Rabbit
17.0,ambush,87.0,99.0,11.0,21.0,1.0,Rabbit
17.0,ambush,87.0,95.0,11.0,21.0,1.0,Rabbit
17.0,ambush,62.0,14.0,79.0,52.0,1.0,Rabbit
17.0,ambush,87.0,99.0,11.0,21.0,1.0,Rabbit
17.0,ambush,87.0,99.0,11.0,21.0,0.0,Rabbit
17.0,ambush,87.0,99.0,11.0,21.0,1.0,Rabbit
17.0,ambush,87.0,99.0,11.0,21.0,0.0,Rabbit
17.0,ambush,87.0,99.0,11.0,21.0,1.0,Rabbit
17.0,ambush,87.0,99.0,11.0,21.0,1.0,Rabbit
17.0,ambush,87.0,99.0,11.0,21.0,1.0,Rabbit
17.0,ambush,87.0,99.0,11.0,21.0,1.0,Rabbit
17.0,ambush,87.0,99.0,11.0,21.0,1.0,Rabbit
17.0,ambush,87.0,99.0,11.0,21.0,1.0,Rabbit
17.0,ambush,87.0,99.0,11.0,21.0,1.0,Rabbit
17.0,ambush,87.0,99.0,11.0,21.0,0.0,Rabbit
17.0,ambush,87.0,99.0,11.0,21.0,1.0,Rabbit
17.0,ambush,84.0,70.0,23.0,42.0,1.0,Rabbit
17.0,ambush,39.0,91.0,83.0,10.0,0.0,Rabbit
17.0,ambush,89.0,70.0,23.0,42.0,1.0,Rabbit
17.0,ambush,87.0,99.0,11.0,21.0,0.0,Rabbit
17.0,ambush,89.0,70.0,23.0,42.0,0.0,Rabbit
17.0,ambush,89.0,70.0,23.0,42.0,0.0,Rabbit
17.0,ambush,87.0,99.0,11.0,21.0,0.0,Rabbit
17.0,ambush,89.0,70.0,23.0,42.0,1.0,Rabbit
17.0,ambush,89.0,70.0,23.0,42.0,0.0,Rabbit
17.0,ambush,89.0,70.0,23.0,42.0,0.0,Rabbit
17.0,ambush,89.0,70.0,23.0,42.0,0.0,Rabbit
17.0,ambush,89.0,70.0,17.0,42.0,1.0,Rabbit
17.0,ambush,89.0,70.0,23.0,42.0,1.0,Rabbit
17.0,ambush,89.0,70.0,23.0,42.0,0.0,Rabbit
17.0,ambush,95.0,99.0,11.0,21.0,1.0,Rabbit
17.0,ambush,95.0,99.0,11.0,21.0,1.0,Rabbit
17.0,ambush,95.0,99.0,11.0,21.0,1.0,Rabbit
17.0,ambush,89.0,70.0,23.0,42.0,0.0,Rabbit
17.0,ambush,87.0,96.0,38.0,13.0,0.0,Rabbit
17.0,ambush,85.0,92.0,41.0,17.0,1.0,Rabbit
17.0,ambush,83.0,96.0,38.0,13.0,0.0,Rabbit
17.0,ambush,85.0,92.0,41.0,17.0,0.0,Rabbit
17.0,ambush,83.0,96.0,38.0,19.0,1.0,Rabbit
17.0,ambush,83.0,98.0,38.0,24.0,1.0,Rabbit
17.0,ambush,83.0,96.0,38.0,19.0,0.0,Rabbit
17.0,ambush,83.0,96.0,38.0,19.0,1.0,Rabbit
17.0,ambush,83.0,96.0,38.0,19.0,0.0,Rabbit
17.0,ambush,85.0,96.0,38.0,21.0,1.0,Rabbit
17.0,ambush,83.0,96.0,38.0,19.0,0.0,Rabbit
17.0,ambush,83.0,96.0,38.0,19.0,1.0,Rabbit
17.0,ambush,85.0,96.0,38.0,21.0,1.0,Rabbit
17.0,ambush,85.0,96.0,38.0,21.0,1.0,Rabbit
17.0,ambush,85.0,96.0,38.0,21.0,1.0,Rabbit
17.0,ambush,85.0,96.0,38.0,21.0,0.0,Rabbit
17.0,ambush,85.0,96.0,38.0,21.0,1.0,Rabbit
17.0,ambush,85.0,96.0,38.0,21.0,1.0,Rabbit
17.0,ambush,85.0,96.0,42.0,19.0,0.0,Rabbit
17.0,ambush,84.0,85.0,14.0,59.0,1.0,Rabbit
17.0,ambush,84.0,85.0,14.0,59.0,1.0,Rabbit
17.0,ambush,89.0,70.0,23.0,42.0,0.0,Rabbit
17.0,ambush,85.0,96.0,42.0,19.0,0.0,Rabbit
17.0,ambush,84.0,85.0,14.0,59.0,1.0,Rabbit
17.0,ambush,89.0,70.0,23.0,42.0,0.0,Rabbit
17.0,ambush,85.0,96.0,41.0,21.0,1.0,Rabbit
17.0,ambush,85.0,96.0,41.0,21.0,0.0,Rabbit
17.0,ambush,85.0,96.0,38.0,21.0,0.0,Rabbit
17.0,ambush,85.0,96.0,41.0,21.0,1.0,Rabbit
17.0,ambush,85.0,96.0,41.0,21.0,0.0,Rabbit
17.0,ambush,85.0,96.0,41.0,21.0,1.0,Rabbit
17.0,ambush,85.0,96.0,41.0,21.0,1.0,Rabbit
17.0,ambush,85.0,96.0,41.0,21.0,1.0,Rabbit
17.0,ambush,85.0,96.0,41.0,21.0,0.0,Rabbit
17.0,ambush,85.0,96.0,41.0,21.0,0.0,Rabbit
17.0,ambush,85.0,96.0,41.0,21.0,1.0,Rabbit
17.0,ambush,85.0,96.0,41.0,21.0,1.0,Rabbit
17.0,ambush,85.0,96.0,41.0,21.0,0.0,Rabbit
17.0,ambush,85.0,96.0,41.0,21.0,1.0,Rabbit
17.0,ambush,85.0,96.0,41.0,21.0,0.0,Rabbit
17.0,ambush,85.0,96.0,41.0,21.0,0.0,Rabbit
17.0,ambush,85.0,96.0,38.0,21.0,0.0,Rabbit
17.0,ambush,85.0,96.0,41.0,21.0,1.0,Rabbit
17.0,ambush,85.0,96.0,41.0,21.0,1.0,Rabbit
17.0,ambush,85.0,96.0,41.0,21.0,1.0,Rabbit
17.0,ambush,85.0,96.0,41.0,21.0,0.0,Rabbit
17.0,ambush,85.0,96.0,41.0,21.0,1.0,Rabbit
17.0,ambush,85.0,96.0,41.0,21.0,1.0,Rabbit
17.0,ambush,85.0,96.0,41.0,21.0,0.0,Rabbit
17.0,ambush,85.0,96.0,41.0,21.0,1.0,Rabbit
17.0,ambush,85.0,96.0,41.0,21.0,1.0,Rabbit
17.0,ambush,85.0,96.0,41.0,21.0,0.0,Rabbit
17.0,ambush,85.0,96.0,41.0,21.0,0.0,Rabbit
17.0,ambush,85.0,96.0,39.0,21.0,1.0,Rabbit
17.0,ambush,89.0,85.0,11.0,59.0,0.0,Rabbit
17.0,ambush,89.0,85.0,11.0,59.0,0.0,Rabbit
17.0,ambush,89.0,85.0,11.0,59.0,1.0,Rabbit
17.0,ambush,86.0,85.0,11.0,57.0,1.0,Rabbit
17.0,ambush,89.0,85.0,11.0,59.0,1.0,Rabbit
17.0,ambush,89.0,85.0,11.0,59.0,0.0,Rabbit
17.0,ambush,85.0,95.0,43.0,21.0,1.0,Rabbit
17.0,ambush,78.0,100.0,9.0,58.0,1.0,Rabbit
17.0,ambush,62.0,14.0,87.0,52.0,0.0,Rabbit
17.0,ambush,85.0,96.0,41.0,21.0,0.0,Rabbit
17.0,ambush,89.0,85.0,14.0,59.0,1.0,Rabbit
17.0,ambush,89.0,85.0,14.0,59.0,1.0,Rabbit
17.0,ambush,89.0,85.0,11.0,59.0,1.0,Rabbit
17.0,ambush,78.0,100.0,9.0,55.0,0.0,Rabbit
17.0,ambush,84.0,85.0,14.0,54.0,0.0,Rabbit
17.0,ambush,89.0,85.0,14.0,59.0,0.0,Rabbit
17.0,ambush,89.0,85.0,14.0,59.0,1.0,Rabbit
17.0,ambush,87.0,99.0,11.0,21.0,0.0,Rabbit
17.0,ambush,89.0,85.0,14.0,59.0,1.0,Rabbit
17.0,ambush,92.0,85.0,11.0,59.0,0.0,Rabbit
17.0,ambush,89.0,85.0,14.0,59.0,1.0,Rabbit
17.0,ambush,89.0,85.0,14.0,59.0,1.0,Rabbit
17.0,ambush,89.0,85.0,14.0,59.0,1.0,Rabbit
17.0,ambush,62.0,14.0,79.0,52.0,0.0,Rabbit
17.0,ambush,89.0,85.0,14.0,59.0,0.0,Rabbit
17.0,ambush,89.0,85.0,14.0,59.0,1.0,Rabbit
17.0,ambush,89.0,85.0,14.0,59.0,0.0,Rabbit
17.0,ambush,89.0,85.0,14.0,59.0,1.0,Rabbit
17.0,ambush,89.0,85.0,14.0,59.0,1.0,Rabbit
17.0,ambush,89.0,85.0,14.0,59.0,1.0,Rabbit
17.0,ambush,89.0,85.0,14.0,59.0,1.0,Rabbit
17.0,ambush,92.0,85.0,11.0,59.0,1.0,Rabbit
17.0,ambush,89.0,85.0,14.0,59.0,0.0,Rabbit
17.0,ambush,89.0,85.0,14.0,59.0,1.0,Rabbit
17.0,ambush,89.0,85.0,11.0,59.0,0.0,Rabbit
17.0,ambush,89.0,85.0,14.0,59.0,1.0,Rabbit
17.0,ambush,89.0,85.0,14.0,59.0,1.0,Rabbit
17.0,ambush,89.0,85.0,14.0,60.0,1.0,Rabbit
17.0,ambush,89.0,85.0,14.0,59.0,1.0,Rabbit
17.0,ambush,89.0,85.0,14.0,59.0,1.0,Rabbit
17.0,ambush,89.0,85.0,14.0,59.0,0.0,Rabbit
17.0,ambush,89.0,85.0,14.0,59.0,0.0,Rabbit
17.0,ambush,89.0,85.0,14.0,59.0,0.0,Rabbit
17.0,ambush,88.0,85.0,16.0,59.0,1.0,Rabbit
17.0,ambush,89.0,85.0,14.0,59.0,0.0,Rabbit
17.0,ambush,89.0,85.0,14.0,59.0,0.0,Rabbit
17.0,ambush,14.0,99.0,72.0,79.0,0.0,Rabbit
17.0,ambush,89.0,85.0,14.0,59.0,0.0,Rabbit
17.0,ambush,89.0,85.0,14.0,59.0,0.0,Rabbit
17.0,ambush,89.0,85.0,14.0,59.0,1.0,Rabbit
17.0,ambush,14.0,99.0,72.0,79.0,1.0,Rabbit
17.0,ambush,14.0,99.0,72.0,79.0,1.0,Rabbit
17.0,ambush,14.0,99.0,72.0,79.0,1.0,Rabbit
17.0,ambush,14.0,99.0,72.0,79.0,1.0,Rabbit
17.0,ambush,89.0,85.0,14.0,59.0,0.0,Rabbit
17.0,ambush,14.0,96.0,72.0,79.0,0.0,Rabbit
17.0,ambush,14.0,99.0,72.0,79.0,1.0,Rabbit
17.0,ambush,14.0,99.0,72.0,79.0,1.0,Rabbit
17.0,ambush,14.0,99.0,72.0,79.0,1.0,Rabbit
17.0,ambush,14.0,96.0,72.0,79.0,1.0,Rabbit
17.0,ambush,14.0,99.0,72.0,79.0,0.0,Rabbit
17.0,ambush,14.0,99.0,72.0,79.0,0.0,Rabbit
17.0,ambush,14.0,99.0,72.0,79.0,0.0,Rabbit
17.0,ambush,14.0,99.0,72.0,79.0,0.0,Rabbit
17.0,ambush,14.0,99.0,72.0,79.0,1.0,Rabbit
17.0,ambush,14.0,99.0,72.0,79.0,1.0,Rabbit
17.0,ambush,14.0,96.0,72.0,79.0,0.0,Rabbit
17.0,ambush,14.0,99.0,72.0,79.0,0.0,Rabbit
17.0,ambush,14.0,99.0,72.0,79.0,0.0,Rabbit
17.0,ambush,14.0,99.0,72.0,79.0,0.0,Rabbit
17.0,ambush,14.0,99.0,72.0,79.0,1.0,Rabbit
17.0,ambush,14.0,99.0,72.0,79.0,0.0,Rabbit
17.0,ambush,14.0,99.0,72.0,79.0,0.0,Rabbit
18.0,ambush,62.0,14.0,79.0,52.0,0.0,Rabbit
18.0,ambush,87.0,95.0,11.0,21.0,1.0,Rabbit
18.0,ambush,87.0,99.0,11.0,21.0,1.0,Rabbit
18.0,ambush,62.0,14.0,79.0,52.0,0.0,Rabbit
18.0,ambush,87.0,95.0,11.0,21.0,1.0,Rabbit
18.0,ambush,87.0,99.0,11.0,21.0,1.0,Rabbit
18.0,ambush,87.0,99.0,11.0,21.0,0.0,Rabbit
18.0,ambush,87.0,99.0,11.0,21.0,0.0,Rabbit
18.0,ambush,87.0,99.0,11.0,21.0,1.0,Rabbit
18.0,ambush,87.0,99.0,11.0,21.0,1.0,Rabbit
18.0,ambush,85.0,99.0,11.0,21.0,1.0,Rabbit
18.0,ambush,87.0,99.0,11.0,21.0,1.0,Rabbit
18.0,ambush,87.0,99.0,11.0,21.0,0.0,Rabbit
18.0,ambush,87.0,99.0,11.0,21.0,0.0,Rabbit
18.0,ambush,87.0,99.0,11.0,21.0,1.0,Rabbit
18.0,ambush,87.0,99.0,11.0,21.0,0.0,Rabbit
18.0,ambush,87.0,99.0,11.0,21.0,1.0,Rabbit
18.0,ambush,87.0,99.0,11.0,21.0,1.0,Rabbit
18.0,ambush,82.0,99.0,15.0,21.0,1.0,Rabbit
18.0,ambush,87.0,99.0,11.0,21.0,1.0,Rabbit
18.0,ambush,62.0,14.0,79.0,52.0,1.0,Rabbit
18.0,ambush,87.0,99.0,11.0,21.0,1.0,Rabbit
18.0,ambush,87.0,99.0,11.0,21.0,1.0,Rabbit
18.0,ambush,62.0,14.0,79.0,52.0,0.0,Rabbit
18.0,ambush,87.0,99.0,11.0,21.0,1.0,Rabbit
18.0,ambush,87.0,99.0,11.0,21.0,1.0,Rabbit
18.0,ambush,87.0,99.0,11.0,21.0,0.0,Rabbit
18.0,ambush,62.0,14.0,79.0,52.0,1.0,Rabbit
18.0,ambush,87.0,99.0,11.0,21.0,1.0,Rabbit
18.0,ambush,87.0,99.0,11.0,21.0,1.0,Rabbit
18.0,ambush,87.0,99.0,11.0,21.0,1.0,Rabbit
18.0,ambush,87.0,99.0,11.0,21.0,1.0,Rabbit
18.0,ambush,87.0,99.0,11.0,21.0,1.0,Rabbit
18.0,ambush,89.0,70.0,17.0,42.0,0.0,Rabbit
18.0,ambush,87.0,95.0,11.0,21.0,0.0,Rabbit
18.0,ambush,89.0,99.0,11.0,21.0,0.0,Rabbit
18.0,ambush,87.0,99.0,11.0,16.0,0.0,Rabbit
18.0,ambush,84.0,70.0,23.0,42.0,1.0,Rabbit
18.0,ambush,89.0,70.0,23.0,42.0,0.0,Rabbit
18.0,ambush,89.0,70.0,23.0,42.0,1.0,Rabbit
18.0,ambush,95.0,99.0,11.0,21.0,1.0,Rabbit
18.0,ambush,87.0,99.0,11.0,21.0,0.0,Rabbit
18.0,ambush,87.0,99.0,11.0,21.0,0.0,Rabbit
18.0,ambush,87.0,99.0,11.0,21.0,0.0,Rabbit
18.0,ambush,95.0,99.0,11.0,21.0,1.0,Rabbit
18.0,ambush,95.0,99.0,11.0,21.0,1.0,Rabbit
18.0,ambush,95.0,99.0,11.0,21.0,1.0,Rabbit
18.0,ambush,95.0,99.0,11.0,21.0,1.0,Rabbit
18.0,ambush,95.0,99.0,11.0,21.0,0.0,Rabbit
18.0,ambush,85.0,92.0,41.0,17.0,1.0,Rabbit
18.0,ambush,85.0,92.0,41.0,17.0,0.0,Rabbit
18.0,ambush,95.0,99.0,11.0,21.0,0.0,Rabbit
18.0,ambush,83.0,96.0,38.0,19.0,1.0,Rabbit
18.0,ambush,83.0,96.0,38.0,19.0,1.0,Rabbit
18.0,ambush,83.0,96.0,38.0,19.0,1.0,Rabbit
18.0,ambush,83.0,96.0,38.0,19.0,1.0,Rabbit
18.0,ambush,83.0,96.0,38.0,19.0,0.0,Rabbit
18.0,ambush,83.0,96.0,38.0,19.0,0.0,Rabbit
18.0,ambush,86.0,85.0,11.0,57.0,1.0,Rabbit
18.0,ambush,85.0,96.0,38.0,21.0,1.0,Rabbit
18.0,ambush,85.0,96.0,38.0,21.0,1.0,Rabbit
18.0,ambush,85.0,96.0,38.0,21.0,0.0,Rabbit
18.0,ambush,85.0,96.0,38.0,21.0,0.0,Rabbit
18.0,ambush,85.0,96.0,38.0,21.0,1.0,Rabbit
18.0,ambush,85.0,96.0,38.0,21.0,1.0,Rabbit
18.0,ambush,85.0,96.0,38.0,21.0,1.0,Rabbit
18.0,ambush,85.0,92.0,41.0,13.0,0.0,Rabbit
18.0,ambush,85.0,96.0,38.0,21.0,1.0,Rabbit
18.0,ambush,89.0,70.0,17.0,42.0,0.0,Rabbit
18.0,ambush,85.0,96.0,39.0,21.0,1.0,Rabbit
18.0,ambush,85.0,96.0,39.0,21.0,1.0,Rabbit
18.0,ambush,85.0,96.0,39.0,21.0,1.0,Rabbit
18.0,ambush,84.0,85.0,14.0,59.0,0.0,Rabbit
18.0,ambush,85.0,96.0,38.0,21.0,0.0,Rabbit
18.0,ambush,83.0,96.0,38.0,19.0,0.0,Rabbit
18.0,ambush,84.0,85.0,14.0,59.0,1.0,Rabbit
18.0,ambush,85.0,96.0,38.0,21.0,0.0,Rabbit
18.0,ambush,84.0,85.0,14.0,59.0,1.0,Rabbit
18.0,ambush,84.0,85.0,14.0,59.0,1.0,Rabbit
18.0,ambush,85.0,96.0,41.0,21.0,1.0,Rabbit
18.0,ambush,85.0,96.0,41.0,21.0,1.0,Rabbit
18.0,ambush,87.0,99.0,11.0,21.0,0.0,Rabbit
18.0,ambush,84.0,85.0,14.0,59.0,0.0,Rabbit
18.0,ambush,89.0,70.0,23.0,42.0,0.0,Rabbit
18.0,ambush,85.0,96.0,41.0,21.0,1.0,Rabbit
18.0,ambush,85.0,96.0,41.0,21.0,1.0,Rabbit
18.0,ambush,85.0,96.0,41.0,21.0,1.0,Rabbit
18.0,ambush,85.0,96.0,41.0,21.0,1.0,Rabbit
18.0,ambush,88.0,96.0,41.0,21.0,0.0,Rabbit
18.0,ambush,85.0,96.0,41.0,21.0,0.0,Rabbit
18.0,ambush,85.0,96.0,41.0,21.0,1.0,Rabbit
18.0,ambush,85.0,96.0,41.0,21.0,1.0,Rabbit
18.0,ambush,85.0,100.0,41.0,21.0,1.0,Rabbit
18.0,ambush,85.0,96.0,41.0,21.0,1.0,Rabbit
18.0,ambush,85.0,96.0,41.0,21.0,0.0,Rabbit
18.0,ambush,90.0,94.0,41.0,21.0,0.0,Rabbit
18.0,ambush,83.0,98.0,38.0,24.0,1.0,Rabbit
18.0,ambush,89.0,70.0,23.0,42.0,0.0,Rabbit
18.0,ambush,83.0,98.0,38.0,20.0,1.0,Rabbit
18.0,ambush,85.0,96.0,41.0,21.0,1.0,Rabbit
18.0,ambush,85.0,96.0,41.0,21.0,0.0,Rabbit
18.0,ambush,85.0,96.0,41.0,21.0,1.0,Rabbit
18.0,ambush,85.0,96.0,41.0,21.0,0.0,Rabbit
18.0,ambush,85.0,96.0,41.0,21.0,0.0,Rabbit
18.0,ambush,85.0,96.0,41.0,21.0,1.0,Rabbit
18.0,ambush,85.0,96.0,41.0,21.0,0.0,Rabbit
18.0,ambush,85.0,96.0,41.0,21.0,1.0,Rabbit
18.0,ambush,85.0,96.0,41.0,21.0,1.0,Rabbit
18.0,ambush,85.0,96.0,41.0,21.0,0.0,Rabbit
18.0,ambush,85.0,96.0,41.0,21.0,1.0,Rabbit
18.0,ambush,85.0,96.0,41.0,21.0,1.0,Rabbit
18.0,ambush,85.0,96.0,41.0,21.0,0.0,Rabbit
18.0,ambush,85.0,95.0,43.0,21.0,1.0,Rabbit
18.0,ambush,85.0,95.0,43.0,21.0,1.0,Rabbit
18.0,ambush,85.0,95.0,43.0,21.0,0.0,Rabbit
18.0,ambush,85.0,96.0,41.0,21.0,0.0,Rabbit
18.0,ambush,84.0,85.0,14.0,59.0,0.0,Rabbit
18.0,ambush,89.0,85.0,11.0,59.0,1.0,Rabbit
18.0,ambush,89.0,85.0,11.0,59.0,1.0,Rabbit
18.0,ambush,89.0,85.0,11.0,59.0,1.0,Rabbit
18.0,ambush,78.0,100.0,9.0,58.0,1.0,Rabbit
18.0,ambush,89.0,85.0,14.0,59.0,1.0,Rabbit
18.0,ambush,89.0,85.0,14.0,59.0,1.0,Rabbit
18.0,ambush,84.0,85.0,14.0,59.0,0.0,Rabbit
18.0,ambush,89.0,85.0,14.0,59.0,0.0,Rabbit
18.0,ambush,89.0,85.0,14.0,59.0,1.0,Rabbit
18.0,ambush,84.0,85.0,14.0,59.0,0.0,Rabbit
18.0,ambush,89.0,85.0,14.0,59.0,0.0,Rabbit
18.0,ambush,89.0,85.0,11.0,59.0,0.0,Rabbit
18.0,ambush,89.0,85.0,14.0,59.0,0.0,Rabbit
18.0,ambush,89.0,85.0,14.0,59.0,1.0,Rabbit
18.0,ambush,89.0,85.0,11.0,59.0,0.0,Rabbit
18.0,ambush,89.0,85.0,11.0,59.0,0.0,Rabbit
18.0,ambush,89.0,85.0,14.0,59.0,0.0,Rabbit
18.0,ambush,89.0,85.0,14.0,59.0,0.0,Rabbit
18.0,ambush,92.0,85.0,11.0,59.0,1.0,Rabbit
18.0,ambush,89.0,85.0,14.0,59.0,0.0,Rabbit
18.0,ambush,89.0,85.0,14.0,59.0,0.0,Rabbit
18.0,ambush,89.0,85.0,11.0,59.0,0.0,Rabbit
18.0,ambush,89.0,85.0,14.0,59.0,1.0,Rabbit
18.0,ambush,92.0,85.0,11.0,59.0,1.0,Rabbit
18.0,ambush,89.0,85.0,14.0,59.0,1.0,Rabbit
18.0,ambush,89.0,85.0,14.0,59.0,1.0,Rabbit
18.0,ambush,89.0,85.0,14.0,59.0,0.0,Rabbit
18.0,ambush,89.0,85.0,14.0,59.0,1.0,Rabbit
18.0,ambush,89.0,85.0,14.0,59.0,0.0,Rabbit
18.0,ambush,89.0,85.0,14.0,59.0,0.0,Rabbit
18.0,ambush,89.0,85.0,14.0,59.0,0.0,Rabbit
18.0,ambush,89.0,85.0,14.0,59.0,1.0,Rabbit
18.0,ambush,89.0,85.0,14.0,59.0,1.0,Rabbit
18.0,ambush,89.0,88.0,14.0,59.0,0.0,Rabbit
18.0,ambush,85.0,96.0,41.0,21.0,0.0,Rabbit
18.0,ambush,89.0,85.0,14.0,59.0,1.0,Rabbit
18.0,ambush,89.0,85.0,14.0,59.0,1.0,Rabbit
18.0,ambush,89.0,81.0,14.0,59.0,1.0,Rabbit
18.0,ambush,89.0,85.0,14.0,59.0,1.0,Rabbit
18.0,ambush,89.0,85.0,14.0,59.0,0.0,Rabbit
18.0,ambush,89.0,85.0,14.0,59.0,0.0,Rabbit
18.0,ambush,88.0,85.0,16.0,59.0,1.0,Rabbit
18.0,ambush,93.0,85.0,18.0,56.0,1.0,Rabbit
18.0,ambush,89.0,85.0,14.0,59.0,0.0,Rabbit
18.0,ambush,89.0,85.0,14.0,60.0,1.0,Rabbit
18.0,ambush,89.0,85.0,14.0,60.0,1.0,Rabbit
18.0,ambush,14.0,96.0,72.0,79.0,1.0,Rabbit
18.0,ambush,14.0,96.0,72.0,79.0,1.0,Rabbit
18.0,ambush,89.0,85.0,14.0,59.0,0.0,Rabbit
18.0,ambush,14.0,99.0,72.0,79.0,1.0,Rabbit
18.0,ambush,92.0,85.0,11.0,59.0,0.0,Rabbit
18.0,ambush,14.0,99.0,72.0,79.0,0.0,Rabbit
18.0,ambush,14.0,99.0,72.0,79.0,0.0,Rabbit
18.0,ambush,88.0,85.0,16.0,59.0,0.0,Rabbit
18.0,ambush,89.0,85.0,14.0,59.0,0.0,Rabbit
18.0,ambush,14.0,99.0,72.0,79.0,1.0,Rabbit
18.0,ambush,14.0,99.0,72.0,79.0,0.0,Rabbit
18.0,ambush,14.0,97.0,72.0,79.0,1.0,Rabbit
18.0,ambush,14.0,99.0,72.0,79.0,1.0,Rabbit
18.0,ambush,14.0,99.0,72.0,79.0,0.0,Rabbit
18.0,ambush,89.0,85.0,14.0,59.0,0.0,Rabbit
18.0,ambush,14.0,99.0,72.0,79.0,1.0,Rabbit
18.0,ambush,14.0,99.0,72.0,79.0,0.0,Rabbit
18.0,ambush,89.0,85.0,14.0,60.0,0.0,Rabbit
18.0,ambush,14.0,99.0,72.0,79.0,0.0,Rabbit
18.0,ambush,14.0,99.0,72.0,79.0,0.0,Rabbit
18.0,ambush,14.0,99.0,72.0,79.0,0.0,Rabbit
18.0,ambush,14.0,99.0,72.0,79.0,0.0,Rabbit
18.0,ambush,89.0,85.0,14.0,59.0,0.0,Rabbit
18.0,ambush,14.0,99.0,72.0,79.0,0.0,Rabbit
19.0,ambush,62.0,14.0,79.0,52.0,0.0,Rabbit
19.0,ambush,62.0,14.0,79.0,52.0,0.0,Rabbit
19.0,ambush,62.0,14.0,79.0,52.0,0.0,Rabbit
19.0,ambush,87.0,95.0,11.0,21.0,0.0,Rabbit
19.0,ambush,62.0,14.0,79.0,52.0,1.0,Rabbit
19.0,ambush,87.0,95.0,11.0,21.0,0.0,Rabbit
19.0,ambush,62.0,14.0,79.0,52.0,1.0,Rabbit
19.0,ambush,82.0,99.0,15.0,21.0,1.0,Rabbit
19.0,ambush,85.0,99.0,11.0,21.0,0.0,Rabbit
19.0,ambush,87.0,95.0,11.0,21.0,0.0,Rabbit
19.0,ambush,87.0,99.0,11.0,21.0,1.0,Rabbit
19.0,ambush,87.0,99.0,11.0,21.0,1.0,Rabbit
19.0,ambush,87.0,99.0,11.0,21.0,1.0,Rabbit
19.0,ambush,87.0,99.0,11.0,21.0,1.0,Rabbit
19.0,ambush,87.0,99.0,11.0,21.0,1.0,Rabbit
19.0,ambush,87.0,99.0,11.0,21.0,1.0,Rabbit
19.0,ambush,87.0,99.0,11.0,21.0,0.0,Rabbit
19.0,ambush,87.0,99.0,11.0,21.0,0.0,Rabbit
19.0,ambush,87.0,99.0,11.0,21.0,0.0,Rabbit
19.0,ambush,82.0,99.0,15.0,21.0,1.0,Rabbit
19.0,ambush,87.0,99.0,11.0,21.0,0.0,Rabbit
19.0,ambush,87.0,99.0,11.0,21.0,1.0,Rabbit
19.0,ambush,87.0,99.0,11.0,21.0,0.0,Rabbit
19.0,ambush,85.0,95.0,11.0,26.0,0.0,Rabbit
19.0,ambush,87.0,99.0,11.0,21.0,1.0,Rabbit
19.0,ambush,87.0,99.0,11.0,21.0,0.0,Rabbit
19.0,ambush,87.0,99.0,11.0,21.0,1.0,Rabbit
19.0,ambush,87.0,99.0,11.0,21.0,0.0,Rabbit
19.0,ambush,87.0,99.0,11.0,21.0,1.0,Rabbit
19.0,ambush,87.0,99.0,11.0,21.0,1.0,Rabbit
19.0,ambush,87.0,99.0,11.0,21.0,1.0,Rabbit
19.0,ambush,87.0,99.0,11.0,21.0,1.0,Rabbit
19.0,ambush,87.0,99.0,11.0,21.0,1.0,Rabbit
19.0,ambush,87.0,99.0,11.0,21.0,0.0,Rabbit
19.0,ambush,84.0,99.0,11.0,19.0,1.0,Rabbit
19.0,ambush,87.0,99.0,11.0,21.0,1.0,Rabbit
19.0,ambush,87.0,99.0,11.0,21.0,0.0,Rabbit
19.0,ambush,91.0,99.0,11.0,20.0,0.0,Rabbit
19.0,ambush,87.0,99.0,11.0,21.0,1.0,Rabbit
19.0,ambush,87.0,99.0,11.0,21.0,1.0,Rabbit
19.0,ambush,87.0,99.0,11.0,21.0,1.0,Rabbit
19.0,ambush,87.0,99.0,11.0,21.0,1.0,Rabbit
19.0,ambush,87.0,99.0,11.0,21.0,1.0,Rabbit
19.0,ambush,87.0,99.0,11.0,21.0,0.0,Rabbit
19.0,ambush,87.0,99.0,11.0,21.0,1.0,Rabbit
19.0,ambush,87.0,99.0,11.0,21.0,0.0,Rabbit
19.0,ambush,87.0,99.0,11.0,21.0,0.0,Rabbit
19.0,ambush,87.0,99.0,11.0,21.0,0.0,Rabbit
19.0,ambush,95.0,99.0,11.0,21.0,1.0,Rabbit
19.0,ambush,95.0,99.0,11.0,21.0,1.0,Rabbit
19.0,ambush,95.0,99.0,11.0,21.0,1.0,Rabbit
19.0,ambush,87.0,99.0,11.0,21.0,0.0,Rabbit
19.0,ambush,95.0,99.0,11.0,21.0,1.0,Rabbit
19.0,ambush,84.0,70.0,23.0,42.0,1.0,Rabbit
19.0,ambush,95.0,99.0,11.0,21.0,1.0,Rabbit
19.0,ambush,95.0,99.0,11.0,21.0,0.0,Rabbit
19.0,ambush,95.0,99.0,11.0,21.0,1.0,Rabbit
19.0,ambush,95.0,99.0,11.0,21.0,0.0,Rabbit
19.0,ambush,95.0,99.0,11.0,21.0,1.0,Rabbit
19.0,ambush,95.0,99.0,11.0,21.0,1.0,Rabbit
19.0,ambush,85.0,92.0,41.0,17.0,1.0,Rabbit
19.0,ambush,95.0,99.0,11.0,21.0,0.0,Rabbit
19.0,ambush,85.0,92.0,41.0,17.0,0.0,Rabbit
19.0,ambush,83.0,96.0,38.0,19.0,1.0,Rabbit
19.0,ambush,87.0,99.0,11.0,21.0,0.0,Rabbit
19.0,ambush,83.0,96.0,38.0,19.0,1.0,Rabbit
19.0,ambush,83.0,96.0,38.0,19.0,1.0,Rabbit
19.0,ambush,83.0,96.0,38.0,19.0,1.0,Rabbit
19.0,ambush,83.0,96.0,38.0,19.0,0.0,Rabbit
19.0,ambush,83.0,98.0,38.0,20.0,0.0,Rabbit
19.0,ambush,83.0,98.0,38.0,20.0,1.0,Rabbit
19.0,ambush,87.0,99.0,11.0,21.0,0.0,Rabbit
19.0,ambush,85.0,92.0,41.0,17.0,0.0,Rabbit
19.0,ambush,85.0,96.0,38.0,16.0,1.0,Rabbit
19.0,ambush,85.0,96.0,38.0,21.0,1.0,Rabbit
19.0,ambush,83.0,96.0,38.0,19.0,0.0,Rabbit
19.0,ambush,85.0,96.0,38.0,21.0,1.0,Rabbit
19.0,ambush,85.0,96.0,38.0,21.0,1.0,Rabbit
19.0,ambush,89.0,70.0,23.0,42.0,0.0,Rabbit
19.0,ambush,89.0,70.0,23.0,42.0,0.0,Rabbit
19.0,ambush,85.0,96.0,38.0,21.0,0.0,Rabbit
19.0,ambush,85.0,94.0,42.0,21.0,1.0,Rabbit
19.0,ambush,85.0,96.0,38.0,21.0,1.0,Rabbit
19.0,ambush,85.0,96.0,38.0,21.0,0.0,Rabbit
19.0,ambush,85.0,96.0,39.0,21.0,1.0,Rabbit
19.0,ambush,85.0,96.0,38.0,21.0,1.0,Rabbit
19.0,ambush,85.0,96.0,39.0,21.0,1.0,Rabbit
19.0,ambush,85.0,96.0,38.0,21.0,0.0,Rabbit
19.0,ambush,85.0,96.0,39.0,21.0,0.0,Rabbit
19.0,ambush,85.0,96.0,39.0,21.0,1.0,Rabbit
19.0,ambush,85.0,96.0,39.0,21.0,0.0,Rabbit
19.0,ambush,89.0,70.0,23.0,42.0,0.0,Rabbit
19.0,ambush,84.0,85.0,14.0,59.0,1.0,Rabbit
19.0,ambush,85.0,96.0,39.0,21.0,1.0,Rabbit
19.0,ambush,84.0,85.0,14.0,59.0,1.0,Rabbit
19.0,ambush,84.0,85.0,14.0,59.0,1.0,Rabbit
19.0,ambush,84.0,85.0,14.0,59.0,1.0,Rabbit
19.0,ambush,85.0,96.0,41.0,21.0,1.0,Rabbit
19.0,ambush,84.0,85.0,14.0,59.0,1.0,Rabbit
19.0,ambush,85.0,96.0,41.0,21.0,1.0,Rabbit
19.0,ambush,85.0,96.0,41.0,21.0,1.0,Rabbit
19.0,ambush,84.0,85.0,14.0,59.0,1.0,Rabbit
19.0,ambush,85.0,96.0,41.0,21.0,1.0,Rabbit
19.0,ambush,85.0,96.0,41.0,21.0,1.0,Rabbit
19.0,ambush,86.0,85.0,11.0,57.0,0.0,Rabbit
19.0,ambush,85.0,96.0,41.0,21.0,0.0,Rabbit
19.0,ambush,85.0,96.0,41.0,21.0,1.0,Rabbit
19.0,ambush,85.0,96.0,38.0,21.0,0.0,Rabbit
19.0,ambush,85.0,96.0,41.0,21.0,1.0,Rabbit
19.0,ambush,85.0,96.0,41.0,21.0,1.0,Rabbit
19.0,ambush,85.0,96.0,41.0,21.0,1.0,Rabbit
19.0,ambush,85.0,96.0,41.0,21.0,1.0,Rabbit
19.0,ambush,85.0,96.0,44.0,21.0,1.0,Rabbit
19.0,ambush,83.0,98.0,38.0,24.0,0.0,Rabbit
19.0,ambush,83.0,98.0,38.0,24.0,0.0,Rabbit
19.0,ambush,85.0,96.0,41.0,21.0,0.0,Rabbit
19.0,ambush,85.0,96.0,38.0,21.0,0.0,Rabbit
19.0,ambush,83.0,98.0,38.0,24.0,1.0,Rabbit
19.0,ambush,85.0,96.0,41.0,21.0,1.0,Rabbit
19.0,ambush,85.0,96.0,41.0,21.0,1.0,Rabbit
19.0,ambush,85.0,96.0,41.0,21.0,1.0,Rabbit
19.0,ambush,85.0,96.0,41.0,21.0,1.0,Rabbit
19.0,ambush,85.0,96.0,41.0,21.0,1.0,Rabbit
19.0,ambush,85.0,96.0,41.0,21.0,1.0,Rabbit
19.0,ambush,85.0,96.0,41.0,21.0,1.0,Rabbit
19.0,ambush,85.0,96.0,41.0,21.0,1.0,Rabbit
19.0,ambush,86.0,85.0,11.0,57.0,0.0,Rabbit
19.0,ambush,85.0,96.0,41.0,21.0,1.0,Rabbit
19.0,ambush,85.0,96.0,41.0,21.0,1.0,Rabbit
19.0,ambush,85.0,96.0,41.0,21.0,0.0,Rabbit
19.0,ambush,85.0,95.0,43.0,21.0,1.0,Rabbit
19.0,ambush,89.0,85.0,11.0,59.0,1.0,Rabbit
19.0,ambush,85.0,95.0,43.0,21.0,0.0,Rabbit
19.0,ambush,89.0,85.0,11.0,59.0,1.0,Rabbit
19.0,ambush,89.0,85.0,11.0,59.0,1.0,Rabbit
19.0,ambush,85.0,95.0,43.0,21.0,0.0,Rabbit
19.0,ambush,89.0,85.0,11.0,59.0,1.0,Rabbit
19.0,ambush,89.0,85.0,11.0,59.0,1.0,Rabbit
19.0,ambush,85.0,96.0,41.0,21.0,0.0,Rabbit
19.0,ambush,85.0,95.0,43.0,21.0,1.0,Rabbit
19.0,ambush,85.0,95.0,43.0,21.0,1.0,Rabbit
19.0,ambush,89.0,85.0,11.0,59.0,1.0,Rabbit
19.0,ambush,92.0,85.0,11.0,59.0,1.0,Rabbit
19.0,ambush,78.0,100.0,9.0,58.0,0.0,Rabbit
19.0,ambush,92.0,85.0,11.0,59.0,1.0,Rabbit
19.0,ambush,89.0,85.0,14.0,59.0,0.0,Rabbit
19.0,ambush,85.0,96.0,41.0,21.0,0.0,Rabbit
19.0,ambush,85.0,85.0,14.0,59.0,1.0,Rabbit
19.0,ambush,89.0,85.0,14.0,59.0,1.0,Rabbit
19.0,ambush,89.0,85.0,14.0,59.0,1.0,Rabbit
19.0,ambush,89.0,85.0,14.0,59.0,1.0,Rabbit
19.0,ambush,89.0,85.0,11.0,59.0,0.0,Rabbit
19.0,ambush,89.0,85.0,14.0,59.0,1.0,Rabbit
19.0,ambush,93.0,80.0,14.0,59.0,1.0,Rabbit
19.0,ambush,85.0,100.0,41.0,21.0,1.0,Rabbit
19.0,ambush,85.0,100.0,41.0,21.0,1.0,Rabbit
19.0,ambush,89.0,85.0,14.0,59.0,1.0,Rabbit
19.0,ambush,89.0,85.0,14.0,59.0,0.0,Rabbit
19.0,ambush,89.0,85.0,14.0,59.0,1.0,Rabbit
19.0,ambush,89.0,85.0,14.0,59.0,1.0,Rabbit
19.0,ambush,89.0,85.0,14.0,59.0,0.0,Rabbit
19.0,ambush,89.0,85.0,14.0,59.0,1.0,Rabbit
19.0,ambush,89.0,85.0,14.0,59.0,1.0,Rabbit
19.0,ambush,92.0,85.0,11.0,59.0,1.0,Rabbit
19.0,ambush,92.0,85.0,11.0,59.0,1.0,Rabbit
19.0,ambush,85.0,100.0,41.0,21.0,0.0,Rabbit
19.0,ambush,89.0,85.0,14.0,59.0,1.0,Rabbit
19.0,ambush,89.0,85.0,14.0,59.0,1.0,Rabbit
19.0,ambush,89.0,85.0,14.0,59.0,1.0,Rabbit
19.0,ambush,89.0,85.0,14.0,59.0,1.0,Rabbit
19.0,ambush,89.0,85.0,14.0,59.0,1.0,Rabbit
19.0,ambush,89.0,85.0,14.0,59.0,1.0,Rabbit
19.0,ambush,88.0,85.0,16.0,59.0,0.0,Rabbit
19.0,ambush,89.0,81.0,14.0,59.0,0.0,Rabbit
19.0,ambush,85.0,96.0,41.0,21.0,0.0,Rabbit
19.0,ambush,89.0,85.0,14.0,60.0,1.0,Rabbit
19.0,ambush,92.0,85.0,11.0,59.0,0.0,Rabbit
19.0,ambush,88.0,85.0,16.0,59.0,0.0,Rabbit
19.0,ambush,93.0,85.0,18.0,56.0,1.0,Rabbit
19.0,ambush,89.0,85.0,14.0,60.0,1.0,Rabbit
19.0,ambush,88.0,85.0,16.0,59.0,0.0,Rabbit
19.0,ambush,14.0,96.0,72.0,79.0,1.0,Rabbit
19.0,ambush,14.0,96.0,72.0,79.0,1.0,Rabbit
19.0,ambush,89.0,85.0,14.0,59.0,0.0,Rabbit
19.0,ambush,89.0,85.0,14.0,61.0,0.0,Rabbit
19.0,ambush,14.0,97.0,72.0,79.0,1.0,Rabbit
19.0,ambush,14.0,97.0,72.0,79.0,1.0,Rabbit
19.0,ambush,14.0,99.0,72.0,79.0,1.0,Rabbit
19.0,ambush,14.0,99.0,72.0,79.0,1.0,Rabbit
19.0,ambush,89.0,85.0,14.0,57.0,0.0,Rabbit
19.0,ambush,14.0,99.0,72.0,79.0,0.0,Rabbit
19.0,ambush,14.0,99.0,72.0,79.0,1.0,Rabbit
19.0,ambush,14.0,99.0,72.0,79.0,1.0,Rabbit
19.0,ambush,14.0,99.0,72.0,79.0,0.0,Rabbit
19.0,ambush,14.0,99.0,72.0,79.0,0.0,Rabbit
19.0,ambush,89.0,84.0,14.0,57.0,0.0,Rabbit
19.0,ambush,93.0,85.0,18.0,56.0,0.0,Rabbit
19.0,ambush,89.0,85.0,14.0,60.0,0.0,Rabbit
19.0,ambush,14.0,96.0,72.0,79.0,0.0,Rabbit
19.0,ambush,14.0,99.0,72.0,79.0,0.0,Rabbit
19.0,ambush,14.0,96.0,72.0,79.0,0.0,Rabbit
20.0,ambush,84.0,99.0,11.0,19.0,1.0,Rabbit
20.0,ambush,82.0,99.0,15.0,21.0,1.0,Rabbit
20.0,ambush,82.0,99.0,15.0,21.0,1.0,Rabbit
20.0,ambush,62.0,14.0,79.0,52.0,1.0,Rabbit
20.0,ambush,82.0,99.0,15.0,21.0,1.0,Rabbit
20.0,ambush,62.0,14.0,79.0,52.0,1.0,Rabbit
20.0,ambush,62.0,14.0,79.0,52.0,1.0,Rabbit
20.0,ambush,82.0,99.0,15.0,21.0,1.0,Rabbit
20.0,ambush,62.0,14.0,79.0,52.0,1.0,Rabbit
20.0,ambush,84.0,99.0,11.0,19.0,0.0,Rabbit
20.0,ambush,87.0,99.0,11.0,21.0,1.0,Rabbit
20.0,ambush,87.0,99.0,11.0,21.0,1.0,Rabbit
20.0,ambush,87.0,99.0,11.0,21.0,1.0,Rabbit
20.0,ambush,87.0,99.0,11.0,21.0,1.0,Rabbit
20.0,ambush,87.0,99.0,11.0,21.0,1.0,Rabbit
20.0,ambush,87.0,99.0,11.0,21.0,1.0,Rabbit
20.0,ambush,87.0,99.0,11.0,21.0,0.0,Rabbit
20.0,ambush,87.0,95.0,15.0,21.0,0.0,Rabbit
20.0,ambush,87.0,99.0,11.0,21.0,1.0,Rabbit
20.0,ambush,87.0,99.0,11.0,23.0,1.0,Rabbit
20.0,ambush,87.0,99.0,11.0,21.0,0.0,Rabbit
20.0,ambush,84.0,99.0,11.0,19.0,0.0,Rabbit
20.0,ambush,85.0,95.0,11.0,21.0,1.0,Rabbit
20.0,ambush,87.0,99.0,11.0,21.0,1.0,Rabbit
20.0,ambush,87.0,99.0,11.0,21.0,1.0,Rabbit
20.0,ambush,87.0,99.0,11.0,21.0,1.0,Rabbit
20.0,ambush,87.0,99.0,11.0,21.0,1.0,Rabbit
20.0,ambush,87.0,99.0,11.0,21.0,1.0,Rabbit
20.0,ambush,87.0,99.0,11.0,21.0,1.0,Rabbit
20.0,ambush,87.0,99.0,11.0,21.0,0.0,Rabbit
20.0,ambush,87.0,99.0,11.0,21.0,1.0,Rabbit
20.0,ambush,87.0,99.0,11.0,21.0,1.0,Rabbit
20.0,ambush,87.0,99.0,11.0,21.0,1.0,Rabbit
20.0,ambush,87.0,99.0,11.0,21.0,0.0,Rabbit
20.0,ambush,87.0,99.0,11.0,21.0,1.0,Rabbit
20.0,ambush,87.0,99.0,11.0,21.0,1.0,Rabbit
20.0,ambush,87.0,99.0,11.0,21.0,1.0,Rabbit
20.0,ambush,87.0,99.0,11.0,21.0,0.0,Rabbit
20.0,ambush,87.0,99.0,11.0,21.0,1.0,Rabbit
20.0,ambush,87.0,99.0,11.0,21.0,0.0,Rabbit
20.0,ambush,87.0,99.0,11.0,21.0,1.0,Rabbit
20.0,ambush,87.0,99.0,11.0,21.0,1.0,Rabbit
20.0,ambush,87.0,99.0,11.0,21.0,0.0,Rabbit
20.0,ambush,87.0,99.0,11.0,21.0,1.0,Rabbit
20.0,ambush,87.0,99.0,11.0,21.0,1.0,Rabbit
20.0,ambush,87.0,99.0,11.0,21.0,1.0,Rabbit
20.0,ambush,87.0,99.0,11.0,21.0,0.0,Rabbit
20.0,ambush,87.0,99.0,11.0,21.0,1.0,Rabbit
20.0,ambush,87.0,96.0,11.0,21.0,1.0,Rabbit
20.0,ambush,95.0,99.0,11.0,21.0,1.0,Rabbit
20.0,ambush,95.0,99.0,11.0,21.0,1.0,Rabbit
20.0,ambush,95.0,99.0,11.0,21.0,1.0,Rabbit
20.0,ambush,95.0,99.0,11.0,21.0,0.0,Rabbit
20.0,ambush,95.0,99.0,11.0,21.0,1.0,Rabbit
20.0,ambush,84.0,70.0,23.0,42.0,0.0,Rabbit
20.0,ambush,95.0,99.0,11.0,21.0,0.0,Rabbit
20.0,ambush,95.0,99.0,11.0,21.0,0.0,Rabbit
20.0,ambush,95.0,99.0,11.0,21.0,1.0,Rabbit
20.0,ambush,95.0,99.0,11.0,21.0,1.0,Rabbit
20.0,ambush,95.0,99.0,11.0,21.0,1.0,Rabbit
20.0,ambush,95.0,99.0,11.0,21.0,0.0,Rabbit
20.0,ambush,91.0,99.0,11.0,21.0,1.0,Rabbit
20.0,ambush,95.0,99.0,11.0,21.0,1.0,Rabbit
20.0,ambush,84.0,70.0,23.0,42.0,0.0,Rabbit
20.0,ambush,95.0,99.0,11.0,21.0,0.0,Rabbit
20.0,ambush,95.0,99.0,11.0,21.0,0.0,Rabbit
20.0,ambush,95.0,99.0,11.0,21.0,0.0,Rabbit
20.0,ambush,85.0,92.0,41.0,17.0,1.0,Rabbit
20.0,ambush,87.0,99.0,11.0,21.0,0.0,Rabbit
20.0,ambush,95.0,99.0,11.0,21.0,0.0,Rabbit
20.0,ambush,95.0,99.0,11.0,21.0,1.0,Rabbit
20.0,ambush,83.0,96.0,38.0,19.0,1.0,Rabbit
20.0,ambush,87.0,99.0,11.0,21.0,1.0,Rabbit
20.0,ambush,85.0,96.0,38.0,16.0,1.0,Rabbit
20.0,ambush,83.0,96.0,38.0,19.0,0.0,Rabbit
20.0,ambush,83.0,96.0,38.0,19.0,1.0,Rabbit
20.0,ambush,83.0,96.0,38.0,19.0,0.0,Rabbit
20.0,ambush,83.0,98.0,38.0,20.0,1.0,Rabbit
20.0,ambush,85.0,96.0,38.0,21.0,1.0,Rabbit
20.0,ambush,83.0,98.0,38.0,20.0,1.0,Rabbit
20.0,ambush,85.0,96.0,38.0,21.0,1.0,Rabbit
20.0,ambush,85.0,96.0,38.0,21.0,1.0,Rabbit
20.0,ambush,83.0,96.0,38.0,19.0,0.0,Rabbit
20.0,ambush,87.0,99.0,11.0,21.0,0.0,Rabbit
20.0,ambush,85.0,96.0,38.0,21.0,1.0,Rabbit
20.0,ambush,85.0,96.0,38.0,21.0,1.0,Rabbit
20.0,ambush,85.0,92.0,41.0,17.0,0.0,Rabbit
20.0,ambush,85.0,92.0,41.0,17.0,0.0,Rabbit
20.0,ambush,85.0,96.0,39.0,21.0,1.0,Rabbit
20.0,ambush,85.0,96.0,39.0,21.0,1.0,Rabbit
20.0,ambush,85.0,96.0,39.0,21.0,1.0,Rabbit
20.0,ambush,85.0,96.0,39.0,21.0,0.0,Rabbit
20.0,ambush,85.0,96.0,38.0,21.0,1.0,Rabbit
20.0,ambush,84.0,85.0,14.0,59.0,0.0,Rabbit
20.0,ambush,84.0,85.0,14.0,59.0,1.0,Rabbit
20.0,ambush,84.0,85.0,14.0,59.0,1.0,Rabbit
20.0,ambush,84.0,70.0,23.0,42.0,0.0,Rabbit
20.0,ambush,84.0,85.0,14.0,59.0,1.0,Rabbit
20.0,ambush,85.0,96.0,38.0,21.0,0.0,Rabbit
20.0,ambush,85.0,96.0,38.0,21.0,0.0,Rabbit
20.0,ambush,85.0,94.0,42.0,21.0,1.0,Rabbit
20.0,ambush,84.0,85.0,14.0,59.0,1.0,Rabbit
20.0,ambush,84.0,85.0,14.0,59.0,1.0,Rabbit
20.0,ambush,84.0,85.0,14.0,59.0,1.0,Rabbit
20.0,ambush,85.0,100.0,41.0,21.0,1.0,Rabbit
20.0,ambush,84.0,85.0,14.0,59.0,1.0,Rabbit
20.0,ambush,85.0,96.0,41.0,21.0,0.0,Rabbit
20.0,ambush,85.0,96.0,41.0,21.0,1.0,Rabbit
20.0,ambush,85.0,96.0,41.0,21.0,1.0,Rabbit
20.0,ambush,85.0,96.0,41.0,21.0,0.0,Rabbit
20.0,ambush,85.0,96.0,41.0,21.0,0.0,Rabbit
20.0,ambush,85.0,96.0,41.0,21.0,0.0,Rabbit
20.0,ambush,85.0,96.0,41.0,21.0,0.0,Rabbit
20.0,ambush,85.0,85.0,14.0,59.0,1.0,Rabbit
20.0,ambush,85.0,96.0,41.0,21.0,1.0,Rabbit
20.0,ambush,85.0,85.0,14.0,59.0,1.0,Rabbit
20.0,ambush,85.0,96.0,39.0,21.0,0.0,Rabbit
20.0,ambush,85.0,96.0,41.0,21.0,1.0,Rabbit
20.0,ambush,85.0,96.0,41.0,21.0,1.0,Rabbit
20.0,ambush,85.0,96.0,38.0,21.0,0.0,Rabbit
20.0,ambush,85.0,96.0,38.0,21.0,1.0,Rabbit
20.0,ambush,85.0,96.0,41.0,21.0,0.0,Rabbit
20.0,ambush,85.0,96.0,41.0,21.0,1.0,Rabbit
20.0,ambush,85.0,96.0,41.0,21.0,1.0,Rabbit
20.0,ambush,85.0,96.0,37.0,25.0,0.0,Rabbit
20.0,ambush,85.0,96.0,41.0,21.0,0.0,Rabbit
20.0,ambush,85.0,96.0,41.0,21.0,0.0,Rabbit
20.0,ambush,85.0,96.0,41.0,21.0,1.0,Rabbit
20.0,ambush,83.0,98.0,38.0,24.0,0.0,Rabbit
20.0,ambush,85.0,96.0,41.0,21.0,1.0,Rabbit
20.0,ambush,85.0,96.0,41.0,21.0,0.0,Rabbit
20.0,ambush,85.0,96.0,41.0,21.0,0.0,Rabbit
20.0,ambush,85.0,96.0,41.0,21.0,1.0,Rabbit
20.0,ambush,85.0,96.0,41.0,21.0,1.0,Rabbit
20.0,ambush,85.0,96.0,41.0,21.0,0.0,Rabbit
20.0,ambush,85.0,96.0,41.0,21.0,1.0,Rabbit
20.0,ambush,85.0,96.0,41.0,21.0,1.0,Rabbit
20.0,ambush,85.0,96.0,41.0,21.0,0.0,Rabbit
20.0,ambush,85.0,96.0,41.0,21.0,0.0,Rabbit
20.0,ambush,85.0,96.0,41.0,21.0,1.0,Rabbit
20.0,ambush,85.0,96.0,41.0,21.0,0.0,Rabbit
20.0,ambush,85.0,96.0,41.0,21.0,1.0,Rabbit
20.0,ambush,84.0,85.0,14.0,59.0,0.0,Rabbit
20.0,ambush,85.0,89.0,42.0,21.0,0.0,Rabbit
20.0,ambush,89.0,85.0,11.0,59.0,1.0,Rabbit
20.0,ambush,85.0,95.0,43.0,21.0,1.0,Rabbit
20.0,ambush,89.0,85.0,11.0,59.0,1.0,Rabbit
20.0,ambush,89.0,85.0,11.0,59.0,1.0,Rabbit
20.0,ambush,89.0,85.0,11.0,59.0,0.0,Rabbit
20.0,ambush,85.0,96.0,41.0,21.0,0.0,Rabbit
20.0,ambush,89.0,85.0,11.0,59.0,1.0,Rabbit
20.0,ambush,89.0,85.0,11.0,59.0,0.0,Rabbit
20.0,ambush,89.0,85.0,11.0,59.0,1.0,Rabbit
20.0,ambush,85.0,95.0,43.0,21.0,1.0,Rabbit
20.0,ambush,85.0,95.0,43.0,21.0,0.0,Rabbit
20.0,ambush,89.0,85.0,11.0,59.0,0.0,Rabbit
20.0,ambush,89.0,85.0,11.0,59.0,1.0,Rabbit
20.0,ambush,85.0,95.0,43.0,21.0,1.0,Rabbit
20.0,ambush,89.0,85.0,11.0,59.0,1.0,Rabbit
20.0,ambush,85.0,95.0,43.0,21.0,1.0,Rabbit
20.0,ambush,89.0,85.0,11.0,59.0,0.0,Rabbit
20.0,ambush,85.0,99.0,43.0,21.0,0.0,Rabbit
20.0,ambush,85.0,96.0,41.0,21.0,0.0,Rabbit
20.0,ambush,85.0,96.0,41.0,21.0,0.0,Rabbit
20.0,ambush,89.0,85.0,11.0,59.0,1.0,Rabbit
20.0,ambush,93.0,80.0,14.0,59.0,1.0,Rabbit
20.0,ambush,85.0,96.0,44.0,21.0,0.0,Rabbit
20.0,ambush,89.0,85.0,14.0,59.0,1.0,Rabbit
20.0,ambush,89.0,85.0,14.0,59.0,1.0,Rabbit
20.0,ambush,89.0,85.0,14.0,59.0,1.0,Rabbit
20.0,ambush,89.0,83.0,14.0,59.0,1.0,Rabbit
20.0,ambush,89.0,85.0,14.0,59.0,1.0,Rabbit
20.0,ambush,89.0,85.0,14.0,59.0,1.0,Rabbit
20.0,ambush,89.0,85.0,11.0,59.0,0.0,Rabbit
20.0,ambush,89.0,85.0,11.0,59.0,0.0,Rabbit
20.0,ambush,92.0,85.0,11.0,59.0,1.0,Rabbit
20.0,ambush,89.0,85.0,11.0,59.0,0.0,Rabbit
20.0,ambush,92.0,85.0,11.0,59.0,1.0,Rabbit
20.0,ambush,93.0,85.0,10.0,59.0,1.0,Rabbit
20.0,ambush,92.0,85.0,11.0,59.0,1.0,Rabbit
20.0,ambush,89.0,85.0,14.0,59.0,1.0,Rabbit
20.0,ambush,92.0,85.0,11.0,59.0,0.0,Rabbit
20.0,ambush,92.0,85.0,11.0,59.0,1.0,Rabbit
20.0,ambush,93.0,80.0,14.0,59.0,0.0,Rabbit
20.0,ambush,89.0,85.0,14.0,59.0,1.0,Rabbit
20.0,ambush,89.0,85.0,14.0,59.0,1.0,Rabbit
20.0,ambush,89.0,85.0,14.0,59.0,0.0,Rabbit
20.0,ambush,93.0,85.0,14.0,59.0,0.0,Rabbit
20.0,ambush,89.0,85.0,11.0,59.0,0.0,Rabbit
20.0,ambush,92.0,85.0,11.0,59.0,0.0,Rabbit
20.0,ambush,89.0,85.0,14.0,59.0,1.0,Rabbit
20.0,ambush,89.0,85.0,14.0,59.0,1.0,Rabbit
20.0,ambush,89.0,85.0,14.0,59.0,1.0,Rabbit
20.0,ambush,89.0,85.0,14.0,59.0,0.0,Rabbit
20.0,ambush,92.0,85.0,11.0,59.0,1.0,Rabbit
20.0,ambush,93.0,80.0,14.0,59.0,0.0,Rabbit
20.0,ambush,89.0,85.0,14.0,59.0,0.0,Rabbit
20.0,ambush,89.0,85.0,14.0,59.0,1.0,Rabbit
20.0,ambush,92.0,85.0,11.0,59.0,0.0,Rabbit
20.0,ambush,92.0,85.0,11.0,59.0,0.0,Rabbit
20.0,ambush,89.0,85.0,14.0,59.0,0.0,Rabbit
20.0,ambush,85.0,100.0,41.0,21.0,1.0,Rabbit
20.0,ambush,89.0,85.0,14.0,59.0,0.0,Rabbit
20.0,ambush,89.0,85.0,14.0,59.0,1.0,Rabbit
20.0,ambush,89.0,85.0,14.0,59.0,1.0,Rabbit
20.0,ambush,85.0,100.0,41.0,21.0,1.0,Rabbit
20.0,ambush,89.0,85.0,14.0,59.0,0.0,Rabbit
20.0,ambush,85.0,100.0,41.0,21.0,0.0,Rabbit
20.0,ambush,89.0,85.0,14.0,59.0,0.0,Rabbit
20.0,ambush,89.0,85.0,14.0,59.0,0.0,Rabbit
20.0,ambush,89.0,85.0,14.0,59.0,1.0,Rabbit
20.0,ambush,89.0,85.0,14.0,59.0,0.0,Rabbit
20.0,ambush,89.0,85.0,14.0,59.0,0.0,Rabbit
20.0,ambush,89.0,85.0,14.0,59.0,0.0,Rabbit
20.0,ambush,89.0,85.0,14.0,59.0,0.0,Rabbit
20.0,ambush,89.0,85.0,14.0,59.0,1.0,Rabbit
20.0,ambush,89.0,85.0,14.0,59.0,0.0,Rabbit
20.0,ambush,89.0,85.0,14.0,60.0,0.0,Rabbit
20.0,ambush,89.0,85.0,14.0,60.0,1.0,Rabbit
20.0,ambush,89.0,85.0,14.0,59.0,0.0,Rabbit
20.0,ambush,89.0,85.0,14.0,59.0,0.0,Rabbit
20.0,ambush,14.0,96.0,72.0,79.0,1.0,Rabbit
20.0,ambush,89.0,85.0,14.0,60.0,0.0,Rabbit
20.0,ambush,14.0,96.0,72.0,79.0,1.0,Rabbit
20.0,ambush,89.0,85.0,14.0,59.0,1.0,Rabbit
20.0,ambush,89.0,85.0,14.0,59.0,0.0,Rabbit
20.0,ambush,89.0,85.0,14.0,59.0,0.0,Rabbit
20.0,ambush,14.0,97.0,72.0,79.0,1.0,Rabbit
20.0,ambush,89.0,85.0,14.0,60.0,0.0,Rabbit
20.0,ambush,14.0,99.0,72.0,79.0,0.0,Rabbit
20.0,ambush,14.0,96.0,72.0,79.0,0.0,Rabbit
20.0,ambush,14.0,99.0,72.0,79.0,1.0,Rabbit
20.0,ambush,89.0,87.0,9.0,59.0,0.0,Rabbit
20.0,ambush,18.0,97.0,72.0,79.0,1.0,Rabbit
20.0,ambush,14.0,99.0,72.0,79.0,1.0,Rabbit
20.0,ambush,93.0,85.0,18.0,56.0,1.0,Rabbit
20.0,ambush,14.0,97.0,72.0,79.0,1.0,Rabbit
20.0,ambush,14.0,96.0,72.0,79.0,0.0,Rabbit
20.0,ambush,14.0,99.0,72.0,79.0,1.0,Rabbit
20.0,ambush,14.0,99.0,72.0,79.0,0.0,Rabbit
20.0,ambush,14.0,99.0,72.0,79.0,0.0,Rabbit
20.0,ambush,14.0,99.0,72.0,88.0,1.0,Rabbit
20.0,ambush,14.0,99.0,72.0,79.0,0.0,Rabbit
21.0,ambush,62.0,14.0,79.0,52.0,1.0,Rabbit
21.0,ambush,62.0,14.0,79.0,52.0,0.0,Rabbit
21.0,ambush,62.0,14.0,79.0,52.0,0.0,Rabbit
21.0,ambush,62.0,14.0,79.0,52.0,0.0,Rabbit
21.0,ambush,65.0,14.0,79.0,52.0,0.0,Rabbit
21.0,ambush,84.0,99.0,11.0,19.0,1.0,Rabbit
21.0,ambush,84.0,99.0,11.0,19.0,1.0,Rabbit
21.0,ambush,84.0,99.0,11.0,19.0,1.0,Rabbit
21.0,ambush,82.0,99.0,15.0,21.0,1.0,Rabbit
21.0,ambush,82.0,99.0,15.0,21.0,1.0,Rabbit
21.0,ambush,87.0,96.0,11.0,21.0,1.0,Rabbit
21.0,ambush,62.0,14.0,79.0,52.0,1.0,Rabbit
21.0,ambush,82.0,99.0,15.0,21.0,1.0,Rabbit
21.0,ambush,62.0,14.0,79.0,52.0,1.0,Rabbit
21.0,ambush,85.0,95.0,11.0,21.0,0.0,Rabbit
21.0,ambush,82.0,99.0,15.0,21.0,1.0,Rabbit
21.0,ambush,82.0,99.0,15.0,21.0,0.0,Rabbit
21.0,ambush,87.0,99.0,11.0,21.0,1.0,Rabbit
21.0,ambush,62.0,14.0,79.0,52.0,1.0,Rabbit
21.0,ambush,87.0,99.0,11.0,21.0,1.0,Rabbit
21.0,ambush,82.0,99.0,15.0,21.0,0.0,Rabbit
21.0,ambush,82.0,99.0,15.0,21.0,0.0,Rabbit
21.0,ambush,82.0,99.0,15.0,21.0,1.0,Rabbit
21.0,ambush,87.0,99.0,11.0,21.0,1.0,Rabbit
21.0,ambush,87.0,98.0,11.0,21.0,1.0,Rabbit
21.0,ambush,87.0,99.0,11.0,21.0,1.0,Rabbit
21.0,ambush,87.0,99.0,11.0,21.0,0.0,Rabbit
21.0,ambush,87.0,99.0,11.0,21.0,1.0,Rabbit
21.0,ambush,87.0,99.0,11.0,21.0,1.0,Rabbit
21.0,ambush,87.0,99.0,11.0,21.0,0.0,Rabbit
21.0,ambush,87.0,99.0,11.0,21.0,1.0,Rabbit
21.0,ambush,87.0,99.0,10.0,21.0,1.0,Rabbit
21.0,ambush,87.0,99.0,11.0,21.0,1.0,Rabbit
21.0,ambush,87.0,99.0,11.0,21.0,1.0,Rabbit
21.0,ambush,87.0,99.0,11.0,21.0,1.0,Rabbit
21.0,ambush,87.0,99.0,11.0,21.0,1.0,Rabbit
21.0,ambush,87.0,99.0,11.0,21.0,0.0,Rabbit
21.0,ambush,87.0,99.0,11.0,21.0,1.0,Rabbit
21.0,ambush,87.0,99.0,11.0,21.0,0.0,Rabbit
21.0,ambush,87.0,99.0,11.0,21.0,1.0,Rabbit
21.0,ambush,87.0,99.0,11.0,21.0,1.0,Rabbit
21.0,ambush,87.0,99.0,11.0,21.0,0.0,Rabbit
21.0,ambush,87.0,99.0,11.0,21.0,1.0,Rabbit
21.0,ambush,87.0,99.0,7.0,19.0,1.0,Rabbit
21.0,ambush,87.0,99.0,11.0,21.0,1.0,Rabbit
21.0,ambush,87.0,99.0,11.0,21.0,1.0,Rabbit
21.0,ambush,87.0,99.0,11.0,21.0,0.0,Rabbit
21.0,ambush,87.0,99.0,11.0,21.0,1.0,Rabbit
21.0,ambush,87.0,99.0,11.0,21.0,1.0,Rabbit
21.0,ambush,87.0,99.0,11.0,21.0,0.0,Rabbit
21.0,ambush,87.0,99.0,11.0,21.0,1.0,Rabbit
21.0,ambush,87.0,99.0,11.0,21.0,1.0,Rabbit
21.0,ambush,87.0,99.0,11.0,21.0,0.0,Rabbit
21.0,ambush,87.0,99.0,11.0,21.0,1.0,Rabbit
21.0,ambush,87.0,99.0,11.0,21.0,1.0,Rabbit
21.0,ambush,87.0,99.0,11.0,21.0,0.0,Rabbit
21.0,ambush,87.0,99.0,11.0,21.0,1.0,Rabbit
21.0,ambush,87.0,99.0,11.0,21.0,1.0,Rabbit
21.0,ambush,87.0,99.0,11.0,21.0,1.0,Rabbit
21.0,ambush,87.0,99.0,11.0,17.0,1.0,Rabbit
21.0,ambush,87.0,99.0,11.0,21.0,0.0,Rabbit
21.0,ambush,87.0,99.0,9.0,21.0,1.0,Rabbit
21.0,ambush,87.0,99.0,11.0,21.0,1.0,Rabbit
21.0,ambush,87.0,99.0,11.0,21.0,1.0,Rabbit
21.0,ambush,87.0,99.0,11.0,21.0,1.0,Rabbit
21.0,ambush,87.0,99.0,11.0,20.0,0.0,Rabbit
21.0,ambush,87.0,99.0,11.0,21.0,0.0,Rabbit
21.0,ambush,87.0,99.0,11.0,21.0,0.0,Rabbit
21.0,ambush,87.0,99.0,11.0,21.0,1.0,Rabbit
21.0,ambush,87.0,99.0,11.0,21.0,1.0,Rabbit
21.0,ambush,87.0,99.0,11.0,23.0,1.0,Rabbit
21.0,ambush,87.0,99.0,11.0,21.0,1.0,Rabbit
21.0,ambush,87.0,99.0,11.0,21.0,0.0,Rabbit
21.0,ambush,82.0,99.0,11.0,23.0,1.0,Rabbit
21.0,ambush,87.0,99.0,11.0,21.0,0.0,Rabbit
21.0,ambush,87.0,99.0,11.0,23.0,0.0,Rabbit
21.0,ambush,91.0,99.0,11.0,21.0,1.0,Rabbit
21.0,ambush,95.0,99.0,11.0,21.0,1.0,Rabbit
21.0,ambush,91.0,99.0,11.0,21.0,0.0,Rabbit
21.0,ambush,95.0,99.0,11.0,21.0,0.0,Rabbit
21.0,ambush,95.0,99.0,11.0,21.0,1.0,Rabbit
21.0,ambush,90.0,100.0,11.0,21.0,0.0,Rabbit
21.0,ambush,95.0,99.0,11.0,21.0,0.0,Rabbit
21.0,ambush,95.0,99.0,11.0,21.0,1.0,Rabbit
21.0,ambush,95.0,99.0,11.0,21.0,1.0,Rabbit
21.0,ambush,95.0,99.0,11.0,21.0,1.0,Rabbit
21.0,ambush,95.0,99.0,11.0,21.0,1.0,Rabbit
21.0,ambush,95.0,99.0,11.0,21.0,0.0,Rabbit
21.0,ambush,87.0,99.0,11.0,21.0,0.0,Rabbit
21.0,ambush,95.0,99.0,11.0,21.0,1.0,Rabbit
21.0,ambush,95.0,99.0,11.0,21.0,0.0,Rabbit
21.0,ambush,91.0,99.0,11.0,21.0,0.0,Rabbit
21.0,ambush,95.0,99.0,11.0,21.0,1.0,Rabbit
21.0,ambush,95.0,99.0,11.0,21.0,1.0,Rabbit
21.0,ambush,95.0,99.0,11.0,21.0,1.0,Rabbit
21.0,ambush,95.0,99.0,11.0,21.0,1.0,Rabbit
21.0,ambush,87.0,99.0,11.0,21.0,0.0,Rabbit
21.0,ambush,95.0,99.0,11.0,21.0,0.0,Rabbit
21.0,ambush,95.0,99.0,11.0,21.0,0.0,Rabbit
21.0,ambush,95.0,99.0,11.0,21.0,0.0,Rabbit
21.0,ambush,95.0,99.0,11.0,21.0,0.0,Rabbit
21.0,ambush,85.0,96.0,38.0,16.0,1.0,Rabbit
21.0,ambush,83.0,96.0,38.0,19.0,1.0,Rabbit
21.0,ambush,85.0,92.0,41.0,17.0,1.0,Rabbit
21.0,ambush,85.0,92.0,41.0,17.0,1.0,Rabbit
21.0,ambush,83.0,96.0,38.0,19.0,0.0,Rabbit
21.0,ambush,86.0,96.0,36.0,19.0,1.0,Rabbit
21.0,ambush,84.0,96.0,42.0,19.0,1.0,Rabbit
21.0,ambush,95.0,99.0,11.0,21.0,0.0,Rabbit
21.0,ambush,83.0,98.0,38.0,20.0,1.0,Rabbit
21.0,ambush,85.0,96.0,38.0,21.0,1.0,Rabbit
21.0,ambush,85.0,96.0,38.0,21.0,1.0,Rabbit
21.0,ambush,83.0,98.0,38.0,20.0,1.0,Rabbit
21.0,ambush,85.0,96.0,38.0,21.0,1.0,Rabbit
21.0,ambush,83.0,98.0,38.0,20.0,0.0,Rabbit
21.0,ambush,85.0,96.0,38.0,21.0,1.0,Rabbit
21.0,ambush,85.0,96.0,38.0,21.0,1.0,Rabbit
21.0,ambush,85.0,96.0,43.0,21.0,0.0,Rabbit
21.0,ambush,85.0,96.0,38.0,21.0,1.0,Rabbit
21.0,ambush,85.0,96.0,38.0,21.0,0.0,Rabbit
21.0,ambush,85.0,96.0,38.0,21.0,1.0,Rabbit
21.0,ambush,85.0,96.0,38.0,21.0,1.0,Rabbit
21.0,ambush,85.0,96.0,38.0,21.0,1.0,Rabbit
21.0,ambush,85.0,96.0,39.0,21.0,1.0,Rabbit
21.0,ambush,85.0,96.0,38.0,21.0,1.0,Rabbit
21.0,ambush,85.0,96.0,39.0,21.0,0.0,Rabbit
21.0,ambush,85.0,96.0,39.0,21.0,1.0,Rabbit
21.0,ambush,85.0,96.0,39.0,21.0,1.0,Rabbit
21.0,ambush,85.0,96.0,39.0,21.0,1.0,Rabbit
21.0,ambush,83.0,98.0,38.0,20.0,0.0,Rabbit
21.0,ambush,85.0,96.0,39.0,21.0,0.0,Rabbit
21.0,ambush,85.0,96.0,39.0,21.0,0.0,Rabbit
21.0,ambush,84.0,85.0,14.0,59.0,1.0,Rabbit
21.0,ambush,95.0,99.0,11.0,21.0,0.0,Rabbit
21.0,ambush,84.0,85.0,14.0,59.0,1.0,Rabbit
21.0,ambush,84.0,85.0,14.0,59.0,1.0,Rabbit
21.0,ambush,84.0,85.0,16.0,61.0,1.0,Rabbit
21.0,ambush,84.0,85.0,14.0,59.0,1.0,Rabbit
21.0,ambush,85.0,94.0,42.0,21.0,0.0,Rabbit
21.0,ambush,84.0,85.0,14.0,59.0,1.0,Rabbit
21.0,ambush,85.0,96.0,41.0,21.0,1.0,Rabbit
21.0,ambush,85.0,96.0,41.0,21.0,1.0,Rabbit
21.0,ambush,85.0,96.0,41.0,21.0,1.0,Rabbit
21.0,ambush,84.0,85.0,14.0,59.0,0.0,Rabbit
21.0,ambush,84.0,85.0,14.0,59.0,0.0,Rabbit
21.0,ambush,85.0,96.0,41.0,21.0,0.0,Rabbit
21.0,ambush,85.0,96.0,41.0,21.0,1.0,Rabbit
21.0,ambush,85.0,96.0,41.0,21.0,1.0,Rabbit
21.0,ambush,85.0,96.0,41.0,21.0,1.0,Rabbit
21.0,ambush,85.0,96.0,41.0,21.0,0.0,Rabbit
21.0,ambush,85.0,96.0,41.0,21.0,1.0,Rabbit
21.0,ambush,85.0,96.0,41.0,21.0,1.0,Rabbit
21.0,ambush,85.0,96.0,41.0,21.0,1.0,Rabbit
21.0,ambush,85.0,96.0,41.0,21.0,0.0,Rabbit
21.0,ambush,85.0,96.0,41.0,21.0,0.0,Rabbit
21.0,ambush,85.0,96.0,41.0,21.0,1.0,Rabbit
21.0,ambush,85.0,96.0,41.0,21.0,1.0,Rabbit
21.0,ambush,85.0,96.0,41.0,21.0,0.0,Rabbit
21.0,ambush,85.0,96.0,41.0,21.0,1.0,Rabbit
21.0,ambush,85.0,96.0,41.0,21.0,1.0,Rabbit
21.0,ambush,85.0,96.0,41.0,21.0,1.0,Rabbit
21.0,ambush,85.0,96.0,41.0,21.0,0.0,Rabbit
21.0,ambush,85.0,96.0,41.0,21.0,1.0,Rabbit
21.0,ambush,85.0,96.0,41.0,21.0,1.0,Rabbit
21.0,ambush,85.0,96.0,41.0,21.0,0.0,Rabbit
21.0,ambush,85.0,96.0,41.0,21.0,0.0,Rabbit
21.0,ambush,85.0,96.0,41.0,21.0,1.0,Rabbit
21.0,ambush,85.0,85.0,14.0,59.0,1.0,Rabbit
21.0,ambush,83.0,98.0,38.0,20.0,0.0,Rabbit
21.0,ambush,85.0,96.0,41.0,21.0,0.0,Rabbit
21.0,ambush,85.0,85.0,14.0,59.0,1.0,Rabbit
21.0,ambush,84.0,85.0,14.0,59.0,0.0,Rabbit
21.0,ambush,85.0,85.0,14.0,59.0,0.0,Rabbit
21.0,ambush,62.0,14.0,79.0,52.0,0.0,Rabbit
22.0,ambush,62.0,14.0,79.0,52.0,1.0,Rabbit
22.0,ambush,62.0,14.0,79.0,52.0,0.0,Rabbit
22.0,ambush,62.0,14.0,79.0,52.0,0.0,Rabbit
22.0,ambush,62.0,14.0,79.0,52.0,1.0,Rabbit
22.0,ambush,62.0,14.0,79.0,52.0,1.0,Rabbit
22.0,ambush,87.0,99.0,7.0,19.0,1.0,Rabbit
22.0,ambush,84.0,99.0,11.0,19.0,1.0,Rabbit
22.0,ambush,87.0,99.0,7.0,19.0,0.0,Rabbit
22.0,ambush,62.0,14.0,79.0,52.0,1.0,Rabbit
22.0,ambush,84.0,99.0,11.0,19.0,1.0,Rabbit
22.0,ambush,84.0,99.0,11.0,19.0,1.0,Rabbit
22.0,ambush,87.0,99.0,11.0,17.0,0.0,Rabbit
22.0,ambush,87.0,99.0,11.0,17.0,0.0,Rabbit
22.0,ambush,82.0,99.0,11.0,23.0,1.0,Rabbit
22.0,ambush,87.0,96.0,11.0,21.0,1.0,Rabbit
22.0,ambush,87.0,96.0,11.0,21.0,1.0,Rabbit
22.0,ambush,82.0,99.0,15.0,21.0,1.0,Rabbit
22.0,ambush,87.0,96.0,11.0,21.0,0.0,Rabbit
22.0,ambush,82.0,99.0,11.0,23.0,0.0,Rabbit
22.0,ambush,87.0,99.0,9.0,21.0,0.0,Rabbit
22.0,ambush,82.0,98.0,15.0,21.0,1.0,Rabbit
22.0,ambush,82.0,99.0,15.0,21.0,1.0,Rabbit
22.0,ambush,82.0,99.0,15.0,21.0,0.0,Rabbit
22.0,ambush,82.0,99.0,15.0,21.0,0.0,Rabbit
22.0,ambush,62.0,14.0,79.0,52.0,0.0,Rabbit
22.0,ambush,82.0,99.0,15.0,21.0,0.0,Rabbit
22.0,ambush,87.0,99.0,10.0,21.0,1.0,Rabbit
22.0,ambush,62.0,14.0,79.0,52.0,0.0,Rabbit
22.0,ambush,82.0,99.0,15.0,21.0,1.0,Rabbit
22.0,ambush,82.0,99.0,15.0,21.0,1.0,Rabbit
22.0,ambush,82.0,99.0,15.0,21.0,0.0,Rabbit
22.0,ambush,87.0,98.0,11.0,21.0,1.0,Rabbit
22.0,ambush,82.0,99.0,15.0,21.0,0.0,Rabbit
22.0,ambush,87.0,98.0,11.0,21.0,0.0,Rabbit
22.0,ambush,87.0,99.0,11.0,21.0,0.0,Rabbit
22.0,ambush,87.0,99.0,11.0,21.0,0.0,Rabbit
22.0,ambush,87.0,99.0,11.0,21.0,1.0,Rabbit
22.0,ambush,87.0,99.0,11.0,21.0,0.0,Rabbit
22.0,ambush,87.0,99.0,11.0,21.0,0.0,Rabbit
22.0,ambush,87.0,99.0,11.0,21.0,0.0,Rabbit
22.0,ambush,87.0,99.0,11.0,21.0,1.0,Rabbit
22.0,ambush,87.0,99.0,11.0,21.0,1.0,Rabbit
22.0,ambush,87.0,99.0,11.0,21.0,0.0,Rabbit
22.0,ambush,87.0,99.0,11.0,21.0,1.0,Rabbit
22.0,ambush,87.0,99.0,11.0,21.0,0.0,Rabbit
22.0,ambush,87.0,99.0,11.0,21.0,1.0,Rabbit
22.0,ambush,87.0,99.0,11.0,21.0,0.0,Rabbit
22.0,ambush,87.0,99.0,11.0,21.0,0.0,Rabbit
22.0,ambush,87.0,99.0,11.0,21.0,1.0,Rabbit
22.0,ambush,87.0,99.0,11.0,21.0,1.0,Rabbit
22.0,ambush,87.0,99.0,11.0,21.0,0.0,Rabbit
22.0,ambush,87.0,99.0,11.0,21.0,0.0,Rabbit
22.0,ambush,87.0,99.0,11.0,21.0,1.0,Rabbit
22.0,ambush,87.0,99.0,11.0,21.0,0.0,Rabbit
22.0,ambush,87.0,99.0,11.0,21.0,1.0,Rabbit
22.0,ambush,87.0,99.0,11.0,21.0,0.0,Rabbit
22.0,ambush,87.0,99.0,11.0,21.0,1.0,Rabbit
22.0,ambush,87.0,99.0,11.0,21.0,1.0,Rabbit
22.0,ambush,87.0,99.0,11.0,21.0,1.0,Rabbit
22.0,ambush,87.0,99.0,11.0,21.0,0.0,Rabbit
22.0,ambush,87.0,99.0,11.0,21.0,0.0,Rabbit
22.0,ambush,87.0,99.0,11.0,21.0,1.0,Rabbit
22.0,ambush,87.0,99.0,11.0,21.0,0.0,Rabbit
22.0,ambush,87.0,99.0,11.0,21.0,1.0,Rabbit
22.0,ambush,87.0,99.0,11.0,21.0,1.0,Rabbit
22.0,ambush,87.0,99.0,11.0,21.0,0.0,Rabbit
22.0,ambush,87.0,99.0,11.0,21.0,1.0,Rabbit
22.0,ambush,87.0,99.0,11.0,21.0,0.0,Rabbit
22.0,ambush,87.0,99.0,11.0,21.0,0.0,Rabbit
22.0,ambush,87.0,99.0,11.0,21.0,1.0,Rabbit
22.0,ambush,87.0,99.0,11.0,21.0,1.0,Rabbit
22.0,ambush,87.0,99.0,11.0,21.0,1.0,Rabbit
22.0,ambush,87.0,99.0,11.0,21.0,1.0,Rabbit
22.0,ambush,87.0,99.0,11.0,21.0,1.0,Rabbit
22.0,ambush,87.0,99.0,11.0,21.0,0.0,Rabbit
22.0,ambush,87.0,99.0,11.0,21.0,1.0,Rabbit
22.0,ambush,87.0,99.0,11.0,21.0,0.0,Rabbit
22.0,ambush,87.0,99.0,11.0,21.0,1.0,Rabbit
22.0,ambush,84.0,99.0,11.0,19.0,0.0,Rabbit
22.0,ambush,87.0,99.0,11.0,21.0,0.0,Rabbit
22.0,ambush,87.0,99.0,11.0,21.0,0.0,Rabbit
22.0,ambush,87.0,99.0,11.0,21.0,1.0,Rabbit
22.0,ambush,87.0,99.0,11.0,21.0,1.0,Rabbit
22.0,ambush,87.0,99.0,11.0,21.0,1.0,Rabbit
22.0,ambush,87.0,99.0,11.0,21.0,1.0,Rabbit
22.0,ambush,87.0,99.0,11.0,21.0,1.0,Rabbit
22.0,ambush,87.0,99.0,11.0,21.0,1.0,Rabbit
22.0,ambush,87.0,99.0,11.0,21.0,1.0,Rabbit
22.0,ambush,87.0,99.0,11.0,21.0,0.0,Rabbit
22.0,ambush,87.0,99.0,11.0,21.0,1.0,Rabbit
22.0,ambush,87.0,99.0,11.0,21.0,1.0,Rabbit
22.0,ambush,87.0,99.0,11.0,22.0,0.0,Rabbit
22.0,ambush,87.0,99.0,11.0,21.0,1.0,Rabbit
22.0,ambush,87.0,99.0,11.0,21.0,1.0,Rabbit
22.0,ambush,87.0,99.0,11.0,21.0,0.0,Rabbit
22.0,ambush,87.0,99.0,11.0,21.0,0.0,Rabbit
22.0,ambush,87.0,95.0,11.0,21.0,1.0,Rabbit
22.0,ambush,87.0,99.0,11.0,21.0,0.0,Rabbit
22.0,ambush,91.0,99.0,11.0,21.0,1.0,Rabbit
22.0,ambush,87.0,99.0,11.0,21.0,0.0,Rabbit
22.0,ambush,87.0,99.0,11.0,23.0,0.0,Rabbit
22.0,ambush,87.0,99.0,11.0,23.0,1.0,Rabbit
22.0,ambush,87.0,99.0,11.0,21.0,0.0,Rabbit
22.0,ambush,95.0,99.0,11.0,21.0,1.0,Rabbit
22.0,ambush,95.0,99.0,11.0,21.0,0.0,Rabbit
22.0,ambush,95.0,99.0,11.0,21.0,1.0,Rabbit
22.0,ambush,95.0,99.0,11.0,21.0,0.0,Rabbit
22.0,ambush,87.0,99.0,11.0,21.0,0.0,Rabbit
22.0,ambush,95.0,99.0,11.0,21.0,1.0,Rabbit
22.0,ambush,95.0,99.0,11.0,21.0,0.0,Rabbit
22.0,ambush,95.0,97.0,15.0,21.0,1.0,Rabbit
22.0,ambush,95.0,99.0,11.0,21.0,0.0,Rabbit
22.0,ambush,95.0,99.0,11.0,21.0,0.0,Rabbit
22.0,ambush,95.0,99.0,11.0,21.0,1.0,Rabbit
22.0,ambush,95.0,99.0,11.0,21.0,1.0,Rabbit
22.0,ambush,95.0,99.0,11.0,21.0,1.0,Rabbit
22.0,ambush,95.0,99.0,11.0,21.0,0.0,Rabbit
22.0,ambush,95.0,99.0,11.0,21.0,1.0,Rabbit
22.0,ambush,95.0,99.0,11.0,21.0,1.0,Rabbit
22.0,ambush,95.0,99.0,11.0,21.0,1.0,Rabbit
22.0,ambush,95.0,99.0,11.0,21.0,1.0,Rabbit
22.0,ambush,95.0,99.0,11.0,21.0,0.0,Rabbit
22.0,ambush,95.0,99.0,11.0,21.0,1.0,Rabbit
22.0,ambush,95.0,99.0,11.0,21.0,1.0,Rabbit
22.0,ambush,95.0,99.0,11.0,21.0,1.0,Rabbit
22.0,ambush,95.0,99.0,11.0,21.0,1.0,Rabbit
22.0,ambush,95.0,99.0,11.0,21.0,1.0,Rabbit
22.0,ambush,95.0,99.0,11.0,21.0,1.0,Rabbit
22.0,ambush,95.0,99.0,11.0,21.0,1.0,Rabbit
22.0,ambush,95.0,99.0,11.0,21.0,0.0,Rabbit
22.0,ambush,85.0,92.0,41.0,17.0,1.0,Rabbit
22.0,ambush,83.0,96.0,38.0,19.0,1.0,Rabbit
22.0,ambush,85.0,96.0,38.0,16.0,1.0,Rabbit
22.0,ambush,85.0,92.0,41.0,17.0,0.0,Rabbit
22.0,ambush,85.0,92.0,41.0,17.0,0.0,Rabbit
22.0,ambush,85.0,96.0,38.0,16.0,1.0,Rabbit
22.0,ambush,83.0,98.0,38.0,20.0,1.0,Rabbit
22.0,ambush,83.0,98.0,38.0,20.0,1.0,Rabbit
22.0,ambush,86.0,96.0,36.0,19.0,1.0,Rabbit
22.0,ambush,85.0,96.0,38.0,21.0,1.0,Rabbit
22.0,ambush,83.0,98.0,38.0,20.0,0.0,Rabbit
22.0,ambush,85.0,96.0,38.0,24.0,1.0,Rabbit
22.0,ambush,86.0,96.0,36.0,19.0,0.0,Rabbit
22.0,ambush,85.0,96.0,38.0,21.0,1.0,Rabbit
22.0,ambush,85.0,96.0,38.0,21.0,1.0,Rabbit
22.0,ambush,85.0,96.0,38.0,21.0,1.0,Rabbit
22.0,ambush,85.0,96.0,38.0,21.0,0.0,Rabbit
22.0,ambush,87.0,99.0,11.0,21.0,0.0,Rabbit
22.0,ambush,85.0,96.0,38.0,21.0,0.0,Rabbit
22.0,ambush,85.0,96.0,38.0,21.0,1.0,Rabbit
22.0,ambush,85.0,96.0,38.0,21.0,1.0,Rabbit
22.0,ambush,85.0,96.0,38.0,21.0,0.0,Rabbit
22.0,ambush,85.0,96.0,38.0,21.0,0.0,Rabbit
22.0,ambush,85.0,96.0,38.0,21.0,1.0,Rabbit
22.0,ambush,85.0,96.0,38.0,21.0,0.0,Rabbit
22.0,ambush,95.0,99.0,11.0,21.0,0.0,Rabbit
22.0,ambush,83.0,96.0,38.0,21.0,0.0,Rabbit
22.0,ambush,85.0,96.0,38.0,21.0,0.0,Rabbit
22.0,ambush,86.0,96.0,36.0,19.0,0.0,Rabbit
22.0,ambush,85.0,96.0,38.0,21.0,0.0,Rabbit
22.0,ambush,62.0,14.0,79.0,52.0,0.0,Rabbit
23.0,ambush,62.0,14.0,79.0,52.0,0.0,Rabbit
23.0,ambush,62.0,14.0,79.0,52.0,1.0,Rabbit
23.0,ambush,62.0,14.0,79.0,52.0,0.0,Rabbit
23.0,ambush,62.0,14.0,79.0,52.0,1.0,Rabbit
23.0,ambush,87.0,99.0,7.0,19.0,1.0,Rabbit
23.0,ambush,62.0,14.0,79.0,52.0,0.0,Rabbit
23.0,ambush,84.0,99.0,11.0,19.0,1.0,Rabbit
23.0,ambush,62.0,14.0,79.0,52.0,1.0,Rabbit
23.0,ambush,87.0,99.0,7.0,19.0,0.0,Rabbit
23.0,ambush,84.0,99.0,11.0,19.0,0.0,Rabbit
23.0,ambush,84.0,99.0,11.0,19.0,1.0,Rabbit
23.0,ambush,84.0,99.0,11.0,19.0,1.0,Rabbit
23.0,ambush,87.0,95.0,11.0,21.0,1.0,Rabbit
23.0,ambush,84.0,99.0,11.0,19.0,1.0,Rabbit
23.0,ambush,84.0,99.0,11.0,19.0,1.0,Rabbit
23.0,ambush,87.0,96.0,11.0,21.0,1.0,Rabbit
23.0,ambush,82.0,99.0,11.0,23.0,1.0,Rabbit
23.0,ambush,87.0,96.0,11.0,21.0,0.0,Rabbit
23.0,ambush,82.0,99.0,11.0,23.0,0.0,Rabbit
23.0,ambush,82.0,99.0,11.0,23.0,0.0,Rabbit
23.0,ambush,82.0,98.0,15.0,21.0,0.0,Rabbit
23.0,ambush,82.0,98.0,15.0,21.0,1.0,Rabbit
23.0,ambush,82.0,99.0,15.0,21.0,0.0,Rabbit
23.0,ambush,82.0,98.0,15.0,21.0,1.0,Rabbit
23.0,ambush,87.0,99.0,10.0,21.0,0.0,Rabbit
23.0,ambush,82.0,99.0,15.0,21.0,0.0,Rabbit
23.0,ambush,82.0,99.0,15.0,21.0,1.0,Rabbit
23.0,ambush,82.0,99.0,15.0,21.0,1.0,Rabbit
23.0,ambush,87.0,98.0,11.0,21.0,0.0,Rabbit
23.0,ambush,82.0,99.0,15.0,21.0,1.0,Rabbit
23.0,ambush,82.0,99.0,15.0,21.0,1.0,Rabbit
23.0,ambush,82.0,99.0,15.0,21.0,1.0,Rabbit
23.0,ambush,87.0,99.0,11.0,21.0,1.0,Rabbit
23.0,ambush,82.0,99.0,15.0,21.0,0.0,Rabbit
23.0,ambush,87.0,99.0,11.0,21.0,1.0,Rabbit
23.0,ambush,87.0,99.0,11.0,21.0,1.0,Rabbit
23.0,ambush,82.0,99.0,15.0,21.0,0.0,Rabbit
23.0,ambush,87.0,99.0,11.0,21.0,0.0,Rabbit
23.0,ambush,87.0,99.0,11.0,21.0,1.0,Rabbit
23.0,ambush,87.0,99.0,11.0,21.0,1.0,Rabbit
23.0,ambush,87.0,99.0,11.0,21.0,1.0,Rabbit
23.0,ambush,87.0,99.0,11.0,21.0,1.0,Rabbit
23.0,ambush,87.0,99.0,11.0,21.0,1.0,Rabbit
23.0,ambush,87.0,99.0,11.0,21.0,0.0,Rabbit
23.0,ambush,87.0,99.0,11.0,21.0,0.0,Rabbit
23.0,ambush,87.0,99.0,11.0,21.0,1.0,Rabbit
23.0,ambush,87.0,99.0,11.0,21.0,1.0,Rabbit
23.0,ambush,87.0,99.0,11.0,21.0,1.0,Rabbit
23.0,ambush,87.0,99.0,11.0,21.0,1.0,Rabbit
23.0,ambush,87.0,99.0,11.0,21.0,0.0,Rabbit
23.0,ambush,87.0,99.0,11.0,21.0,1.0,Rabbit
23.0,ambush,87.0,99.0,11.0,21.0,1.0,Rabbit
23.0,ambush,87.0,99.0,11.0,21.0,1.0,Rabbit
23.0,ambush,87.0,99.0,11.0,21.0,1.0,Rabbit
23.0,ambush,87.0,99.0,11.0,24.0,1.0,Rabbit
23.0,ambush,87.0,99.0,11.0,21.0,1.0,Rabbit
23.0,ambush,87.0,99.0,11.0,21.0,0.0,Rabbit
23.0,ambush,87.0,99.0,11.0,21.0,1.0,Rabbit
23.0,ambush,87.0,99.0,11.0,21.0,0.0,Rabbit
23.0,ambush,87.0,99.0,11.0,21.0,1.0,Rabbit
23.0,ambush,87.0,99.0,11.0,21.0,0.0,Rabbit
23.0,ambush,87.0,99.0,11.0,21.0,0.0,Rabbit
23.0,ambush,87.0,99.0,11.0,21.0,1.0,Rabbit
23.0,ambush,87.0,99.0,7.0,19.0,0.0,Rabbit
23.0,ambush,87.0,99.0,11.0,21.0,0.0,Rabbit
23.0,ambush,87.0,99.0,11.0,21.0,1.0,Rabbit
23.0,ambush,87.0,99.0,11.0,21.0,0.0,Rabbit
23.0,ambush,87.0,99.0,11.0,21.0,1.0,Rabbit
23.0,ambush,87.0,99.0,11.0,21.0,0.0,Rabbit
23.0,ambush,87.0,99.0,11.0,21.0,1.0,Rabbit
23.0,ambush,87.0,99.0,11.0,21.0,0.0,Rabbit
23.0,ambush,87.0,99.0,11.0,21.0,1.0,Rabbit
23.0,ambush,87.0,99.0,11.0,21.0,1.0,Rabbit
23.0,ambush,87.0,99.0,11.0,21.0,0.0,Rabbit
23.0,ambush,87.0,99.0,11.0,21.0,1.0,Rabbit
23.0,ambush,87.0,99.0,11.0,21.0,0.0,Rabbit
23.0,ambush,87.0,99.0,11.0,21.0,0.0,Rabbit
23.0,ambush,87.0,99.0,11.0,21.0,1.0,Rabbit
23.0,ambush,87.0,99.0,11.0,21.0,1.0,Rabbit
23.0,ambush,87.0,99.0,11.0,21.0,0.0,Rabbit
23.0,ambush,87.0,99.0,11.0,21.0,0.0,Rabbit
23.0,ambush,87.0,99.0,11.0,21.0,1.0,Rabbit
23.0,ambush,87.0,99.0,11.0,21.0,0.0,Rabbit
23.0,ambush,87.0,99.0,11.0,21.0,1.0,Rabbit
23.0,ambush,87.0,99.0,11.0,21.0,1.0,Rabbit
23.0,ambush,92.0,99.0,8.0,21.0,1.0,Rabbit
23.0,ambush,87.0,99.0,11.0,21.0,0.0,Rabbit
23.0,ambush,87.0,99.0,11.0,21.0,0.0,Rabbit
23.0,ambush,87.0,99.0,11.0,21.0,1.0,Rabbit
23.0,ambush,87.0,99.0,11.0,21.0,0.0,Rabbit
23.0,ambush,87.0,99.0,11.0,21.0,1.0,Rabbit
23.0,ambush,87.0,99.0,11.0,21.0,0.0,Rabbit
23.0,ambush,87.0,99.0,11.0,21.0,0.0,Rabbit
23.0,ambush,87.0,99.0,11.0,21.0,1.0,Rabbit
23.0,ambush,87.0,99.0,8.0,21.0,1.0,Rabbit
23.0,ambush,87.0,99.0,11.0,21.0,0.0,Rabbit
23.0,ambush,87.0,99.0,11.0,21.0,0.0,Rabbit
23.0,ambush,87.0,99.0,11.0,21.0,0.0,Rabbit
23.0,ambush,91.0,99.0,11.0,21.0,1.0,Rabbit
23.0,ambush,87.0,99.0,11.0,21.0,0.0,Rabbit
23.0,ambush,87.0,99.0,11.0,23.0,0.0,Rabbit
23.0,ambush,95.0,99.0,11.0,21.0,0.0,Rabbit
23.0,ambush,87.0,99.0,11.0,21.0,0.0,Rabbit
23.0,ambush,95.0,99.0,11.0,21.0,0.0,Rabbit
23.0,ambush,95.0,99.0,11.0,21.0,1.0,Rabbit
23.0,ambush,95.0,99.0,11.0,21.0,0.0,Rabbit
23.0,ambush,95.0,99.0,11.0,21.0,1.0,Rabbit
23.0,ambush,95.0,99.0,11.0,21.0,0.0,Rabbit
23.0,ambush,95.0,99.0,11.0,21.0,0.0,Rabbit
23.0,ambush,95.0,99.0,11.0,21.0,1.0,Rabbit
23.0,ambush,95.0,99.0,11.0,21.0,1.0,Rabbit
23.0,ambush,95.0,99.0,11.0,21.0,0.0,Rabbit
23.0,ambush,95.0,99.0,11.0,21.0,0.0,Rabbit
23.0,ambush,87.0,99.0,7.0,21.0,0.0,Rabbit
23.0,ambush,95.0,99.0,11.0,21.0,0.0,Rabbit
23.0,ambush,95.0,99.0,11.0,21.0,0.0,Rabbit
23.0,ambush,95.0,99.0,11.0,21.0,1.0,Rabbit
23.0,ambush,95.0,99.0,11.0,21.0,0.0,Rabbit
23.0,ambush,95.0,99.0,11.0,21.0,1.0,Rabbit
23.0,ambush,95.0,99.0,11.0,21.0,1.0,Rabbit
23.0,ambush,95.0,99.0,11.0,21.0,1.0,Rabbit
23.0,ambush,95.0,99.0,11.0,21.0,1.0,Rabbit
23.0,ambush,95.0,99.0,11.0,21.0,1.0,Rabbit
23.0,ambush,95.0,99.0,11.0,21.0,1.0,Rabbit
23.0,ambush,95.0,99.0,11.0,21.0,0.0,Rabbit
23.0,ambush,95.0,99.0,11.0,21.0,0.0,Rabbit
23.0,ambush,95.0,99.0,11.0,21.0,1.0,Rabbit
23.0,ambush,95.0,99.0,11.0,21.0,0.0,Rabbit
23.0,ambush,95.0,99.0,11.0,21.0,1.0,Rabbit
23.0,ambush,95.0,99.0,11.0,21.0,1.0,Rabbit
23.0,ambush,95.0,97.0,15.0,21.0,1.0,Rabbit
23.0,ambush,95.0,97.0,15.0,21.0,1.0,Rabbit
23.0,ambush,95.0,99.0,11.0,21.0,1.0,Rabbit
23.0,ambush,85.0,92.0,41.0,17.0,1.0,Rabbit
23.0,ambush,95.0,99.0,11.0,21.0,0.0,Rabbit
23.0,ambush,85.0,96.0,38.0,16.0,1.0,Rabbit
23.0,ambush,95.0,97.0,15.0,21.0,0.0,Rabbit
23.0,ambush,85.0,96.0,38.0,16.0,1.0,Rabbit
23.0,ambush,85.0,92.0,41.0,17.0,1.0,Rabbit
23.0,ambush,85.0,96.0,38.0,16.0,1.0,Rabbit
23.0,ambush,83.0,96.0,38.0,19.0,1.0,Rabbit
23.0,ambush,85.0,96.0,38.0,16.0,0.0,Rabbit
23.0,ambush,86.0,96.0,36.0,19.0,1.0,Rabbit
23.0,ambush,85.0,96.0,38.0,16.0,0.0,Rabbit
23.0,ambush,83.0,98.0,38.0,20.0,1.0,Rabbit
23.0,ambush,81.0,96.0,36.0,19.0,1.0,Rabbit
23.0,ambush,83.0,98.0,38.0,20.0,1.0,Rabbit
23.0,ambush,85.0,96.0,38.0,21.0,1.0,Rabbit
23.0,ambush,85.0,96.0,38.0,21.0,1.0,Rabbit
23.0,ambush,85.0,96.0,38.0,21.0,1.0,Rabbit
23.0,ambush,85.0,96.0,38.0,21.0,1.0,Rabbit
23.0,ambush,85.0,96.0,38.0,21.0,0.0,Rabbit
23.0,ambush,85.0,96.0,38.0,21.0,1.0,Rabbit
23.0,ambush,85.0,96.0,38.0,21.0,1.0,Rabbit
23.0,ambush,85.0,96.0,38.0,21.0,1.0,Rabbit
23.0,ambush,85.0,96.0,38.0,21.0,0.0,Rabbit
23.0,ambush,88.0,96.0,41.0,16.0,0.0,Rabbit
23.0,ambush,85.0,96.0,38.0,21.0,1.0,Rabbit
23.0,ambush,62.0,14.0,79.0,52.0,1.0,Rabbit
23.0,ambush,85.0,96.0,38.0,21.0,1.0,Rabbit
23.0,ambush,85.0,96.0,38.0,21.0,1.0,Rabbit
23.0,ambush,85.0,96.0,38.0,24.0,1.0,Rabbit
23.0,ambush,85.0,96.0,38.0,24.0,0.0,Rabbit
23.0,ambush,85.0,96.0,38.0,21.0,0.0,Rabbit
23.0,ambush,95.0,99.0,11.0,21.0,0.0,Rabbit
23.0,ambush,83.0,96.0,38.0,19.0,0.0,Rabbit
23.0,ambush,62.0,14.0,79.0,52.0,0.0,Rabbit
23.0,ambush,85.0,96.0,38.0,21.0,0.0,Rabbit
23.0,ambush,62.0,14.0,79.0,52.0,0.0,Rabbit
24.0,ambush,62.0,14.0,79.0,52.0,1.0,Rabbit
24.0,ambush,62.0,14.0,79.0,52.0,1.0,Rabbit
24.0,ambush,62.0,14.0,79.0,52.0,0.0,Rabbit
24.0,ambush,84.0,99.0,11.0,19.0,1.0,Rabbit
24.0,ambush,87.0,99.0,7.0,19.0,1.0,Rabbit
24.0,ambush,84.0,99.0,11.0,19.0,1.0,Rabbit
24.0,ambush,84.0,99.0,11.0,19.0,1.0,Rabbit
24.0,ambush,62.0,14.0,79.0,52.0,1.0,Rabbit
24.0,ambush,84.0,99.0,11.0,19.0,1.0,Rabbit
24.0,ambush,84.0,99.0,11.0,19.0,1.0,Rabbit
24.0,ambush,87.0,99.0,7.0,19.0,0.0,Rabbit
24.0,ambush,84.0,99.0,11.0,19.0,1.0,Rabbit
24.0,ambush,84.0,99.0,11.0,19.0,0.0,Rabbit
24.0,ambush,84.0,99.0,11.0,19.0,1.0,Rabbit
24.0,ambush,84.0,99.0,11.0,19.0,1.0,Rabbit
24.0,ambush,84.0,99.0,11.0,19.0,0.0,Rabbit
24.0,ambush,84.0,99.0,11.0,19.0,1.0,Rabbit
24.0,ambush,87.0,95.0,11.0,21.0,1.0,Rabbit
24.0,ambush,87.0,95.0,11.0,21.0,1.0,Rabbit
24.0,ambush,82.0,99.0,11.0,23.0,1.0,Rabbit
24.0,ambush,87.0,96.0,11.0,21.0,1.0,Rabbit
24.0,ambush,84.0,99.0,11.0,19.0,0.0,Rabbit
24.0,ambush,82.0,98.0,15.0,21.0,1.0,Rabbit
24.0,ambush,87.0,99.0,8.0,21.0,1.0,Rabbit
24.0,ambush,87.0,99.0,8.0,21.0,1.0,Rabbit
24.0,ambush,87.0,95.0,11.0,21.0,0.0,Rabbit
24.0,ambush,87.0,99.0,8.0,21.0,0.0,Rabbit
24.0,ambush,82.0,99.0,15.0,21.0,1.0,Rabbit
24.0,ambush,82.0,99.0,15.0,21.0,0.0,Rabbit
24.0,ambush,82.0,99.0,15.0,21.0,1.0,Rabbit
24.0,ambush,89.0,98.0,15.0,21.0,1.0,Rabbit
24.0,ambush,82.0,98.0,15.0,21.0,1.0,Rabbit
24.0,ambush,82.0,99.0,15.0,21.0,1.0,Rabbit
24.0,ambush,82.0,99.0,15.0,21.0,1.0,Rabbit
24.0,ambush,82.0,99.0,15.0,21.0,1.0,Rabbit
24.0,ambush,82.0,99.0,15.0,21.0,1.0,Rabbit
24.0,ambush,82.0,99.0,15.0,21.0,1.0,Rabbit
24.0,ambush,82.0,99.0,15.0,21.0,1.0,Rabbit
24.0,ambush,87.0,99.0,11.0,21.0,1.0,Rabbit
24.0,ambush,87.0,99.0,11.0,21.0,0.0,Rabbit
24.0,ambush,62.0,14.0,79.0,52.0,0.0,Rabbit
24.0,ambush,87.0,99.0,11.0,21.0,0.0,Rabbit
24.0,ambush,87.0,99.0,11.0,21.0,0.0,Rabbit
24.0,ambush,87.0,99.0,11.0,21.0,1.0,Rabbit
24.0,ambush,87.0,99.0,11.0,21.0,0.0,Rabbit
24.0,ambush,87.0,99.0,11.0,21.0,1.0,Rabbit
24.0,ambush,87.0,99.0,11.0,21.0,1.0,Rabbit
24.0,ambush,87.0,99.0,11.0,21.0,1.0,Rabbit
24.0,ambush,87.0,99.0,11.0,21.0,1.0,Rabbit
24.0,ambush,87.0,99.0,11.0,21.0,1.0,Rabbit
24.0,ambush,87.0,99.0,11.0,21.0,1.0,Rabbit
24.0,ambush,87.0,99.0,11.0,21.0,1.0,Rabbit
24.0,ambush,87.0,99.0,11.0,21.0,1.0,Rabbit
24.0,ambush,87.0,98.0,11.0,17.0,1.0,Rabbit
24.0,ambush,87.0,99.0,11.0,21.0,1.0,Rabbit
24.0,ambush,87.0,99.0,11.0,21.0,0.0,Rabbit
24.0,ambush,87.0,99.0,11.0,21.0,0.0,Rabbit
24.0,ambush,87.0,99.0,11.0,21.0,1.0,Rabbit
24.0,ambush,87.0,99.0,11.0,21.0,0.0,Rabbit
24.0,ambush,87.0,99.0,11.0,21.0,1.0,Rabbit
24.0,ambush,87.0,99.0,11.0,21.0,1.0,Rabbit
24.0,ambush,87.0,99.0,11.0,21.0,1.0,Rabbit
24.0,ambush,87.0,99.0,11.0,21.0,1.0,Rabbit
24.0,ambush,87.0,99.0,11.0,21.0,1.0,Rabbit
24.0,ambush,87.0,99.0,10.0,21.0,1.0,Rabbit
24.0,ambush,87.0,99.0,11.0,21.0,1.0,Rabbit
24.0,ambush,87.0,99.0,13.0,21.0,1.0,Rabbit
24.0,ambush,87.0,99.0,11.0,21.0,1.0,Rabbit
24.0,ambush,87.0,99.0,11.0,21.0,0.0,Rabbit
24.0,ambush,87.0,99.0,11.0,21.0,0.0,Rabbit
24.0,ambush,87.0,99.0,11.0,21.0,0.0,Rabbit
24.0,ambush,87.0,99.0,11.0,21.0,1.0,Rabbit
24.0,ambush,87.0,99.0,11.0,21.0,1.0,Rabbit
24.0,ambush,87.0,99.0,11.0,21.0,1.0,Rabbit
24.0,ambush,87.0,99.0,11.0,21.0,1.0,Rabbit
24.0,ambush,87.0,99.0,11.0,21.0,0.0,Rabbit
24.0,ambush,87.0,99.0,11.0,21.0,1.0,Rabbit
24.0,ambush,87.0,99.0,11.0,21.0,1.0,Rabbit
24.0,ambush,87.0,99.0,11.0,21.0,1.0,Rabbit
24.0,ambush,87.0,99.0,11.0,21.0,1.0,Rabbit
24.0,ambush,87.0,99.0,11.0,21.0,1.0,Rabbit
24.0,ambush,87.0,99.0,11.0,21.0,0.0,Rabbit
24.0,ambush,87.0,99.0,11.0,21.0,0.0,Rabbit
24.0,ambush,87.0,99.0,11.0,21.0,0.0,Rabbit
24.0,ambush,87.0,99.0,11.0,21.0,1.0,Rabbit
24.0,ambush,87.0,99.0,11.0,21.0,0.0,Rabbit
24.0,ambush,87.0,99.0,11.0,21.0,0.0,Rabbit
24.0,ambush,87.0,99.0,11.0,21.0,0.0,Rabbit
24.0,ambush,87.0,99.0,11.0,21.0,1.0,Rabbit
24.0,ambush,87.0,99.0,11.0,21.0,0.0,Rabbit
24.0,ambush,87.0,99.0,11.0,21.0,0.0,Rabbit
24.0,ambush,93.0,99.0,11.0,21.0,1.0,Rabbit
24.0,ambush,87.0,99.0,11.0,21.0,0.0,Rabbit
24.0,ambush,87.0,99.0,11.0,24.0,1.0,Rabbit
24.0,ambush,87.0,99.0,11.0,21.0,1.0,Rabbit
24.0,ambush,87.0,99.0,11.0,21.0,1.0,Rabbit
24.0,ambush,87.0,99.0,11.0,21.0,0.0,Rabbit
24.0,ambush,87.0,100.0,11.0,21.0,0.0,Rabbit
24.0,ambush,87.0,99.0,11.0,21.0,1.0,Rabbit
24.0,ambush,87.0,99.0,11.0,21.0,1.0,Rabbit
24.0,ambush,87.0,99.0,11.0,21.0,1.0,Rabbit
24.0,ambush,87.0,99.0,11.0,21.0,1.0,Rabbit
24.0,ambush,87.0,99.0,11.0,21.0,1.0,Rabbit
24.0,ambush,87.0,99.0,11.0,21.0,0.0,Rabbit
24.0,ambush,87.0,99.0,11.0,21.0,1.0,Rabbit
24.0,ambush,87.0,99.0,11.0,21.0,1.0,Rabbit
24.0,ambush,87.0,99.0,11.0,21.0,1.0,Rabbit
24.0,ambush,87.0,99.0,11.0,21.0,0.0,Rabbit
24.0,ambush,87.0,99.0,11.0,21.0,1.0,Rabbit
24.0,ambush,87.0,99.0,11.0,21.0,1.0,Rabbit
24.0,ambush,87.0,99.0,11.0,21.0,1.0,Rabbit
24.0,ambush,87.0,99.0,11.0,21.0,0.0,Rabbit
24.0,ambush,91.0,99.0,11.0,21.0,1.0,Rabbit
24.0,ambush,87.0,99.0,11.0,24.0,1.0,Rabbit
24.0,ambush,87.0,99.0,11.0,21.0,0.0,Rabbit
24.0,ambush,95.0,99.0,11.0,21.0,1.0,Rabbit
24.0,ambush,95.0,99.0,11.0,21.0,1.0,Rabbit
24.0,ambush,87.0,99.0,11.0,21.0,0.0,Rabbit
24.0,ambush,92.0,99.0,8.0,21.0,0.0,Rabbit
24.0,ambush,87.0,99.0,11.0,21.0,1.0,Rabbit
24.0,ambush,95.0,99.0,11.0,21.0,1.0,Rabbit
24.0,ambush,87.0,99.0,11.0,21.0,0.0,Rabbit
24.0,ambush,95.0,99.0,11.0,21.0,1.0,Rabbit
24.0,ambush,95.0,99.0,11.0,21.0,0.0,Rabbit
24.0,ambush,95.0,99.0,11.0,21.0,1.0,Rabbit
24.0,ambush,95.0,99.0,11.0,21.0,1.0,Rabbit
24.0,ambush,95.0,99.0,11.0,21.0,1.0,Rabbit
24.0,ambush,95.0,99.0,11.0,21.0,1.0,Rabbit
24.0,ambush,95.0,94.0,11.0,21.0,1.0,Rabbit
24.0,ambush,95.0,99.0,11.0,21.0,0.0,Rabbit
24.0,ambush,95.0,99.0,11.0,21.0,0.0,Rabbit
24.0,ambush,95.0,99.0,11.0,21.0,1.0,Rabbit
24.0,ambush,95.0,99.0,11.0,21.0,1.0,Rabbit
24.0,ambush,95.0,99.0,11.0,21.0,0.0,Rabbit
24.0,ambush,95.0,99.0,11.0,21.0,0.0,Rabbit
24.0,ambush,98.0,97.0,11.0,21.0,0.0,Rabbit
24.0,ambush,95.0,99.0,11.0,21.0,1.0,Rabbit
24.0,ambush,95.0,99.0,11.0,21.0,0.0,Rabbit
24.0,ambush,95.0,99.0,11.0,21.0,0.0,Rabbit
24.0,ambush,95.0,99.0,11.0,21.0,0.0,Rabbit
24.0,ambush,95.0,99.0,11.0,21.0,1.0,Rabbit
24.0,ambush,95.0,99.0,11.0,21.0,0.0,Rabbit
24.0,ambush,95.0,97.0,15.0,21.0,1.0,Rabbit
24.0,ambush,81.0,96.0,36.0,19.0,1.0,Rabbit
24.0,ambush,95.0,97.0,15.0,21.0,1.0,Rabbit
24.0,ambush,85.0,92.0,41.0,17.0,1.0,Rabbit
24.0,ambush,95.0,97.0,15.0,21.0,0.0,Rabbit
24.0,ambush,81.0,96.0,36.0,19.0,1.0,Rabbit
24.0,ambush,85.0,96.0,38.0,16.0,1.0,Rabbit
24.0,ambush,85.0,96.0,38.0,16.0,1.0,Rabbit
24.0,ambush,85.0,92.0,41.0,17.0,0.0,Rabbit
24.0,ambush,85.0,92.0,41.0,17.0,1.0,Rabbit
24.0,ambush,85.0,96.0,38.0,16.0,0.0,Rabbit
24.0,ambush,95.0,99.0,11.0,21.0,0.0,Rabbit
24.0,ambush,95.0,97.0,15.0,21.0,0.0,Rabbit
24.0,ambush,81.0,96.0,36.0,19.0,0.0,Rabbit
24.0,ambush,85.0,96.0,38.0,16.0,0.0,Rabbit
24.0,ambush,64.0,13.0,79.0,52.0,0.0,Rabbit
25.0,ambush,62.0,14.0,79.0,52.0,1.0,Rabbit
25.0,ambush,62.0,14.0,79.0,52.0,1.0,Rabbit
25.0,ambush,87.0,99.0,7.0,19.0,1.0,Rabbit
25.0,ambush,87.0,98.0,11.0,17.0,1.0,Rabbit
25.0,ambush,62.0,14.0,79.0,52.0,0.0,Rabbit
25.0,ambush,62.0,14.0,79.0,52.0,1.0,Rabbit
25.0,ambush,84.0,99.0,11.0,19.0,1.0,Rabbit
25.0,ambush,87.0,98.0,11.0,17.0,1.0,Rabbit
25.0,ambush,87.0,100.0,9.0,17.0,1.0,Rabbit
25.0,ambush,84.0,99.0,11.0,19.0,1.0,Rabbit
25.0,ambush,84.0,99.0,11.0,19.0,0.0,Rabbit
25.0,ambush,84.0,99.0,11.0,19.0,0.0,Rabbit
25.0,ambush,84.0,99.0,11.0,19.0,0.0,Rabbit
25.0,ambush,84.0,99.0,11.0,19.0,0.0,Rabbit
25.0,ambush,84.0,99.0,11.0,19.0,1.0,Rabbit
25.0,ambush,84.0,99.0,11.0,19.0,1.0,Rabbit
25.0,ambush,84.0,99.0,11.0,19.0,0.0,Rabbit
25.0,ambush,84.0,99.0,11.0,19.0,0.0,Rabbit
25.0,ambush,84.0,99.0,11.0,19.0,1.0,Rabbit
25.0,ambush,84.0,99.0,11.0,19.0,1.0,Rabbit
25.0,ambush,84.0,99.0,11.0,19.0,1.0,Rabbit
25.0,ambush,87.0,95.0,11.0,21.0,1.0,Rabbit
25.0,ambush,87.0,91.0,13.0,21.0,1.0,Rabbit
25.0,ambush,87.0,95.0,11.0,21.0,1.0,Rabbit
25.0,ambush,84.0,99.0,11.0,19.0,0.0,Rabbit
25.0,ambush,87.0,99.0,8.0,21.0,1.0,Rabbit
25.0,ambush,87.0,95.0,11.0,21.0,1.0,Rabbit
25.0,ambush,82.0,99.0,11.0,23.0,1.0,Rabbit
25.0,ambush,87.0,99.0,8.0,21.0,1.0,Rabbit
25.0,ambush,87.0,96.0,11.0,21.0,1.0,Rabbit
25.0,ambush,82.0,99.0,11.0,23.0,1.0,Rabbit
25.0,ambush,87.0,96.0,11.0,21.0,1.0,Rabbit
25.0,ambush,87.0,96.0,11.0,21.0,0.0,Rabbit
25.0,ambush,87.0,99.0,8.0,21.0,1.0,Rabbit
25.0,ambush,84.0,99.0,11.0,19.0,0.0,Rabbit
25.0,ambush,82.0,98.0,15.0,21.0,1.0,Rabbit
25.0,ambush,87.0,99.0,8.0,21.0,0.0,Rabbit
25.0,ambush,82.0,98.0,15.0,21.0,1.0,Rabbit
25.0,ambush,82.0,98.0,15.0,21.0,0.0,Rabbit
25.0,ambush,82.0,99.0,15.0,21.0,1.0,Rabbit
25.0,ambush,82.0,99.0,15.0,21.0,1.0,Rabbit
25.0,ambush,82.0,99.0,15.0,21.0,1.0,Rabbit
25.0,ambush,87.0,99.0,7.0,19.0,0.0,Rabbit
25.0,ambush,82.0,99.0,15.0,21.0,1.0,Rabbit
25.0,ambush,82.0,99.0,15.0,21.0,1.0,Rabbit
25.0,ambush,82.0,98.0,15.0,21.0,0.0,Rabbit
25.0,ambush,82.0,99.0,15.0,21.0,1.0,Rabbit
25.0,ambush,82.0,99.0,15.0,21.0,0.0,Rabbit
25.0,ambush,82.0,99.0,15.0,21.0,0.0,Rabbit
25.0,ambush,84.0,99.0,11.0,19.0,0.0,Rabbit
25.0,ambush,82.0,99.0,15.0,21.0,0.0,Rabbit
25.0,ambush,82.0,99.0,15.0,21.0,1.0,Rabbit
25.0,ambush,87.0,99.0,11.0,21.0,1.0,Rabbit
25.0,ambush,87.0,99.0,10.0,21.0,0.0,Rabbit
25.0,ambush,87.0,99.0,10.0,21.0,1.0,Rabbit
25.0,ambush,87.0,99.0,10.0,21.0,0.0,Rabbit
25.0,ambush,87.0,99.0,11.0,21.0,1.0,Rabbit
25.0,ambush,87.0,99.0,11.0,21.0,1.0,Rabbit
25.0,ambush,87.0,99.0,11.0,21.0,1.0,Rabbit
25.0,ambush,87.0,99.0,11.0,21.0,1.0,Rabbit
25.0,ambush,87.0,99.0,11.0,21.0,0.0,Rabbit
25.0,ambush,87.0,99.0,11.0,21.0,1.0,Rabbit
25.0,ambush,87.0,99.0,11.0,21.0,0.0,Rabbit
25.0,ambush,87.0,99.0,11.0,21.0,1.0,Rabbit
25.0,ambush,87.0,99.0,11.0,21.0,1.0,Rabbit
25.0,ambush,87.0,99.0,11.0,21.0,1.0,Rabbit
25.0,ambush,87.0,99.0,11.0,21.0,0.0,Rabbit
25.0,ambush,87.0,99.0,11.0,21.0,0.0,Rabbit
25.0,ambush,87.0,99.0,11.0,21.0,1.0,Rabbit
25.0,ambush,87.0,99.0,11.0,21.0,1.0,Rabbit
25.0,ambush,87.0,99.0,11.0,21.0,0.0,Rabbit
25.0,ambush,87.0,99.0,11.0,21.0,0.0,Rabbit
25.0,ambush,87.0,99.0,11.0,21.0,1.0,Rabbit
25.0,ambush,87.0,99.0,11.0,21.0,1.0,Rabbit
25.0,ambush,87.0,99.0,11.0,21.0,1.0,Rabbit
25.0,ambush,87.0,99.0,11.0,21.0,0.0,Rabbit
25.0,ambush,82.0,99.0,15.0,21.0,0.0,Rabbit
25.0,ambush,87.0,99.0,11.0,21.0,1.0,Rabbit
25.0,ambush,87.0,99.0,11.0,21.0,0.0,Rabbit
25.0,ambush,87.0,99.0,11.0,21.0,1.0,Rabbit
25.0,ambush,87.0,99.0,11.0,21.0,0.0,Rabbit
25.0,ambush,87.0,99.0,11.0,21.0,1.0,Rabbit
25.0,ambush,87.0,99.0,11.0,21.0,0.0,Rabbit
25.0,ambush,87.0,99.0,11.0,21.0,0.0,Rabbit
25.0,ambush,87.0,99.0,11.0,21.0,0.0,Rabbit
25.0,ambush,87.0,99.0,11.0,21.0,0.0,Rabbit
25.0,ambush,87.0,99.0,11.0,21.0,0.0,Rabbit
25.0,ambush,87.0,99.0,11.0,21.0,1.0,Rabbit
25.0,ambush,82.0,99.0,15.0,21.0,0.0,Rabbit
25.0,ambush,87.0,99.0,11.0,21.0,0.0,Rabbit
25.0,ambush,87.0,99.0,11.0,21.0,0.0,Rabbit
25.0,ambush,87.0,99.0,11.0,21.0,0.0,Rabbit
25.0,ambush,87.0,99.0,11.0,21.0,0.0,Rabbit
25.0,ambush,87.0,99.0,11.0,21.0,1.0,Rabbit
25.0,ambush,87.0,99.0,11.0,21.0,0.0,Rabbit
25.0,ambush,87.0,99.0,11.0,21.0,0.0,Rabbit
25.0,ambush,87.0,99.0,11.0,21.0,1.0,Rabbit
25.0,ambush,87.0,99.0,11.0,21.0,1.0,Rabbit
25.0,ambush,87.0,99.0,11.0,21.0,0.0,Rabbit
25.0,ambush,87.0,99.0,11.0,21.0,1.0,Rabbit
25.0,ambush,87.0,99.0,11.0,21.0,0.0,Rabbit
25.0,ambush,87.0,99.0,11.0,21.0,0.0,Rabbit
25.0,ambush,87.0,99.0,11.0,21.0,1.0,Rabbit
25.0,ambush,87.0,99.0,11.0,21.0,1.0,Rabbit
25.0,ambush,87.0,99.0,11.0,21.0,1.0,Rabbit
25.0,ambush,87.0,99.0,11.0,21.0,0.0,Rabbit
25.0,ambush,87.0,99.0,11.0,21.0,0.0,Rabbit
25.0,ambush,87.0,99.0,11.0,21.0,0.0,Rabbit
25.0,ambush,87.0,99.0,11.0,21.0,0.0,Rabbit
25.0,ambush,87.0,99.0,11.0,21.0,0.0,Rabbit
25.0,ambush,87.0,99.0,11.0,21.0,0.0,Rabbit
25.0,ambush,87.0,99.0,11.0,21.0,0.0,Rabbit
25.0,ambush,87.0,99.0,11.0,21.0,1.0,Rabbit
25.0,ambush,87.0,99.0,11.0,21.0,1.0,Rabbit
25.0,ambush,87.0,100.0,11.0,21.0,0.0,Rabbit
25.0,ambush,87.0,99.0,11.0,21.0,0.0,Rabbit
25.0,ambush,87.0,99.0,11.0,21.0,0.0,Rabbit
25.0,ambush,87.0,99.0,11.0,21.0,0.0,Rabbit
25.0,ambush,87.0,99.0,11.0,21.0,1.0,Rabbit
25.0,ambush,87.0,99.0,12.0,21.0,1.0,Rabbit
25.0,ambush,87.0,99.0,11.0,21.0,1.0,Rabbit
25.0,ambush,87.0,99.0,11.0,21.0,1.0,Rabbit
25.0,ambush,87.0,99.0,11.0,21.0,1.0,Rabbit
25.0,ambush,87.0,99.0,11.0,21.0,1.0,Rabbit
25.0,ambush,87.0,99.0,11.0,21.0,0.0,Rabbit
25.0,ambush,87.0,99.0,11.0,21.0,0.0,Rabbit
25.0,ambush,87.0,99.0,11.0,21.0,1.0,Rabbit
25.0,ambush,87.0,99.0,11.0,21.0,0.0,Rabbit
25.0,ambush,87.0,99.0,11.0,21.0,0.0,Rabbit
25.0,ambush,87.0,99.0,11.0,21.0,1.0,Rabbit
25.0,ambush,87.0,99.0,11.0,21.0,0.0,Rabbit
25.0,ambush,87.0,99.0,11.0,21.0,0.0,Rabbit
25.0,ambush,87.0,99.0,11.0,21.0,1.0,Rabbit
25.0,ambush,87.0,99.0,11.0,21.0,0.0,Rabbit
25.0,ambush,87.0,99.0,11.0,21.0,0.0,Rabbit
25.0,ambush,87.0,99.0,11.0,21.0,0.0,Rabbit
25.0,ambush,87.0,99.0,11.0,21.0,1.0,Rabbit
25.0,ambush,87.0,99.0,11.0,21.0,0.0,Rabbit
25.0,ambush,87.0,99.0,11.0,21.0,0.0,Rabbit
25.0,ambush,87.0,99.0,11.0,21.0,1.0,Rabbit
25.0,ambush,87.0,99.0,11.0,21.0,0.0,Rabbit
25.0,ambush,87.0,99.0,11.0,21.0,1.0,Rabbit
25.0,ambush,87.0,99.0,11.0,21.0,1.0,Rabbit
25.0,ambush,87.0,99.0,11.0,21.0,0.0,Rabbit
25.0,ambush,87.0,99.0,13.0,21.0,0.0,Rabbit
25.0,ambush,87.0,99.0,11.0,24.0,1.0,Rabbit
25.0,ambush,87.0,99.0,11.0,24.0,1.0,Rabbit
25.0,ambush,87.0,99.0,11.0,24.0,1.0,Rabbit
25.0,ambush,87.0,99.0,11.0,24.0,0.0,Rabbit
25.0,ambush,87.0,99.0,11.0,21.0,0.0,Rabbit
25.0,ambush,95.0,94.0,11.0,21.0,1.0,Rabbit
25.0,ambush,87.0,95.0,11.0,24.0,0.0,Rabbit
25.0,ambush,91.0,99.0,11.0,21.0,1.0,Rabbit
25.0,ambush,91.0,99.0,11.0,21.0,1.0,Rabbit
25.0,ambush,91.0,99.0,11.0,21.0,1.0,Rabbit
25.0,ambush,87.0,99.0,11.0,21.0,0.0,Rabbit
25.0,ambush,87.0,99.0,11.0,21.0,0.0,Rabbit
25.0,ambush,95.0,94.0,11.0,21.0,1.0,Rabbit
25.0,ambush,62.0,14.0,79.0,52.0,0.0,Rabbit
25.0,ambush,95.0,94.0,11.0,21.0,0.0,Rabbit
25.0,ambush,87.0,99.0,11.0,24.0,0.0,Rabbit
25.0,ambush,84.0,99.0,11.0,19.0,0.0,Rabbit
26.0,ambush,62.0,14.0,79.0,52.0,0.0,Rabbit
26.0,ambush,62.0,14.0,79.0,52.0,1.0,Rabbit
26.0,ambush,62.0,14.0,79.0,52.0,0.0,Rabbit
26.0,ambush,87.0,91.0,13.0,21.0,1.0,Rabbit
26.0,ambush,87.0,99.0,7.0,19.0,1.0,Rabbit
26.0,ambush,87.0,91.0,13.0,21.0,1.0,Rabbit
26.0,ambush,87.0,91.0,13.0,21.0,1.0,Rabbit
26.0,ambush,87.0,100.0,9.0,17.0,1.0,Rabbit
26.0,ambush,62.0,17.0,79.0,52.0,1.0,Rabbit
26.0,ambush,62.0,14.0,79.0,52.0,1.0,Rabbit
26.0,ambush,87.0,98.0,11.0,17.0,1.0,Rabbit
26.0,ambush,84.0,99.0,11.0,19.0,1.0,Rabbit
26.0,ambush,87.0,98.0,11.0,17.0,1.0,Rabbit
26.0,ambush,84.0,99.0,11.0,19.0,1.0,Rabbit
26.0,ambush,84.0,99.0,11.0,19.0,1.0,Rabbit
26.0,ambush,84.0,99.0,11.0,19.0,1.0,Rabbit
26.0,ambush,87.0,98.0,11.0,17.0,1.0,Rabbit
26.0,ambush,87.0,100.0,11.0,21.0,1.0,Rabbit
26.0,ambush,84.0,99.0,11.0,19.0,1.0,Rabbit
26.0,ambush,84.0,99.0,11.0,19.0,0.0,Rabbit
26.0,ambush,84.0,99.0,11.0,19.0,1.0,Rabbit
26.0,ambush,84.0,99.0,11.0,19.0,0.0,Rabbit
26.0,ambush,84.0,99.0,11.0,19.0,1.0,Rabbit
26.0,ambush,84.0,99.0,11.0,19.0,0.0,Rabbit
26.0,ambush,84.0,99.0,11.0,19.0,0.0,Rabbit
26.0,ambush,84.0,99.0,11.0,19.0,1.0,Rabbit
26.0,ambush,84.0,99.0,11.0,19.0,0.0,Rabbit
26.0,ambush,87.0,95.0,11.0,21.0,1.0,Rabbit
26.0,ambush,87.0,95.0,11.0,21.0,0.0,Rabbit
26.0,ambush,84.0,99.0,15.0,19.0,0.0,Rabbit
26.0,ambush,87.0,95.0,11.0,21.0,1.0,Rabbit
26.0,ambush,87.0,99.0,8.0,21.0,1.0,Rabbit
26.0,ambush,87.0,95.0,11.0,21.0,1.0,Rabbit
26.0,ambush,87.0,95.0,11.0,21.0,0.0,Rabbit
26.0,ambush,62.0,14.0,79.0,52.0,0.0,Rabbit
26.0,ambush,87.0,99.0,8.0,21.0,1.0,Rabbit
26.0,ambush,62.0,14.0,79.0,52.0,1.0,Rabbit
26.0,ambush,87.0,99.0,8.0,21.0,1.0,Rabbit
26.0,ambush,87.0,96.0,11.0,21.0,1.0,Rabbit
26.0,ambush,82.0,99.0,11.0,23.0,1.0,Rabbit
26.0,ambush,87.0,99.0,8.0,21.0,0.0,Rabbit
26.0,ambush,87.0,96.0,11.0,21.0,1.0,Rabbit
26.0,ambush,82.0,99.0,11.0,23.0,0.0,Rabbit
26.0,ambush,84.0,99.0,11.0,19.0,1.0,Rabbit
26.0,ambush,82.0,99.0,11.0,23.0,1.0,Rabbit
26.0,ambush,87.0,96.0,11.0,21.0,1.0,Rabbit
26.0,ambush,87.0,96.0,11.0,21.0,1.0,Rabbit
26.0,ambush,82.0,98.0,15.0,21.0,1.0,Rabbit
26.0,ambush,82.0,98.0,15.0,21.0,0.0,Rabbit
26.0,ambush,82.0,98.0,15.0,21.0,1.0,Rabbit
26.0,ambush,82.0,98.0,15.0,21.0,0.0,Rabbit
26.0,ambush,82.0,99.0,15.0,21.0,1.0,Rabbit
26.0,ambush,82.0,99.0,15.0,21.0,1.0,Rabbit
26.0,ambush,82.0,99.0,15.0,21.0,0.0,Rabbit
26.0,ambush,82.0,99.0,15.0,21.0,1.0,Rabbit
26.0,ambush,82.0,99.0,15.0,21.0,1.0,Rabbit
26.0,ambush,87.0,99.0,10.0,21.0,1.0,Rabbit
26.0,ambush,82.0,99.0,15.0,21.0,1.0,Rabbit
26.0,ambush,82.0,99.0,15.0,21.0,1.0,Rabbit
26.0,ambush,82.0,99.0,15.0,21.0,0.0,Rabbit
26.0,ambush,82.0,99.0,15.0,21.0,1.0,Rabbit
26.0,ambush,82.0,99.0,11.0,23.0,0.0,Rabbit
26.0,ambush,87.0,99.0,8.0,21.0,0.0,Rabbit
26.0,ambush,82.0,99.0,15.0,21.0,1.0,Rabbit
26.0,ambush,82.0,99.0,15.0,21.0,1.0,Rabbit
26.0,ambush,82.0,99.0,15.0,21.0,1.0,Rabbit
26.0,ambush,87.0,99.0,11.0,21.0,1.0,Rabbit
26.0,ambush,82.0,99.0,11.0,23.0,0.0,Rabbit
26.0,ambush,87.0,99.0,11.0,21.0,0.0,Rabbit
26.0,ambush,82.0,99.0,15.0,21.0,0.0,Rabbit
26.0,ambush,87.0,99.0,11.0,21.0,1.0,Rabbit
26.0,ambush,87.0,99.0,11.0,21.0,0.0,Rabbit
26.0,ambush,87.0,96.0,11.0,21.0,0.0,Rabbit
26.0,ambush,87.0,99.0,11.0,21.0,1.0,Rabbit
26.0,ambush,87.0,99.0,11.0,21.0,1.0,Rabbit
26.0,ambush,87.0,99.0,11.0,21.0,1.0,Rabbit
26.0,ambush,87.0,99.0,11.0,21.0,1.0,Rabbit
26.0,ambush,87.0,99.0,11.0,21.0,0.0,Rabbit
26.0,ambush,87.0,99.0,11.0,21.0,1.0,Rabbit
26.0,ambush,87.0,99.0,11.0,21.0,1.0,Rabbit
26.0,ambush,87.0,99.0,11.0,21.0,0.0,Rabbit
26.0,ambush,87.0,99.0,11.0,21.0,1.0,Rabbit
26.0,ambush,87.0,99.0,11.0,21.0,1.0,Rabbit
26.0,ambush,87.0,99.0,11.0,21.0,1.0,Rabbit
26.0,ambush,87.0,99.0,11.0,21.0,1.0,Rabbit
26.0,ambush,87.0,99.0,11.0,21.0,1.0,Rabbit
26.0,ambush,87.0,99.0,11.0,21.0,1.0,Rabbit
26.0,ambush,82.0,99.0,15.0,21.0,0.0,Rabbit
26.0,ambush,87.0,99.0,11.0,21.0,0.0,Rabbit
26.0,ambush,87.0,99.0,11.0,21.0,1.0,Rabbit
26.0,ambush,87.0,99.0,11.0,21.0,0.0,Rabbit
26.0,ambush,87.0,99.0,11.0,21.0,0.0,Rabbit
26.0,ambush,87.0,99.0,11.0,21.0,1.0,Rabbit
26.0,ambush,87.0,99.0,11.0,21.0,1.0,Rabbit
26.0,ambush,87.0,99.0,11.0,21.0,1.0,Rabbit
26.0,ambush,87.0,99.0,11.0,21.0,0.0,Rabbit
26.0,ambush,87.0,99.0,11.0,21.0,1.0,Rabbit
26.0,ambush,87.0,99.0,11.0,21.0,1.0,Rabbit
26.0,ambush,87.0,99.0,11.0,21.0,1.0,Rabbit
26.0,ambush,87.0,99.0,11.0,21.0,1.0,Rabbit
26.0,ambush,87.0,99.0,11.0,21.0,0.0,Rabbit
26.0,ambush,87.0,99.0,11.0,21.0,1.0,Rabbit
26.0,ambush,87.0,99.0,11.0,21.0,0.0,Rabbit
26.0,ambush,87.0,99.0,11.0,21.0,0.0,Rabbit
26.0,ambush,87.0,99.0,11.0,21.0,1.0,Rabbit
26.0,ambush,87.0,99.0,11.0,21.0,1.0,Rabbit
26.0,ambush,87.0,99.0,11.0,21.0,0.0,Rabbit
26.0,ambush,87.0,99.0,11.0,17.0,1.0,Rabbit
26.0,ambush,82.0,99.0,11.0,23.0,1.0,Rabbit
26.0,ambush,87.0,99.0,11.0,21.0,1.0,Rabbit
26.0,ambush,87.0,99.0,11.0,21.0,1.0,Rabbit
26.0,ambush,82.0,99.0,15.0,21.0,0.0,Rabbit
26.0,ambush,87.0,99.0,11.0,21.0,0.0,Rabbit
26.0,ambush,87.0,99.0,11.0,21.0,0.0,Rabbit
26.0,ambush,87.0,99.0,11.0,21.0,1.0,Rabbit
26.0,ambush,87.0,99.0,11.0,21.0,1.0,Rabbit
26.0,ambush,87.0,99.0,11.0,21.0,0.0,Rabbit
26.0,ambush,85.0,99.0,11.0,21.0,0.0,Rabbit
26.0,ambush,87.0,99.0,11.0,21.0,0.0,Rabbit
26.0,ambush,87.0,99.0,11.0,21.0,1.0,Rabbit
26.0,ambush,87.0,99.0,11.0,21.0,1.0,Rabbit
26.0,ambush,87.0,99.0,11.0,21.0,1.0,Rabbit
26.0,ambush,87.0,99.0,11.0,21.0,1.0,Rabbit
26.0,ambush,87.0,99.0,11.0,21.0,0.0,Rabbit
26.0,ambush,87.0,99.0,11.0,21.0,0.0,Rabbit
26.0,ambush,87.0,99.0,11.0,21.0,1.0,Rabbit
26.0,ambush,87.0,99.0,11.0,21.0,1.0,Rabbit
26.0,ambush,87.0,99.0,11.0,21.0,1.0,Rabbit
26.0,ambush,87.0,99.0,11.0,21.0,1.0,Rabbit
26.0,ambush,87.0,99.0,11.0,21.0,1.0,Rabbit
26.0,ambush,87.0,99.0,11.0,21.0,1.0,Rabbit
26.0,ambush,87.0,99.0,11.0,21.0,1.0,Rabbit
26.0,ambush,87.0,99.0,11.0,21.0,0.0,Rabbit
26.0,ambush,87.0,99.0,11.0,21.0,0.0,Rabbit
26.0,ambush,87.0,99.0,11.0,21.0,1.0,Rabbit
26.0,ambush,87.0,99.0,11.0,21.0,1.0,Rabbit
26.0,ambush,87.0,99.0,11.0,21.0,1.0,Rabbit
26.0,ambush,87.0,99.0,11.0,21.0,1.0,Rabbit
26.0,ambush,87.0,99.0,11.0,21.0,0.0,Rabbit
26.0,ambush,87.0,99.0,11.0,21.0,1.0,Rabbit
26.0,ambush,87.0,99.0,11.0,21.0,1.0,Rabbit
26.0,ambush,87.0,99.0,11.0,17.0,0.0,Rabbit
26.0,ambush,87.0,99.0,11.0,21.0,1.0,Rabbit
26.0,ambush,87.0,99.0,11.0,21.0,1.0,Rabbit
26.0,ambush,87.0,99.0,11.0,21.0,0.0,Rabbit
26.0,ambush,87.0,99.0,11.0,24.0,1.0,Rabbit
26.0,ambush,87.0,99.0,11.0,21.0,1.0,Rabbit
26.0,ambush,87.0,99.0,11.0,21.0,1.0,Rabbit
26.0,ambush,87.0,99.0,11.0,24.0,1.0,Rabbit
26.0,ambush,87.0,99.0,11.0,24.0,1.0,Rabbit
26.0,ambush,87.0,99.0,11.0,24.0,0.0,Rabbit
26.0,ambush,87.0,99.0,11.0,24.0,1.0,Rabbit
26.0,ambush,87.0,99.0,11.0,24.0,1.0,Rabbit
26.0,ambush,95.0,94.0,11.0,21.0,1.0,Rabbit
26.0,ambush,95.0,94.0,11.0,21.0,1.0,Rabbit
26.0,ambush,87.0,99.0,11.0,24.0,1.0,Rabbit
26.0,ambush,87.0,99.0,12.0,21.0,0.0,Rabbit
26.0,ambush,87.0,99.0,11.0,24.0,1.0,Rabbit
26.0,ambush,87.0,99.0,11.0,21.0,0.0,Rabbit
27.0,ambush,62.0,17.0,79.0,52.0,0.0,Rabbit
27.0,ambush,62.0,14.0,79.0,52.0,0.0,Rabbit
27.0,ambush,87.0,91.0,13.0,21.0,1.0,Rabbit
27.0,ambush,87.0,99.0,7.0,19.0,1.0,Rabbit
27.0,ambush,62.0,14.0,79.0,52.0,1.0,Rabbit
27.0,ambush,84.0,99.0,11.0,19.0,1.0,Rabbit
27.0,ambush,62.0,14.0,79.0,52.0,1.0,Rabbit
27.0,ambush,87.0,91.0,13.0,21.0,0.0,Rabbit
27.0,ambush,87.0,91.0,13.0,21.0,1.0,Rabbit
27.0,ambush,62.0,14.0,79.0,52.0,1.0,Rabbit
27.0,ambush,87.0,91.0,13.0,21.0,0.0,Rabbit
27.0,ambush,87.0,98.0,11.0,17.0,1.0,Rabbit
27.0,ambush,62.0,14.0,79.0,52.0,1.0,Rabbit
27.0,ambush,84.0,99.0,11.0,19.0,1.0,Rabbit
27.0,ambush,87.0,98.0,11.0,17.0,0.0,Rabbit
27.0,ambush,84.0,99.0,11.0,19.0,1.0,Rabbit
27.0,ambush,84.0,99.0,11.0,19.0,1.0,Rabbit
27.0,ambush,84.0,99.0,11.0,19.0,1.0,Rabbit
27.0,ambush,84.0,99.0,11.0,19.0,1.0,Rabbit
27.0,ambush,84.0,99.0,11.0,19.0,0.0,Rabbit
27.0,ambush,84.0,99.0,11.0,19.0,0.0,Rabbit
27.0,ambush,84.0,99.0,11.0,19.0,0.0,Rabbit
27.0,ambush,87.0,98.0,11.0,17.0,0.0,Rabbit
27.0,ambush,87.0,98.0,11.0,17.0,0.0,Rabbit
27.0,ambush,87.0,98.0,11.0,17.0,1.0,Rabbit
27.0,ambush,87.0,100.0,9.0,17.0,1.0,Rabbit
27.0,ambush,87.0,98.0,11.0,17.0,1.0,Rabbit
27.0,ambush,84.0,99.0,11.0,19.0,1.0,Rabbit
27.0,ambush,87.0,98.0,11.0,17.0,1.0,Rabbit
27.0,ambush,84.0,99.0,11.0,19.0,1.0,Rabbit
27.0,ambush,87.0,100.0,9.0,17.0,0.0,Rabbit
27.0,ambush,87.0,100.0,9.0,17.0,0.0,Rabbit
27.0,ambush,84.0,99.0,11.0,19.0,0.0,Rabbit
27.0,ambush,87.0,95.0,11.0,21.0,1.0,Rabbit
27.0,ambush,84.0,99.0,11.0,19.0,1.0,Rabbit
27.0,ambush,87.0,95.0,11.0,21.0,1.0,Rabbit
27.0,ambush,87.0,99.0,11.0,23.0,1.0,Rabbit
27.0,ambush,87.0,95.0,11.0,21.0,1.0,Rabbit
27.0,ambush,62.0,14.0,79.0,52.0,0.0,Rabbit
27.0,ambush,84.0,99.0,11.0,19.0,0.0,Rabbit
27.0,ambush,87.0,99.0,11.0,17.0,0.0,Rabbit
27.0,ambush,87.0,96.0,11.0,21.0,1.0,Rabbit
27.0,ambush,87.0,95.0,11.0,21.0,0.0,Rabbit
27.0,ambush,82.0,99.0,11.0,23.0,1.0,Rabbit
27.0,ambush,87.0,96.0,11.0,21.0,1.0,Rabbit
27.0,ambush,87.0,96.0,11.0,21.0,1.0,Rabbit
27.0,ambush,87.0,95.0,11.0,21.0,0.0,Rabbit
27.0,ambush,82.0,99.0,11.0,23.0,1.0,Rabbit
27.0,ambush,87.0,95.0,11.0,21.0,0.0,Rabbit
27.0,ambush,87.0,99.0,8.0,21.0,1.0,Rabbit
27.0,ambush,82.0,99.0,11.0,23.0,1.0,Rabbit
27.0,ambush,87.0,96.0,11.0,21.0,0.0,Rabbit
27.0,ambush,87.0,99.0,8.0,21.0,1.0,Rabbit
27.0,ambush,82.0,99.0,11.0,23.0,1.0,Rabbit
27.0,ambush,87.0,99.0,8.0,19.0,1.0,Rabbit
27.0,ambush,87.0,99.0,8.0,21.0,1.0,Rabbit
27.0,ambush,85.0,98.0,8.0,21.0,1.0,Rabbit
27.0,ambush,87.0,96.0,11.0,21.0,1.0,Rabbit
27.0,ambush,87.0,96.0,11.0,21.0,1.0,Rabbit
27.0,ambush,82.0,98.0,15.0,21.0,1.0,Rabbit
27.0,ambush,87.0,96.0,11.0,21.0,0.0,Rabbit
27.0,ambush,87.0,96.0,11.0,21.0,1.0,Rabbit
27.0,ambush,87.0,96.0,11.0,21.0,1.0,Rabbit
27.0,ambush,82.0,99.0,15.0,21.0,1.0,Rabbit
27.0,ambush,82.0,98.0,15.0,21.0,1.0,Rabbit
27.0,ambush,82.0,98.0,15.0,21.0,1.0,Rabbit
27.0,ambush,82.0,99.0,15.0,21.0,1.0,Rabbit
27.0,ambush,82.0,99.0,15.0,21.0,1.0,Rabbit
27.0,ambush,82.0,99.0,15.0,21.0,1.0,Rabbit
27.0,ambush,82.0,99.0,15.0,21.0,1.0,Rabbit
27.0,ambush,82.0,99.0,15.0,21.0,0.0,Rabbit
27.0,ambush,87.0,99.0,10.0,21.0,0.0,Rabbit
27.0,ambush,82.0,99.0,15.0,21.0,0.0,Rabbit
27.0,ambush,82.0,99.0,15.0,21.0,1.0,Rabbit
27.0,ambush,82.0,99.0,11.0,23.0,0.0,Rabbit
27.0,ambush,82.0,99.0,15.0,21.0,0.0,Rabbit
27.0,ambush,82.0,100.0,15.0,21.0,0.0,Rabbit
27.0,ambush,82.0,99.0,15.0,21.0,1.0,Rabbit
27.0,ambush,87.0,99.0,11.0,21.0,1.0,Rabbit
27.0,ambush,82.0,99.0,15.0,21.0,0.0,Rabbit
27.0,ambush,82.0,99.0,15.0,21.0,1.0,Rabbit
27.0,ambush,87.0,99.0,11.0,21.0,1.0,Rabbit
27.0,ambush,87.0,99.0,11.0,21.0,1.0,Rabbit
27.0,ambush,87.0,99.0,11.0,21.0,1.0,Rabbit
27.0,ambush,82.0,99.0,15.0,21.0,0.0,Rabbit
27.0,ambush,87.0,99.0,11.0,21.0,1.0,Rabbit
27.0,ambush,82.0,99.0,15.0,21.0,1.0,Rabbit
27.0,ambush,87.0,99.0,11.0,21.0,0.0,Rabbit
27.0,ambush,87.0,99.0,11.0,21.0,1.0,Rabbit
27.0,ambush,87.0,99.0,11.0,21.0,1.0,Rabbit
27.0,ambush,82.0,99.0,11.0,23.0,0.0,Rabbit
27.0,ambush,87.0,99.0,16.0,21.0,1.0,Rabbit
27.0,ambush,87.0,99.0,11.0,21.0,0.0,Rabbit
27.0,ambush,87.0,99.0,11.0,21.0,1.0,Rabbit
27.0,ambush,87.0,99.0,11.0,21.0,1.0,Rabbit
27.0,ambush,87.0,99.0,11.0,21.0,0.0,Rabbit
27.0,ambush,87.0,99.0,11.0,21.0,0.0,Rabbit
27.0,ambush,87.0,99.0,11.0,21.0,0.0,Rabbit
27.0,ambush,87.0,99.0,11.0,21.0,1.0,Rabbit
27.0,ambush,87.0,99.0,11.0,21.0,0.0,Rabbit
27.0,ambush,87.0,99.0,11.0,21.0,1.0,Rabbit
27.0,ambush,87.0,99.0,11.0,21.0,1.0,Rabbit
27.0,ambush,87.0,99.0,11.0,21.0,0.0,Rabbit
27.0,ambush,87.0,99.0,11.0,21.0,0.0,Rabbit
27.0,ambush,87.0,99.0,11.0,21.0,1.0,Rabbit
27.0,ambush,87.0,99.0,11.0,21.0,0.0,Rabbit
27.0,ambush,87.0,99.0,11.0,21.0,0.0,Rabbit
27.0,ambush,87.0,99.0,11.0,21.0,0.0,Rabbit
27.0,ambush,87.0,99.0,11.0,21.0,1.0,Rabbit
27.0,ambush,87.0,99.0,11.0,21.0,0.0,Rabbit
27.0,ambush,87.0,99.0,11.0,21.0,0.0,Rabbit
27.0,ambush,87.0,99.0,11.0,21.0,1.0,Rabbit
27.0,ambush,87.0,99.0,11.0,21.0,1.0,Rabbit
27.0,ambush,82.0,99.0,15.0,21.0,0.0,Rabbit
27.0,ambush,87.0,99.0,11.0,21.0,1.0,Rabbit
27.0,ambush,87.0,99.0,11.0,21.0,0.0,Rabbit
27.0,ambush,87.0,99.0,11.0,21.0,0.0,Rabbit
27.0,ambush,87.0,99.0,11.0,21.0,1.0,Rabbit
27.0,ambush,87.0,99.0,11.0,21.0,1.0,Rabbit
27.0,ambush,87.0,99.0,11.0,21.0,1.0,Rabbit
27.0,ambush,87.0,99.0,11.0,21.0,1.0,Rabbit
27.0,ambush,87.0,99.0,11.0,21.0,1.0,Rabbit
27.0,ambush,87.0,99.0,11.0,21.0,1.0,Rabbit
27.0,ambush,87.0,99.0,11.0,21.0,1.0,Rabbit
27.0,ambush,87.0,99.0,11.0,21.0,1.0,Rabbit
27.0,ambush,87.0,99.0,11.0,21.0,1.0,Rabbit
27.0,ambush,87.0,99.0,11.0,21.0,0.0,Rabbit
27.0,ambush,87.0,99.0,11.0,21.0,1.0,Rabbit
27.0,ambush,87.0,99.0,11.0,21.0,0.0,Rabbit
27.0,ambush,87.0,99.0,11.0,21.0,0.0,Rabbit
27.0,ambush,82.0,99.0,15.0,21.0,0.0,Rabbit
27.0,ambush,87.0,99.0,11.0,21.0,0.0,Rabbit
27.0,ambush,87.0,99.0,11.0,21.0,0.0,Rabbit
27.0,ambush,87.0,99.0,11.0,21.0,1.0,Rabbit
27.0,ambush,84.0,100.0,12.0,21.0,1.0,Rabbit
27.0,ambush,87.0,99.0,11.0,21.0,1.0,Rabbit
27.0,ambush,87.0,96.0,11.0,17.0,0.0,Rabbit
27.0,ambush,87.0,99.0,11.0,21.0,1.0,Rabbit
27.0,ambush,87.0,99.0,11.0,21.0,1.0,Rabbit
27.0,ambush,87.0,99.0,11.0,21.0,0.0,Rabbit
27.0,ambush,87.0,99.0,11.0,21.0,1.0,Rabbit
27.0,ambush,87.0,99.0,11.0,21.0,1.0,Rabbit
27.0,ambush,87.0,99.0,11.0,21.0,0.0,Rabbit
27.0,ambush,87.0,99.0,11.0,21.0,1.0,Rabbit
27.0,ambush,87.0,99.0,11.0,21.0,0.0,Rabbit
27.0,ambush,87.0,99.0,11.0,21.0,1.0,Rabbit
27.0,ambush,87.0,99.0,11.0,21.0,1.0,Rabbit
27.0,ambush,87.0,99.0,11.0,21.0,1.0,Rabbit
27.0,ambush,87.0,99.0,11.0,21.0,0.0,Rabbit
27.0,ambush,87.0,99.0,11.0,21.0,1.0,Rabbit
27.0,ambush,87.0,99.0,11.0,21.0,1.0,Rabbit
27.0,ambush,87.0,99.0,11.0,21.0,0.0,Rabbit
27.0,ambush,87.0,99.0,11.0,21.0,1.0,Rabbit
27.0,ambush,87.0,99.0,11.0,21.0,1.0,Rabbit
27.0,ambush,87.0,99.0,11.0,21.0,1.0,Rabbit
27.0,ambush,87.0,99.0,11.0,21.0,0.0,Rabbit
27.0,ambush,87.0,99.0,11.0,21.0,0.0,Rabbit
27.0,ambush,87.0,99.0,11.0,21.0,1.0,Rabbit
27.0,ambush,87.0,99.0,11.0,21.0,0.0,Rabbit
27.0,ambush,87.0,99.0,11.0,21.0,1.0,Rabbit
27.0,ambush,87.0,99.0,11.0,21.0,0.0,Rabbit
27.0,ambush,87.0,99.0,11.0,21.0,1.0,Rabbit
27.0,ambush,87.0,99.0,11.0,21.0,1.0,Rabbit
27.0,ambush,87.0,99.0,11.0,21.0,0.0,Rabbit
27.0,ambush,87.0,99.0,11.0,21.0,1.0,Rabbit
27.0,ambush,87.0,99.0,11.0,21.0,0.0,Rabbit
27.0,ambush,87.0,99.0,11.0,21.0,1.0,Rabbit
27.0,ambush,87.0,99.0,11.0,21.0,0.0,Rabbit
27.0,ambush,87.0,99.0,11.0,21.0,1.0,Rabbit
27.0,ambush,87.0,99.0,11.0,21.0,1.0,Rabbit
27.0,ambush,87.0,99.0,11.0,21.0,1.0,Rabbit
27.0,ambush,87.0,99.0,11.0,21.0,1.0,Rabbit
27.0,ambush,87.0,99.0,11.0,21.0,0.0,Rabbit
27.0,ambush,87.0,99.0,11.0,21.0,0.0,Rabbit
27.0,ambush,87.0,99.0,11.0,21.0,1.0,Rabbit
27.0,ambush,87.0,99.0,11.0,21.0,1.0,Rabbit
27.0,ambush,87.0,99.0,11.0,21.0,0.0,Rabbit
27.0,ambush,87.0,99.0,11.0,21.0,1.0,Rabbit
27.0,ambush,87.0,99.0,11.0,21.0,0.0,Rabbit
27.0,ambush,87.0,97.0,11.0,21.0,1.0,Rabbit
27.0,ambush,87.0,99.0,11.0,21.0,1.0,Rabbit
27.0,ambush,87.0,100.0,11.0,21.0,1.0,Rabbit
27.0,ambush,87.0,99.0,11.0,24.0,1.0,Rabbit
27.0,ambush,87.0,99.0,11.0,21.0,0.0,Rabbit
27.0,ambush,87.0,99.0,11.0,21.0,1.0,Rabbit
27.0,ambush,87.0,99.0,11.0,21.0,0.0,Rabbit
27.0,ambush,87.0,99.0,11.0,24.0,1.0,Rabbit
27.0,ambush,87.0,99.0,11.0,24.0,1.0,Rabbit
27.0,ambush,95.0,94.0,11.0,21.0,1.0,Rabbit
27.0,ambush,87.0,99.0,11.0,24.0,1.0,Rabbit
27.0,ambush,95.0,94.0,11.0,21.0,1.0,Rabbit
27.0,ambush,87.0,99.0,11.0,24.0,0.0,Rabbit
27.0,ambush,87.0,97.0,10.0,21.0,0.0,Rabbit
27.0,ambush,87.0,99.0,11.0,24.0,1.0,Rabbit
27.0,ambush,87.0,99.0,11.0,24.0,1.0,Rabbit
27.0,ambush,87.0,99.0,11.0,24.0,1.0,Rabbit
27.0,ambush,87.0,99.0,11.0,24.0,1.0,Rabbit
27.0,ambush,87.0,99.0,11.0,24.0,1.0,Rabbit
27.0,ambush,87.0,99.0,11.0,24.0,1.0,Rabbit
27.0,ambush,87.0,99.0,11.0,24.0,0.0,Rabbit
27.0,ambush,87.0,99.0,11.0,24.0,0.0,Rabbit
27.0,ambush,87.0,99.0,11.0,24.0,1.0,Rabbit
27.0,ambush,95.0,94.0,11.0,21.0,0.0,Rabbit
27.0,ambush,87.0,99.0,11.0,21.0,0.0,Rabbit
28.0,ambush,62.0,14.0,79.0,52.0,1.0,Rabbit
28.0,ambush,62.0,14.0,79.0,52.0,0.0,Rabbit
28.0,ambush,62.0,14.0,79.0,52.0,1.0,Rabbit
28.0,ambush,62.0,14.0,79.0,52.0,0.0,Rabbit
28.0,ambush,62.0,14.0,79.0,52.0,0.0,Rabbit
28.0,ambush,87.0,99.0,7.0,19.0,1.0,Rabbit
28.0,ambush,62.0,14.0,79.0,52.0,1.0,Rabbit
28.0,ambush,87.0,91.0,13.0,21.0,1.0,Rabbit
28.0,ambush,85.0,98.0,8.0,21.0,1.0,Rabbit
28.0,ambush,87.0,99.0,7.0,19.0,0.0,Rabbit
28.0,ambush,87.0,91.0,13.0,21.0,0.0,Rabbit
28.0,ambush,87.0,91.0,13.0,21.0,0.0,Rabbit
28.0,ambush,82.0,98.0,8.0,21.0,0.0,Rabbit
28.0,ambush,87.0,98.0,11.0,17.0,1.0,Rabbit
28.0,ambush,87.0,98.0,11.0,17.0,0.0,Rabbit
28.0,ambush,87.0,100.0,9.0,17.0,0.0,Rabbit
28.0,ambush,84.0,99.0,11.0,19.0,0.0,Rabbit
28.0,ambush,87.0,100.0,9.0,17.0,0.0,Rabbit
28.0,ambush,84.0,99.0,11.0,19.0,1.0,Rabbit
28.0,ambush,62.0,14.0,79.0,52.0,0.0,Rabbit
28.0,ambush,84.0,99.0,11.0,19.0,1.0,Rabbit
28.0,ambush,87.0,98.0,11.0,17.0,1.0,Rabbit
28.0,ambush,84.0,99.0,11.0,19.0,1.0,Rabbit
28.0,ambush,84.0,99.0,11.0,19.0,0.0,Rabbit
28.0,ambush,62.0,14.0,79.0,53.0,0.0,Rabbit
28.0,ambush,87.0,98.0,11.0,17.0,0.0,Rabbit
28.0,ambush,84.0,99.0,11.0,19.0,0.0,Rabbit
28.0,ambush,85.0,98.0,8.0,22.0,0.0,Rabbit
28.0,ambush,87.0,99.0,11.0,19.0,1.0,Rabbit
28.0,ambush,84.0,99.0,11.0,19.0,0.0,Rabbit
28.0,ambush,84.0,99.0,11.0,19.0,0.0,Rabbit
28.0,ambush,84.0,99.0,11.0,19.0,1.0,Rabbit
28.0,ambush,84.0,99.0,11.0,19.0,0.0,Rabbit
28.0,ambush,84.0,99.0,11.0,16.0,0.0,Rabbit
28.0,ambush,87.0,98.0,11.0,17.0,1.0,Rabbit
28.0,ambush,84.0,99.0,11.0,19.0,1.0,Rabbit
28.0,ambush,87.0,99.0,8.0,19.0,1.0,Rabbit
28.0,ambush,87.0,99.0,8.0,19.0,1.0,Rabbit
28.0,ambush,87.0,98.0,11.0,17.0,1.0,Rabbit
28.0,ambush,84.0,99.0,11.0,19.0,1.0,Rabbit
28.0,ambush,87.0,96.0,11.0,19.0,1.0,Rabbit
28.0,ambush,84.0,99.0,11.0,19.0,0.0,Rabbit
28.0,ambush,84.0,99.0,11.0,19.0,0.0,Rabbit
28.0,ambush,87.0,98.0,11.0,17.0,1.0,Rabbit
28.0,ambush,87.0,95.0,11.0,21.0,1.0,Rabbit
28.0,ambush,87.0,98.0,11.0,17.0,0.0,Rabbit
28.0,ambush,87.0,98.0,11.0,17.0,1.0,Rabbit
28.0,ambush,87.0,95.0,11.0,21.0,1.0,Rabbit
28.0,ambush,84.0,99.0,11.0,19.0,0.0,Rabbit
28.0,ambush,87.0,95.0,11.0,21.0,1.0,Rabbit
28.0,ambush,87.0,97.0,8.0,21.0,1.0,Rabbit
28.0,ambush,87.0,96.0,8.0,21.0,1.0,Rabbit
28.0,ambush,87.0,95.0,11.0,21.0,0.0,Rabbit
28.0,ambush,87.0,99.0,8.0,21.0,1.0,Rabbit
28.0,ambush,84.0,99.0,11.0,19.0,0.0,Rabbit
28.0,ambush,87.0,95.0,11.0,21.0,0.0,Rabbit
28.0,ambush,87.0,96.0,11.0,21.0,1.0,Rabbit
28.0,ambush,87.0,96.0,11.0,21.0,1.0,Rabbit
28.0,ambush,87.0,96.0,11.0,21.0,1.0,Rabbit
28.0,ambush,87.0,96.0,11.0,21.0,1.0,Rabbit
28.0,ambush,82.0,99.0,11.0,23.0,1.0,Rabbit
28.0,ambush,87.0,96.0,11.0,21.0,0.0,Rabbit
28.0,ambush,82.0,99.0,11.0,23.0,1.0,Rabbit
28.0,ambush,82.0,99.0,11.0,23.0,0.0,Rabbit
28.0,ambush,82.0,99.0,11.0,23.0,1.0,Rabbit
28.0,ambush,82.0,99.0,11.0,23.0,0.0,Rabbit
28.0,ambush,62.0,14.0,79.0,52.0,0.0,Rabbit
28.0,ambush,87.0,96.0,11.0,21.0,0.0,Rabbit
28.0,ambush,82.0,99.0,11.0,23.0,1.0,Rabbit
28.0,ambush,87.0,96.0,11.0,21.0,1.0,Rabbit
28.0,ambush,87.0,96.0,11.0,21.0,1.0,Rabbit
28.0,ambush,87.0,99.0,8.0,21.0,1.0,Rabbit
28.0,ambush,87.0,99.0,8.0,21.0,0.0,Rabbit
28.0,ambush,87.0,96.0,11.0,21.0,0.0,Rabbit
28.0,ambush,87.0,96.0,11.0,21.0,1.0,Rabbit
28.0,ambush,87.0,96.0,11.0,21.0,1.0,Rabbit
28.0,ambush,82.0,98.0,15.0,21.0,1.0,Rabbit
28.0,ambush,82.0,98.0,15.0,21.0,1.0,Rabbit
28.0,ambush,87.0,99.0,8.0,21.0,1.0,Rabbit
28.0,ambush,79.0,98.0,15.0,21.0,1.0,Rabbit
28.0,ambush,82.0,98.0,15.0,21.0,1.0,Rabbit
28.0,ambush,87.0,97.0,11.0,21.0,1.0,Rabbit
28.0,ambush,87.0,97.0,11.0,21.0,1.0,Rabbit
28.0,ambush,82.0,99.0,15.0,21.0,1.0,Rabbit
28.0,ambush,82.0,99.0,15.0,21.0,1.0,Rabbit
28.0,ambush,82.0,99.0,15.0,21.0,1.0,Rabbit
28.0,ambush,82.0,99.0,15.0,21.0,1.0,Rabbit
28.0,ambush,82.0,99.0,15.0,21.0,1.0,Rabbit
28.0,ambush,82.0,99.0,15.0,21.0,1.0,Rabbit
28.0,ambush,82.0,99.0,15.0,21.0,1.0,Rabbit
28.0,ambush,82.0,99.0,15.0,21.0,1.0,Rabbit
28.0,ambush,84.0,99.0,11.0,19.0,0.0,Rabbit
28.0,ambush,84.0,99.0,11.0,19.0,0.0,Rabbit
28.0,ambush,82.0,99.0,15.0,21.0,0.0,Rabbit
28.0,ambush,84.0,100.0,12.0,21.0,1.0,Rabbit
28.0,ambush,82.0,99.0,15.0,21.0,1.0,Rabbit
28.0,ambush,82.0,99.0,15.0,21.0,1.0,Rabbit
28.0,ambush,82.0,99.0,15.0,21.0,1.0,Rabbit
28.0,ambush,82.0,99.0,15.0,21.0,0.0,Rabbit
28.0,ambush,82.0,98.0,15.0,21.0,0.0,Rabbit
28.0,ambush,82.0,99.0,15.0,21.0,0.0,Rabbit
28.0,ambush,87.0,96.0,11.0,21.0,0.0,Rabbit
28.0,ambush,87.0,99.0,11.0,21.0,1.0,Rabbit
28.0,ambush,87.0,99.0,11.0,21.0,1.0,Rabbit
28.0,ambush,87.0,99.0,11.0,21.0,1.0,Rabbit
28.0,ambush,87.0,99.0,11.0,21.0,1.0,Rabbit
28.0,ambush,83.0,99.0,11.0,21.0,1.0,Rabbit
28.0,ambush,87.0,99.0,11.0,21.0,0.0,Rabbit
28.0,ambush,87.0,99.0,11.0,21.0,0.0,Rabbit
28.0,ambush,87.0,97.0,11.0,21.0,0.0,Rabbit
28.0,ambush,87.0,99.0,11.0,21.0,1.0,Rabbit
28.0,ambush,88.0,99.0,11.0,25.0,1.0,Rabbit
28.0,ambush,87.0,99.0,11.0,21.0,1.0,Rabbit
28.0,ambush,87.0,99.0,11.0,21.0,0.0,Rabbit
28.0,ambush,87.0,99.0,11.0,21.0,0.0,Rabbit
28.0,ambush,87.0,99.0,11.0,21.0,1.0,Rabbit
28.0,ambush,87.0,99.0,11.0,21.0,0.0,Rabbit
28.0,ambush,84.0,100.0,12.0,21.0,0.0,Rabbit
28.0,ambush,87.0,99.0,11.0,21.0,1.0,Rabbit
28.0,ambush,87.0,99.0,11.0,21.0,0.0,Rabbit
28.0,ambush,82.0,98.0,15.0,21.0,0.0,Rabbit
28.0,ambush,87.0,100.0,11.0,18.0,1.0,Rabbit
28.0,ambush,87.0,99.0,11.0,21.0,1.0,Rabbit
28.0,ambush,87.0,99.0,11.0,21.0,0.0,Rabbit
28.0,ambush,87.0,99.0,11.0,21.0,1.0,Rabbit
28.0,ambush,87.0,99.0,11.0,21.0,0.0,Rabbit
28.0,ambush,87.0,99.0,11.0,21.0,1.0,Rabbit
28.0,ambush,87.0,99.0,11.0,21.0,1.0,Rabbit
28.0,ambush,87.0,99.0,11.0,21.0,1.0,Rabbit
28.0,ambush,87.0,99.0,11.0,21.0,1.0,Rabbit
28.0,ambush,87.0,99.0,11.0,24.0,1.0,Rabbit
28.0,ambush,87.0,99.0,11.0,21.0,0.0,Rabbit
28.0,ambush,87.0,99.0,11.0,21.0,1.0,Rabbit
28.0,ambush,87.0,99.0,11.0,21.0,1.0,Rabbit
28.0,ambush,87.0,99.0,11.0,21.0,1.0,Rabbit
28.0,ambush,87.0,99.0,11.0,21.0,1.0,Rabbit
28.0,ambush,87.0,99.0,11.0,21.0,1.0,Rabbit
28.0,ambush,87.0,99.0,11.0,21.0,1.0,Rabbit
28.0,ambush,87.0,99.0,11.0,21.0,1.0,Rabbit
28.0,ambush,87.0,99.0,11.0,21.0,0.0,Rabbit
28.0,ambush,87.0,99.0,11.0,21.0,0.0,Rabbit
28.0,ambush,87.0,99.0,11.0,21.0,1.0,Rabbit
28.0,ambush,87.0,99.0,11.0,21.0,1.0,Rabbit
28.0,ambush,87.0,99.0,11.0,21.0,1.0,Rabbit
28.0,ambush,87.0,99.0,11.0,21.0,1.0,Rabbit
28.0,ambush,87.0,99.0,11.0,21.0,1.0,Rabbit
28.0,ambush,87.0,99.0,11.0,21.0,1.0,Rabbit
28.0,ambush,87.0,99.0,11.0,21.0,0.0,Rabbit
28.0,ambush,87.0,99.0,11.0,21.0,0.0,Rabbit
28.0,ambush,87.0,99.0,11.0,21.0,1.0,Rabbit
28.0,ambush,87.0,99.0,11.0,21.0,0.0,Rabbit
28.0,ambush,87.0,99.0,11.0,21.0,0.0,Rabbit
28.0,ambush,87.0,99.0,11.0,21.0,1.0,Rabbit
28.0,ambush,87.0,99.0,11.0,21.0,1.0,Rabbit
28.0,ambush,87.0,99.0,11.0,21.0,0.0,Rabbit
28.0,ambush,87.0,99.0,11.0,21.0,1.0,Rabbit
28.0,ambush,87.0,99.0,11.0,21.0,1.0,Rabbit
28.0,ambush,87.0,99.0,11.0,21.0,1.0,Rabbit
28.0,ambush,87.0,99.0,11.0,21.0,0.0,Rabbit
28.0,ambush,87.0,99.0,11.0,21.0,1.0,Rabbit
28.0,ambush,87.0,99.0,11.0,21.0,0.0,Rabbit
28.0,ambush,87.0,99.0,11.0,21.0,1.0,Rabbit
28.0,ambush,87.0,99.0,11.0,21.0,1.0,Rabbit
28.0,ambush,87.0,99.0,11.0,21.0,1.0,Rabbit
28.0,ambush,87.0,99.0,11.0,21.0,1.0,Rabbit
28.0,ambush,87.0,99.0,11.0,21.0,1.0,Rabbit
28.0,ambush,87.0,99.0,11.0,21.0,1.0,Rabbit
28.0,ambush,87.0,99.0,11.0,21.0,1.0,Rabbit
28.0,ambush,87.0,99.0,11.0,21.0,0.0,Rabbit
28.0,ambush,87.0,99.0,11.0,21.0,1.0,Rabbit
28.0,ambush,87.0,99.0,11.0,21.0,0.0,Rabbit
28.0,ambush,84.0,99.0,11.0,19.0,1.0,Rabbit
28.0,ambush,87.0,99.0,11.0,21.0,1.0,Rabbit
28.0,ambush,87.0,99.0,11.0,21.0,0.0,Rabbit
28.0,ambush,87.0,99.0,11.0,21.0,0.0,Rabbit
28.0,ambush,87.0,99.0,11.0,21.0,1.0,Rabbit
28.0,ambush,87.0,99.0,11.0,21.0,1.0,Rabbit
28.0,ambush,87.0,99.0,11.0,21.0,1.0,Rabbit
28.0,ambush,87.0,99.0,11.0,21.0,0.0,Rabbit
28.0,ambush,87.0,99.0,11.0,21.0,0.0,Rabbit
28.0,ambush,87.0,98.0,14.0,21.0,1.0,Rabbit
28.0,ambush,87.0,99.0,11.0,21.0,0.0,Rabbit
28.0,ambush,87.0,99.0,11.0,24.0,0.0,Rabbit
28.0,ambush,87.0,99.0,11.0,21.0,0.0,Rabbit
28.0,ambush,87.0,99.0,11.0,21.0,0.0,Rabbit
28.0,ambush,87.0,99.0,11.0,21.0,0.0,Rabbit
28.0,ambush,87.0,99.0,11.0,21.0,1.0,Rabbit
28.0,ambush,87.0,99.0,11.0,21.0,0.0,Rabbit
28.0,ambush,87.0,99.0,11.0,21.0,0.0,Rabbit
28.0,ambush,87.0,99.0,11.0,21.0,1.0,Rabbit
28.0,ambush,87.0,99.0,11.0,21.0,1.0,Rabbit
28.0,ambush,87.0,99.0,11.0,21.0,0.0,Rabbit
28.0,ambush,87.0,99.0,11.0,21.0,1.0,Rabbit
28.0,ambush,87.0,99.0,11.0,21.0,0.0,Rabbit
28.0,ambush,87.0,99.0,11.0,21.0,1.0,Rabbit
28.0,ambush,87.0,99.0,11.0,21.0,0.0,Rabbit
28.0,ambush,87.0,99.0,11.0,21.0,1.0,Rabbit
28.0,ambush,87.0,99.0,11.0,21.0,1.0,Rabbit
28.0,ambush,87.0,99.0,11.0,21.0,1.0,Rabbit
28.0,ambush,87.0,99.0,11.0,21.0,1.0,Rabbit
28.0,ambush,87.0,99.0,11.0,21.0,1.0,Rabbit
28.0,ambush,87.0,99.0,11.0,21.0,1.0,Rabbit
28.0,ambush,87.0,99.0,11.0,21.0,1.0,Rabbit
28.0,ambush,87.0,99.0,11.0,21.0,1.0,Rabbit
28.0,ambush,87.0,99.0,11.0,21.0,0.0,Rabbit
28.0,ambush,87.0,99.0,11.0,21.0,1.0,Rabbit
28.0,ambush,87.0,99.0,11.0,21.0,0.0,Rabbit
28.0,ambush,87.0,99.0,11.0,21.0,1.0,Rabbit
28.0,ambush,87.0,99.0,11.0,21.0,1.0,Rabbit
28.0,ambush,87.0,99.0,11.0,21.0,1.0,Rabbit
28.0,ambush,87.0,99.0,11.0,21.0,1.0,Rabbit
28.0,ambush,87.0,99.0,11.0,21.0,1.0,Rabbit
28.0,ambush,87.0,99.0,11.0,21.0,1.0,Rabbit
28.0,ambush,87.0,98.0,11.0,21.0,1.0,Rabbit
28.0,ambush,87.0,100.0,11.0,21.0,1.0,Rabbit
28.0,ambush,87.0,99.0,11.0,21.0,0.0,Rabbit
28.0,ambush,87.0,99.0,11.0,21.0,0.0,Rabbit
28.0,ambush,87.0,99.0,11.0,21.0,1.0,Rabbit
28.0,ambush,87.0,99.0,11.0,23.0,1.0,Rabbit
28.0,ambush,87.0,99.0,11.0,24.0,1.0,Rabbit
28.0,ambush,87.0,99.0,11.0,21.0,1.0,Rabbit
28.0,ambush,91.0,99.0,10.0,24.0,1.0,Rabbit
28.0,ambush,95.0,94.0,11.0,21.0,1.0,Rabbit
28.0,ambush,87.0,100.0,11.0,21.0,0.0,Rabbit
28.0,ambush,87.0,99.0,11.0,24.0,1.0,Rabbit
28.0,ambush,87.0,99.0,11.0,24.0,1.0,Rabbit
28.0,ambush,87.0,99.0,11.0,24.0,1.0,Rabbit
28.0,ambush,95.0,94.0,11.0,21.0,1.0,Rabbit
28.0,ambush,87.0,99.0,11.0,21.0,0.0,Rabbit
28.0,ambush,95.0,94.0,11.0,21.0,1.0,Rabbit
28.0,ambush,87.0,99.0,11.0,24.0,1.0,Rabbit
28.0,ambush,87.0,99.0,11.0,24.0,1.0,Rabbit
28.0,ambush,87.0,99.0,11.0,24.0,1.0,Rabbit
28.0,ambush,87.0,99.0,11.0,24.0,1.0,Rabbit
28.0,ambush,87.0,99.0,11.0,24.0,1.0,Rabbit
28.0,ambush,87.0,99.0,11.0,24.0,1.0,Rabbit
28.0,ambush,87.0,99.0,11.0,24.0,1.0,Rabbit
28.0,ambush,87.0,99.0,11.0,21.0,0.0,Rabbit
28.0,ambush,87.0,99.0,11.0,24.0,0.0,Rabbit
28.0,ambush,95.0,94.0,11.0,21.0,1.0,Rabbit
28.0,ambush,87.0,99.0,11.0,24.0,1.0,Rabbit
28.0,ambush,87.0,99.0,11.0,24.0,1.0,Rabbit
28.0,ambush,87.0,99.0,16.0,21.0,1.0,Rabbit
28.0,ambush,87.0,99.0,11.0,24.0,1.0,Rabbit
28.0,ambush,87.0,99.0,11.0,24.0,0.0,Rabbit
28.0,ambush,87.0,99.0,16.0,20.0,1.0,Rabbit
28.0,ambush,95.0,94.0,11.0,21.0,0.0,Rabbit
28.0,ambush,87.0,99.0,16.0,21.0,0.0,Rabbit
28.0,ambush,87.0,99.0,11.0,24.0,0.0,Rabbit
28.0,ambush,87.0,99.0,11.0,24.0,0.0,Rabbit
28.0,ambush,87.0,99.0,11.0,24.0,0.0,Rabbit
28.0,ambush,95.0,94.0,11.0,21.0,0.0,Rabbit
29.0,ambush,62.0,14.0,79.0,52.0,0.0,Rabbit
29.0,ambush,62.0,14.0,79.0,52.0,1.0,Rabbit
29.0,ambush,62.0,14.0,79.0,52.0,0.0,Rabbit
29.0,ambush,62.0,14.0,79.0,52.0,0.0,Rabbit
29.0,ambush,85.0,98.0,8.0,21.0,1.0,Rabbit
29.0,ambush,87.0,99.0,7.0,19.0,1.0,Rabbit
29.0,ambush,62.0,14.0,79.0,52.0,1.0,Rabbit
29.0,ambush,85.0,98.0,8.0,21.0,0.0,Rabbit
29.0,ambush,87.0,99.0,7.0,19.0,1.0,Rabbit
29.0,ambush,62.0,14.0,79.0,52.0,1.0,Rabbit
29.0,ambush,87.0,96.0,8.0,21.0,1.0,Rabbit
29.0,ambush,85.0,98.0,8.0,21.0,0.0,Rabbit
29.0,ambush,84.0,99.0,11.0,19.0,0.0,Rabbit
29.0,ambush,87.0,91.0,13.0,21.0,1.0,Rabbit
29.0,ambush,84.0,99.0,11.0,19.0,1.0,Rabbit
29.0,ambush,84.0,99.0,11.0,19.0,1.0,Rabbit
29.0,ambush,87.0,98.0,11.0,17.0,1.0,Rabbit
29.0,ambush,84.0,99.0,11.0,19.0,1.0,Rabbit
29.0,ambush,87.0,98.0,11.0,17.0,0.0,Rabbit
29.0,ambush,87.0,98.0,11.0,17.0,1.0,Rabbit
29.0,ambush,84.0,99.0,11.0,19.0,0.0,Rabbit
29.0,ambush,87.0,96.0,11.0,19.0,1.0,Rabbit
29.0,ambush,84.0,99.0,11.0,19.0,0.0,Rabbit
29.0,ambush,87.0,96.0,11.0,19.0,1.0,Rabbit
29.0,ambush,87.0,98.0,11.0,17.0,0.0,Rabbit
29.0,ambush,87.0,98.0,11.0,17.0,1.0,Rabbit
29.0,ambush,87.0,99.0,7.0,19.0,0.0,Rabbit
29.0,ambush,84.0,99.0,11.0,19.0,0.0,Rabbit
29.0,ambush,87.0,100.0,9.0,17.0,0.0,Rabbit
29.0,ambush,87.0,98.0,11.0,17.0,1.0,Rabbit
29.0,ambush,87.0,98.0,11.0,17.0,0.0,Rabbit
29.0,ambush,87.0,97.0,8.0,21.0,1.0,Rabbit
29.0,ambush,87.0,98.0,11.0,17.0,0.0,Rabbit
29.0,ambush,87.0,98.0,11.0,17.0,0.0,Rabbit
29.0,ambush,87.0,98.0,11.0,17.0,0.0,Rabbit
29.0,ambush,87.0,98.0,11.0,17.0,1.0,Rabbit
29.0,ambush,87.0,99.0,8.0,19.0,1.0,Rabbit
29.0,ambush,87.0,99.0,8.0,19.0,1.0,Rabbit
29.0,ambush,87.0,99.0,8.0,19.0,0.0,Rabbit
29.0,ambush,79.0,98.0,15.0,21.0,0.0,Rabbit
29.0,ambush,87.0,99.0,8.0,19.0,0.0,Rabbit
29.0,ambush,79.0,98.0,15.0,21.0,1.0,Rabbit
29.0,ambush,84.0,99.0,11.0,19.0,1.0,Rabbit
29.0,ambush,87.0,95.0,11.0,21.0,1.0,Rabbit
29.0,ambush,84.0,99.0,11.0,19.0,0.0,Rabbit
29.0,ambush,87.0,95.0,11.0,21.0,1.0,Rabbit
29.0,ambush,84.0,99.0,11.0,19.0,0.0,Rabbit
29.0,ambush,87.0,95.0,11.0,21.0,1.0,Rabbit
29.0,ambush,87.0,95.0,11.0,21.0,1.0,Rabbit
29.0,ambush,87.0,95.0,11.0,21.0,1.0,Rabbit
29.0,ambush,87.0,95.0,11.0,21.0,1.0,Rabbit
29.0,ambush,87.0,95.0,11.0,21.0,1.0,Rabbit
29.0,ambush,87.0,96.0,11.0,21.0,1.0,Rabbit
29.0,ambush,87.0,95.0,11.0,21.0,0.0,Rabbit
29.0,ambush,87.0,100.0,8.0,21.0,1.0,Rabbit
29.0,ambush,87.0,99.0,8.0,21.0,1.0,Rabbit
29.0,ambush,87.0,96.0,11.0,21.0,0.0,Rabbit
29.0,ambush,82.0,99.0,11.0,23.0,1.0,Rabbit
29.0,ambush,87.0,96.0,11.0,21.0,0.0,Rabbit
29.0,ambush,82.0,99.0,11.0,23.0,1.0,Rabbit
29.0,ambush,87.0,99.0,8.0,21.0,0.0,Rabbit
29.0,ambush,87.0,96.0,11.0,21.0,0.0,Rabbit
29.0,ambush,87.0,96.0,11.0,21.0,1.0,Rabbit
29.0,ambush,87.0,98.0,11.0,17.0,0.0,Rabbit
29.0,ambush,87.0,96.0,11.0,21.0,1.0,Rabbit
29.0,ambush,87.0,99.0,8.0,21.0,0.0,Rabbit
29.0,ambush,84.0,99.0,11.0,19.0,0.0,Rabbit
29.0,ambush,82.0,99.0,11.0,23.0,1.0,Rabbit
29.0,ambush,87.0,99.0,8.0,21.0,1.0,Rabbit
29.0,ambush,87.0,96.0,11.0,21.0,0.0,Rabbit
29.0,ambush,82.0,99.0,11.0,23.0,1.0,Rabbit
29.0,ambush,87.0,96.0,11.0,21.0,1.0,Rabbit
29.0,ambush,87.0,96.0,11.0,21.0,1.0,Rabbit
29.0,ambush,87.0,96.0,11.0,21.0,1.0,Rabbit
29.0,ambush,87.0,96.0,11.0,21.0,1.0,Rabbit
29.0,ambush,82.0,99.0,11.0,23.0,1.0,Rabbit
29.0,ambush,87.0,96.0,11.0,21.0,1.0,Rabbit
29.0,ambush,87.0,96.0,11.0,21.0,1.0,Rabbit
29.0,ambush,83.0,99.0,11.0,21.0,0.0,Rabbit
29.0,ambush,87.0,96.0,11.0,21.0,1.0,Rabbit
29.0,ambush,87.0,96.0,11.0,21.0,0.0,Rabbit
29.0,ambush,87.0,96.0,11.0,21.0,1.0,Rabbit
29.0,ambush,82.0,99.0,11.0,23.0,0.0,Rabbit
29.0,ambush,87.0,96.0,11.0,21.0,0.0,Rabbit
29.0,ambush,87.0,97.0,11.0,21.0,1.0,Rabbit
29.0,ambush,82.0,99.0,11.0,23.0,1.0,Rabbit
29.0,ambush,87.0,96.0,11.0,21.0,0.0,Rabbit
29.0,ambush,87.0,99.0,8.0,21.0,1.0,Rabbit
29.0,ambush,82.0,98.0,15.0,21.0,1.0,Rabbit
29.0,ambush,87.0,99.0,11.0,19.0,0.0,Rabbit
29.0,ambush,82.0,98.0,15.0,21.0,0.0,Rabbit
29.0,ambush,82.0,98.0,15.0,21.0,0.0,Rabbit
29.0,ambush,87.0,97.0,11.0,21.0,1.0,Rabbit
29.0,ambush,87.0,97.0,11.0,21.0,1.0,Rabbit
29.0,ambush,82.0,98.0,15.0,21.0,0.0,Rabbit
29.0,ambush,82.0,98.0,15.0,21.0,1.0,Rabbit
29.0,ambush,87.0,97.0,11.0,21.0,0.0,Rabbit
29.0,ambush,82.0,98.0,15.0,21.0,0.0,Rabbit
29.0,ambush,82.0,98.0,15.0,21.0,1.0,Rabbit
29.0,ambush,87.0,100.0,11.0,18.0,0.0,Rabbit
29.0,ambush,87.0,100.0,11.0,18.0,0.0,Rabbit
29.0,ambush,87.0,100.0,16.0,18.0,0.0,Rabbit
29.0,ambush,87.0,98.0,11.0,21.0,1.0,Rabbit
29.0,ambush,82.0,99.0,15.0,21.0,1.0,Rabbit
29.0,ambush,87.0,98.0,11.0,21.0,1.0,Rabbit
29.0,ambush,87.0,99.0,8.0,21.0,0.0,Rabbit
29.0,ambush,82.0,99.0,15.0,21.0,1.0,Rabbit
29.0,ambush,82.0,99.0,15.0,21.0,0.0,Rabbit
29.0,ambush,82.0,99.0,15.0,21.0,1.0,Rabbit
29.0,ambush,82.0,98.0,15.0,21.0,0.0,Rabbit
29.0,ambush,82.0,99.0,15.0,21.0,1.0,Rabbit
29.0,ambush,82.0,99.0,15.0,21.0,1.0,Rabbit
29.0,ambush,82.0,99.0,15.0,24.0,1.0,Rabbit
29.0,ambush,82.0,99.0,15.0,21.0,0.0,Rabbit
29.0,ambush,82.0,99.0,15.0,21.0,1.0,Rabbit
29.0,ambush,82.0,99.0,15.0,21.0,1.0,Rabbit
29.0,ambush,82.0,99.0,15.0,21.0,1.0,Rabbit
29.0,ambush,82.0,99.0,15.0,21.0,1.0,Rabbit
29.0,ambush,82.0,99.0,15.0,21.0,1.0,Rabbit
29.0,ambush,82.0,99.0,15.0,21.0,1.0,Rabbit
29.0,ambush,82.0,99.0,15.0,21.0,0.0,Rabbit
29.0,ambush,82.0,99.0,15.0,21.0,0.0,Rabbit
29.0,ambush,82.0,95.0,15.0,21.0,0.0,Rabbit
29.0,ambush,82.0,99.0,15.0,21.0,1.0,Rabbit
29.0,ambush,82.0,99.0,15.0,21.0,0.0,Rabbit
29.0,ambush,82.0,99.0,15.0,21.0,1.0,Rabbit
29.0,ambush,82.0,99.0,15.0,21.0,1.0,Rabbit
29.0,ambush,87.0,99.0,11.0,21.0,1.0,Rabbit
29.0,ambush,82.0,99.0,15.0,21.0,1.0,Rabbit
29.0,ambush,84.0,100.0,12.0,21.0,0.0,Rabbit
29.0,ambush,87.0,99.0,11.0,21.0,1.0,Rabbit
29.0,ambush,82.0,99.0,15.0,21.0,0.0,Rabbit
29.0,ambush,87.0,99.0,11.0,21.0,0.0,Rabbit
29.0,ambush,87.0,96.0,11.0,21.0,0.0,Rabbit
29.0,ambush,87.0,99.0,11.0,21.0,0.0,Rabbit
29.0,ambush,87.0,99.0,11.0,21.0,0.0,Rabbit
29.0,ambush,87.0,99.0,11.0,21.0,1.0,Rabbit
29.0,ambush,87.0,99.0,11.0,21.0,1.0,Rabbit
29.0,ambush,87.0,99.0,11.0,21.0,1.0,Rabbit
29.0,ambush,87.0,99.0,11.0,21.0,0.0,Rabbit
29.0,ambush,87.0,99.0,11.0,21.0,1.0,Rabbit
29.0,ambush,87.0,99.0,11.0,21.0,1.0,Rabbit
29.0,ambush,87.0,99.0,11.0,21.0,0.0,Rabbit
29.0,ambush,87.0,99.0,11.0,21.0,1.0,Rabbit
29.0,ambush,82.0,99.0,11.0,23.0,0.0,Rabbit
29.0,ambush,87.0,99.0,11.0,21.0,1.0,Rabbit
29.0,ambush,87.0,99.0,11.0,21.0,0.0,Rabbit
29.0,ambush,87.0,99.0,11.0,21.0,1.0,Rabbit
29.0,ambush,87.0,99.0,11.0,21.0,0.0,Rabbit
29.0,ambush,87.0,99.0,11.0,21.0,1.0,Rabbit
29.0,ambush,87.0,99.0,11.0,21.0,1.0,Rabbit
29.0,ambush,87.0,99.0,11.0,21.0,1.0,Rabbit
29.0,ambush,87.0,99.0,11.0,21.0,1.0,Rabbit
29.0,ambush,87.0,99.0,11.0,21.0,0.0,Rabbit
29.0,ambush,87.0,99.0,11.0,21.0,0.0,Rabbit
29.0,ambush,87.0,99.0,11.0,21.0,1.0,Rabbit
29.0,ambush,87.0,99.0,11.0,21.0,0.0,Rabbit
29.0,ambush,87.0,96.0,11.0,19.0,0.0,Rabbit
30.0,ambush,62.0,14.0,79.0,52.0,0.0,Rabbit
30.0,ambush,62.0,14.0,79.0,52.0,0.0,Rabbit
30.0,ambush,62.0,14.0,79.0,52.0,0.0,Rabbit
30.0,ambush,87.0,99.0,7.0,19.0,1.0,Rabbit
30.0,ambush,62.0,14.0,79.0,52.0,1.0,Rabbit
30.0,ambush,87.0,91.0,13.0,21.0,1.0,Rabbit
30.0,ambush,87.0,91.0,13.0,21.0,1.0,Rabbit
30.0,ambush,62.0,14.0,79.0,52.0,0.0,Rabbit
30.0,ambush,62.0,14.0,79.0,52.0,1.0,Rabbit
30.0,ambush,85.0,98.0,8.0,21.0,1.0,Rabbit
30.0,ambush,87.0,99.0,7.0,19.0,1.0,Rabbit
30.0,ambush,62.0,14.0,79.0,52.0,1.0,Rabbit
30.0,ambush,87.0,91.0,13.0,21.0,1.0,Rabbit
30.0,ambush,84.0,99.0,11.0,19.0,1.0,Rabbit
30.0,ambush,87.0,96.0,8.0,21.0,1.0,Rabbit
30.0,ambush,84.0,99.0,11.0,19.0,1.0,Rabbit
30.0,ambush,87.0,99.0,7.0,19.0,1.0,Rabbit
30.0,ambush,87.0,96.0,8.0,21.0,0.0,Rabbit
30.0,ambush,87.0,96.0,8.0,21.0,0.0,Rabbit
30.0,ambush,87.0,98.0,11.0,17.0,1.0,Rabbit
30.0,ambush,84.0,99.0,11.0,19.0,1.0,Rabbit
30.0,ambush,87.0,97.0,8.0,21.0,1.0,Rabbit
30.0,ambush,87.0,98.0,11.0,17.0,1.0,Rabbit
30.0,ambush,87.0,99.0,8.0,19.0,1.0,Rabbit
30.0,ambush,87.0,97.0,8.0,21.0,1.0,Rabbit
30.0,ambush,79.0,98.0,15.0,21.0,1.0,Rabbit
30.0,ambush,87.0,98.0,11.0,17.0,1.0,Rabbit
30.0,ambush,87.0,98.0,11.0,17.0,1.0,Rabbit
30.0,ambush,87.0,97.0,8.0,21.0,0.0,Rabbit
30.0,ambush,87.0,96.0,11.0,19.0,1.0,Rabbit
30.0,ambush,87.0,96.0,10.0,19.0,1.0,Rabbit
30.0,ambush,84.0,99.0,11.0,19.0,1.0,Rabbit
30.0,ambush,84.0,99.0,11.0,19.0,1.0,Rabbit
30.0,ambush,87.0,98.0,11.0,17.0,1.0,Rabbit
30.0,ambush,87.0,99.0,8.0,19.0,0.0,Rabbit
30.0,ambush,87.0,96.0,11.0,19.0,0.0,Rabbit
30.0,ambush,87.0,96.0,11.0,19.0,1.0,Rabbit
30.0,ambush,87.0,95.0,11.0,21.0,1.0,Rabbit
30.0,ambush,87.0,98.0,11.0,17.0,1.0,Rabbit
30.0,ambush,87.0,98.0,11.0,17.0,0.0,Rabbit
30.0,ambush,87.0,98.0,11.0,17.0,0.0,Rabbit
30.0,ambush,87.0,95.0,11.0,21.0,1.0,Rabbit
30.0,ambush,87.0,95.0,11.0,21.0,1.0,Rabbit
30.0,ambush,87.0,98.0,11.0,17.0,1.0,Rabbit
30.0,ambush,87.0,95.0,11.0,21.0,0.0,Rabbit
30.0,ambush,87.0,95.0,11.0,21.0,1.0,Rabbit
30.0,ambush,87.0,95.0,11.0,21.0,1.0,Rabbit
30.0,ambush,87.0,95.0,11.0,21.0,0.0,Rabbit
30.0,ambush,87.0,99.0,8.0,21.0,1.0,Rabbit
30.0,ambush,87.0,99.0,8.0,21.0,1.0,Rabbit
30.0,ambush,87.0,95.0,11.0,21.0,0.0,Rabbit
30.0,ambush,87.0,99.0,7.0,19.0,0.0,Rabbit
30.0,ambush,82.0,99.0,10.0,23.0,1.0,Rabbit
30.0,ambush,87.0,99.0,8.0,21.0,0.0,Rabbit
30.0,ambush,82.0,99.0,11.0,23.0,0.0,Rabbit
30.0,ambush,82.0,99.0,11.0,23.0,0.0,Rabbit
30.0,ambush,87.0,96.0,11.0,21.0,1.0,Rabbit
30.0,ambush,87.0,99.0,8.0,21.0,1.0,Rabbit
30.0,ambush,87.0,96.0,11.0,21.0,1.0,Rabbit
30.0,ambush,87.0,99.0,8.0,21.0,0.0,Rabbit
30.0,ambush,87.0,96.0,11.0,21.0,1.0,Rabbit
30.0,ambush,82.0,99.0,11.0,23.0,1.0,Rabbit
30.0,ambush,82.0,99.0,11.0,23.0,1.0,Rabbit
30.0,ambush,82.0,99.0,11.0,23.0,1.0,Rabbit
30.0,ambush,82.0,99.0,11.0,23.0,1.0,Rabbit
30.0,ambush,82.0,99.0,11.0,23.0,1.0,Rabbit
30.0,ambush,81.0,99.0,11.0,23.0,1.0,Rabbit
30.0,ambush,87.0,99.0,8.0,21.0,1.0,Rabbit
30.0,ambush,82.0,99.0,11.0,23.0,0.0,Rabbit
30.0,ambush,87.0,95.0,11.0,21.0,0.0,Rabbit
30.0,ambush,87.0,95.0,11.0,21.0,0.0,Rabbit
30.0,ambush,87.0,96.0,11.0,21.0,0.0,Rabbit
30.0,ambush,87.0,96.0,11.0,21.0,0.0,Rabbit
30.0,ambush,87.0,96.0,11.0,21.0,1.0,Rabbit
30.0,ambush,87.0,96.0,11.0,21.0,1.0,Rabbit
30.0,ambush,82.0,99.0,11.0,23.0,0.0,Rabbit
30.0,ambush,87.0,96.0,11.0,21.0,1.0,Rabbit
30.0,ambush,87.0,95.0,11.0,21.0,0.0,Rabbit
30.0,ambush,87.0,96.0,11.0,21.0,1.0,Rabbit
30.0,ambush,87.0,96.0,15.0,19.0,0.0,Rabbit
30.0,ambush,87.0,96.0,11.0,21.0,0.0,Rabbit
30.0,ambush,87.0,96.0,11.0,21.0,0.0,Rabbit
30.0,ambush,87.0,96.0,11.0,21.0,0.0,Rabbit
30.0,ambush,82.0,99.0,11.0,23.0,1.0,Rabbit
30.0,ambush,82.0,99.0,11.0,23.0,1.0,Rabbit
30.0,ambush,87.0,96.0,11.0,21.0,1.0,Rabbit
30.0,ambush,87.0,96.0,11.0,21.0,0.0,Rabbit
30.0,ambush,87.0,96.0,11.0,21.0,1.0,Rabbit
30.0,ambush,62.0,14.0,79.0,52.0,1.0,Rabbit
30.0,ambush,82.0,100.0,11.0,23.0,1.0,Rabbit
30.0,ambush,87.0,96.0,11.0,21.0,0.0,Rabbit
30.0,ambush,91.0,96.0,16.0,21.0,1.0,Rabbit
30.0,ambush,87.0,96.0,11.0,21.0,1.0,Rabbit
30.0,ambush,87.0,96.0,11.0,21.0,0.0,Rabbit
30.0,ambush,82.0,99.0,11.0,23.0,1.0,Rabbit
30.0,ambush,82.0,98.0,15.0,21.0,1.0,Rabbit
30.0,ambush,87.0,96.0,11.0,21.0,1.0,Rabbit
30.0,ambush,82.0,98.0,15.0,21.0,1.0,Rabbit
30.0,ambush,87.0,97.0,11.0,21.0,1.0,Rabbit
30.0,ambush,87.0,96.0,11.0,21.0,0.0,Rabbit
30.0,ambush,82.0,98.0,15.0,21.0,1.0,Rabbit
30.0,ambush,82.0,98.0,15.0,21.0,1.0,Rabbit
30.0,ambush,87.0,100.0,8.0,21.0,1.0,Rabbit
30.0,ambush,87.0,100.0,8.0,21.0,1.0,Rabbit
30.0,ambush,87.0,97.0,11.0,21.0,1.0,Rabbit
30.0,ambush,87.0,97.0,11.0,21.0,1.0,Rabbit
30.0,ambush,82.0,98.0,15.0,21.0,0.0,Rabbit
30.0,ambush,87.0,97.0,11.0,21.0,1.0,Rabbit
30.0,ambush,82.0,99.0,15.0,21.0,1.0,Rabbit
30.0,ambush,82.0,99.0,15.0,21.0,1.0,Rabbit
30.0,ambush,87.0,100.0,8.0,21.0,1.0,Rabbit
30.0,ambush,82.0,99.0,15.0,21.0,1.0,Rabbit
30.0,ambush,82.0,99.0,15.0,21.0,1.0,Rabbit
30.0,ambush,82.0,99.0,15.0,21.0,1.0,Rabbit
30.0,ambush,82.0,99.0,15.0,21.0,1.0,Rabbit
30.0,ambush,82.0,99.0,15.0,21.0,1.0,Rabbit
30.0,ambush,82.0,99.0,15.0,21.0,0.0,Rabbit
30.0,ambush,82.0,99.0,15.0,21.0,1.0,Rabbit
30.0,ambush,82.0,99.0,15.0,21.0,0.0,Rabbit
30.0,ambush,87.0,98.0,11.0,21.0,0.0,Rabbit
30.0,ambush,82.0,99.0,15.0,21.0,0.0,Rabbit
30.0,ambush,82.0,99.0,15.0,21.0,1.0,Rabbit
30.0,ambush,88.0,100.0,11.0,21.0,0.0,Rabbit
30.0,ambush,82.0,99.0,15.0,21.0,0.0,Rabbit
30.0,ambush,82.0,99.0,15.0,21.0,1.0,Rabbit
30.0,ambush,82.0,99.0,15.0,21.0,1.0,Rabbit
30.0,ambush,82.0,99.0,15.0,21.0,1.0,Rabbit
30.0,ambush,82.0,99.0,15.0,21.0,0.0,Rabbit
30.0,ambush,82.0,99.0,15.0,21.0,1.0,Rabbit
30.0,ambush,82.0,99.0,15.0,21.0,1.0,Rabbit
30.0,ambush,87.0,96.0,11.0,21.0,0.0,Rabbit
30.0,ambush,82.0,99.0,15.0,21.0,1.0,Rabbit
30.0,ambush,82.0,99.0,15.0,21.0,1.0,Rabbit
30.0,ambush,82.0,99.0,15.0,21.0,0.0,Rabbit
30.0,ambush,87.0,99.0,11.0,21.0,1.0,Rabbit
30.0,ambush,82.0,99.0,15.0,21.0,0.0,Rabbit
30.0,ambush,82.0,99.0,15.0,21.0,0.0,Rabbit
30.0,ambush,87.0,99.0,11.0,21.0,1.0,Rabbit
30.0,ambush,87.0,99.0,11.0,21.0,1.0,Rabbit
30.0,ambush,87.0,99.0,11.0,21.0,1.0,Rabbit
30.0,ambush,87.0,99.0,11.0,21.0,1.0,Rabbit
30.0,ambush,87.0,98.0,11.0,21.0,0.0,Rabbit
30.0,ambush,87.0,99.0,11.0,21.0,1.0,Rabbit
30.0,ambush,87.0,99.0,11.0,21.0,0.0,Rabbit
30.0,ambush,87.0,99.0,11.0,21.0,1.0,Rabbit
30.0,ambush,87.0,99.0,11.0,21.0,1.0,Rabbit
30.0,ambush,87.0,99.0,11.0,21.0,0.0,Rabbit
30.0,ambush,87.0,99.0,11.0,21.0,0.0,Rabbit
30.0,ambush,87.0,99.0,11.0,21.0,1.0,Rabbit
30.0,ambush,87.0,99.0,11.0,21.0,1.0,Rabbit
30.0,ambush,87.0,99.0,11.0,21.0,1.0,Rabbit
30.0,ambush,87.0,99.0,11.0,21.0,0.0,Rabbit
30.0,ambush,87.0,99.0,11.0,21.0,0.0,Rabbit
30.0,ambush,87.0,99.0,11.0,21.0,1.0,Rabbit
30.0,ambush,87.0,99.0,11.0,21.0,0.0,Rabbit
30.0,ambush,87.0,99.0,11.0,21.0,1.0,Rabbit
30.0,ambush,82.0,99.0,15.0,21.0,0.0,Rabbit
30.0,ambush,87.0,99.0,8.0,21.0,0.0,Rabbit
30.0,ambush,87.0,99.0,11.0,21.0,0.0,Rabbit
30.0,ambush,87.0,99.0,12.0,21.0,1.0,Rabbit
30.0,ambush,87.0,99.0,11.0,21.0,0.0,Rabbit
30.0,ambush,87.0,99.0,11.0,21.0,0.0,Rabbit
30.0,ambush,87.0,99.0,11.0,21.0,0.0,Rabbit
30.0,ambush,83.0,99.0,11.0,17.0,0.0,Rabbit
30.0,ambush,87.0,99.0,11.0,21.0,1.0,Rabbit
30.0,ambush,82.0,99.0,15.0,24.0,1.0,Rabbit
30.0,ambush,82.0,99.0,15.0,21.0,0.0,Rabbit
30.0,ambush,82.0,99.0,15.0,24.0,1.0,Rabbit
30.0,ambush,82.0,99.0,15.0,24.0,1.0,Rabbit
30.0,ambush,87.0,99.0,11.0,21.0,0.0,Rabbit
30.0,ambush,87.0,99.0,11.0,21.0,1.0,Rabbit
30.0,ambush,87.0,99.0,11.0,21.0,0.0,Rabbit
30.0,ambush,87.0,99.0,11.0,21.0,0.0,Rabbit
30.0,ambush,82.0,99.0,15.0,21.0,0.0,Rabbit
30.0,ambush,62.0,14.0,79.0,52.0,0.0,Rabbit
31.0,ambush,62.0,14.0,79.0,52.0,0.0,Rabbit
31.0,ambush,62.0,14.0,79.0,52.0,0.0,Rabbit
31.0,ambush,87.0,91.0,13.0,21.0,1.0,Rabbit
31.0,ambush,62.0,14.0,79.0,52.0,1.0,Rabbit
31.0,ambush,62.0,14.0,79.0,52.0,1.0,Rabbit
31.0,ambush,62.0,14.0,79.0,52.0,1.0,Rabbit
31.0,ambush,62.0,14.0,79.0,52.0,1.0,Rabbit
31.0,ambush,62.0,14.0,79.0,52.0,1.0,Rabbit
31.0,ambush,62.0,14.0,79.0,52.0,1.0,Rabbit
31.0,ambush,87.0,96.0,8.0,21.0,1.0,Rabbit
31.0,ambush,87.0,91.0,13.0,21.0,1.0,Rabbit
31.0,ambush,87.0,96.0,8.0,21.0,0.0,Rabbit
31.0,ambush,87.0,91.0,13.0,21.0,1.0,Rabbit
31.0,ambush,87.0,96.0,8.0,21.0,0.0,Rabbit
31.0,ambush,87.0,96.0,10.0,19.0,1.0,Rabbit
31.0,ambush,87.0,99.0,7.0,19.0,0.0,Rabbit
31.0,ambush,87.0,99.0,7.0,19.0,1.0,Rabbit
31.0,ambush,87.0,91.0,13.0,21.0,0.0,Rabbit
31.0,ambush,87.0,99.0,7.0,19.0,1.0,Rabbit
31.0,ambush,92.0,99.0,7.0,19.0,1.0,Rabbit
31.0,ambush,85.0,98.0,8.0,21.0,1.0,Rabbit
31.0,ambush,87.0,91.0,13.0,21.0,0.0,Rabbit
31.0,ambush,84.0,99.0,11.0,19.0,1.0,Rabbit
31.0,ambush,87.0,98.0,11.0,17.0,1.0,Rabbit
31.0,ambush,87.0,99.0,7.0,19.0,0.0,Rabbit
31.0,ambush,85.0,98.0,8.0,21.0,1.0,Rabbit
31.0,ambush,87.0,97.0,8.0,21.0,1.0,Rabbit
31.0,ambush,87.0,97.0,8.0,21.0,1.0,Rabbit
31.0,ambush,87.0,98.0,11.0,17.0,1.0,Rabbit
31.0,ambush,87.0,98.0,11.0,17.0,0.0,Rabbit
31.0,ambush,87.0,98.0,11.0,17.0,0.0,Rabbit
31.0,ambush,87.0,97.0,8.0,21.0,0.0,Rabbit
31.0,ambush,79.0,98.0,15.0,21.0,1.0,Rabbit
31.0,ambush,85.0,98.0,8.0,21.0,1.0,Rabbit
31.0,ambush,87.0,98.0,11.0,17.0,1.0,Rabbit
31.0,ambush,79.0,98.0,15.0,21.0,0.0,Rabbit
31.0,ambush,87.0,98.0,11.0,17.0,1.0,Rabbit
31.0,ambush,79.0,98.0,15.0,21.0,1.0,Rabbit
31.0,ambush,87.0,98.0,11.0,17.0,0.0,Rabbit
31.0,ambush,87.0,99.0,7.0,19.0,0.0,Rabbit
31.0,ambush,87.0,96.0,11.0,19.0,1.0,Rabbit
31.0,ambush,87.0,98.0,11.0,17.0,1.0,Rabbit
31.0,ambush,87.0,96.0,11.0,19.0,0.0,Rabbit
31.0,ambush,87.0,98.0,11.0,17.0,1.0,Rabbit
31.0,ambush,87.0,96.0,11.0,19.0,0.0,Rabbit
31.0,ambush,84.0,99.0,11.0,19.0,1.0,Rabbit
31.0,ambush,84.0,99.0,11.0,19.0,1.0,Rabbit
31.0,ambush,84.0,99.0,11.0,19.0,0.0,Rabbit
31.0,ambush,84.0,99.0,11.0,19.0,1.0,Rabbit
31.0,ambush,87.0,99.0,8.0,19.0,1.0,Rabbit
31.0,ambush,87.0,96.0,11.0,19.0,1.0,Rabbit
31.0,ambush,87.0,98.0,11.0,17.0,1.0,Rabbit
31.0,ambush,84.0,99.0,11.0,19.0,1.0,Rabbit
31.0,ambush,87.0,96.0,11.0,19.0,1.0,Rabbit
31.0,ambush,84.0,99.0,11.0,19.0,0.0,Rabbit
31.0,ambush,87.0,98.0,11.0,17.0,0.0,Rabbit
31.0,ambush,87.0,99.0,8.0,19.0,1.0,Rabbit
31.0,ambush,87.0,99.0,8.0,19.0,0.0,Rabbit
31.0,ambush,87.0,98.0,11.0,17.0,1.0,Rabbit
31.0,ambush,84.0,99.0,11.0,19.0,1.0,Rabbit
31.0,ambush,87.0,98.0,11.0,17.0,1.0,Rabbit
31.0,ambush,87.0,98.0,11.0,17.0,1.0,Rabbit
31.0,ambush,87.0,95.0,7.0,21.0,1.0,Rabbit
31.0,ambush,87.0,95.0,11.0,21.0,1.0,Rabbit
31.0,ambush,87.0,98.0,11.0,17.0,0.0,Rabbit
31.0,ambush,81.0,99.0,11.0,23.0,1.0,Rabbit
31.0,ambush,87.0,95.0,11.0,21.0,1.0,Rabbit
31.0,ambush,86.0,98.0,11.0,19.0,1.0,Rabbit
31.0,ambush,81.0,99.0,11.0,23.0,1.0,Rabbit
31.0,ambush,87.0,95.0,11.0,21.0,1.0,Rabbit
31.0,ambush,82.0,99.0,10.0,23.0,1.0,Rabbit
31.0,ambush,87.0,95.0,11.0,21.0,0.0,Rabbit
31.0,ambush,82.0,99.0,10.0,23.0,0.0,Rabbit
31.0,ambush,87.0,95.0,11.0,21.0,0.0,Rabbit
31.0,ambush,82.0,99.0,11.0,23.0,1.0,Rabbit
31.0,ambush,87.0,95.0,11.0,21.0,0.0,Rabbit
31.0,ambush,87.0,96.0,11.0,21.0,1.0,Rabbit
31.0,ambush,82.0,99.0,11.0,23.0,1.0,Rabbit
31.0,ambush,82.0,99.0,11.0,23.0,1.0,Rabbit
31.0,ambush,87.0,96.0,11.0,21.0,1.0,Rabbit
31.0,ambush,87.0,99.0,8.0,21.0,1.0,Rabbit
31.0,ambush,82.0,99.0,11.0,23.0,1.0,Rabbit
31.0,ambush,87.0,99.0,8.0,21.0,0.0,Rabbit
31.0,ambush,82.0,99.0,11.0,23.0,1.0,Rabbit
31.0,ambush,87.0,96.0,11.0,21.0,0.0,Rabbit
31.0,ambush,87.0,96.0,11.0,21.0,1.0,Rabbit
31.0,ambush,82.0,99.0,11.0,23.0,0.0,Rabbit
31.0,ambush,87.0,96.0,11.0,21.0,1.0,Rabbit
31.0,ambush,87.0,96.0,11.0,21.0,1.0,Rabbit
31.0,ambush,87.0,96.0,11.0,21.0,0.0,Rabbit
31.0,ambush,82.0,99.0,11.0,23.0,1.0,Rabbit
31.0,ambush,87.0,96.0,11.0,21.0,1.0,Rabbit
31.0,ambush,87.0,96.0,11.0,21.0,1.0,Rabbit
31.0,ambush,87.0,98.0,11.0,17.0,0.0,Rabbit
31.0,ambush,87.0,96.0,8.0,21.0,1.0,Rabbit
31.0,ambush,87.0,96.0,11.0,21.0,1.0,Rabbit
31.0,ambush,87.0,96.0,11.0,21.0,0.0,Rabbit
31.0,ambush,82.0,99.0,11.0,23.0,1.0,Rabbit
31.0,ambush,87.0,96.0,11.0,21.0,1.0,Rabbit
31.0,ambush,82.0,99.0,11.0,23.0,0.0,Rabbit
31.0,ambush,87.0,99.0,8.0,21.0,0.0,Rabbit
31.0,ambush,82.0,99.0,11.0,23.0,1.0,Rabbit
31.0,ambush,87.0,96.0,11.0,21.0,1.0,Rabbit
31.0,ambush,87.0,96.0,11.0,21.0,0.0,Rabbit
31.0,ambush,82.0,99.0,11.0,23.0,1.0,Rabbit
31.0,ambush,82.0,99.0,11.0,23.0,0.0,Rabbit
31.0,ambush,87.0,95.0,11.0,21.0,0.0,Rabbit
31.0,ambush,87.0,99.0,8.0,21.0,0.0,Rabbit
31.0,ambush,82.0,99.0,11.0,23.0,1.0,Rabbit
31.0,ambush,87.0,96.0,11.0,21.0,1.0,Rabbit
31.0,ambush,87.0,99.0,8.0,21.0,0.0,Rabbit
31.0,ambush,87.0,96.0,11.0,21.0,1.0,Rabbit
31.0,ambush,82.0,99.0,11.0,23.0,1.0,Rabbit
31.0,ambush,87.0,96.0,11.0,21.0,0.0,Rabbit
31.0,ambush,82.0,99.0,11.0,23.0,1.0,Rabbit
31.0,ambush,87.0,96.0,11.0,21.0,0.0,Rabbit
31.0,ambush,82.0,98.0,15.0,21.0,1.0,Rabbit
31.0,ambush,82.0,99.0,11.0,23.0,1.0,Rabbit
31.0,ambush,87.0,97.0,11.0,21.0,0.0,Rabbit
31.0,ambush,82.0,98.0,15.0,21.0,0.0,Rabbit
31.0,ambush,82.0,98.0,15.0,21.0,0.0,Rabbit
31.0,ambush,82.0,100.0,11.0,23.0,1.0,Rabbit
31.0,ambush,82.0,100.0,11.0,23.0,1.0,Rabbit
31.0,ambush,62.0,14.0,79.0,52.0,0.0,Rabbit
31.0,ambush,82.0,98.0,15.0,21.0,1.0,Rabbit
31.0,ambush,82.0,98.0,15.0,21.0,0.0,Rabbit
31.0,ambush,87.0,100.0,8.0,21.0,1.0,Rabbit
31.0,ambush,82.0,98.0,15.0,21.0,0.0,Rabbit
31.0,ambush,87.0,95.0,11.0,21.0,0.0,Rabbit
31.0,ambush,87.0,100.0,8.0,21.0,0.0,Rabbit
31.0,ambush,87.0,100.0,8.0,21.0,1.0,Rabbit
31.0,ambush,87.0,97.0,11.0,21.0,1.0,Rabbit
31.0,ambush,87.0,97.0,11.0,21.0,1.0,Rabbit
31.0,ambush,87.0,97.0,11.0,21.0,1.0,Rabbit
31.0,ambush,82.0,99.0,15.0,21.0,1.0,Rabbit
31.0,ambush,82.0,98.0,15.0,21.0,1.0,Rabbit
31.0,ambush,87.0,97.0,11.0,21.0,1.0,Rabbit
31.0,ambush,82.0,99.0,15.0,21.0,1.0,Rabbit
31.0,ambush,82.0,99.0,15.0,21.0,1.0,Rabbit
31.0,ambush,82.0,99.0,15.0,21.0,0.0,Rabbit
31.0,ambush,82.0,98.0,15.0,21.0,0.0,Rabbit
31.0,ambush,82.0,99.0,15.0,21.0,1.0,Rabbit
31.0,ambush,82.0,99.0,15.0,21.0,1.0,Rabbit
31.0,ambush,82.0,99.0,15.0,21.0,0.0,Rabbit
31.0,ambush,82.0,99.0,15.0,21.0,0.0,Rabbit
31.0,ambush,82.0,99.0,15.0,21.0,0.0,Rabbit
31.0,ambush,82.0,99.0,15.0,21.0,1.0,Rabbit
31.0,ambush,82.0,99.0,15.0,21.0,1.0,Rabbit
31.0,ambush,87.0,100.0,8.0,21.0,0.0,Rabbit
31.0,ambush,82.0,99.0,15.0,21.0,1.0,Rabbit
31.0,ambush,82.0,99.0,15.0,21.0,0.0,Rabbit
31.0,ambush,82.0,99.0,15.0,21.0,1.0,Rabbit
31.0,ambush,82.0,99.0,15.0,21.0,1.0,Rabbit
31.0,ambush,82.0,99.0,15.0,21.0,1.0,Rabbit
31.0,ambush,82.0,100.0,15.0,21.0,1.0,Rabbit
31.0,ambush,82.0,99.0,15.0,21.0,1.0,Rabbit
31.0,ambush,82.0,99.0,15.0,21.0,0.0,Rabbit
31.0,ambush,82.0,99.0,15.0,21.0,1.0,Rabbit
31.0,ambush,82.0,99.0,15.0,21.0,0.0,Rabbit
31.0,ambush,82.0,99.0,15.0,21.0,0.0,Rabbit
31.0,ambush,82.0,99.0,15.0,21.0,1.0,Rabbit
31.0,ambush,87.0,97.0,11.0,21.0,0.0,Rabbit
31.0,ambush,82.0,99.0,15.0,21.0,1.0,Rabbit
31.0,ambush,82.0,99.0,15.0,21.0,0.0,Rabbit
31.0,ambush,82.0,99.0,15.0,21.0,0.0,Rabbit
31.0,ambush,82.0,99.0,15.0,21.0,0.0,Rabbit
31.0,ambush,82.0,99.0,15.0,21.0,0.0,Rabbit
31.0,ambush,82.0,99.0,15.0,21.0,0.0,Rabbit
31.0,ambush,87.0,99.0,11.0,21.0,1.0,Rabbit
31.0,ambush,82.0,99.0,15.0,21.0,1.0,Rabbit
31.0,ambush,87.0,99.0,11.0,21.0,0.0,Rabbit
31.0,ambush,87.0,99.0,11.0,21.0,0.0,Rabbit
31.0,ambush,87.0,99.0,11.0,21.0,1.0,Rabbit
31.0,ambush,87.0,99.0,11.0,21.0,1.0,Rabbit
31.0,ambush,87.0,99.0,11.0,21.0,0.0,Rabbit
31.0,ambush,87.0,99.0,11.0,21.0,0.0,Rabbit
31.0,ambush,82.0,99.0,15.0,21.0,0.0,Rabbit
31.0,ambush,87.0,99.0,11.0,21.0,1.0,Rabbit
31.0,ambush,87.0,99.0,11.0,21.0,1.0,Rabbit
31.0,ambush,87.0,99.0,11.0,21.0,1.0,Rabbit
31.0,ambush,87.0,99.0,11.0,21.0,0.0,Rabbit
31.0,ambush,87.0,99.0,11.0,21.0,1.0,Rabbit
31.0,ambush,87.0,99.0,8.0,21.0,0.0,Rabbit
31.0,ambush,87.0,99.0,11.0,21.0,1.0,Rabbit
31.0,ambush,87.0,99.0,11.0,21.0,1.0,Rabbit
31.0,ambush,87.0,99.0,11.0,21.0,1.0,Rabbit
31.0,ambush,87.0,99.0,11.0,21.0,1.0,Rabbit
31.0,ambush,87.0,99.0,11.0,21.0,0.0,Rabbit
31.0,ambush,87.0,99.0,11.0,21.0,1.0,Rabbit
31.0,ambush,87.0,99.0,11.0,21.0,1.0,Rabbit
31.0,ambush,87.0,99.0,11.0,21.0,1.0,Rabbit
31.0,ambush,87.0,99.0,11.0,21.0,1.0,Rabbit
31.0,ambush,87.0,99.0,11.0,21.0,1.0,Rabbit
31.0,ambush,87.0,99.0,11.0,21.0,1.0,Rabbit
31.0,ambush,87.0,99.0,11.0,21.0,0.0,Rabbit
31.0,ambush,87.0,99.0,11.0,21.0,0.0,Rabbit
31.0,ambush,82.0,99.0,15.0,24.0,1.0,Rabbit
31.0,ambush,82.0,99.0,15.0,24.0,1.0,Rabbit
31.0,ambush,87.0,99.0,12.0,21.0,1.0,Rabbit
31.0,ambush,87.0,99.0,11.0,21.0,0.0,Rabbit
31.0,ambush,82.0,99.0,15.0,21.0,0.0,Rabbit
31.0,ambush,82.0,99.0,15.0,24.0,0.0,Rabbit
31.0,ambush,90.0,96.0,11.0,21.0,1.0,Rabbit
31.0,ambush,82.0,99.0,15.0,24.0,1.0,Rabbit
31.0,ambush,87.0,99.0,11.0,21.0,0.0,Rabbit
31.0,ambush,82.0,99.0,15.0,24.0,0.0,Rabbit
31.0,ambush,82.0,99.0,15.0,24.0,0.0,Rabbit
31.0,ambush,91.0,96.0,16.0,21.0,0.0,Rabbit
31.0,ambush,82.0,99.0,15.0,24.0,0.0,Rabbit
31.0,ambush,87.0,99.0,11.0,21.0,0.0,Rabbit
32.0,ambush,62.0,14.0,79.0,52.0,0.0,Rabbit
32.0,ambush,62.0,14.0,79.0,52.0,0.0,Rabbit
32.0,ambush,62.0,14.0,79.0,52.0,0.0,Rabbit
32.0,ambush,62.0,14.0,79.0,52.0,1.0,Rabbit
32.0,ambush,62.0,14.0,79.0,52.0,1.0,Rabbit
32.0,ambush,62.0,14.0,79.0,52.0,1.0,Rabbit
32.0,ambush,87.0,95.0,7.0,21.0,1.0,Rabbit
32.0,ambush,62.0,14.0,79.0,52.0,1.0,Rabbit
32.0,ambush,87.0,95.0,7.0,21.0,1.0,Rabbit
32.0,ambush,87.0,96.0,8.0,21.0,1.0,Rabbit
32.0,ambush,85.0,98.0,8.0,21.0,1.0,Rabbit
32.0,ambush,85.0,98.0,8.0,21.0,1.0,Rabbit
32.0,ambush,85.0,98.0,8.0,21.0,0.0,Rabbit
32.0,ambush,87.0,91.0,13.0,21.0,1.0,Rabbit
32.0,ambush,85.0,98.0,8.0,21.0,1.0,Rabbit
32.0,ambush,85.0,98.0,8.0,21.0,1.0,Rabbit
32.0,ambush,87.0,91.0,13.0,21.0,1.0,Rabbit
32.0,ambush,87.0,96.0,8.0,21.0,0.0,Rabbit
32.0,ambush,87.0,91.0,13.0,21.0,1.0,Rabbit
32.0,ambush,87.0,91.0,13.0,21.0,0.0,Rabbit
32.0,ambush,87.0,91.0,13.0,21.0,1.0,Rabbit
32.0,ambush,87.0,91.0,13.0,21.0,0.0,Rabbit
32.0,ambush,85.0,98.0,8.0,21.0,1.0,Rabbit
32.0,ambush,62.0,14.0,79.0,52.0,0.0,Rabbit
32.0,ambush,87.0,96.0,10.0,19.0,1.0,Rabbit
32.0,ambush,87.0,96.0,10.0,19.0,1.0,Rabbit
32.0,ambush,62.0,14.0,79.0,52.0,1.0,Rabbit
32.0,ambush,87.0,99.0,6.0,19.0,0.0,Rabbit
32.0,ambush,87.0,99.0,7.0,19.0,1.0,Rabbit
32.0,ambush,84.0,99.0,11.0,19.0,0.0,Rabbit
32.0,ambush,88.0,99.0,11.0,19.0,1.0,Rabbit
32.0,ambush,87.0,97.0,8.0,21.0,1.0,Rabbit
32.0,ambush,84.0,99.0,11.0,19.0,1.0,Rabbit
32.0,ambush,84.0,99.0,11.0,19.0,0.0,Rabbit
32.0,ambush,87.0,96.0,11.0,19.0,1.0,Rabbit
32.0,ambush,79.0,98.0,15.0,21.0,1.0,Rabbit
32.0,ambush,87.0,98.0,11.0,17.0,1.0,Rabbit
32.0,ambush,87.0,96.0,8.0,21.0,0.0,Rabbit
32.0,ambush,79.0,98.0,15.0,21.0,0.0,Rabbit
32.0,ambush,87.0,99.0,7.0,19.0,1.0,Rabbit
32.0,ambush,87.0,98.0,11.0,17.0,1.0,Rabbit
32.0,ambush,87.0,98.0,11.0,17.0,1.0,Rabbit
32.0,ambush,87.0,98.0,11.0,17.0,0.0,Rabbit
32.0,ambush,87.0,98.0,11.0,17.0,0.0,Rabbit
32.0,ambush,87.0,98.0,11.0,17.0,1.0,Rabbit
32.0,ambush,87.0,98.0,11.0,17.0,1.0,Rabbit
32.0,ambush,87.0,98.0,11.0,17.0,0.0,Rabbit
32.0,ambush,84.0,99.0,11.0,19.0,1.0,Rabbit
32.0,ambush,87.0,99.0,8.0,19.0,1.0,Rabbit
32.0,ambush,84.0,99.0,11.0,19.0,0.0,Rabbit
32.0,ambush,87.0,99.0,8.0,19.0,1.0,Rabbit
32.0,ambush,87.0,96.0,11.0,19.0,1.0,Rabbit
32.0,ambush,87.0,98.0,11.0,17.0,1.0,Rabbit
32.0,ambush,62.0,14.0,79.0,50.0,0.0,Rabbit
32.0,ambush,84.0,99.0,11.0,19.0,1.0,Rabbit
32.0,ambush,84.0,99.0,11.0,19.0,1.0,Rabbit
32.0,ambush,84.0,99.0,11.0,19.0,0.0,Rabbit
32.0,ambush,84.0,99.0,11.0,19.0,0.0,Rabbit
32.0,ambush,84.0,99.0,11.0,19.0,0.0,Rabbit
32.0,ambush,74.0,98.0,15.0,21.0,1.0,Rabbit
32.0,ambush,79.0,98.0,15.0,21.0,1.0,Rabbit
32.0,ambush,87.0,98.0,11.0,17.0,1.0,Rabbit
32.0,ambush,79.0,98.0,15.0,21.0,0.0,Rabbit
32.0,ambush,84.0,99.0,11.0,19.0,0.0,Rabbit
32.0,ambush,87.0,98.0,11.0,17.0,1.0,Rabbit
32.0,ambush,87.0,98.0,11.0,17.0,1.0,Rabbit
32.0,ambush,87.0,98.0,11.0,17.0,1.0,Rabbit
32.0,ambush,87.0,98.0,11.0,17.0,1.0,Rabbit
32.0,ambush,87.0,98.0,11.0,17.0,0.0,Rabbit
32.0,ambush,87.0,98.0,11.0,17.0,1.0,Rabbit
32.0,ambush,87.0,97.0,8.0,21.0,1.0,Rabbit
32.0,ambush,87.0,98.0,11.0,17.0,1.0,Rabbit
32.0,ambush,87.0,97.0,8.0,25.0,0.0,Rabbit
32.0,ambush,87.0,99.0,8.0,19.0,1.0,Rabbit
32.0,ambush,87.0,97.0,8.0,21.0,0.0,Rabbit
32.0,ambush,87.0,99.0,8.0,19.0,0.0,Rabbit
32.0,ambush,87.0,98.0,11.0,17.0,1.0,Rabbit
32.0,ambush,84.0,99.0,11.0,19.0,1.0,Rabbit
32.0,ambush,87.0,96.0,11.0,19.0,1.0,Rabbit
32.0,ambush,87.0,95.0,11.0,21.0,1.0,Rabbit
32.0,ambush,81.0,99.0,11.0,23.0,1.0,Rabbit
32.0,ambush,81.0,99.0,11.0,23.0,1.0,Rabbit
32.0,ambush,87.0,98.0,11.0,17.0,0.0,Rabbit
32.0,ambush,81.0,99.0,11.0,23.0,1.0,Rabbit
32.0,ambush,87.0,95.0,11.0,21.0,1.0,Rabbit
32.0,ambush,79.0,98.0,15.0,21.0,1.0,Rabbit
32.0,ambush,82.0,99.0,10.0,23.0,1.0,Rabbit
32.0,ambush,86.0,98.0,11.0,19.0,1.0,Rabbit
32.0,ambush,87.0,95.0,11.0,21.0,1.0,Rabbit
32.0,ambush,82.0,99.0,11.0,23.0,1.0,Rabbit
32.0,ambush,82.0,99.0,11.0,23.0,1.0,Rabbit
32.0,ambush,87.0,96.0,11.0,21.0,1.0,Rabbit
32.0,ambush,87.0,99.0,8.0,19.0,0.0,Rabbit
32.0,ambush,87.0,96.0,11.0,21.0,0.0,Rabbit
32.0,ambush,87.0,96.0,11.0,21.0,0.0,Rabbit
32.0,ambush,87.0,95.0,11.0,21.0,0.0,Rabbit
32.0,ambush,87.0,96.0,11.0,21.0,1.0,Rabbit
32.0,ambush,87.0,96.0,11.0,21.0,0.0,Rabbit
32.0,ambush,87.0,96.0,11.0,21.0,1.0,Rabbit
32.0,ambush,87.0,96.0,11.0,21.0,1.0,Rabbit
32.0,ambush,87.0,96.0,11.0,21.0,0.0,Rabbit
32.0,ambush,82.0,99.0,11.0,23.0,1.0,Rabbit
32.0,ambush,82.0,99.0,11.0,23.0,1.0,Rabbit
32.0,ambush,82.0,99.0,11.0,23.0,1.0,Rabbit
32.0,ambush,87.0,97.0,8.0,21.0,0.0,Rabbit
32.0,ambush,82.0,99.0,11.0,23.0,1.0,Rabbit
32.0,ambush,82.0,99.0,11.0,23.0,0.0,Rabbit
32.0,ambush,82.0,99.0,11.0,23.0,1.0,Rabbit
32.0,ambush,82.0,99.0,11.0,23.0,0.0,Rabbit
32.0,ambush,82.0,100.0,7.0,23.0,1.0,Rabbit
32.0,ambush,82.0,99.0,11.0,23.0,0.0,Rabbit
32.0,ambush,82.0,99.0,11.0,23.0,1.0,Rabbit
32.0,ambush,87.0,96.0,11.0,21.0,1.0,Rabbit
32.0,ambush,82.0,99.0,11.0,23.0,0.0,Rabbit
32.0,ambush,82.0,99.0,11.0,23.0,1.0,Rabbit
32.0,ambush,87.0,96.0,11.0,21.0,1.0,Rabbit
32.0,ambush,82.0,99.0,11.0,23.0,0.0,Rabbit
32.0,ambush,87.0,96.0,11.0,21.0,0.0,Rabbit
32.0,ambush,82.0,99.0,11.0,23.0,0.0,Rabbit
32.0,ambush,87.0,96.0,11.0,21.0,0.0,Rabbit
32.0,ambush,82.0,99.0,11.0,23.0,0.0,Rabbit
32.0,ambush,82.0,99.0,11.0,23.0,0.0,Rabbit
32.0,ambush,79.0,97.0,11.0,23.0,1.0,Rabbit
32.0,ambush,87.0,95.0,11.0,21.0,0.0,Rabbit
32.0,ambush,82.0,99.0,11.0,23.0,0.0,Rabbit
32.0,ambush,87.0,96.0,11.0,21.0,1.0,Rabbit
32.0,ambush,82.0,99.0,11.0,23.0,1.0,Rabbit
32.0,ambush,82.0,99.0,11.0,23.0,1.0,Rabbit
32.0,ambush,87.0,96.0,11.0,21.0,1.0,Rabbit
32.0,ambush,87.0,96.0,11.0,21.0,1.0,Rabbit
32.0,ambush,87.0,96.0,11.0,21.0,1.0,Rabbit
32.0,ambush,82.0,99.0,11.0,23.0,0.0,Rabbit
32.0,ambush,87.0,96.0,11.0,21.0,1.0,Rabbit
32.0,ambush,87.0,96.0,11.0,21.0,1.0,Rabbit
32.0,ambush,87.0,96.0,11.0,21.0,1.0,Rabbit
32.0,ambush,87.0,96.0,11.0,21.0,0.0,Rabbit
32.0,ambush,87.0,96.0,11.0,21.0,0.0,Rabbit
32.0,ambush,82.0,100.0,11.0,23.0,1.0,Rabbit
32.0,ambush,87.0,97.0,11.0,21.0,1.0,Rabbit
32.0,ambush,87.0,100.0,8.0,21.0,0.0,Rabbit
32.0,ambush,82.0,100.0,11.0,23.0,1.0,Rabbit
32.0,ambush,82.0,98.0,15.0,21.0,1.0,Rabbit
32.0,ambush,82.0,100.0,11.0,23.0,1.0,Rabbit
32.0,ambush,82.0,100.0,11.0,23.0,1.0,Rabbit
32.0,ambush,87.0,97.0,11.0,21.0,1.0,Rabbit
32.0,ambush,87.0,97.0,11.0,21.0,1.0,Rabbit
32.0,ambush,87.0,99.0,8.0,21.0,0.0,Rabbit
32.0,ambush,87.0,97.0,11.0,21.0,1.0,Rabbit
32.0,ambush,87.0,97.0,11.0,21.0,0.0,Rabbit
32.0,ambush,82.0,96.0,11.0,28.0,0.0,Rabbit
32.0,ambush,87.0,97.0,11.0,21.0,0.0,Rabbit
32.0,ambush,87.0,97.0,11.0,21.0,1.0,Rabbit
32.0,ambush,87.0,97.0,11.0,21.0,1.0,Rabbit
32.0,ambush,87.0,100.0,8.0,21.0,1.0,Rabbit
32.0,ambush,82.0,98.0,15.0,21.0,0.0,Rabbit
32.0,ambush,82.0,98.0,15.0,21.0,1.0,Rabbit
32.0,ambush,82.0,98.0,19.0,21.0,1.0,Rabbit
32.0,ambush,82.0,98.0,15.0,21.0,1.0,Rabbit
32.0,ambush,82.0,98.0,15.0,21.0,1.0,Rabbit
32.0,ambush,82.0,98.0,15.0,21.0,0.0,Rabbit
32.0,ambush,82.0,99.0,15.0,21.0,0.0,Rabbit
32.0,ambush,82.0,99.0,15.0,21.0,1.0,Rabbit
32.0,ambush,82.0,99.0,15.0,21.0,1.0,Rabbit
32.0,ambush,82.0,99.0,15.0,21.0,0.0,Rabbit
32.0,ambush,82.0,99.0,15.0,21.0,0.0,Rabbit
32.0,ambush,82.0,99.0,15.0,21.0,1.0,Rabbit
32.0,ambush,87.0,97.0,11.0,21.0,0.0,Rabbit
32.0,ambush,92.0,99.0,7.0,19.0,1.0,Rabbit
32.0,ambush,82.0,99.0,15.0,21.0,0.0,Rabbit
32.0,ambush,82.0,99.0,15.0,21.0,1.0,Rabbit
32.0,ambush,82.0,99.0,15.0,21.0,1.0,Rabbit
32.0,ambush,82.0,99.0,15.0,21.0,1.0,Rabbit
32.0,ambush,90.0,97.0,11.0,21.0,0.0,Rabbit
32.0,ambush,62.0,14.0,79.0,52.0,0.0,Rabbit
32.0,ambush,82.0,99.0,15.0,21.0,0.0,Rabbit
32.0,ambush,87.0,97.0,11.0,21.0,0.0,Rabbit
32.0,ambush,82.0,99.0,15.0,21.0,0.0,Rabbit
32.0,ambush,82.0,99.0,15.0,21.0,1.0,Rabbit
32.0,ambush,82.0,99.0,15.0,21.0,1.0,Rabbit
32.0,ambush,82.0,99.0,15.0,21.0,1.0,Rabbit
32.0,ambush,82.0,99.0,15.0,21.0,0.0,Rabbit
32.0,ambush,82.0,99.0,15.0,21.0,1.0,Rabbit
32.0,ambush,82.0,99.0,15.0,21.0,1.0,Rabbit
32.0,ambush,82.0,99.0,15.0,21.0,0.0,Rabbit
32.0,ambush,92.0,99.0,7.0,19.0,0.0,Rabbit
32.0,ambush,82.0,99.0,15.0,21.0,1.0,Rabbit
32.0,ambush,82.0,99.0,15.0,21.0,1.0,Rabbit
32.0,ambush,82.0,99.0,15.0,21.0,0.0,Rabbit
32.0,ambush,82.0,99.0,15.0,21.0,0.0,Rabbit
32.0,ambush,82.0,99.0,15.0,21.0,1.0,Rabbit
32.0,ambush,82.0,99.0,15.0,21.0,0.0,Rabbit
32.0,ambush,82.0,99.0,15.0,21.0,1.0,Rabbit
32.0,ambush,82.0,99.0,15.0,21.0,1.0,Rabbit
32.0,ambush,82.0,99.0,15.0,21.0,0.0,Rabbit
32.0,ambush,87.0,99.0,11.0,21.0,1.0,Rabbit
32.0,ambush,87.0,99.0,11.0,21.0,1.0,Rabbit
32.0,ambush,87.0,99.0,11.0,21.0,0.0,Rabbit
32.0,ambush,87.0,99.0,11.0,21.0,0.0,Rabbit
32.0,ambush,87.0,99.0,11.0,21.0,0.0,Rabbit
32.0,ambush,87.0,99.0,11.0,21.0,1.0,Rabbit
32.0,ambush,87.0,99.0,11.0,21.0,1.0,Rabbit
32.0,ambush,92.0,99.0,7.0,19.0,0.0,Rabbit
32.0,ambush,87.0,99.0,11.0,21.0,1.0,Rabbit
32.0,ambush,87.0,99.0,11.0,21.0,0.0,Rabbit
32.0,ambush,87.0,99.0,11.0,21.0,1.0,Rabbit
32.0,ambush,82.0,99.0,15.0,21.0,0.0,Rabbit
32.0,ambush,87.0,99.0,11.0,21.0,0.0,Rabbit
32.0,ambush,87.0,99.0,11.0,21.0,1.0,Rabbit
32.0,ambush,82.0,99.0,15.0,21.0,0.0,Rabbit
32.0,ambush,87.0,99.0,11.0,21.0,1.0,Rabbit
32.0,ambush,87.0,99.0,11.0,21.0,1.0,Rabbit
32.0,ambush,87.0,99.0,11.0,21.0,0.0,Rabbit
32.0,ambush,87.0,99.0,11.0,21.0,1.0,Rabbit
32.0,ambush,87.0,99.0,11.0,16.0,0.0,Rabbit
32.0,ambush,87.0,99.0,11.0,21.0,1.0,Rabbit
32.0,ambush,82.0,99.0,15.0,21.0,0.0,Rabbit
32.0,ambush,87.0,99.0,11.0,21.0,1.0,Rabbit
32.0,ambush,87.0,99.0,11.0,21.0,1.0,Rabbit
32.0,ambush,87.0,99.0,8.0,24.0,1.0,Rabbit
32.0,ambush,82.0,100.0,15.0,21.0,1.0,Rabbit
32.0,ambush,82.0,100.0,15.0,21.0,1.0,Rabbit
32.0,ambush,90.0,96.0,11.0,21.0,1.0,Rabbit
32.0,ambush,87.0,99.0,11.0,21.0,1.0,Rabbit
32.0,ambush,87.0,99.0,11.0,21.0,1.0,Rabbit
32.0,ambush,87.0,99.0,11.0,21.0,0.0,Rabbit
32.0,ambush,87.0,99.0,11.0,21.0,0.0,Rabbit
32.0,ambush,87.0,99.0,11.0,21.0,1.0,Rabbit
32.0,ambush,87.0,99.0,11.0,21.0,0.0,Rabbit
32.0,ambush,87.0,99.0,11.0,21.0,1.0,Rabbit
32.0,ambush,87.0,99.0,11.0,21.0,1.0,Rabbit
32.0,ambush,82.0,99.0,15.0,21.0,0.0,Rabbit
32.0,ambush,87.0,99.0,11.0,21.0,1.0,Rabbit
32.0,ambush,87.0,99.0,12.0,21.0,1.0,Rabbit
32.0,ambush,87.0,99.0,11.0,21.0,0.0,Rabbit
32.0,ambush,87.0,99.0,11.0,21.0,0.0,Rabbit
32.0,ambush,82.0,99.0,15.0,24.0,1.0,Rabbit
32.0,ambush,82.0,99.0,15.0,24.0,0.0,Rabbit
32.0,ambush,87.0,99.0,11.0,21.0,1.0,Rabbit
32.0,ambush,82.0,99.0,15.0,24.0,1.0,Rabbit
32.0,ambush,82.0,99.0,15.0,24.0,1.0,Rabbit
32.0,ambush,87.0,99.0,11.0,21.0,0.0,Rabbit
32.0,ambush,82.0,99.0,15.0,24.0,0.0,Rabbit
32.0,ambush,82.0,99.0,15.0,24.0,0.0,Rabbit
32.0,ambush,82.0,99.0,15.0,24.0,0.0,Rabbit
32.0,ambush,87.0,99.0,11.0,21.0,0.0,Rabbit
32.0,ambush,87.0,99.0,11.0,21.0,0.0,Rabbit
32.0,ambush,87.0,99.0,11.0,21.0,0.0,Rabbit
32.0,ambush,82.0,99.0,15.0,24.0,0.0,Rabbit
33.0,ambush,62.0,14.0,79.0,52.0,0.0,Rabbit
33.0,ambush,62.0,14.0,79.0,52.0,0.0,Rabbit
33.0,ambush,62.0,14.0,79.0,52.0,1.0,Rabbit
33.0,ambush,62.0,14.0,79.0,52.0,0.0,Rabbit
33.0,ambush,74.0,98.0,15.0,21.0,1.0,Rabbit
33.0,ambush,87.0,95.0,7.0,21.0,1.0,Rabbit
33.0,ambush,62.0,14.0,79.0,52.0,0.0,Rabbit
33.0,ambush,79.0,97.0,11.0,23.0,1.0,Rabbit
33.0,ambush,87.0,91.0,13.0,21.0,1.0,Rabbit
33.0,ambush,87.0,91.0,13.0,21.0,1.0,Rabbit
33.0,ambush,79.0,97.0,11.0,23.0,1.0,Rabbit
33.0,ambush,62.0,14.0,79.0,52.0,1.0,Rabbit
33.0,ambush,62.0,14.0,79.0,52.0,1.0,Rabbit
33.0,ambush,87.0,91.0,13.0,21.0,1.0,Rabbit
33.0,ambush,87.0,91.0,13.0,21.0,1.0,Rabbit
33.0,ambush,87.0,96.0,10.0,19.0,1.0,Rabbit
33.0,ambush,62.0,14.0,79.0,52.0,0.0,Rabbit
33.0,ambush,82.0,100.0,7.0,23.0,0.0,Rabbit
33.0,ambush,85.0,98.0,8.0,21.0,1.0,Rabbit
33.0,ambush,85.0,98.0,8.0,21.0,1.0,Rabbit
33.0,ambush,85.0,98.0,8.0,21.0,0.0,Rabbit
33.0,ambush,85.0,98.0,8.0,21.0,1.0,Rabbit
33.0,ambush,87.0,99.0,7.0,19.0,1.0,Rabbit
33.0,ambush,85.0,98.0,8.0,21.0,0.0,Rabbit
33.0,ambush,87.0,99.0,7.0,19.0,1.0,Rabbit
33.0,ambush,87.0,99.0,7.0,19.0,0.0,Rabbit
33.0,ambush,87.0,96.0,8.0,21.0,1.0,Rabbit
33.0,ambush,62.0,14.0,79.0,52.0,0.0,Rabbit
33.0,ambush,87.0,91.0,13.0,21.0,0.0,Rabbit
33.0,ambush,85.0,98.0,8.0,21.0,1.0,Rabbit
33.0,ambush,87.0,91.0,13.0,21.0,1.0,Rabbit
33.0,ambush,87.0,96.0,8.0,21.0,1.0,Rabbit
33.0,ambush,85.0,98.0,8.0,21.0,1.0,Rabbit
33.0,ambush,87.0,91.0,13.0,21.0,0.0,Rabbit
33.0,ambush,87.0,96.0,10.0,19.0,1.0,Rabbit
33.0,ambush,85.0,98.0,8.0,21.0,1.0,Rabbit
33.0,ambush,85.0,98.0,8.0,21.0,1.0,Rabbit
33.0,ambush,87.0,96.0,10.0,19.0,1.0,Rabbit
33.0,ambush,87.0,98.0,11.0,17.0,1.0,Rabbit
33.0,ambush,87.0,98.0,11.0,17.0,1.0,Rabbit
33.0,ambush,87.0,96.0,10.0,19.0,1.0,Rabbit
33.0,ambush,87.0,98.0,11.0,17.0,0.0,Rabbit
33.0,ambush,87.0,98.0,11.0,17.0,1.0,Rabbit
33.0,ambush,87.0,98.0,11.0,17.0,0.0,Rabbit
33.0,ambush,87.0,95.0,7.0,21.0,0.0,Rabbit
33.0,ambush,87.0,98.0,11.0,17.0,1.0,Rabbit
33.0,ambush,87.0,98.0,11.0,17.0,0.0,Rabbit
33.0,ambush,87.0,98.0,11.0,17.0,1.0,Rabbit
33.0,ambush,84.0,99.0,11.0,19.0,1.0,Rabbit
33.0,ambush,79.0,98.0,15.0,21.0,1.0,Rabbit
33.0,ambush,87.0,99.0,8.0,19.0,1.0,Rabbit
33.0,ambush,87.0,98.0,11.0,17.0,1.0,Rabbit
33.0,ambush,87.0,91.0,13.0,21.0,1.0,Rabbit
33.0,ambush,87.0,96.0,11.0,19.0,1.0,Rabbit
33.0,ambush,87.0,99.0,8.0,19.0,1.0,Rabbit
33.0,ambush,87.0,98.0,11.0,17.0,1.0,Rabbit
33.0,ambush,87.0,96.0,11.0,19.0,1.0,Rabbit
33.0,ambush,87.0,99.0,8.0,19.0,0.0,Rabbit
33.0,ambush,87.0,96.0,14.0,22.0,1.0,Rabbit
33.0,ambush,87.0,98.0,11.0,17.0,0.0,Rabbit
33.0,ambush,87.0,98.0,11.0,17.0,1.0,Rabbit
33.0,ambush,87.0,98.0,11.0,17.0,1.0,Rabbit
33.0,ambush,89.0,98.0,11.0,17.0,1.0,Rabbit
33.0,ambush,87.0,96.0,11.0,19.0,0.0,Rabbit
33.0,ambush,84.0,99.0,11.0,19.0,0.0,Rabbit
33.0,ambush,87.0,100.0,10.0,17.0,1.0,Rabbit
33.0,ambush,87.0,98.0,11.0,17.0,1.0,Rabbit
33.0,ambush,87.0,98.0,11.0,17.0,1.0,Rabbit
33.0,ambush,87.0,98.0,11.0,17.0,0.0,Rabbit
33.0,ambush,79.0,98.0,15.0,21.0,1.0,Rabbit
33.0,ambush,87.0,98.0,11.0,17.0,1.0,Rabbit
33.0,ambush,79.0,98.0,15.0,21.0,1.0,Rabbit
33.0,ambush,87.0,98.0,11.0,17.0,1.0,Rabbit
33.0,ambush,87.0,98.0,11.0,17.0,0.0,Rabbit
33.0,ambush,87.0,98.0,11.0,17.0,1.0,Rabbit
33.0,ambush,87.0,98.0,11.0,17.0,1.0,Rabbit
33.0,ambush,87.0,98.0,11.0,17.0,1.0,Rabbit
33.0,ambush,87.0,98.0,11.0,17.0,0.0,Rabbit
33.0,ambush,79.0,98.0,15.0,21.0,1.0,Rabbit
33.0,ambush,84.0,99.0,11.0,19.0,0.0,Rabbit
33.0,ambush,87.0,95.0,7.0,21.0,0.0,Rabbit
33.0,ambush,87.0,97.0,8.0,21.0,1.0,Rabbit
33.0,ambush,87.0,97.0,8.0,21.0,1.0,Rabbit
33.0,ambush,87.0,98.0,11.0,17.0,1.0,Rabbit
33.0,ambush,87.0,97.0,8.0,21.0,0.0,Rabbit
33.0,ambush,87.0,96.0,11.0,19.0,0.0,Rabbit
33.0,ambush,87.0,98.0,11.0,17.0,1.0,Rabbit
33.0,ambush,87.0,98.0,11.0,17.0,1.0,Rabbit
33.0,ambush,87.0,96.0,11.0,19.0,0.0,Rabbit
33.0,ambush,87.0,97.0,8.0,21.0,1.0,Rabbit
33.0,ambush,84.0,99.0,11.0,19.0,1.0,Rabbit
33.0,ambush,87.0,97.0,8.0,21.0,1.0,Rabbit
33.0,ambush,87.0,98.0,11.0,17.0,0.0,Rabbit
33.0,ambush,87.0,99.0,8.0,19.0,1.0,Rabbit
33.0,ambush,84.0,99.0,11.0,19.0,0.0,Rabbit
33.0,ambush,87.0,99.0,8.0,19.0,1.0,Rabbit
33.0,ambush,81.0,99.0,11.0,23.0,1.0,Rabbit
33.0,ambush,81.0,99.0,11.0,23.0,1.0,Rabbit
33.0,ambush,81.0,99.0,11.0,23.0,1.0,Rabbit
33.0,ambush,84.0,99.0,11.0,19.0,1.0,Rabbit
33.0,ambush,87.0,96.0,11.0,19.0,0.0,Rabbit
33.0,ambush,87.0,99.0,8.0,19.0,1.0,Rabbit
33.0,ambush,87.0,95.0,11.0,21.0,0.0,Rabbit
33.0,ambush,87.0,95.0,11.0,21.0,1.0,Rabbit
33.0,ambush,82.0,99.0,10.0,23.0,0.0,Rabbit
33.0,ambush,87.0,95.0,11.0,21.0,1.0,Rabbit
33.0,ambush,81.0,99.0,11.0,23.0,1.0,Rabbit
33.0,ambush,81.0,99.0,11.0,23.0,1.0,Rabbit
33.0,ambush,87.0,95.0,11.0,21.0,0.0,Rabbit
33.0,ambush,81.0,99.0,11.0,23.0,1.0,Rabbit
33.0,ambush,82.0,99.0,10.0,23.0,1.0,Rabbit
33.0,ambush,87.0,98.0,11.0,17.0,0.0,Rabbit
33.0,ambush,81.0,99.0,11.0,23.0,1.0,Rabbit
33.0,ambush,81.0,99.0,11.0,23.0,0.0,Rabbit
33.0,ambush,85.0,98.0,8.0,21.0,0.0,Rabbit
33.0,ambush,87.0,96.0,11.0,21.0,1.0,Rabbit
33.0,ambush,82.0,99.0,11.0,23.0,1.0,Rabbit
33.0,ambush,87.0,95.0,11.0,21.0,0.0,Rabbit
33.0,ambush,82.0,99.0,11.0,23.0,1.0,Rabbit
33.0,ambush,86.0,98.0,11.0,19.0,0.0,Rabbit
33.0,ambush,87.0,98.0,11.0,13.0,0.0,Rabbit
33.0,ambush,87.0,96.0,11.0,21.0,1.0,Rabbit
33.0,ambush,82.0,99.0,11.0,23.0,1.0,Rabbit
33.0,ambush,87.0,96.0,11.0,21.0,0.0,Rabbit
33.0,ambush,87.0,96.0,11.0,21.0,0.0,Rabbit
33.0,ambush,87.0,96.0,11.0,21.0,1.0,Rabbit
33.0,ambush,82.0,99.0,11.0,23.0,1.0,Rabbit
33.0,ambush,82.0,99.0,11.0,23.0,1.0,Rabbit
33.0,ambush,85.0,99.0,11.0,23.0,0.0,Rabbit
33.0,ambush,82.0,99.0,10.0,23.0,0.0,Rabbit
33.0,ambush,81.0,99.0,11.0,23.0,0.0,Rabbit
34.0,ambush,62.0,14.0,79.0,52.0,0.0,Rabbit
34.0,ambush,62.0,14.0,79.0,52.0,0.0,Rabbit
34.0,ambush,62.0,14.0,79.0,52.0,1.0,Rabbit
34.0,ambush,74.0,98.0,15.0,21.0,0.0,Rabbit
34.0,ambush,60.0,14.0,79.0,52.0,1.0,Rabbit
34.0,ambush,79.0,97.0,11.0,23.0,1.0,Rabbit
34.0,ambush,62.0,14.0,79.0,52.0,1.0,Rabbit
34.0,ambush,79.0,97.0,11.0,23.0,1.0,Rabbit
34.0,ambush,79.0,97.0,11.0,23.0,1.0,Rabbit
34.0,ambush,79.0,97.0,11.0,23.0,1.0,Rabbit
34.0,ambush,87.0,95.0,7.0,21.0,1.0,Rabbit
34.0,ambush,87.0,95.0,7.0,21.0,1.0,Rabbit
34.0,ambush,87.0,95.0,7.0,21.0,0.0,Rabbit
34.0,ambush,74.0,98.0,15.0,21.0,0.0,Rabbit
34.0,ambush,85.0,98.0,8.0,21.0,0.0,Rabbit
34.0,ambush,85.0,98.0,8.0,21.0,0.0,Rabbit
34.0,ambush,79.0,97.0,11.0,23.0,0.0,Rabbit
34.0,ambush,85.0,98.0,8.0,21.0,1.0,Rabbit
34.0,ambush,87.0,91.0,13.0,21.0,0.0,Rabbit
34.0,ambush,85.0,98.0,8.0,21.0,1.0,Rabbit
34.0,ambush,74.0,98.0,15.0,21.0,0.0,Rabbit
34.0,ambush,85.0,98.0,8.0,21.0,1.0,Rabbit
34.0,ambush,87.0,91.0,13.0,21.0,0.0,Rabbit
34.0,ambush,85.0,98.0,8.0,21.0,1.0,Rabbit
34.0,ambush,87.0,96.0,8.0,21.0,1.0,Rabbit
34.0,ambush,85.0,98.0,8.0,21.0,1.0,Rabbit
34.0,ambush,85.0,98.0,8.0,21.0,0.0,Rabbit
34.0,ambush,87.0,95.0,8.0,21.0,1.0,Rabbit
34.0,ambush,87.0,96.0,8.0,21.0,0.0,Rabbit
34.0,ambush,87.0,99.0,7.0,19.0,1.0,Rabbit
34.0,ambush,87.0,96.0,10.0,19.0,1.0,Rabbit
34.0,ambush,87.0,99.0,7.0,19.0,0.0,Rabbit
34.0,ambush,85.0,98.0,8.0,21.0,1.0,Rabbit
34.0,ambush,87.0,91.0,13.0,21.0,1.0,Rabbit
34.0,ambush,87.0,96.0,10.0,19.0,0.0,Rabbit
34.0,ambush,87.0,91.0,13.0,21.0,1.0,Rabbit
34.0,ambush,87.0,91.0,13.0,21.0,0.0,Rabbit
34.0,ambush,87.0,96.0,10.0,19.0,0.0,Rabbit
34.0,ambush,87.0,96.0,10.0,19.0,1.0,Rabbit
34.0,ambush,87.0,96.0,10.0,19.0,1.0,Rabbit
34.0,ambush,87.0,91.0,13.0,21.0,1.0,Rabbit
34.0,ambush,87.0,96.0,8.0,21.0,1.0,Rabbit
34.0,ambush,87.0,96.0,8.0,21.0,1.0,Rabbit
34.0,ambush,87.0,96.0,8.0,21.0,1.0,Rabbit
34.0,ambush,87.0,91.0,13.0,21.0,0.0,Rabbit
34.0,ambush,85.0,98.0,8.0,21.0,1.0,Rabbit
34.0,ambush,85.0,98.0,8.0,21.0,1.0,Rabbit
34.0,ambush,85.0,98.0,8.0,21.0,1.0,Rabbit
34.0,ambush,85.0,98.0,8.0,21.0,0.0,Rabbit
34.0,ambush,87.0,99.0,7.0,19.0,1.0,Rabbit
34.0,ambush,87.0,96.0,7.0,19.0,1.0,Rabbit
34.0,ambush,87.0,96.0,10.0,19.0,1.0,Rabbit
34.0,ambush,87.0,96.0,10.0,19.0,0.0,Rabbit
34.0,ambush,87.0,91.0,13.0,21.0,0.0,Rabbit
34.0,ambush,87.0,91.0,13.0,21.0,1.0,Rabbit
34.0,ambush,87.0,91.0,13.0,21.0,0.0,Rabbit
34.0,ambush,87.0,98.0,11.0,17.0,1.0,Rabbit
34.0,ambush,87.0,97.0,8.0,21.0,1.0,Rabbit
34.0,ambush,87.0,98.0,11.0,17.0,0.0,Rabbit
34.0,ambush,87.0,99.0,8.0,19.0,1.0,Rabbit
34.0,ambush,87.0,99.0,7.0,19.0,0.0,Rabbit
34.0,ambush,87.0,97.0,8.0,21.0,1.0,Rabbit
34.0,ambush,87.0,98.0,11.0,17.0,1.0,Rabbit
34.0,ambush,87.0,91.0,13.0,21.0,0.0,Rabbit
34.0,ambush,87.0,97.0,8.0,21.0,1.0,Rabbit
34.0,ambush,87.0,99.0,8.0,19.0,1.0,Rabbit
34.0,ambush,87.0,98.0,11.0,17.0,1.0,Rabbit
34.0,ambush,87.0,98.0,11.0,17.0,1.0,Rabbit
34.0,ambush,87.0,99.0,8.0,19.0,0.0,Rabbit
34.0,ambush,87.0,96.0,11.0,19.0,0.0,Rabbit
34.0,ambush,87.0,97.0,8.0,21.0,1.0,Rabbit
34.0,ambush,79.0,98.0,15.0,21.0,1.0,Rabbit
34.0,ambush,87.0,98.0,11.0,17.0,0.0,Rabbit
34.0,ambush,79.0,98.0,15.0,21.0,1.0,Rabbit
34.0,ambush,87.0,98.0,11.0,17.0,1.0,Rabbit
34.0,ambush,79.0,98.0,15.0,21.0,0.0,Rabbit
34.0,ambush,87.0,98.0,11.0,17.0,0.0,Rabbit
34.0,ambush,87.0,98.0,11.0,17.0,1.0,Rabbit
34.0,ambush,87.0,98.0,11.0,17.0,1.0,Rabbit
34.0,ambush,87.0,98.0,11.0,17.0,0.0,Rabbit
34.0,ambush,87.0,98.0,11.0,17.0,1.0,Rabbit
34.0,ambush,87.0,98.0,11.0,17.0,0.0,Rabbit
34.0,ambush,87.0,98.0,11.0,17.0,0.0,Rabbit
34.0,ambush,87.0,91.0,13.0,21.0,0.0,Rabbit
34.0,ambush,79.0,98.0,15.0,21.0,0.0,Rabbit
34.0,ambush,87.0,98.0,11.0,17.0,1.0,Rabbit
34.0,ambush,84.0,99.0,11.0,19.0,1.0,Rabbit
34.0,ambush,87.0,98.0,11.0,17.0,0.0,Rabbit
34.0,ambush,87.0,99.0,8.0,19.0,1.0,Rabbit
34.0,ambush,87.0,98.0,11.0,17.0,1.0,Rabbit
34.0,ambush,87.0,99.0,8.0,19.0,1.0,Rabbit
34.0,ambush,87.0,99.0,8.0,19.0,1.0,Rabbit
34.0,ambush,87.0,99.0,8.0,19.0,1.0,Rabbit
34.0,ambush,84.0,99.0,11.0,19.0,1.0,Rabbit
34.0,ambush,87.0,98.0,11.0,17.0,1.0,Rabbit
34.0,ambush,87.0,98.0,11.0,17.0,1.0,Rabbit
34.0,ambush,87.0,98.0,11.0,17.0,1.0,Rabbit
34.0,ambush,84.0,99.0,11.0,19.0,1.0,Rabbit
34.0,ambush,87.0,98.0,11.0,17.0,0.0,Rabbit
34.0,ambush,87.0,98.0,11.0,16.0,1.0,Rabbit
34.0,ambush,87.0,98.0,11.0,17.0,0.0,Rabbit
34.0,ambush,87.0,98.0,11.0,17.0,0.0,Rabbit
34.0,ambush,84.0,99.0,11.0,19.0,1.0,Rabbit
34.0,ambush,84.0,99.0,11.0,19.0,1.0,Rabbit
34.0,ambush,87.0,98.0,11.0,17.0,0.0,Rabbit
34.0,ambush,79.0,98.0,15.0,21.0,1.0,Rabbit
34.0,ambush,79.0,98.0,15.0,21.0,0.0,Rabbit
34.0,ambush,87.0,98.0,11.0,17.0,0.0,Rabbit
34.0,ambush,87.0,98.0,11.0,17.0,1.0,Rabbit
34.0,ambush,87.0,99.0,8.0,19.0,1.0,Rabbit
34.0,ambush,87.0,98.0,11.0,17.0,0.0,Rabbit
34.0,ambush,87.0,99.0,8.0,19.0,1.0,Rabbit
34.0,ambush,87.0,98.0,11.0,17.0,1.0,Rabbit
34.0,ambush,87.0,96.0,11.0,19.0,0.0,Rabbit
34.0,ambush,87.0,98.0,11.0,17.0,1.0,Rabbit
34.0,ambush,87.0,98.0,11.0,17.0,0.0,Rabbit
34.0,ambush,87.0,99.0,8.0,19.0,1.0,Rabbit
34.0,ambush,87.0,99.0,8.0,19.0,1.0,Rabbit
34.0,ambush,87.0,99.0,8.0,19.0,1.0,Rabbit
34.0,ambush,87.0,98.0,11.0,17.0,0.0,Rabbit
34.0,ambush,87.0,98.0,11.0,17.0,0.0,Rabbit
34.0,ambush,87.0,98.0,11.0,17.0,0.0,Rabbit
34.0,ambush,81.0,99.0,11.0,23.0,1.0,Rabbit
34.0,ambush,81.0,99.0,11.0,23.0,1.0,Rabbit
34.0,ambush,87.0,95.0,11.0,21.0,0.0,Rabbit
34.0,ambush,81.0,99.0,11.0,23.0,0.0,Rabbit
34.0,ambush,81.0,99.0,11.0,23.0,1.0,Rabbit
34.0,ambush,81.0,99.0,11.0,23.0,1.0,Rabbit
34.0,ambush,81.0,99.0,11.0,23.0,0.0,Rabbit
34.0,ambush,82.0,99.0,10.0,23.0,1.0,Rabbit
34.0,ambush,79.0,98.0,15.0,21.0,0.0,Rabbit
34.0,ambush,62.0,14.0,79.0,52.0,0.0,Rabbit
34.0,ambush,81.0,99.0,11.0,23.0,0.0,Rabbit
34.0,ambush,62.0,14.0,79.0,52.0,1.0,Rabbit
34.0,ambush,87.0,97.0,8.0,21.0,0.0,Rabbit
34.0,ambush,62.0,14.0,79.0,52.0,0.0,Rabbit
35.0,ambush,62.0,14.0,79.0,52.0,0.0,Rabbit
35.0,ambush,62.0,14.0,79.0,52.0,0.0,Rabbit
35.0,ambush,60.0,14.0,79.0,52.0,1.0,Rabbit
35.0,ambush,62.0,14.0,79.0,52.0,1.0,Rabbit
35.0,ambush,62.0,14.0,79.0,52.0,1.0,Rabbit
35.0,ambush,87.0,96.0,7.0,19.0,0.0,Rabbit
35.0,ambush,87.0,96.0,7.0,19.0,0.0,Rabbit
35.0,ambush,62.0,14.0,79.0,52.0,1.0,Rabbit
35.0,ambush,79.0,97.0,11.0,23.0,1.0,Rabbit
35.0,ambush,87.0,95.0,7.0,21.0,0.0,Rabbit
35.0,ambush,87.0,95.0,7.0,21.0,0.0,Rabbit
35.0,ambush,83.0,97.0,11.0,23.0,1.0,Rabbit
35.0,ambush,87.0,95.0,7.0,21.0,0.0,Rabbit
35.0,ambush,87.0,96.0,8.0,21.0,1.0,Rabbit
35.0,ambush,87.0,96.0,8.0,21.0,1.0,Rabbit
35.0,ambush,79.0,97.0,11.0,23.0,1.0,Rabbit
35.0,ambush,79.0,97.0,11.0,23.0,1.0,Rabbit
35.0,ambush,87.0,96.0,8.0,21.0,1.0,Rabbit
35.0,ambush,87.0,91.0,13.0,21.0,1.0,Rabbit
35.0,ambush,85.0,98.0,8.0,21.0,0.0,Rabbit
35.0,ambush,87.0,91.0,13.0,21.0,0.0,Rabbit
35.0,ambush,87.0,91.0,13.0,21.0,1.0,Rabbit
35.0,ambush,87.0,96.0,10.0,19.0,0.0,Rabbit
35.0,ambush,87.0,99.0,7.0,19.0,1.0,Rabbit
35.0,ambush,87.0,96.0,10.0,19.0,0.0,Rabbit
35.0,ambush,87.0,99.0,7.0,19.0,1.0,Rabbit
35.0,ambush,87.0,96.0,10.0,19.0,1.0,Rabbit
35.0,ambush,87.0,91.0,13.0,21.0,1.0,Rabbit
35.0,ambush,85.0,98.0,8.0,21.0,1.0,Rabbit
35.0,ambush,85.0,98.0,8.0,21.0,0.0,Rabbit
35.0,ambush,85.0,98.0,8.0,21.0,1.0,Rabbit
35.0,ambush,87.0,96.0,8.0,21.0,1.0,Rabbit
35.0,ambush,85.0,98.0,8.0,21.0,0.0,Rabbit
35.0,ambush,85.0,98.0,8.0,21.0,1.0,Rabbit
35.0,ambush,87.0,91.0,13.0,21.0,1.0,Rabbit
35.0,ambush,87.0,91.0,13.0,21.0,1.0,Rabbit
35.0,ambush,85.0,98.0,8.0,21.0,1.0,Rabbit
35.0,ambush,85.0,98.0,8.0,21.0,0.0,Rabbit
35.0,ambush,87.0,96.0,10.0,19.0,1.0,Rabbit
35.0,ambush,85.0,98.0,8.0,21.0,1.0,Rabbit
35.0,ambush,87.0,95.0,8.0,21.0,0.0,Rabbit
35.0,ambush,87.0,96.0,8.0,21.0,1.0,Rabbit
35.0,ambush,85.0,98.0,8.0,21.0,1.0,Rabbit
35.0,ambush,85.0,98.0,8.0,21.0,0.0,Rabbit
35.0,ambush,85.0,98.0,8.0,21.0,1.0,Rabbit
35.0,ambush,85.0,98.0,8.0,21.0,1.0,Rabbit
35.0,ambush,87.0,95.0,7.0,21.0,0.0,Rabbit
35.0,ambush,87.0,96.0,8.0,21.0,1.0,Rabbit
35.0,ambush,87.0,96.0,8.0,21.0,1.0,Rabbit
35.0,ambush,79.0,97.0,11.0,23.0,1.0,Rabbit
35.0,ambush,85.0,98.0,8.0,21.0,1.0,Rabbit
35.0,ambush,87.0,96.0,10.0,19.0,1.0,Rabbit
35.0,ambush,87.0,96.0,8.0,21.0,1.0,Rabbit
35.0,ambush,85.0,98.0,8.0,21.0,1.0,Rabbit
35.0,ambush,85.0,98.0,6.0,20.0,1.0,Rabbit
35.0,ambush,87.0,98.0,11.0,19.0,1.0,Rabbit
35.0,ambush,85.0,98.0,8.0,21.0,1.0,Rabbit
35.0,ambush,85.0,98.0,8.0,21.0,1.0,Rabbit
35.0,ambush,87.0,98.0,11.0,16.0,1.0,Rabbit
35.0,ambush,87.0,98.0,11.0,17.0,1.0,Rabbit
35.0,ambush,87.0,96.0,10.0,19.0,0.0,Rabbit
35.0,ambush,82.0,100.0,11.0,16.0,1.0,Rabbit
35.0,ambush,87.0,98.0,11.0,17.0,1.0,Rabbit
35.0,ambush,87.0,91.0,13.0,21.0,0.0,Rabbit
35.0,ambush,87.0,98.0,11.0,17.0,1.0,Rabbit
35.0,ambush,79.0,98.0,15.0,21.0,1.0,Rabbit
35.0,ambush,84.0,99.0,11.0,19.0,1.0,Rabbit
35.0,ambush,87.0,98.0,11.0,17.0,1.0,Rabbit
35.0,ambush,84.0,99.0,11.0,19.0,1.0,Rabbit
35.0,ambush,87.0,98.0,11.0,17.0,1.0,Rabbit
35.0,ambush,79.0,97.0,11.0,23.0,0.0,Rabbit
35.0,ambush,87.0,98.0,11.0,17.0,1.0,Rabbit
35.0,ambush,84.0,99.0,11.0,19.0,0.0,Rabbit
35.0,ambush,87.0,98.0,11.0,17.0,1.0,Rabbit
35.0,ambush,87.0,99.0,8.0,19.0,1.0,Rabbit
35.0,ambush,87.0,99.0,8.0,19.0,1.0,Rabbit
35.0,ambush,87.0,98.0,11.0,17.0,0.0,Rabbit
35.0,ambush,87.0,98.0,11.0,17.0,1.0,Rabbit
35.0,ambush,84.0,99.0,11.0,19.0,1.0,Rabbit
35.0,ambush,87.0,99.0,8.0,19.0,0.0,Rabbit
35.0,ambush,87.0,97.0,8.0,21.0,1.0,Rabbit
35.0,ambush,84.0,99.0,11.0,19.0,1.0,Rabbit
35.0,ambush,84.0,99.0,11.0,19.0,0.0,Rabbit
35.0,ambush,84.0,99.0,11.0,19.0,0.0,Rabbit
35.0,ambush,87.0,98.0,11.0,17.0,1.0,Rabbit
35.0,ambush,87.0,98.0,11.0,17.0,0.0,Rabbit
35.0,ambush,87.0,98.0,11.0,17.0,1.0,Rabbit
35.0,ambush,87.0,98.0,11.0,17.0,1.0,Rabbit
35.0,ambush,87.0,98.0,11.0,17.0,1.0,Rabbit
35.0,ambush,87.0,97.0,8.0,21.0,1.0,Rabbit
35.0,ambush,84.0,99.0,11.0,19.0,0.0,Rabbit
35.0,ambush,87.0,98.0,11.0,17.0,1.0,Rabbit
35.0,ambush,84.0,99.0,11.0,19.0,0.0,Rabbit
35.0,ambush,87.0,98.0,11.0,17.0,1.0,Rabbit
35.0,ambush,87.0,98.0,8.0,21.0,1.0,Rabbit
35.0,ambush,87.0,99.0,8.0,19.0,1.0,Rabbit
35.0,ambush,87.0,99.0,8.0,19.0,1.0,Rabbit
35.0,ambush,87.0,98.0,11.0,17.0,0.0,Rabbit
35.0,ambush,87.0,99.0,8.0,19.0,0.0,Rabbit
35.0,ambush,87.0,98.0,11.0,17.0,0.0,Rabbit
35.0,ambush,87.0,99.0,8.0,19.0,1.0,Rabbit
35.0,ambush,87.0,99.0,8.0,19.0,1.0,Rabbit
35.0,ambush,87.0,99.0,8.0,19.0,1.0,Rabbit
35.0,ambush,87.0,99.0,8.0,19.0,1.0,Rabbit
35.0,ambush,87.0,98.0,11.0,17.0,0.0,Rabbit
35.0,ambush,87.0,99.0,8.0,19.0,0.0,Rabbit
35.0,ambush,79.0,98.0,15.0,21.0,1.0,Rabbit
35.0,ambush,87.0,99.0,8.0,19.0,0.0,Rabbit
35.0,ambush,87.0,99.0,8.0,19.0,0.0,Rabbit
35.0,ambush,87.0,97.0,8.0,21.0,1.0,Rabbit
35.0,ambush,87.0,97.0,8.0,21.0,0.0,Rabbit
35.0,ambush,87.0,98.0,11.0,17.0,0.0,Rabbit
35.0,ambush,87.0,98.0,11.0,17.0,1.0,Rabbit
35.0,ambush,87.0,99.0,8.0,19.0,0.0,Rabbit
35.0,ambush,87.0,97.0,8.0,21.0,1.0,Rabbit
35.0,ambush,87.0,99.0,8.0,19.0,0.0,Rabbit
35.0,ambush,87.0,97.0,11.0,17.0,1.0,Rabbit
35.0,ambush,87.0,98.0,11.0,17.0,1.0,Rabbit
35.0,ambush,87.0,98.0,11.0,17.0,1.0,Rabbit
35.0,ambush,79.0,98.0,15.0,21.0,1.0,Rabbit
35.0,ambush,87.0,99.0,8.0,19.0,0.0,Rabbit
35.0,ambush,87.0,97.0,8.0,21.0,1.0,Rabbit
35.0,ambush,87.0,99.0,7.0,19.0,0.0,Rabbit
35.0,ambush,84.0,99.0,11.0,19.0,1.0,Rabbit
35.0,ambush,84.0,99.0,11.0,19.0,1.0,Rabbit
35.0,ambush,87.0,98.0,11.0,17.0,1.0,Rabbit
35.0,ambush,87.0,98.0,11.0,17.0,1.0,Rabbit
35.0,ambush,87.0,99.0,8.0,19.0,1.0,Rabbit
35.0,ambush,79.0,98.0,15.0,21.0,0.0,Rabbit
35.0,ambush,81.0,99.0,11.0,23.0,1.0,Rabbit
35.0,ambush,87.0,99.0,8.0,19.0,1.0,Rabbit
35.0,ambush,87.0,99.0,8.0,19.0,1.0,Rabbit
35.0,ambush,81.0,99.0,11.0,23.0,0.0,Rabbit
35.0,ambush,82.0,99.0,10.0,23.0,0.0,Rabbit
35.0,ambush,82.0,99.0,10.0,23.0,0.0,Rabbit
35.0,ambush,82.0,99.0,10.0,23.0,0.0,Rabbit
35.0,ambush,81.0,99.0,11.0,23.0,1.0,Rabbit
35.0,ambush,81.0,99.0,11.0,23.0,0.0,Rabbit
35.0,ambush,81.0,99.0,11.0,23.0,0.0,Rabbit
35.0,ambush,87.0,99.0,8.0,19.0,0.0,Rabbit
35.0,ambush,84.0,99.0,11.0,19.0,0.0,Rabbit
35.0,ambush,81.0,99.0,11.0,23.0,1.0,Rabbit
35.0,ambush,81.0,99.0,11.0,23.0,1.0,Rabbit
35.0,ambush,87.0,99.0,8.0,19.0,0.0,Rabbit
35.0,ambush,84.0,100.0,11.0,19.0,0.0,Rabbit
36.0,ambush,62.0,14.0,79.0,52.0,0.0,Rabbit
36.0,ambush,60.0,14.0,79.0,52.0,0.0,Rabbit
36.0,ambush,62.0,14.0,79.0,52.0,0.0,Rabbit
36.0,ambush,82.0,100.0,11.0,17.0,1.0,Rabbit
36.0,ambush,85.0,98.0,6.0,20.0,1.0,Rabbit
36.0,ambush,79.0,97.0,11.0,23.0,1.0,Rabbit
36.0,ambush,79.0,97.0,11.0,23.0,1.0,Rabbit
36.0,ambush,79.0,97.0,11.0,23.0,1.0,Rabbit
36.0,ambush,85.0,98.0,6.0,20.0,1.0,Rabbit
36.0,ambush,79.0,97.0,11.0,23.0,1.0,Rabbit
36.0,ambush,79.0,97.0,11.0,23.0,1.0,Rabbit
36.0,ambush,82.0,100.0,11.0,16.0,0.0,Rabbit
36.0,ambush,79.0,97.0,11.0,23.0,0.0,Rabbit
36.0,ambush,85.0,98.0,8.0,21.0,1.0,Rabbit
36.0,ambush,62.0,14.0,79.0,52.0,1.0,Rabbit
36.0,ambush,85.0,98.0,8.0,21.0,0.0,Rabbit
36.0,ambush,85.0,98.0,8.0,21.0,1.0,Rabbit
36.0,ambush,87.0,96.0,8.0,21.0,0.0,Rabbit
36.0,ambush,87.0,91.0,13.0,21.0,1.0,Rabbit
36.0,ambush,87.0,96.0,8.0,21.0,1.0,Rabbit
36.0,ambush,87.0,99.0,7.0,19.0,1.0,Rabbit
36.0,ambush,85.0,98.0,8.0,21.0,0.0,Rabbit
36.0,ambush,87.0,96.0,10.0,19.0,1.0,Rabbit
36.0,ambush,85.0,98.0,8.0,21.0,0.0,Rabbit
36.0,ambush,85.0,98.0,8.0,21.0,0.0,Rabbit
36.0,ambush,62.0,14.0,79.0,52.0,0.0,Rabbit
36.0,ambush,85.0,98.0,8.0,21.0,1.0,Rabbit
36.0,ambush,85.0,98.0,8.0,21.0,1.0,Rabbit
36.0,ambush,87.0,96.0,10.0,19.0,1.0,Rabbit
36.0,ambush,87.0,99.0,7.0,19.0,0.0,Rabbit
36.0,ambush,85.0,98.0,8.0,21.0,1.0,Rabbit
36.0,ambush,85.0,98.0,8.0,21.0,1.0,Rabbit
36.0,ambush,87.0,91.0,13.0,21.0,1.0,Rabbit
36.0,ambush,87.0,96.0,10.0,19.0,1.0,Rabbit
36.0,ambush,85.0,98.0,8.0,21.0,0.0,Rabbit
36.0,ambush,85.0,98.0,8.0,21.0,1.0,Rabbit
36.0,ambush,85.0,98.0,8.0,21.0,1.0,Rabbit
36.0,ambush,87.0,91.0,13.0,21.0,0.0,Rabbit
36.0,ambush,87.0,96.0,8.0,21.0,1.0,Rabbit
36.0,ambush,85.0,98.0,8.0,21.0,0.0,Rabbit
36.0,ambush,87.0,96.0,8.0,21.0,0.0,Rabbit
36.0,ambush,85.0,98.0,8.0,21.0,1.0,Rabbit
36.0,ambush,85.0,98.0,8.0,21.0,0.0,Rabbit
36.0,ambush,87.0,96.0,8.0,21.0,1.0,Rabbit
36.0,ambush,85.0,98.0,8.0,21.0,1.0,Rabbit
36.0,ambush,85.0,98.0,8.0,16.0,1.0,Rabbit
36.0,ambush,85.0,98.0,8.0,21.0,1.0,Rabbit
36.0,ambush,85.0,98.0,8.0,21.0,1.0,Rabbit
36.0,ambush,87.0,91.0,13.0,21.0,1.0,Rabbit
36.0,ambush,87.0,91.0,13.0,21.0,0.0,Rabbit
36.0,ambush,87.0,96.0,8.0,21.0,1.0,Rabbit
36.0,ambush,87.0,96.0,8.0,21.0,1.0,Rabbit
36.0,ambush,87.0,96.0,8.0,21.0,1.0,Rabbit
36.0,ambush,87.0,96.0,8.0,21.0,0.0,Rabbit
36.0,ambush,87.0,96.0,8.0,21.0,1.0,Rabbit
36.0,ambush,87.0,99.0,7.0,19.0,0.0,Rabbit
36.0,ambush,87.0,96.0,10.0,19.0,1.0,Rabbit
36.0,ambush,85.0,98.0,8.0,21.0,0.0,Rabbit
36.0,ambush,87.0,96.0,10.0,19.0,1.0,Rabbit
36.0,ambush,85.0,98.0,8.0,21.0,1.0,Rabbit
36.0,ambush,85.0,98.0,8.0,21.0,1.0,Rabbit
36.0,ambush,62.0,11.0,79.0,52.0,0.0,Rabbit
36.0,ambush,85.0,98.0,8.0,21.0,0.0,Rabbit
36.0,ambush,85.0,98.0,8.0,21.0,0.0,Rabbit
36.0,ambush,87.0,97.0,11.0,17.0,1.0,Rabbit
36.0,ambush,87.0,91.0,13.0,21.0,1.0,Rabbit
36.0,ambush,85.0,98.0,8.0,21.0,0.0,Rabbit
36.0,ambush,87.0,91.0,13.0,21.0,0.0,Rabbit
36.0,ambush,87.0,96.0,8.0,21.0,1.0,Rabbit
36.0,ambush,87.0,97.0,11.0,17.0,0.0,Rabbit
36.0,ambush,87.0,96.0,10.0,19.0,0.0,Rabbit
36.0,ambush,87.0,93.0,13.0,21.0,1.0,Rabbit
36.0,ambush,87.0,98.0,11.0,16.0,1.0,Rabbit
36.0,ambush,87.0,98.0,11.0,16.0,0.0,Rabbit
36.0,ambush,87.0,91.0,13.0,21.0,1.0,Rabbit
36.0,ambush,87.0,91.0,13.0,21.0,0.0,Rabbit
36.0,ambush,85.0,98.0,8.0,21.0,0.0,Rabbit
36.0,ambush,87.0,99.0,8.0,19.0,0.0,Rabbit
36.0,ambush,87.0,98.0,11.0,17.0,0.0,Rabbit
36.0,ambush,87.0,99.0,8.0,19.0,0.0,Rabbit
36.0,ambush,87.0,99.0,8.0,19.0,1.0,Rabbit
36.0,ambush,87.0,98.0,11.0,17.0,0.0,Rabbit
36.0,ambush,87.0,97.0,8.0,21.0,1.0,Rabbit
36.0,ambush,84.0,99.0,11.0,19.0,1.0,Rabbit
36.0,ambush,84.0,99.0,11.0,19.0,1.0,Rabbit
36.0,ambush,87.0,97.0,8.0,21.0,0.0,Rabbit
36.0,ambush,84.0,99.0,11.0,19.0,1.0,Rabbit
36.0,ambush,84.0,99.0,11.0,19.0,1.0,Rabbit
36.0,ambush,82.0,97.0,8.0,21.0,0.0,Rabbit
36.0,ambush,79.0,98.0,15.0,21.0,1.0,Rabbit
36.0,ambush,84.0,99.0,11.0,19.0,1.0,Rabbit
36.0,ambush,87.0,97.0,6.0,21.0,1.0,Rabbit
36.0,ambush,87.0,98.0,11.0,17.0,0.0,Rabbit
36.0,ambush,84.0,99.0,11.0,19.0,1.0,Rabbit
36.0,ambush,87.0,98.0,11.0,17.0,1.0,Rabbit
36.0,ambush,87.0,98.0,11.0,17.0,1.0,Rabbit
36.0,ambush,85.0,98.0,8.0,21.0,0.0,Rabbit
36.0,ambush,84.0,99.0,11.0,19.0,1.0,Rabbit
36.0,ambush,84.0,99.0,11.0,19.0,1.0,Rabbit
36.0,ambush,87.0,97.0,8.0,21.0,1.0,Rabbit
36.0,ambush,87.0,97.0,8.0,21.0,1.0,Rabbit
36.0,ambush,84.0,99.0,11.0,19.0,1.0,Rabbit
36.0,ambush,87.0,97.0,8.0,21.0,1.0,Rabbit
36.0,ambush,84.0,99.0,11.0,19.0,1.0,Rabbit
36.0,ambush,87.0,97.0,8.0,21.0,0.0,Rabbit
36.0,ambush,87.0,99.0,8.0,19.0,1.0,Rabbit
36.0,ambush,84.0,99.0,11.0,19.0,0.0,Rabbit
36.0,ambush,87.0,99.0,8.0,19.0,0.0,Rabbit
36.0,ambush,87.0,98.0,11.0,17.0,1.0,Rabbit
36.0,ambush,87.0,98.0,11.0,17.0,1.0,Rabbit
36.0,ambush,87.0,98.0,11.0,17.0,0.0,Rabbit
36.0,ambush,84.0,99.0,11.0,19.0,0.0,Rabbit
36.0,ambush,87.0,98.0,11.0,17.0,1.0,Rabbit
36.0,ambush,87.0,98.0,11.0,17.0,1.0,Rabbit
36.0,ambush,87.0,99.0,8.0,19.0,1.0,Rabbit
36.0,ambush,87.0,99.0,8.0,19.0,1.0,Rabbit
36.0,ambush,87.0,97.0,8.0,21.0,0.0,Rabbit
36.0,ambush,87.0,98.0,11.0,17.0,1.0,Rabbit
36.0,ambush,87.0,98.0,11.0,17.0,0.0,Rabbit
36.0,ambush,87.0,98.0,11.0,17.0,1.0,Rabbit
36.0,ambush,87.0,98.0,11.0,17.0,0.0,Rabbit
36.0,ambush,87.0,96.0,8.0,21.0,0.0,Rabbit
36.0,ambush,87.0,98.0,11.0,17.0,1.0,Rabbit
36.0,ambush,87.0,98.0,11.0,17.0,1.0,Rabbit
36.0,ambush,87.0,98.0,11.0,17.0,0.0,Rabbit
36.0,ambush,87.0,98.0,11.0,17.0,0.0,Rabbit
36.0,ambush,87.0,98.0,11.0,17.0,1.0,Rabbit
36.0,ambush,87.0,99.0,8.0,20.0,1.0,Rabbit
36.0,ambush,87.0,98.0,11.0,17.0,0.0,Rabbit
36.0,ambush,87.0,99.0,8.0,19.0,1.0,Rabbit
36.0,ambush,87.0,99.0,8.0,19.0,1.0,Rabbit
36.0,ambush,84.0,99.0,11.0,19.0,0.0,Rabbit
36.0,ambush,84.0,99.0,11.0,19.0,1.0,Rabbit
36.0,ambush,85.0,99.0,11.0,19.0,0.0,Rabbit
36.0,ambush,87.0,99.0,8.0,19.0,1.0,Rabbit
36.0,ambush,87.0,97.0,8.0,21.0,1.0,Rabbit
36.0,ambush,87.0,98.0,11.0,17.0,0.0,Rabbit
36.0,ambush,87.0,97.0,8.0,21.0,1.0,Rabbit
36.0,ambush,87.0,98.0,11.0,17.0,1.0,Rabbit
36.0,ambush,87.0,99.0,8.0,19.0,0.0,Rabbit
36.0,ambush,79.0,98.0,15.0,21.0,0.0,Rabbit
36.0,ambush,87.0,98.0,11.0,17.0,0.0,Rabbit
36.0,ambush,87.0,99.0,8.0,19.0,1.0,Rabbit
36.0,ambush,87.0,98.0,11.0,17.0,1.0,Rabbit
36.0,ambush,87.0,99.0,8.0,19.0,0.0,Rabbit
36.0,ambush,87.0,98.0,11.0,17.0,1.0,Rabbit
36.0,ambush,87.0,98.0,11.0,17.0,1.0,Rabbit
36.0,ambush,87.0,98.0,11.0,17.0,1.0,Rabbit
36.0,ambush,79.0,98.0,15.0,21.0,1.0,Rabbit
36.0,ambush,87.0,98.0,11.0,17.0,1.0,Rabbit
36.0,ambush,87.0,99.0,8.0,19.0,1.0,Rabbit
36.0,ambush,87.0,99.0,8.0,19.0,1.0,Rabbit
36.0,ambush,79.0,98.0,15.0,21.0,0.0,Rabbit
36.0,ambush,87.0,98.0,11.0,17.0,0.0,Rabbit
36.0,ambush,87.0,99.0,8.0,19.0,1.0,Rabbit
36.0,ambush,87.0,98.0,11.0,17.0,0.0,Rabbit
36.0,ambush,87.0,98.0,11.0,17.0,0.0,Rabbit
36.0,ambush,87.0,99.0,8.0,19.0,1.0,Rabbit
36.0,ambush,87.0,99.0,8.0,19.0,0.0,Rabbit
36.0,ambush,87.0,99.0,8.0,19.0,0.0,Rabbit
36.0,ambush,83.0,97.0,11.0,23.0,1.0,Rabbit
36.0,ambush,87.0,97.0,8.0,21.0,0.0,Rabbit
36.0,ambush,83.0,97.0,11.0,23.0,1.0,Rabbit
36.0,ambush,83.0,97.0,11.0,23.0,0.0,Rabbit
36.0,ambush,81.0,99.0,11.0,18.0,1.0,Rabbit
36.0,ambush,87.0,98.0,11.0,17.0,0.0,Rabbit
36.0,ambush,79.0,98.0,15.0,21.0,0.0,Rabbit
36.0,ambush,87.0,98.0,11.0,17.0,0.0,Rabbit
36.0,ambush,87.0,98.0,8.0,21.0,1.0,Rabbit
36.0,ambush,81.0,99.0,11.0,23.0,1.0,Rabbit
36.0,ambush,81.0,99.0,11.0,23.0,0.0,Rabbit
36.0,ambush,81.0,99.0,11.0,23.0,0.0,Rabbit
36.0,ambush,87.0,98.0,8.0,21.0,0.0,Rabbit
36.0,ambush,87.0,98.0,11.0,19.0,1.0,Rabbit
36.0,ambush,81.0,99.0,11.0,23.0,1.0,Rabbit
36.0,ambush,81.0,99.0,11.0,23.0,0.0,Rabbit
36.0,ambush,81.0,99.0,11.0,23.0,0.0,Rabbit
36.0,ambush,87.0,99.0,8.0,19.0,0.0,Rabbit
37.0,ambush,81.0,99.0,11.0,18.0,1.0,Rabbit
37.0,ambush,85.0,98.0,8.0,16.0,1.0,Rabbit
37.0,ambush,81.0,99.0,11.0,18.0,1.0,Rabbit
37.0,ambush,62.0,14.0,79.0,52.0,1.0,Rabbit
37.0,ambush,85.0,98.0,8.0,16.0,1.0,Rabbit
37.0,ambush,85.0,98.0,8.0,16.0,0.0,Rabbit
37.0,ambush,85.0,98.0,6.0,20.0,0.0,Rabbit
37.0,ambush,85.0,98.0,6.0,20.0,0.0,Rabbit
37.0,ambush,79.0,97.0,11.0,23.0,1.0,Rabbit
37.0,ambush,79.0,97.0,11.0,23.0,1.0,Rabbit
37.0,ambush,79.0,97.0,11.0,23.0,1.0,Rabbit
37.0,ambush,79.0,97.0,11.0,23.0,1.0,Rabbit
37.0,ambush,79.0,97.0,11.0,23.0,0.0,Rabbit
37.0,ambush,79.0,97.0,11.0,23.0,0.0,Rabbit
37.0,ambush,87.0,97.0,6.0,21.0,1.0,Rabbit
37.0,ambush,87.0,99.0,7.0,19.0,1.0,Rabbit
37.0,ambush,79.0,97.0,11.0,23.0,1.0,Rabbit
37.0,ambush,82.0,100.0,11.0,17.0,0.0,Rabbit
37.0,ambush,87.0,97.0,6.0,21.0,0.0,Rabbit
37.0,ambush,87.0,96.0,10.0,19.0,1.0,Rabbit
37.0,ambush,87.0,97.0,6.0,21.0,0.0,Rabbit
37.0,ambush,87.0,99.0,7.0,19.0,0.0,Rabbit
37.0,ambush,85.0,98.0,6.0,20.0,0.0,Rabbit
37.0,ambush,85.0,98.0,8.0,21.0,1.0,Rabbit
37.0,ambush,87.0,96.0,8.0,21.0,1.0,Rabbit
37.0,ambush,85.0,98.0,8.0,21.0,1.0,Rabbit
37.0,ambush,87.0,96.0,8.0,21.0,0.0,Rabbit
37.0,ambush,85.0,98.0,8.0,21.0,0.0,Rabbit
37.0,ambush,87.0,96.0,10.0,19.0,1.0,Rabbit
37.0,ambush,85.0,98.0,8.0,21.0,0.0,Rabbit
37.0,ambush,87.0,91.0,13.0,21.0,1.0,Rabbit
37.0,ambush,85.0,98.0,8.0,21.0,0.0,Rabbit
37.0,ambush,87.0,91.0,13.0,21.0,1.0,Rabbit
37.0,ambush,83.0,91.0,13.0,21.0,1.0,Rabbit
37.0,ambush,87.0,91.0,13.0,21.0,1.0,Rabbit
37.0,ambush,87.0,96.0,8.0,21.0,1.0,Rabbit
37.0,ambush,85.0,98.0,8.0,21.0,0.0,Rabbit
37.0,ambush,85.0,98.0,8.0,21.0,1.0,Rabbit
37.0,ambush,87.0,96.0,8.0,21.0,1.0,Rabbit
37.0,ambush,85.0,98.0,8.0,21.0,0.0,Rabbit
37.0,ambush,85.0,98.0,8.0,21.0,1.0,Rabbit
37.0,ambush,85.0,100.0,8.0,18.0,0.0,Rabbit
37.0,ambush,85.0,98.0,8.0,21.0,1.0,Rabbit
37.0,ambush,85.0,98.0,8.0,21.0,1.0,Rabbit
37.0,ambush,85.0,98.0,8.0,21.0,1.0,Rabbit
37.0,ambush,85.0,98.0,8.0,21.0,1.0,Rabbit
37.0,ambush,85.0,98.0,8.0,21.0,0.0,Rabbit
37.0,ambush,79.0,97.0,11.0,23.0,0.0,Rabbit
37.0,ambush,87.0,98.0,11.0,16.0,1.0,Rabbit
37.0,ambush,87.0,96.0,10.0,19.0,0.0,Rabbit
37.0,ambush,87.0,98.0,9.0,16.0,1.0,Rabbit
37.0,ambush,87.0,96.0,10.0,19.0,0.0,Rabbit
37.0,ambush,85.0,98.0,8.0,21.0,1.0,Rabbit
37.0,ambush,87.0,91.0,13.0,21.0,1.0,Rabbit
37.0,ambush,87.0,96.0,8.0,21.0,1.0,Rabbit
37.0,ambush,85.0,98.0,8.0,21.0,1.0,Rabbit
37.0,ambush,87.0,91.0,13.0,21.0,1.0,Rabbit
37.0,ambush,81.0,99.0,11.0,18.0,0.0,Rabbit
37.0,ambush,87.0,96.0,10.0,19.0,0.0,Rabbit
37.0,ambush,87.0,98.0,11.0,16.0,0.0,Rabbit
37.0,ambush,87.0,97.0,11.0,17.0,1.0,Rabbit
37.0,ambush,87.0,96.0,8.0,21.0,0.0,Rabbit
37.0,ambush,87.0,97.0,11.0,17.0,1.0,Rabbit
37.0,ambush,87.0,96.0,8.0,21.0,0.0,Rabbit
37.0,ambush,87.0,96.0,8.0,21.0,0.0,Rabbit
37.0,ambush,87.0,96.0,8.0,21.0,1.0,Rabbit
37.0,ambush,85.0,98.0,8.0,21.0,1.0,Rabbit
37.0,ambush,87.0,96.0,8.0,21.0,0.0,Rabbit
37.0,ambush,87.0,96.0,10.0,19.0,1.0,Rabbit
37.0,ambush,87.0,96.0,10.0,19.0,0.0,Rabbit
37.0,ambush,87.0,91.0,13.0,21.0,1.0,Rabbit
37.0,ambush,87.0,96.0,10.0,19.0,1.0,Rabbit
37.0,ambush,85.0,98.0,8.0,21.0,1.0,Rabbit
37.0,ambush,85.0,98.0,8.0,21.0,0.0,Rabbit
37.0,ambush,85.0,98.0,8.0,21.0,1.0,Rabbit
37.0,ambush,87.0,97.0,11.0,17.0,0.0,Rabbit
37.0,ambush,87.0,96.0,8.0,21.0,0.0,Rabbit
37.0,ambush,85.0,98.0,8.0,21.0,0.0,Rabbit
37.0,ambush,87.0,91.0,13.0,21.0,1.0,Rabbit
37.0,ambush,87.0,96.0,8.0,21.0,1.0,Rabbit
37.0,ambush,87.0,91.0,13.0,21.0,1.0,Rabbit
37.0,ambush,87.0,96.0,8.0,21.0,0.0,Rabbit
37.0,ambush,87.0,91.0,13.0,21.0,0.0,Rabbit
37.0,ambush,87.0,96.0,10.0,19.0,1.0,Rabbit
37.0,ambush,87.0,96.0,10.0,19.0,1.0,Rabbit
37.0,ambush,85.0,98.0,8.0,21.0,0.0,Rabbit
37.0,ambush,84.0,99.0,11.0,19.0,1.0,Rabbit
37.0,ambush,84.0,99.0,11.0,19.0,1.0,Rabbit
37.0,ambush,87.0,99.0,8.0,19.0,1.0,Rabbit
37.0,ambush,87.0,97.0,8.0,21.0,1.0,Rabbit
37.0,ambush,87.0,99.0,8.0,19.0,1.0,Rabbit
37.0,ambush,87.0,99.0,8.0,19.0,1.0,Rabbit
37.0,ambush,87.0,96.0,10.0,19.0,1.0,Rabbit
37.0,ambush,87.0,97.0,8.0,21.0,1.0,Rabbit
37.0,ambush,87.0,99.0,8.0,19.0,1.0,Rabbit
37.0,ambush,87.0,97.0,8.0,21.0,0.0,Rabbit
37.0,ambush,87.0,99.0,8.0,19.0,0.0,Rabbit
37.0,ambush,87.0,99.0,8.0,19.0,1.0,Rabbit
37.0,ambush,87.0,99.0,8.0,19.0,1.0,Rabbit
37.0,ambush,84.0,99.0,11.0,19.0,1.0,Rabbit
37.0,ambush,87.0,98.0,11.0,17.0,0.0,Rabbit
37.0,ambush,87.0,98.0,11.0,17.0,1.0,Rabbit
37.0,ambush,87.0,99.0,8.0,19.0,1.0,Rabbit
37.0,ambush,87.0,98.0,11.0,17.0,1.0,Rabbit
37.0,ambush,84.0,99.0,11.0,19.0,0.0,Rabbit
37.0,ambush,87.0,98.0,11.0,17.0,1.0,Rabbit
37.0,ambush,87.0,98.0,11.0,17.0,1.0,Rabbit
37.0,ambush,87.0,99.0,8.0,19.0,1.0,Rabbit
37.0,ambush,87.0,97.0,8.0,21.0,1.0,Rabbit
37.0,ambush,86.0,98.0,11.0,21.0,0.0,Rabbit
37.0,ambush,87.0,99.0,8.0,19.0,0.0,Rabbit
37.0,ambush,87.0,97.0,8.0,21.0,1.0,Rabbit
37.0,ambush,87.0,96.0,10.0,19.0,0.0,Rabbit
37.0,ambush,87.0,98.0,11.0,17.0,1.0,Rabbit
37.0,ambush,84.0,99.0,11.0,19.0,1.0,Rabbit
37.0,ambush,84.0,99.0,11.0,19.0,1.0,Rabbit
37.0,ambush,85.0,98.0,8.0,21.0,0.0,Rabbit
37.0,ambush,84.0,99.0,11.0,19.0,1.0,Rabbit
37.0,ambush,87.0,99.0,8.0,19.0,1.0,Rabbit
37.0,ambush,84.0,99.0,11.0,19.0,0.0,Rabbit
37.0,ambush,87.0,98.0,11.0,17.0,1.0,Rabbit
37.0,ambush,84.0,99.0,11.0,19.0,1.0,Rabbit
37.0,ambush,84.0,99.0,11.0,19.0,0.0,Rabbit
37.0,ambush,87.0,99.0,8.0,19.0,1.0,Rabbit
37.0,ambush,85.0,98.0,8.0,21.0,0.0,Rabbit
37.0,ambush,84.0,99.0,11.0,19.0,1.0,Rabbit
37.0,ambush,87.0,98.0,11.0,17.0,1.0,Rabbit
37.0,ambush,87.0,98.0,11.0,17.0,0.0,Rabbit
37.0,ambush,87.0,99.0,8.0,19.0,0.0,Rabbit
37.0,ambush,87.0,94.0,11.0,16.0,0.0,Rabbit
37.0,ambush,87.0,99.0,8.0,19.0,0.0,Rabbit
37.0,ambush,87.0,99.0,8.0,19.0,0.0,Rabbit
37.0,ambush,87.0,98.0,11.0,17.0,1.0,Rabbit
37.0,ambush,87.0,97.0,8.0,21.0,1.0,Rabbit
37.0,ambush,87.0,98.0,11.0,17.0,0.0,Rabbit
37.0,ambush,87.0,98.0,11.0,17.0,0.0,Rabbit
37.0,ambush,87.0,97.0,8.0,21.0,1.0,Rabbit
37.0,ambush,87.0,97.0,8.0,21.0,1.0,Rabbit
37.0,ambush,87.0,98.0,11.0,17.0,0.0,Rabbit
37.0,ambush,87.0,97.0,8.0,21.0,1.0,Rabbit
37.0,ambush,87.0,98.0,11.0,17.0,0.0,Rabbit
37.0,ambush,87.0,98.0,11.0,17.0,1.0,Rabbit
37.0,ambush,87.0,99.0,8.0,19.0,1.0,Rabbit
37.0,ambush,87.0,98.0,11.0,17.0,1.0,Rabbit
37.0,ambush,87.0,99.0,8.0,19.0,1.0,Rabbit
37.0,ambush,87.0,99.0,8.0,19.0,1.0,Rabbit
37.0,ambush,87.0,98.0,11.0,17.0,1.0,Rabbit
37.0,ambush,84.0,99.0,11.0,19.0,0.0,Rabbit
37.0,ambush,87.0,99.0,8.0,19.0,1.0,Rabbit
37.0,ambush,87.0,97.0,8.0,21.0,0.0,Rabbit
37.0,ambush,87.0,99.0,8.0,19.0,0.0,Rabbit
37.0,ambush,87.0,99.0,8.0,19.0,0.0,Rabbit
37.0,ambush,87.0,99.0,8.0,19.0,1.0,Rabbit
37.0,ambush,87.0,99.0,8.0,19.0,1.0,Rabbit
37.0,ambush,84.0,99.0,11.0,19.0,0.0,Rabbit
37.0,ambush,79.0,98.0,15.0,21.0,1.0,Rabbit
37.0,ambush,87.0,99.0,8.0,19.0,0.0,Rabbit
37.0,ambush,87.0,98.0,11.0,17.0,0.0,Rabbit
37.0,ambush,87.0,99.0,8.0,19.0,1.0,Rabbit
37.0,ambush,79.0,98.0,15.0,21.0,1.0,Rabbit
37.0,ambush,79.0,98.0,15.0,21.0,1.0,Rabbit
37.0,ambush,87.0,98.0,11.0,17.0,1.0,Rabbit
37.0,ambush,87.0,98.0,11.0,17.0,1.0,Rabbit
37.0,ambush,84.0,99.0,11.0,19.0,1.0,Rabbit
37.0,ambush,84.0,99.0,11.0,19.0,0.0,Rabbit
37.0,ambush,87.0,99.0,8.0,19.0,1.0,Rabbit
37.0,ambush,79.0,100.0,15.0,21.0,0.0,Rabbit
37.0,ambush,87.0,98.0,11.0,17.0,1.0,Rabbit
37.0,ambush,87.0,98.0,11.0,17.0,1.0,Rabbit
37.0,ambush,87.0,98.0,11.0,17.0,1.0,Rabbit
37.0,ambush,84.0,99.0,11.0,19.0,1.0,Rabbit
37.0,ambush,87.0,98.0,11.0,17.0,0.0,Rabbit
37.0,ambush,87.0,98.0,11.0,17.0,1.0,Rabbit
37.0,ambush,87.0,98.0,11.0,17.0,1.0,Rabbit
37.0,ambush,87.0,99.0,8.0,19.0,1.0,Rabbit
37.0,ambush,84.0,99.0,11.0,19.0,0.0,Rabbit
37.0,ambush,87.0,98.0,11.0,17.0,0.0,Rabbit
37.0,ambush,87.0,98.0,11.0,17.0,0.0,Rabbit
37.0,ambush,87.0,99.0,8.0,19.0,0.0,Rabbit
37.0,ambush,87.0,98.0,11.0,17.0,0.0,Rabbit
37.0,ambush,87.0,93.0,13.0,21.0,1.0,Rabbit
37.0,ambush,87.0,98.0,11.0,17.0,0.0,Rabbit
37.0,ambush,87.0,93.0,13.0,21.0,1.0,Rabbit
37.0,ambush,87.0,97.0,8.0,21.0,1.0,Rabbit
37.0,ambush,83.0,97.0,11.0,23.0,1.0,Rabbit
37.0,ambush,84.0,99.0,11.0,19.0,1.0,Rabbit
37.0,ambush,83.0,97.0,11.0,23.0,1.0,Rabbit
37.0,ambush,87.0,93.0,13.0,21.0,0.0,Rabbit
37.0,ambush,81.0,99.0,11.0,23.0,0.0,Rabbit
37.0,ambush,83.0,97.0,11.0,23.0,0.0,Rabbit
37.0,ambush,84.0,99.0,11.0,19.0,0.0,Rabbit
37.0,ambush,83.0,97.0,11.0,23.0,1.0,Rabbit
37.0,ambush,79.0,98.0,15.0,21.0,0.0,Rabbit
37.0,ambush,87.0,98.0,8.0,21.0,1.0,Rabbit
37.0,ambush,87.0,99.0,8.0,20.0,0.0,Rabbit
37.0,ambush,81.0,100.0,11.0,23.0,1.0,Rabbit
37.0,ambush,81.0,99.0,11.0,23.0,1.0,Rabbit
37.0,ambush,81.0,99.0,11.0,23.0,1.0,Rabbit
37.0,ambush,87.0,98.0,11.0,19.0,1.0,Rabbit
37.0,ambush,83.0,97.0,11.0,23.0,0.0,Rabbit
37.0,ambush,87.0,99.0,8.0,19.0,0.0,Rabbit
37.0,ambush,81.0,99.0,11.0,23.0,0.0,Rabbit
37.0,ambush,87.0,98.0,11.0,17.0,0.0,Rabbit
37.0,ambush,84.0,99.0,11.0,28.0,0.0,Rabbit
38.0,ambush,62.0,14.0,79.0,52.0,0.0,Rabbit
38.0,ambush,85.0,100.0,7.0,12.0,1.0,Rabbit
38.0,ambush,81.0,99.0,11.0,18.0,1.0,Rabbit
38.0,ambush,85.0,98.0,8.0,16.0,1.0,Rabbit
38.0,ambush,83.0,91.0,13.0,21.0,1.0,Rabbit
38.0,ambush,81.0,99.0,11.0,18.0,1.0,Rabbit
38.0,ambush,79.0,97.0,11.0,23.0,1.0,Rabbit
38.0,ambush,81.0,99.0,11.0,18.0,1.0,Rabbit
38.0,ambush,62.0,14.0,79.0,52.0,1.0,Rabbit
38.0,ambush,85.0,98.0,8.0,16.0,0.0,Rabbit
38.0,ambush,85.0,98.0,8.0,16.0,1.0,Rabbit
38.0,ambush,79.0,97.0,11.0,23.0,1.0,Rabbit
38.0,ambush,79.0,97.0,11.0,23.0,1.0,Rabbit
38.0,ambush,79.0,97.0,11.0,23.0,1.0,Rabbit
38.0,ambush,79.0,95.0,11.0,23.0,1.0,Rabbit
38.0,ambush,87.0,97.0,6.0,21.0,1.0,Rabbit
38.0,ambush,87.0,98.0,9.0,16.0,1.0,Rabbit
38.0,ambush,81.0,99.0,11.0,18.0,0.0,Rabbit
38.0,ambush,87.0,96.0,10.0,19.0,1.0,Rabbit
38.0,ambush,79.0,97.0,11.0,23.0,0.0,Rabbit
38.0,ambush,79.0,97.0,11.0,23.0,0.0,Rabbit
38.0,ambush,87.0,96.0,8.0,21.0,1.0,Rabbit
38.0,ambush,87.0,91.0,13.0,21.0,1.0,Rabbit
38.0,ambush,87.0,96.0,8.0,21.0,1.0,Rabbit
38.0,ambush,85.0,98.0,8.0,21.0,1.0,Rabbit
38.0,ambush,87.0,96.0,10.0,19.0,0.0,Rabbit
38.0,ambush,87.0,97.0,6.0,21.0,0.0,Rabbit
38.0,ambush,87.0,91.0,13.0,21.0,1.0,Rabbit
38.0,ambush,87.0,91.0,13.0,21.0,0.0,Rabbit
38.0,ambush,82.0,89.0,13.0,21.0,0.0,Rabbit
38.0,ambush,87.0,97.0,11.0,17.0,1.0,Rabbit
38.0,ambush,87.0,96.0,8.0,21.0,1.0,Rabbit
38.0,ambush,87.0,91.0,13.0,21.0,0.0,Rabbit
38.0,ambush,87.0,96.0,10.0,19.0,0.0,Rabbit
38.0,ambush,85.0,93.0,13.0,21.0,0.0,Rabbit
38.0,ambush,87.0,96.0,10.0,19.0,1.0,Rabbit
38.0,ambush,87.0,96.0,8.0,21.0,1.0,Rabbit
38.0,ambush,87.0,96.0,10.0,19.0,1.0,Rabbit
38.0,ambush,85.0,98.0,8.0,21.0,1.0,Rabbit
38.0,ambush,85.0,98.0,8.0,21.0,0.0,Rabbit
38.0,ambush,87.0,96.0,10.0,19.0,1.0,Rabbit
38.0,ambush,87.0,96.0,8.0,21.0,1.0,Rabbit
38.0,ambush,87.0,96.0,8.0,21.0,0.0,Rabbit
38.0,ambush,87.0,96.0,8.0,21.0,1.0,Rabbit
38.0,ambush,85.0,98.0,8.0,21.0,1.0,Rabbit
38.0,ambush,85.0,98.0,8.0,21.0,0.0,Rabbit
38.0,ambush,85.0,98.0,8.0,21.0,0.0,Rabbit
38.0,ambush,85.0,98.0,8.0,21.0,0.0,Rabbit
38.0,ambush,87.0,91.0,13.0,21.0,0.0,Rabbit
38.0,ambush,87.0,91.0,13.0,21.0,0.0,Rabbit
38.0,ambush,85.0,98.0,8.0,21.0,1.0,Rabbit
38.0,ambush,87.0,91.0,13.0,21.0,1.0,Rabbit
38.0,ambush,87.0,91.0,13.0,21.0,1.0,Rabbit
38.0,ambush,85.0,98.0,8.0,21.0,1.0,Rabbit
38.0,ambush,87.0,91.0,13.0,21.0,0.0,Rabbit
38.0,ambush,85.0,98.0,8.0,21.0,1.0,Rabbit
38.0,ambush,87.0,91.0,13.0,21.0,1.0,Rabbit
38.0,ambush,87.0,91.0,13.0,21.0,1.0,Rabbit
38.0,ambush,85.0,98.0,8.0,21.0,1.0,Rabbit
38.0,ambush,85.0,98.0,8.0,21.0,0.0,Rabbit
38.0,ambush,87.0,96.0,10.0,19.0,1.0,Rabbit
38.0,ambush,85.0,98.0,8.0,21.0,0.0,Rabbit
38.0,ambush,89.0,98.0,8.0,21.0,1.0,Rabbit
38.0,ambush,85.0,98.0,8.0,21.0,1.0,Rabbit
38.0,ambush,85.0,98.0,8.0,21.0,1.0,Rabbit
38.0,ambush,87.0,98.0,11.0,16.0,1.0,Rabbit
38.0,ambush,87.0,96.0,10.0,19.0,1.0,Rabbit
38.0,ambush,87.0,96.0,10.0,19.0,0.0,Rabbit
38.0,ambush,87.0,97.0,11.0,17.0,0.0,Rabbit
38.0,ambush,86.0,96.0,10.0,19.0,0.0,Rabbit
38.0,ambush,87.0,99.0,7.0,19.0,1.0,Rabbit
38.0,ambush,87.0,96.0,8.0,21.0,1.0,Rabbit
38.0,ambush,87.0,99.0,7.0,19.0,0.0,Rabbit
38.0,ambush,87.0,99.0,7.0,19.0,0.0,Rabbit
38.0,ambush,87.0,96.0,8.0,21.0,1.0,Rabbit
38.0,ambush,85.0,98.0,8.0,21.0,1.0,Rabbit
38.0,ambush,87.0,96.0,8.0,21.0,0.0,Rabbit
38.0,ambush,85.0,98.0,8.0,21.0,1.0,Rabbit
38.0,ambush,85.0,98.0,8.0,21.0,1.0,Rabbit
38.0,ambush,87.0,96.0,8.0,21.0,1.0,Rabbit
38.0,ambush,85.0,100.0,8.0,21.0,1.0,Rabbit
38.0,ambush,85.0,98.0,8.0,21.0,1.0,Rabbit
38.0,ambush,87.0,96.0,8.0,21.0,1.0,Rabbit
38.0,ambush,85.0,98.0,8.0,21.0,1.0,Rabbit
38.0,ambush,87.0,91.0,13.0,21.0,1.0,Rabbit
38.0,ambush,85.0,98.0,8.0,21.0,1.0,Rabbit
38.0,ambush,87.0,91.0,13.0,21.0,0.0,Rabbit
38.0,ambush,87.0,97.0,11.0,17.0,1.0,Rabbit
38.0,ambush,87.0,91.0,13.0,21.0,0.0,Rabbit
38.0,ambush,87.0,99.0,8.0,19.0,1.0,Rabbit
38.0,ambush,85.0,98.0,8.0,21.0,1.0,Rabbit
38.0,ambush,85.0,98.0,8.0,21.0,1.0,Rabbit
38.0,ambush,87.0,98.0,11.0,17.0,1.0,Rabbit
38.0,ambush,87.0,99.0,8.0,19.0,1.0,Rabbit
38.0,ambush,87.0,99.0,8.0,19.0,0.0,Rabbit
38.0,ambush,87.0,98.0,11.0,17.0,0.0,Rabbit
38.0,ambush,84.0,99.0,11.0,19.0,1.0,Rabbit
38.0,ambush,87.0,98.0,11.0,17.0,0.0,Rabbit
38.0,ambush,87.0,98.0,11.0,17.0,1.0,Rabbit
38.0,ambush,87.0,99.0,8.0,19.0,1.0,Rabbit
38.0,ambush,84.0,99.0,11.0,19.0,0.0,Rabbit
38.0,ambush,87.0,99.0,8.0,19.0,0.0,Rabbit
38.0,ambush,87.0,99.0,8.0,19.0,0.0,Rabbit
38.0,ambush,87.0,99.0,8.0,19.0,0.0,Rabbit
38.0,ambush,87.0,97.0,8.0,21.0,1.0,Rabbit
38.0,ambush,87.0,97.0,8.0,21.0,1.0,Rabbit
38.0,ambush,88.0,99.0,8.0,15.0,1.0,Rabbit
38.0,ambush,87.0,97.0,8.0,21.0,1.0,Rabbit
38.0,ambush,87.0,99.0,8.0,19.0,1.0,Rabbit
38.0,ambush,87.0,99.0,8.0,19.0,1.0,Rabbit
38.0,ambush,87.0,96.0,10.0,19.0,0.0,Rabbit
38.0,ambush,87.0,99.0,8.0,19.0,1.0,Rabbit
38.0,ambush,87.0,99.0,8.0,19.0,1.0,Rabbit
38.0,ambush,87.0,99.0,8.0,19.0,1.0,Rabbit
38.0,ambush,87.0,99.0,8.0,19.0,1.0,Rabbit
38.0,ambush,87.0,99.0,8.0,19.0,1.0,Rabbit
38.0,ambush,87.0,98.0,11.0,17.0,1.0,Rabbit
38.0,ambush,87.0,99.0,8.0,19.0,0.0,Rabbit
38.0,ambush,87.0,98.0,11.0,17.0,1.0,Rabbit
38.0,ambush,87.0,99.0,8.0,19.0,1.0,Rabbit
38.0,ambush,87.0,98.0,11.0,17.0,1.0,Rabbit
38.0,ambush,85.0,98.0,8.0,21.0,1.0,Rabbit
38.0,ambush,84.0,99.0,11.0,19.0,1.0,Rabbit
38.0,ambush,87.0,98.0,11.0,17.0,1.0,Rabbit
38.0,ambush,79.0,98.0,15.0,21.0,0.0,Rabbit
38.0,ambush,87.0,97.0,8.0,21.0,1.0,Rabbit
38.0,ambush,84.0,99.0,11.0,19.0,1.0,Rabbit
38.0,ambush,84.0,99.0,11.0,19.0,0.0,Rabbit
38.0,ambush,87.0,97.0,8.0,21.0,1.0,Rabbit
38.0,ambush,84.0,99.0,11.0,19.0,1.0,Rabbit
38.0,ambush,87.0,99.0,8.0,19.0,1.0,Rabbit
38.0,ambush,85.0,98.0,8.0,21.0,0.0,Rabbit
38.0,ambush,87.0,97.0,8.0,21.0,1.0,Rabbit
38.0,ambush,87.0,99.0,8.0,19.0,0.0,Rabbit
38.0,ambush,87.0,98.0,11.0,17.0,1.0,Rabbit
38.0,ambush,84.0,99.0,11.0,19.0,0.0,Rabbit
38.0,ambush,87.0,97.0,8.0,21.0,1.0,Rabbit
38.0,ambush,87.0,97.0,8.0,21.0,1.0,Rabbit
38.0,ambush,87.0,97.0,8.0,21.0,1.0,Rabbit
38.0,ambush,87.0,97.0,8.0,21.0,1.0,Rabbit
38.0,ambush,87.0,98.0,11.0,17.0,0.0,Rabbit
38.0,ambush,84.0,99.0,11.0,19.0,0.0,Rabbit
38.0,ambush,87.0,98.0,11.0,17.0,1.0,Rabbit
38.0,ambush,87.0,98.0,11.0,17.0,0.0,Rabbit
38.0,ambush,87.0,97.0,8.0,21.0,1.0,Rabbit
38.0,ambush,79.0,98.0,15.0,21.0,1.0,Rabbit
38.0,ambush,87.0,98.0,11.0,17.0,1.0,Rabbit
38.0,ambush,87.0,98.0,11.0,17.0,1.0,Rabbit
38.0,ambush,87.0,93.0,8.0,22.0,1.0,Rabbit
38.0,ambush,87.0,97.0,8.0,21.0,0.0,Rabbit
38.0,ambush,87.0,97.0,8.0,21.0,0.0,Rabbit
38.0,ambush,84.0,99.0,11.0,19.0,0.0,Rabbit
38.0,ambush,87.0,97.0,8.0,21.0,1.0,Rabbit
38.0,ambush,87.0,98.0,11.0,17.0,0.0,Rabbit
38.0,ambush,87.0,98.0,11.0,17.0,0.0,Rabbit
38.0,ambush,87.0,97.0,8.0,21.0,1.0,Rabbit
38.0,ambush,84.0,99.0,11.0,19.0,1.0,Rabbit
38.0,ambush,84.0,99.0,11.0,19.0,1.0,Rabbit
38.0,ambush,84.0,99.0,9.0,19.0,1.0,Rabbit
38.0,ambush,84.0,99.0,11.0,19.0,1.0,Rabbit
38.0,ambush,87.0,97.0,8.0,21.0,0.0,Rabbit
38.0,ambush,84.0,99.0,11.0,19.0,0.0,Rabbit
38.0,ambush,84.0,99.0,11.0,19.0,1.0,Rabbit
38.0,ambush,84.0,99.0,11.0,19.0,0.0,Rabbit
38.0,ambush,84.0,99.0,11.0,19.0,1.0,Rabbit
38.0,ambush,87.0,99.0,8.0,19.0,1.0,Rabbit
38.0,ambush,84.0,99.0,11.0,19.0,1.0,Rabbit
38.0,ambush,87.0,98.0,11.0,17.0,1.0,Rabbit
38.0,ambush,87.0,97.0,8.0,21.0,1.0,Rabbit
38.0,ambush,87.0,99.0,8.0,19.0,1.0,Rabbit
38.0,ambush,87.0,97.0,8.0,21.0,1.0,Rabbit
38.0,ambush,87.0,97.0,8.0,21.0,1.0,Rabbit
38.0,ambush,87.0,98.0,11.0,17.0,1.0,Rabbit
38.0,ambush,87.0,98.0,11.0,17.0,1.0,Rabbit
38.0,ambush,87.0,99.0,8.0,19.0,1.0,Rabbit
38.0,ambush,84.0,99.0,11.0,19.0,0.0,Rabbit
38.0,ambush,87.0,98.0,11.0,17.0,0.0,Rabbit
38.0,ambush,87.0,98.0,11.0,17.0,1.0,Rabbit
38.0,ambush,87.0,99.0,8.0,19.0,0.0,Rabbit
38.0,ambush,87.0,98.0,11.0,17.0,1.0,Rabbit
38.0,ambush,87.0,98.0,11.0,17.0,1.0,Rabbit
38.0,ambush,87.0,99.0,8.0,19.0,1.0,Rabbit
38.0,ambush,84.0,99.0,11.0,19.0,0.0,Rabbit
38.0,ambush,84.0,99.0,11.0,19.0,1.0,Rabbit
38.0,ambush,87.0,98.0,11.0,17.0,1.0,Rabbit
38.0,ambush,87.0,99.0,8.0,19.0,1.0,Rabbit
38.0,ambush,87.0,99.0,8.0,19.0,0.0,Rabbit
38.0,ambush,84.0,99.0,11.0,19.0,0.0,Rabbit
38.0,ambush,87.0,99.0,8.0,19.0,0.0,Rabbit
38.0,ambush,87.0,98.0,11.0,17.0,1.0,Rabbit
38.0,ambush,87.0,98.0,11.0,17.0,0.0,Rabbit
38.0,ambush,87.0,98.0,11.0,17.0,1.0,Rabbit
38.0,ambush,87.0,98.0,11.0,17.0,1.0,Rabbit
38.0,ambush,87.0,97.0,8.0,21.0,1.0,Rabbit
38.0,ambush,87.0,98.0,11.0,17.0,1.0,Rabbit
38.0,ambush,87.0,98.0,11.0,17.0,1.0,Rabbit
38.0,ambush,87.0,98.0,11.0,17.0,0.0,Rabbit
38.0,ambush,87.0,99.0,8.0,19.0,1.0,Rabbit
38.0,ambush,87.0,99.0,8.0,19.0,0.0,Rabbit
38.0,ambush,84.0,99.0,11.0,19.0,0.0,Rabbit
38.0,ambush,87.0,99.0,8.0,19.0,1.0,Rabbit
38.0,ambush,79.0,98.0,15.0,21.0,1.0,Rabbit
38.0,ambush,87.0,99.0,8.0,19.0,1.0,Rabbit
38.0,ambush,87.0,99.0,8.0,19.0,0.0,Rabbit
38.0,ambush,87.0,99.0,8.0,19.0,1.0,Rabbit
38.0,ambush,90.0,100.0,8.0,19.0,0.0,Rabbit
38.0,ambush,87.0,99.0,8.0,19.0,0.0,Rabbit
38.0,ambush,87.0,98.0,11.0,17.0,0.0,Rabbit
38.0,ambush,87.0,99.0,8.0,19.0,0.0,Rabbit
38.0,ambush,87.0,98.0,11.0,17.0,1.0,Rabbit
38.0,ambush,83.0,97.0,11.0,23.0,1.0,Rabbit
38.0,ambush,87.0,98.0,11.0,17.0,0.0,Rabbit
38.0,ambush,87.0,98.0,11.0,17.0,0.0,Rabbit
38.0,ambush,83.0,97.0,11.0,23.0,1.0,Rabbit
38.0,ambush,87.0,98.0,11.0,17.0,0.0,Rabbit
38.0,ambush,81.0,99.0,11.0,23.0,0.0,Rabbit
38.0,ambush,83.0,97.0,11.0,23.0,0.0,Rabbit
38.0,ambush,81.0,99.0,11.0,23.0,0.0,Rabbit
38.0,ambush,83.0,91.0,13.0,21.0,0.0,Rabbit
38.0,ambush,87.0,93.0,13.0,21.0,1.0,Rabbit
38.0,ambush,87.0,98.0,8.0,21.0,1.0,Rabbit
38.0,ambush,81.0,99.0,11.0,23.0,0.0,Rabbit
38.0,ambush,81.0,99.0,11.0,23.0,0.0,Rabbit
38.0,ambush,83.0,97.0,11.0,23.0,1.0,Rabbit
38.0,ambush,83.0,97.0,11.0,23.0,1.0,Rabbit
38.0,ambush,81.0,100.0,11.0,23.0,1.0,Rabbit
38.0,ambush,87.0,98.0,8.0,21.0,1.0,Rabbit
38.0,ambush,87.0,93.0,13.0,21.0,0.0,Rabbit
38.0,ambush,81.0,100.0,11.0,23.0,1.0,Rabbit
38.0,ambush,87.0,98.0,11.0,19.0,0.0,Rabbit
38.0,ambush,87.0,93.0,13.0,21.0,1.0,Rabbit
38.0,ambush,87.0,99.0,8.0,19.0,0.0,Rabbit
38.0,ambush,87.0,98.0,11.0,17.0,0.0,Rabbit
39.0,ambush,85.0,98.0,8.0,16.0,1.0,Rabbit
39.0,ambush,62.0,14.0,79.0,52.0,0.0,Rabbit
39.0,ambush,85.0,98.0,8.0,16.0,1.0,Rabbit
39.0,ambush,85.0,98.0,8.0,16.0,0.0,Rabbit
39.0,ambush,79.0,95.0,11.0,23.0,1.0,Rabbit
39.0,ambush,62.0,14.0,79.0,52.0,1.0,Rabbit
39.0,ambush,81.0,99.0,11.0,18.0,1.0,Rabbit
39.0,ambush,85.0,98.0,8.0,16.0,0.0,Rabbit
39.0,ambush,81.0,99.0,11.0,18.0,1.0,Rabbit
39.0,ambush,83.0,91.0,13.0,21.0,0.0,Rabbit
39.0,ambush,85.0,100.0,7.0,12.0,1.0,Rabbit
39.0,ambush,81.0,99.0,11.0,18.0,1.0,Rabbit
39.0,ambush,81.0,99.0,11.0,18.0,1.0,Rabbit
39.0,ambush,81.0,99.0,11.0,18.0,1.0,Rabbit
39.0,ambush,79.0,97.0,11.0,23.0,1.0,Rabbit
39.0,ambush,88.0,99.0,8.0,15.0,1.0,Rabbit
39.0,ambush,87.0,98.0,9.0,16.0,0.0,Rabbit
39.0,ambush,87.0,98.0,9.0,16.0,1.0,Rabbit
39.0,ambush,81.0,99.0,11.0,18.0,0.0,Rabbit
39.0,ambush,79.0,97.0,11.0,23.0,1.0,Rabbit
39.0,ambush,81.0,99.0,11.0,18.0,0.0,Rabbit
39.0,ambush,79.0,97.0,11.0,23.0,1.0,Rabbit
39.0,ambush,79.0,97.0,11.0,23.0,0.0,Rabbit
39.0,ambush,79.0,97.0,11.0,23.0,0.0,Rabbit
39.0,ambush,79.0,97.0,11.0,23.0,0.0,Rabbit
39.0,ambush,87.0,97.0,6.0,21.0,1.0,Rabbit
39.0,ambush,79.0,97.0,11.0,23.0,0.0,Rabbit
39.0,ambush,84.0,99.0,9.0,19.0,1.0,Rabbit
39.0,ambush,87.0,97.0,6.0,21.0,1.0,Rabbit
39.0,ambush,79.0,97.0,11.0,23.0,0.0,Rabbit
39.0,ambush,87.0,96.0,8.0,21.0,1.0,Rabbit
39.0,ambush,87.0,96.0,8.0,21.0,0.0,Rabbit
39.0,ambush,87.0,96.0,8.0,21.0,1.0,Rabbit
39.0,ambush,87.0,96.0,8.0,21.0,0.0,Rabbit
39.0,ambush,87.0,97.0,11.0,17.0,0.0,Rabbit
39.0,ambush,87.0,96.0,8.0,21.0,1.0,Rabbit
39.0,ambush,85.0,98.0,8.0,21.0,1.0,Rabbit
39.0,ambush,85.0,98.0,8.0,21.0,1.0,Rabbit
39.0,ambush,85.0,98.0,8.0,21.0,1.0,Rabbit
39.0,ambush,87.0,96.0,8.0,21.0,0.0,Rabbit
39.0,ambush,85.0,98.0,8.0,21.0,1.0,Rabbit
39.0,ambush,87.0,97.0,11.0,17.0,1.0,Rabbit
39.0,ambush,87.0,98.0,9.0,16.0,0.0,Rabbit
39.0,ambush,87.0,97.0,11.0,17.0,0.0,Rabbit
39.0,ambush,85.0,98.0,8.0,21.0,1.0,Rabbit
39.0,ambush,87.0,91.0,13.0,21.0,0.0,Rabbit
39.0,ambush,87.0,97.0,11.0,17.0,0.0,Rabbit
39.0,ambush,85.0,98.0,8.0,21.0,1.0,Rabbit
39.0,ambush,87.0,98.0,11.0,16.0,0.0,Rabbit
39.0,ambush,87.0,98.0,11.0,16.0,1.0,Rabbit
39.0,ambush,87.0,96.0,10.0,19.0,1.0,Rabbit
39.0,ambush,85.0,98.0,8.0,21.0,0.0,Rabbit
39.0,ambush,91.0,98.0,12.0,16.0,0.0,Rabbit
39.0,ambush,87.0,96.0,10.0,19.0,0.0,Rabbit
39.0,ambush,85.0,98.0,8.0,21.0,0.0,Rabbit
39.0,ambush,87.0,96.0,10.0,19.0,0.0,Rabbit
39.0,ambush,85.0,98.0,8.0,21.0,0.0,Rabbit
39.0,ambush,87.0,91.0,13.0,21.0,0.0,Rabbit
39.0,ambush,87.0,96.0,8.0,21.0,1.0,Rabbit
39.0,ambush,85.0,98.0,8.0,21.0,1.0,Rabbit
39.0,ambush,85.0,98.0,8.0,21.0,1.0,Rabbit
39.0,ambush,87.0,93.0,8.0,22.0,0.0,Rabbit
39.0,ambush,85.0,98.0,8.0,21.0,1.0,Rabbit
39.0,ambush,87.0,91.0,13.0,21.0,1.0,Rabbit
39.0,ambush,85.0,98.0,8.0,21.0,1.0,Rabbit
39.0,ambush,86.0,96.0,8.0,24.0,1.0,Rabbit
39.0,ambush,87.0,96.0,8.0,21.0,0.0,Rabbit
39.0,ambush,87.0,91.0,13.0,21.0,1.0,Rabbit
39.0,ambush,87.0,91.0,13.0,21.0,1.0,Rabbit
39.0,ambush,87.0,96.0,8.0,21.0,1.0,Rabbit
39.0,ambush,87.0,96.0,8.0,21.0,1.0,Rabbit
39.0,ambush,85.0,98.0,8.0,21.0,1.0,Rabbit
39.0,ambush,87.0,91.0,13.0,21.0,1.0,Rabbit
39.0,ambush,87.0,96.0,8.0,21.0,1.0,Rabbit
39.0,ambush,87.0,99.0,7.0,19.0,1.0,Rabbit
39.0,ambush,85.0,98.0,8.0,21.0,1.0,Rabbit
39.0,ambush,85.0,98.0,8.0,21.0,0.0,Rabbit
39.0,ambush,85.0,98.0,8.0,21.0,0.0,Rabbit
39.0,ambush,87.0,96.0,8.0,21.0,1.0,Rabbit
39.0,ambush,87.0,97.0,11.0,17.0,0.0,Rabbit
39.0,ambush,85.0,98.0,8.0,21.0,1.0,Rabbit
39.0,ambush,85.0,98.0,8.0,21.0,0.0,Rabbit
39.0,ambush,87.0,96.0,8.0,21.0,1.0,Rabbit
39.0,ambush,85.0,98.0,8.0,21.0,0.0,Rabbit
39.0,ambush,87.0,96.0,8.0,21.0,0.0,Rabbit
39.0,ambush,87.0,88.0,13.0,17.0,1.0,Rabbit
39.0,ambush,85.0,98.0,8.0,21.0,1.0,Rabbit
39.0,ambush,85.0,98.0,8.0,21.0,1.0,Rabbit
39.0,ambush,87.0,91.0,13.0,21.0,0.0,Rabbit
39.0,ambush,85.0,98.0,8.0,21.0,0.0,Rabbit
39.0,ambush,85.0,98.0,8.0,21.0,1.0,Rabbit
39.0,ambush,85.0,98.0,8.0,21.0,1.0,Rabbit
39.0,ambush,87.0,96.0,8.0,21.0,1.0,Rabbit
39.0,ambush,87.0,91.0,13.0,21.0,1.0,Rabbit
39.0,ambush,85.0,98.0,8.0,21.0,0.0,Rabbit
39.0,ambush,87.0,96.0,8.0,21.0,0.0,Rabbit
39.0,ambush,87.0,96.0,8.0,21.0,0.0,Rabbit
39.0,ambush,87.0,96.0,10.0,19.0,1.0,Rabbit
39.0,ambush,87.0,96.0,8.0,21.0,0.0,Rabbit
39.0,ambush,87.0,96.0,8.0,21.0,0.0,Rabbit
39.0,ambush,87.0,96.0,8.0,21.0,0.0,Rabbit
39.0,ambush,85.0,98.0,8.0,21.0,1.0,Rabbit
39.0,ambush,87.0,96.0,10.0,19.0,1.0,Rabbit
39.0,ambush,87.0,96.0,10.0,19.0,1.0,Rabbit
39.0,ambush,85.0,98.0,8.0,21.0,1.0,Rabbit
39.0,ambush,87.0,96.0,10.0,19.0,1.0,Rabbit
39.0,ambush,87.0,96.0,10.0,19.0,0.0,Rabbit
39.0,ambush,87.0,96.0,8.0,21.0,1.0,Rabbit
39.0,ambush,85.0,98.0,8.0,21.0,1.0,Rabbit
39.0,ambush,85.0,100.0,8.0,18.0,0.0,Rabbit
39.0,ambush,85.0,98.0,8.0,21.0,1.0,Rabbit
39.0,ambush,87.0,96.0,10.0,19.0,0.0,Rabbit
39.0,ambush,87.0,96.0,10.0,19.0,1.0,Rabbit
39.0,ambush,85.0,98.0,8.0,21.0,1.0,Rabbit
39.0,ambush,85.0,98.0,8.0,21.0,1.0,Rabbit
39.0,ambush,85.0,98.0,8.0,21.0,1.0,Rabbit
39.0,ambush,87.0,91.0,13.0,21.0,1.0,Rabbit
39.0,ambush,85.0,98.0,5.0,21.0,1.0,Rabbit
39.0,ambush,85.0,98.0,8.0,21.0,0.0,Rabbit
39.0,ambush,85.0,98.0,8.0,21.0,0.0,Rabbit
39.0,ambush,87.0,98.0,11.0,17.0,1.0,Rabbit
39.0,ambush,84.0,99.0,11.0,19.0,1.0,Rabbit
39.0,ambush,84.0,99.0,11.0,19.0,0.0,Rabbit
39.0,ambush,84.0,99.0,11.0,19.0,1.0,Rabbit
39.0,ambush,87.0,98.0,11.0,17.0,0.0,Rabbit
39.0,ambush,87.0,96.0,10.0,19.0,0.0,Rabbit
39.0,ambush,87.0,99.0,8.0,19.0,1.0,Rabbit
39.0,ambush,87.0,96.0,10.0,19.0,0.0,Rabbit
39.0,ambush,84.0,99.0,11.0,19.0,1.0,Rabbit
39.0,ambush,84.0,99.0,11.0,19.0,1.0,Rabbit
39.0,ambush,87.0,99.0,8.0,19.0,1.0,Rabbit
39.0,ambush,87.0,96.0,10.0,19.0,0.0,Rabbit
39.0,ambush,85.0,98.0,8.0,21.0,0.0,Rabbit
39.0,ambush,87.0,99.0,8.0,19.0,1.0,Rabbit
39.0,ambush,87.0,99.0,8.0,19.0,1.0,Rabbit
39.0,ambush,84.0,99.0,11.0,19.0,1.0,Rabbit
39.0,ambush,87.0,99.0,8.0,19.0,0.0,Rabbit
39.0,ambush,87.0,99.0,8.0,19.0,1.0,Rabbit
39.0,ambush,84.0,99.0,11.0,19.0,1.0,Rabbit
39.0,ambush,87.0,98.0,11.0,17.0,1.0,Rabbit
39.0,ambush,84.0,99.0,11.0,19.0,0.0,Rabbit
39.0,ambush,87.0,98.0,11.0,17.0,0.0,Rabbit
39.0,ambush,84.0,99.0,11.0,19.0,0.0,Rabbit
39.0,ambush,87.0,99.0,8.0,19.0,1.0,Rabbit
39.0,ambush,87.0,98.0,11.0,17.0,0.0,Rabbit
39.0,ambush,87.0,97.0,8.0,21.0,0.0,Rabbit
39.0,ambush,87.0,97.0,8.0,21.0,0.0,Rabbit
39.0,ambush,87.0,99.0,8.0,19.0,0.0,Rabbit
39.0,ambush,87.0,99.0,8.0,19.0,0.0,Rabbit
39.0,ambush,87.0,99.0,8.0,19.0,0.0,Rabbit
39.0,ambush,87.0,99.0,8.0,19.0,1.0,Rabbit
39.0,ambush,87.0,99.0,8.0,19.0,1.0,Rabbit
39.0,ambush,87.0,99.0,8.0,19.0,1.0,Rabbit
39.0,ambush,87.0,99.0,8.0,19.0,1.0,Rabbit
39.0,ambush,87.0,99.0,8.0,19.0,1.0,Rabbit
39.0,ambush,87.0,99.0,8.0,19.0,0.0,Rabbit
39.0,ambush,87.0,98.0,11.0,17.0,0.0,Rabbit
39.0,ambush,87.0,97.0,8.0,21.0,0.0,Rabbit
39.0,ambush,87.0,97.0,8.0,21.0,1.0,Rabbit
39.0,ambush,87.0,97.0,8.0,21.0,1.0,Rabbit
39.0,ambush,87.0,98.0,11.0,17.0,1.0,Rabbit
39.0,ambush,87.0,97.0,8.0,21.0,0.0,Rabbit
39.0,ambush,87.0,99.0,8.0,19.0,1.0,Rabbit
39.0,ambush,87.0,98.0,11.0,17.0,1.0,Rabbit
39.0,ambush,87.0,98.0,11.0,17.0,0.0,Rabbit
39.0,ambush,87.0,99.0,8.0,19.0,1.0,Rabbit
39.0,ambush,87.0,97.0,8.0,21.0,1.0,Rabbit
39.0,ambush,87.0,97.0,8.0,21.0,1.0,Rabbit
39.0,ambush,87.0,98.0,11.0,17.0,1.0,Rabbit
39.0,ambush,87.0,99.0,8.0,19.0,0.0,Rabbit
39.0,ambush,87.0,98.0,11.0,17.0,0.0,Rabbit
39.0,ambush,87.0,97.0,8.0,21.0,0.0,Rabbit
39.0,ambush,87.0,97.0,8.0,21.0,1.0,Rabbit
39.0,ambush,87.0,97.0,8.0,21.0,0.0,Rabbit
39.0,ambush,87.0,97.0,8.0,21.0,1.0,Rabbit
39.0,ambush,87.0,97.0,8.0,21.0,1.0,Rabbit
39.0,ambush,87.0,97.0,8.0,21.0,0.0,Rabbit
39.0,ambush,87.0,98.0,11.0,17.0,1.0,Rabbit
39.0,ambush,87.0,99.0,8.0,19.0,0.0,Rabbit
39.0,ambush,87.0,97.0,8.0,21.0,0.0,Rabbit
39.0,ambush,87.0,97.0,8.0,21.0,0.0,Rabbit
39.0,ambush,87.0,98.0,11.0,17.0,1.0,Rabbit
39.0,ambush,87.0,98.0,11.0,17.0,1.0,Rabbit
39.0,ambush,87.0,98.0,11.0,17.0,1.0,Rabbit
39.0,ambush,87.0,98.0,11.0,17.0,1.0,Rabbit
39.0,ambush,87.0,98.0,11.0,17.0,1.0,Rabbit
39.0,ambush,79.0,98.0,15.0,21.0,0.0,Rabbit
39.0,ambush,87.0,97.0,8.0,21.0,1.0,Rabbit
39.0,ambush,87.0,97.0,8.0,21.0,0.0,Rabbit
39.0,ambush,87.0,98.0,11.0,17.0,1.0,Rabbit
39.0,ambush,79.0,98.0,15.0,21.0,0.0,Rabbit
39.0,ambush,87.0,98.0,11.0,17.0,1.0,Rabbit
39.0,ambush,87.0,98.0,11.0,17.0,0.0,Rabbit
39.0,ambush,87.0,99.0,8.0,19.0,1.0,Rabbit
39.0,ambush,87.0,98.0,11.0,17.0,0.0,Rabbit
39.0,ambush,62.0,14.0,79.0,52.0,0.0,Rabbit
39.0,ambush,87.0,99.0,8.0,19.0,1.0,Rabbit
39.0,ambush,87.0,99.0,8.0,19.0,1.0,Rabbit
39.0,ambush,87.0,97.0,8.0,21.0,1.0,Rabbit
39.0,ambush,87.0,97.0,8.0,21.0,0.0,Rabbit
39.0,ambush,87.0,99.0,8.0,19.0,1.0,Rabbit
39.0,ambush,90.0,97.0,8.0,21.0,1.0,Rabbit
39.0,ambush,87.0,97.0,8.0,21.0,0.0,Rabbit
39.0,ambush,87.0,99.0,8.0,19.0,1.0,Rabbit
39.0,ambush,87.0,99.0,8.0,19.0,0.0,Rabbit
39.0,ambush,87.0,99.0,8.0,19.0,0.0,Rabbit
39.0,ambush,84.0,99.0,11.0,19.0,1.0,Rabbit
39.0,ambush,87.0,98.0,11.0,17.0,1.0,Rabbit
39.0,ambush,87.0,99.0,8.0,19.0,1.0,Rabbit
39.0,ambush,87.0,99.0,8.0,19.0,1.0,Rabbit
39.0,ambush,91.0,98.0,7.0,17.0,1.0,Rabbit
39.0,ambush,87.0,98.0,11.0,17.0,1.0,Rabbit
39.0,ambush,87.0,99.0,8.0,19.0,0.0,Rabbit
39.0,ambush,87.0,97.0,8.0,21.0,1.0,Rabbit
39.0,ambush,87.0,97.0,8.0,21.0,1.0,Rabbit
39.0,ambush,84.0,99.0,11.0,19.0,0.0,Rabbit
39.0,ambush,87.0,98.0,11.0,17.0,1.0,Rabbit
39.0,ambush,84.0,99.0,11.0,19.0,1.0,Rabbit
39.0,ambush,87.0,97.0,8.0,21.0,1.0,Rabbit
39.0,ambush,87.0,97.0,8.0,21.0,0.0,Rabbit
39.0,ambush,87.0,98.0,11.0,17.0,1.0,Rabbit
39.0,ambush,87.0,97.0,8.0,21.0,0.0,Rabbit
39.0,ambush,87.0,98.0,11.0,17.0,1.0,Rabbit
39.0,ambush,79.0,98.0,15.0,21.0,1.0,Rabbit
39.0,ambush,84.0,99.0,11.0,19.0,1.0,Rabbit
39.0,ambush,87.0,91.0,13.0,21.0,0.0,Rabbit
39.0,ambush,87.0,97.0,8.0,21.0,1.0,Rabbit
39.0,ambush,87.0,98.0,11.0,17.0,0.0,Rabbit
39.0,ambush,84.0,99.0,11.0,19.0,0.0,Rabbit
39.0,ambush,87.0,99.0,8.0,19.0,1.0,Rabbit
39.0,ambush,87.0,99.0,8.0,19.0,0.0,Rabbit
39.0,ambush,87.0,97.0,8.0,21.0,0.0,Rabbit
39.0,ambush,87.0,99.0,8.0,19.0,1.0,Rabbit
39.0,ambush,87.0,98.0,11.0,17.0,0.0,Rabbit
39.0,ambush,87.0,98.0,11.0,17.0,1.0,Rabbit
39.0,ambush,84.0,99.0,11.0,19.0,0.0,Rabbit
39.0,ambush,87.0,97.0,8.0,21.0,0.0,Rabbit
39.0,ambush,87.0,98.0,11.0,17.0,1.0,Rabbit
39.0,ambush,84.0,99.0,11.0,19.0,0.0,Rabbit
39.0,ambush,87.0,98.0,11.0,17.0,0.0,Rabbit
39.0,ambush,87.0,99.0,8.0,19.0,1.0,Rabbit
39.0,ambush,87.0,98.0,11.0,17.0,1.0,Rabbit
39.0,ambush,84.0,99.0,11.0,19.0,1.0,Rabbit
39.0,ambush,87.0,98.0,11.0,17.0,1.0,Rabbit
39.0,ambush,84.0,99.0,11.0,19.0,1.0,Rabbit
39.0,ambush,87.0,99.0,8.0,19.0,0.0,Rabbit
39.0,ambush,87.0,97.0,8.0,21.0,1.0,Rabbit
39.0,ambush,87.0,99.0,8.0,19.0,1.0,Rabbit
39.0,ambush,87.0,99.0,8.0,19.0,1.0,Rabbit
39.0,ambush,87.0,99.0,8.0,19.0,0.0,Rabbit
39.0,ambush,87.0,98.0,11.0,17.0,0.0,Rabbit
39.0,ambush,87.0,98.0,11.0,17.0,1.0,Rabbit
39.0,ambush,87.0,100.0,11.0,17.0,0.0,Rabbit
39.0,ambush,84.0,99.0,11.0,19.0,0.0,Rabbit
40.0,ambush,62.0,14.0,79.0,52.0,1.0,Rabbit
40.0,ambush,85.0,100.0,7.0,12.0,1.0,Rabbit
40.0,ambush,85.0,98.0,8.0,16.0,1.0,Rabbit
40.0,ambush,62.0,14.0,77.0,52.0,0.0,Rabbit
40.0,ambush,87.0,88.0,13.0,17.0,1.0,Rabbit
40.0,ambush,85.0,98.0,8.0,16.0,1.0,Rabbit
40.0,ambush,87.0,88.0,13.0,17.0,0.0,Rabbit
40.0,ambush,79.0,95.0,11.0,23.0,1.0,Rabbit
40.0,ambush,85.0,100.0,7.0,12.0,0.0,Rabbit
40.0,ambush,85.0,100.0,7.0,12.0,0.0,Rabbit
40.0,ambush,85.0,98.0,8.0,16.0,1.0,Rabbit
40.0,ambush,85.0,99.0,11.0,18.0,1.0,Rabbit
40.0,ambush,81.0,99.0,11.0,18.0,1.0,Rabbit
40.0,ambush,85.0,98.0,8.0,16.0,1.0,Rabbit
40.0,ambush,81.0,99.0,11.0,18.0,1.0,Rabbit
40.0,ambush,81.0,99.0,11.0,18.0,1.0,Rabbit
40.0,ambush,83.0,95.0,11.0,21.0,0.0,Rabbit
40.0,ambush,81.0,99.0,11.0,18.0,0.0,Rabbit
40.0,ambush,81.0,99.0,11.0,18.0,0.0,Rabbit
40.0,ambush,79.0,97.0,11.0,23.0,1.0,Rabbit
40.0,ambush,79.0,97.0,11.0,23.0,1.0,Rabbit
40.0,ambush,87.0,98.0,9.0,16.0,1.0,Rabbit
40.0,ambush,88.0,99.0,8.0,15.0,1.0,Rabbit
40.0,ambush,81.0,99.0,11.0,18.0,0.0,Rabbit
40.0,ambush,81.0,99.0,11.0,18.0,1.0,Rabbit
40.0,ambush,85.0,98.0,5.0,21.0,0.0,Rabbit
40.0,ambush,88.0,99.0,8.0,15.0,0.0,Rabbit
40.0,ambush,87.0,97.0,6.0,21.0,1.0,Rabbit
40.0,ambush,79.0,97.0,11.0,23.0,1.0,Rabbit
40.0,ambush,79.0,97.0,11.0,23.0,1.0,Rabbit
40.0,ambush,87.0,97.0,6.0,21.0,1.0,Rabbit
40.0,ambush,79.0,97.0,11.0,23.0,1.0,Rabbit
40.0,ambush,84.0,98.0,13.0,19.0,1.0,Rabbit
40.0,ambush,84.0,99.0,9.0,19.0,1.0,Rabbit
40.0,ambush,87.0,97.0,6.0,21.0,0.0,Rabbit
40.0,ambush,85.0,98.0,8.0,21.0,1.0,Rabbit
40.0,ambush,87.0,96.0,10.0,19.0,0.0,Rabbit
40.0,ambush,85.0,98.0,8.0,21.0,1.0,Rabbit
40.0,ambush,84.0,99.0,9.0,19.0,0.0,Rabbit
40.0,ambush,85.0,98.0,8.0,21.0,1.0,Rabbit
40.0,ambush,85.0,98.0,8.0,21.0,1.0,Rabbit
40.0,ambush,85.0,98.0,8.0,21.0,1.0,Rabbit
40.0,ambush,85.0,98.0,8.0,21.0,1.0,Rabbit
40.0,ambush,87.0,96.0,10.0,19.0,1.0,Rabbit
40.0,ambush,85.0,98.0,8.0,21.0,1.0,Rabbit
40.0,ambush,85.0,98.0,8.0,21.0,1.0,Rabbit
40.0,ambush,85.0,98.0,8.0,21.0,1.0,Rabbit
40.0,ambush,85.0,98.0,8.0,21.0,1.0,Rabbit
40.0,ambush,85.0,98.0,4.0,21.0,0.0,Rabbit
40.0,ambush,85.0,98.0,8.0,21.0,0.0,Rabbit
40.0,ambush,85.0,98.0,8.0,21.0,0.0,Rabbit
40.0,ambush,85.0,98.0,8.0,21.0,1.0,Rabbit
40.0,ambush,87.0,96.0,8.0,21.0,1.0,Rabbit
40.0,ambush,87.0,96.0,10.0,19.0,0.0,Rabbit
40.0,ambush,87.0,96.0,10.0,19.0,0.0,Rabbit
40.0,ambush,85.0,98.0,8.0,21.0,1.0,Rabbit
40.0,ambush,87.0,96.0,8.0,21.0,1.0,Rabbit
40.0,ambush,85.0,98.0,8.0,16.0,0.0,Rabbit
40.0,ambush,87.0,96.0,10.0,19.0,1.0,Rabbit
40.0,ambush,85.0,98.0,8.0,21.0,1.0,Rabbit
40.0,ambush,85.0,98.0,8.0,21.0,1.0,Rabbit
40.0,ambush,85.0,98.0,8.0,21.0,1.0,Rabbit
40.0,ambush,85.0,98.0,8.0,21.0,1.0,Rabbit
40.0,ambush,85.0,98.0,8.0,21.0,1.0,Rabbit
40.0,ambush,85.0,98.0,8.0,21.0,1.0,Rabbit
40.0,ambush,87.0,96.0,10.0,19.0,0.0,Rabbit
40.0,ambush,85.0,98.0,8.0,21.0,1.0,Rabbit
40.0,ambush,87.0,98.0,11.0,16.0,0.0,Rabbit
40.0,ambush,85.0,98.0,8.0,21.0,0.0,Rabbit
40.0,ambush,87.0,91.0,13.0,21.0,1.0,Rabbit
40.0,ambush,85.0,98.0,8.0,21.0,0.0,Rabbit
40.0,ambush,81.0,99.0,11.0,18.0,0.0,Rabbit
40.0,ambush,87.0,97.0,6.0,21.0,0.0,Rabbit
40.0,ambush,87.0,96.0,8.0,21.0,1.0,Rabbit
40.0,ambush,87.0,96.0,8.0,21.0,1.0,Rabbit
40.0,ambush,87.0,91.0,13.0,21.0,1.0,Rabbit
40.0,ambush,87.0,91.0,13.0,21.0,1.0,Rabbit
40.0,ambush,87.0,96.0,8.0,21.0,0.0,Rabbit
40.0,ambush,85.0,98.0,8.0,21.0,1.0,Rabbit
40.0,ambush,87.0,100.0,9.0,17.0,1.0,Rabbit
40.0,ambush,87.0,97.0,11.0,17.0,0.0,Rabbit
40.0,ambush,85.0,98.0,8.0,21.0,0.0,Rabbit
40.0,ambush,85.0,98.0,8.0,21.0,1.0,Rabbit
40.0,ambush,79.0,97.0,11.0,23.0,0.0,Rabbit
40.0,ambush,85.0,98.0,8.0,21.0,0.0,Rabbit
40.0,ambush,85.0,98.0,8.0,21.0,1.0,Rabbit
40.0,ambush,85.0,98.0,8.0,21.0,0.0,Rabbit
40.0,ambush,85.0,98.0,8.0,21.0,1.0,Rabbit
40.0,ambush,87.0,91.0,13.0,21.0,1.0,Rabbit
40.0,ambush,85.0,98.0,8.0,21.0,0.0,Rabbit
40.0,ambush,87.0,96.0,8.0,21.0,1.0,Rabbit
40.0,ambush,85.0,98.0,8.0,21.0,0.0,Rabbit
40.0,ambush,85.0,98.0,8.0,21.0,1.0,Rabbit
40.0,ambush,85.0,98.0,8.0,21.0,1.0,Rabbit
40.0,ambush,87.0,96.0,8.0,21.0,1.0,Rabbit
40.0,ambush,87.0,99.0,7.0,19.0,1.0,Rabbit
40.0,ambush,85.0,98.0,8.0,21.0,1.0,Rabbit
40.0,ambush,87.0,99.0,7.0,19.0,0.0,Rabbit
40.0,ambush,87.0,96.0,8.0,21.0,1.0,Rabbit
40.0,ambush,87.0,99.0,7.0,19.0,0.0,Rabbit
40.0,ambush,85.0,98.0,8.0,21.0,1.0,Rabbit
40.0,ambush,85.0,98.0,8.0,21.0,1.0,Rabbit
40.0,ambush,87.0,96.0,10.0,19.0,1.0,Rabbit
40.0,ambush,87.0,96.0,8.0,21.0,1.0,Rabbit
40.0,ambush,87.0,96.0,10.0,19.0,1.0,Rabbit
40.0,ambush,87.0,96.0,10.0,19.0,0.0,Rabbit
40.0,ambush,85.0,98.0,8.0,21.0,0.0,Rabbit
40.0,ambush,87.0,96.0,8.0,21.0,1.0,Rabbit
40.0,ambush,85.0,98.0,8.0,21.0,1.0,Rabbit
40.0,ambush,87.0,96.0,10.0,19.0,1.0,Rabbit
40.0,ambush,85.0,98.0,8.0,21.0,1.0,Rabbit
40.0,ambush,85.0,98.0,8.0,21.0,1.0,Rabbit
40.0,ambush,85.0,98.0,8.0,21.0,1.0,Rabbit
40.0,ambush,87.0,95.0,8.0,21.0,1.0,Rabbit
40.0,ambush,85.0,98.0,8.0,21.0,0.0,Rabbit
40.0,ambush,85.0,98.0,8.0,21.0,1.0,Rabbit
40.0,ambush,87.0,96.0,8.0,21.0,1.0,Rabbit
40.0,ambush,85.0,98.0,8.0,21.0,1.0,Rabbit
40.0,ambush,87.0,96.0,8.0,21.0,1.0,Rabbit
40.0,ambush,87.0,96.0,8.0,21.0,1.0,Rabbit
40.0,ambush,87.0,96.0,8.0,21.0,1.0,Rabbit
40.0,ambush,87.0,96.0,8.0,21.0,1.0,Rabbit
40.0,ambush,87.0,91.0,13.0,21.0,0.0,Rabbit
40.0,ambush,87.0,91.0,13.0,21.0,0.0,Rabbit
40.0,ambush,87.0,91.0,13.0,21.0,0.0,Rabbit
40.0,ambush,87.0,96.0,8.0,21.0,1.0,Rabbit
40.0,ambush,85.0,98.0,8.0,21.0,0.0,Rabbit
40.0,ambush,87.0,96.0,10.0,19.0,1.0,Rabbit
40.0,ambush,87.0,91.0,13.0,21.0,1.0,Rabbit
40.0,ambush,85.0,98.0,8.0,21.0,0.0,Rabbit
40.0,ambush,85.0,98.0,8.0,21.0,0.0,Rabbit
40.0,ambush,85.0,98.0,8.0,21.0,0.0,Rabbit
40.0,ambush,85.0,98.0,8.0,21.0,0.0,Rabbit
40.0,ambush,87.0,96.0,8.0,21.0,1.0,Rabbit
40.0,ambush,85.0,98.0,8.0,21.0,1.0,Rabbit
40.0,ambush,87.0,91.0,13.0,21.0,1.0,Rabbit
40.0,ambush,87.0,96.0,8.0,21.0,1.0,Rabbit
40.0,ambush,87.0,96.0,8.0,21.0,1.0,Rabbit
40.0,ambush,87.0,96.0,10.0,19.0,0.0,Rabbit
40.0,ambush,85.0,98.0,8.0,21.0,1.0,Rabbit
40.0,ambush,85.0,99.0,4.0,21.0,0.0,Rabbit
40.0,ambush,87.0,96.0,10.0,19.0,1.0,Rabbit
40.0,ambush,87.0,96.0,8.0,21.0,1.0,Rabbit
40.0,ambush,85.0,98.0,8.0,21.0,1.0,Rabbit
40.0,ambush,87.0,91.0,13.0,21.0,0.0,Rabbit
40.0,ambush,87.0,99.0,8.0,19.0,1.0,Rabbit
40.0,ambush,87.0,96.0,5.0,21.0,1.0,Rabbit
40.0,ambush,85.0,98.0,8.0,21.0,0.0,Rabbit
40.0,ambush,87.0,96.0,8.0,21.0,0.0,Rabbit
40.0,ambush,87.0,97.0,8.0,21.0,1.0,Rabbit
40.0,ambush,87.0,99.0,8.0,19.0,0.0,Rabbit
40.0,ambush,87.0,98.0,11.0,17.0,0.0,Rabbit
40.0,ambush,87.0,97.0,8.0,21.0,1.0,Rabbit
40.0,ambush,87.0,97.0,8.0,21.0,0.0,Rabbit
40.0,ambush,87.0,97.0,8.0,21.0,1.0,Rabbit
40.0,ambush,84.0,99.0,11.0,19.0,0.0,Rabbit
40.0,ambush,84.0,99.0,11.0,19.0,1.0,Rabbit
40.0,ambush,87.0,98.0,11.0,17.0,1.0,Rabbit
40.0,ambush,87.0,97.0,8.0,21.0,1.0,Rabbit
40.0,ambush,87.0,99.0,8.0,19.0,1.0,Rabbit
40.0,ambush,87.0,99.0,8.0,19.0,1.0,Rabbit
40.0,ambush,87.0,98.0,11.0,17.0,1.0,Rabbit
40.0,ambush,83.0,99.0,8.0,19.0,0.0,Rabbit
40.0,ambush,87.0,99.0,8.0,19.0,1.0,Rabbit
40.0,ambush,87.0,98.0,11.0,17.0,0.0,Rabbit
40.0,ambush,87.0,97.0,8.0,21.0,0.0,Rabbit
40.0,ambush,87.0,98.0,11.0,17.0,1.0,Rabbit
40.0,ambush,87.0,98.0,11.0,17.0,1.0,Rabbit
40.0,ambush,87.0,98.0,11.0,17.0,1.0,Rabbit
40.0,ambush,84.0,99.0,11.0,19.0,1.0,Rabbit
40.0,ambush,84.0,99.0,11.0,19.0,1.0,Rabbit
40.0,ambush,87.0,99.0,8.0,19.0,1.0,Rabbit
40.0,ambush,87.0,98.0,11.0,17.0,1.0,Rabbit
40.0,ambush,87.0,98.0,11.0,17.0,0.0,Rabbit
40.0,ambush,87.0,98.0,11.0,17.0,1.0,Rabbit
40.0,ambush,87.0,99.0,8.0,19.0,1.0,Rabbit
40.0,ambush,87.0,98.0,11.0,17.0,0.0,Rabbit
40.0,ambush,87.0,98.0,11.0,17.0,1.0,Rabbit
40.0,ambush,87.0,96.0,8.0,21.0,0.0,Rabbit
40.0,ambush,87.0,99.0,8.0,19.0,1.0,Rabbit
40.0,ambush,87.0,98.0,11.0,17.0,1.0,Rabbit
40.0,ambush,87.0,98.0,11.0,17.0,1.0,Rabbit
40.0,ambush,87.0,99.0,8.0,19.0,0.0,Rabbit
40.0,ambush,87.0,97.0,8.0,21.0,1.0,Rabbit
40.0,ambush,87.0,99.0,5.0,19.0,1.0,Rabbit
40.0,ambush,87.0,97.0,8.0,21.0,0.0,Rabbit
40.0,ambush,87.0,99.0,8.0,19.0,0.0,Rabbit
40.0,ambush,87.0,98.0,11.0,17.0,0.0,Rabbit
40.0,ambush,87.0,99.0,8.0,19.0,0.0,Rabbit
40.0,ambush,87.0,97.0,8.0,17.0,0.0,Rabbit
40.0,ambush,87.0,99.0,8.0,19.0,1.0,Rabbit
40.0,ambush,87.0,99.0,8.0,19.0,0.0,Rabbit
40.0,ambush,87.0,97.0,8.0,21.0,1.0,Rabbit
40.0,ambush,87.0,99.0,8.0,19.0,1.0,Rabbit
40.0,ambush,87.0,98.0,11.0,17.0,0.0,Rabbit
40.0,ambush,87.0,98.0,11.0,17.0,1.0,Rabbit
40.0,ambush,84.0,99.0,11.0,19.0,1.0,Rabbit
40.0,ambush,87.0,99.0,8.0,19.0,1.0,Rabbit
40.0,ambush,87.0,99.0,8.0,19.0,0.0,Rabbit
40.0,ambush,89.0,98.0,16.0,17.0,0.0,Rabbit
40.0,ambush,87.0,99.0,8.0,19.0,1.0,Rabbit
40.0,ambush,87.0,97.0,8.0,21.0,0.0,Rabbit
40.0,ambush,87.0,98.0,11.0,17.0,1.0,Rabbit
40.0,ambush,87.0,98.0,11.0,17.0,1.0,Rabbit
40.0,ambush,87.0,98.0,11.0,17.0,1.0,Rabbit
40.0,ambush,87.0,98.0,11.0,17.0,1.0,Rabbit
40.0,ambush,87.0,98.0,11.0,17.0,0.0,Rabbit
40.0,ambush,88.0,97.0,4.0,21.0,1.0,Rabbit
40.0,ambush,87.0,98.0,11.0,17.0,0.0,Rabbit
40.0,ambush,87.0,95.0,8.0,25.0,1.0,Rabbit
40.0,ambush,87.0,97.0,8.0,21.0,1.0,Rabbit
40.0,ambush,87.0,99.0,8.0,19.0,1.0,Rabbit
40.0,ambush,87.0,98.0,11.0,17.0,1.0,Rabbit
40.0,ambush,87.0,99.0,8.0,19.0,1.0,Rabbit
40.0,ambush,87.0,98.0,13.0,21.0,0.0,Rabbit
40.0,ambush,87.0,99.0,8.0,19.0,1.0,Rabbit
40.0,ambush,87.0,98.0,11.0,17.0,1.0,Rabbit
40.0,ambush,87.0,98.0,11.0,17.0,1.0,Rabbit
40.0,ambush,87.0,99.0,8.0,19.0,1.0,Rabbit
40.0,ambush,87.0,98.0,11.0,17.0,0.0,Rabbit
40.0,ambush,87.0,99.0,8.0,19.0,1.0,Rabbit
40.0,ambush,84.0,99.0,11.0,19.0,1.0,Rabbit
40.0,ambush,84.0,99.0,11.0,19.0,1.0,Rabbit
40.0,ambush,84.0,99.0,11.0,19.0,0.0,Rabbit
40.0,ambush,87.0,99.0,8.0,19.0,1.0,Rabbit
40.0,ambush,87.0,97.0,8.0,21.0,1.0,Rabbit
40.0,ambush,87.0,99.0,8.0,19.0,0.0,Rabbit
40.0,ambush,87.0,99.0,8.0,19.0,1.0,Rabbit
40.0,ambush,87.0,99.0,8.0,19.0,0.0,Rabbit
40.0,ambush,87.0,97.0,8.0,21.0,1.0,Rabbit
40.0,ambush,87.0,99.0,8.0,19.0,0.0,Rabbit
40.0,ambush,87.0,98.0,11.0,17.0,1.0,Rabbit
40.0,ambush,87.0,98.0,11.0,17.0,1.0,Rabbit
40.0,ambush,87.0,98.0,11.0,17.0,0.0,Rabbit
40.0,ambush,87.0,98.0,11.0,17.0,1.0,Rabbit
40.0,ambush,87.0,99.0,8.0,19.0,0.0,Rabbit
40.0,ambush,87.0,98.0,11.0,17.0,1.0,Rabbit
40.0,ambush,87.0,98.0,11.0,17.0,0.0,Rabbit
40.0,ambush,87.0,98.0,11.0,17.0,0.0,Rabbit
40.0,ambush,87.0,97.0,8.0,21.0,1.0,Rabbit
40.0,ambush,84.0,99.0,11.0,19.0,1.0,Rabbit
40.0,ambush,87.0,98.0,11.0,17.0,1.0,Rabbit
40.0,ambush,87.0,99.0,8.0,19.0,1.0,Rabbit
40.0,ambush,84.0,99.0,11.0,19.0,0.0,Rabbit
40.0,ambush,79.0,98.0,15.0,21.0,1.0,Rabbit
40.0,ambush,87.0,99.0,8.0,19.0,1.0,Rabbit
40.0,ambush,87.0,99.0,8.0,19.0,1.0,Rabbit
40.0,ambush,87.0,99.0,8.0,19.0,1.0,Rabbit
40.0,ambush,87.0,99.0,8.0,19.0,0.0,Rabbit
40.0,ambush,87.0,98.0,11.0,17.0,1.0,Rabbit
40.0,ambush,84.0,99.0,11.0,19.0,0.0,Rabbit
40.0,ambush,87.0,97.0,8.0,21.0,0.0,Rabbit
40.0,ambush,84.0,99.0,11.0,19.0,1.0,Rabbit
40.0,ambush,84.0,99.0,11.0,19.0,0.0,Rabbit
40.0,ambush,87.0,98.0,11.0,17.0,1.0,Rabbit
40.0,ambush,87.0,98.0,11.0,17.0,1.0,Rabbit
40.0,ambush,87.0,97.0,8.0,21.0,0.0,Rabbit
40.0,ambush,87.0,99.0,8.0,19.0,0.0,Rabbit
40.0,ambush,87.0,97.0,8.0,21.0,0.0,Rabbit
41.0,ambush,87.0,88.0,13.0,17.0,1.0,Rabbit
41.0,ambush,87.0,88.0,13.0,17.0,1.0,Rabbit
41.0,ambush,85.0,98.0,8.0,16.0,1.0,Rabbit
41.0,ambush,85.0,100.0,7.0,12.0,1.0,Rabbit
41.0,ambush,85.0,98.0,8.0,16.0,1.0,Rabbit
41.0,ambush,85.0,98.0,8.0,16.0,1.0,Rabbit
41.0,ambush,85.0,98.0,8.0,16.0,1.0,Rabbit
41.0,ambush,87.0,88.0,13.0,17.0,1.0,Rabbit
41.0,ambush,85.0,98.0,8.0,16.0,1.0,Rabbit
41.0,ambush,85.0,98.0,8.0,16.0,1.0,Rabbit
41.0,ambush,85.0,100.0,7.0,12.0,0.0,Rabbit
41.0,ambush,85.0,100.0,7.0,12.0,0.0,Rabbit
41.0,ambush,85.0,98.0,8.0,16.0,0.0,Rabbit
41.0,ambush,87.0,96.0,5.0,21.0,1.0,Rabbit
41.0,ambush,81.0,99.0,11.0,18.0,1.0,Rabbit
41.0,ambush,85.0,98.0,8.0,16.0,1.0,Rabbit
41.0,ambush,85.0,98.0,8.0,16.0,0.0,Rabbit
41.0,ambush,81.0,99.0,11.0,18.0,1.0,Rabbit
41.0,ambush,79.0,95.0,11.0,23.0,0.0,Rabbit
41.0,ambush,81.0,99.0,11.0,18.0,0.0,Rabbit
41.0,ambush,81.0,99.0,11.0,18.0,1.0,Rabbit
41.0,ambush,81.0,99.0,11.0,18.0,1.0,Rabbit
41.0,ambush,87.0,99.0,5.0,19.0,1.0,Rabbit
41.0,ambush,87.0,99.0,5.0,19.0,1.0,Rabbit
41.0,ambush,81.0,99.0,11.0,18.0,1.0,Rabbit
41.0,ambush,87.0,99.0,5.0,19.0,0.0,Rabbit
41.0,ambush,79.0,97.0,11.0,23.0,1.0,Rabbit
41.0,ambush,79.0,97.0,11.0,23.0,1.0,Rabbit
41.0,ambush,81.0,99.0,11.0,18.0,1.0,Rabbit
41.0,ambush,79.0,97.0,11.0,23.0,0.0,Rabbit
41.0,ambush,79.0,95.0,11.0,23.0,1.0,Rabbit
41.0,ambush,79.0,97.0,11.0,23.0,1.0,Rabbit
41.0,ambush,79.0,97.0,11.0,23.0,1.0,Rabbit
41.0,ambush,79.0,97.0,11.0,23.0,0.0,Rabbit
41.0,ambush,79.0,97.0,11.0,23.0,0.0,Rabbit
41.0,ambush,62.0,14.0,79.0,52.0,0.0,Rabbit
41.0,ambush,88.0,99.0,8.0,15.0,1.0,Rabbit
41.0,ambush,88.0,97.0,4.0,21.0,0.0,Rabbit
41.0,ambush,88.0,97.0,4.0,21.0,0.0,Rabbit
41.0,ambush,88.0,99.0,8.0,15.0,1.0,Rabbit
41.0,ambush,79.0,97.0,11.0,23.0,0.0,Rabbit
41.0,ambush,79.0,97.0,11.0,23.0,0.0,Rabbit
41.0,ambush,87.0,98.0,9.0,16.0,1.0,Rabbit
41.0,ambush,88.0,99.0,8.0,15.0,0.0,Rabbit
41.0,ambush,79.0,97.0,11.0,23.0,1.0,Rabbit
41.0,ambush,79.0,97.0,11.0,23.0,0.0,Rabbit
41.0,ambush,87.0,97.0,6.0,21.0,1.0,Rabbit
41.0,ambush,87.0,97.0,6.0,21.0,0.0,Rabbit
41.0,ambush,87.0,97.0,6.0,21.0,1.0,Rabbit
41.0,ambush,87.0,97.0,6.0,21.0,0.0,Rabbit
41.0,ambush,87.0,95.0,8.0,21.0,1.0,Rabbit
41.0,ambush,84.0,99.0,9.0,19.0,1.0,Rabbit
41.0,ambush,87.0,97.0,6.0,21.0,1.0,Rabbit
41.0,ambush,87.0,95.0,8.0,21.0,0.0,Rabbit
41.0,ambush,84.0,99.0,9.0,19.0,1.0,Rabbit
41.0,ambush,87.0,96.0,10.0,19.0,0.0,Rabbit
41.0,ambush,87.0,96.0,5.0,21.0,0.0,Rabbit
41.0,ambush,85.0,98.0,8.0,21.0,0.0,Rabbit
41.0,ambush,85.0,98.0,8.0,21.0,0.0,Rabbit
41.0,ambush,85.0,98.0,8.0,21.0,1.0,Rabbit
41.0,ambush,85.0,98.0,8.0,21.0,0.0,Rabbit
41.0,ambush,85.0,98.0,8.0,21.0,1.0,Rabbit
41.0,ambush,87.0,96.0,10.0,19.0,1.0,Rabbit
41.0,ambush,87.0,96.0,10.0,19.0,1.0,Rabbit
41.0,ambush,85.0,98.0,8.0,21.0,1.0,Rabbit
41.0,ambush,85.0,96.0,8.0,21.0,1.0,Rabbit
41.0,ambush,85.0,98.0,8.0,21.0,0.0,Rabbit
41.0,ambush,87.0,96.0,8.0,21.0,1.0,Rabbit
41.0,ambush,87.0,96.0,8.0,21.0,1.0,Rabbit
41.0,ambush,85.0,98.0,8.0,21.0,0.0,Rabbit
41.0,ambush,87.0,96.0,8.0,21.0,0.0,Rabbit
41.0,ambush,85.0,98.0,8.0,21.0,0.0,Rabbit
41.0,ambush,87.0,95.0,8.0,21.0,0.0,Rabbit
41.0,ambush,87.0,96.0,8.0,21.0,1.0,Rabbit
41.0,ambush,87.0,96.0,4.0,26.0,1.0,Rabbit
41.0,ambush,87.0,96.0,8.0,21.0,1.0,Rabbit
41.0,ambush,87.0,96.0,8.0,21.0,0.0,Rabbit
41.0,ambush,87.0,96.0,8.0,21.0,1.0,Rabbit
41.0,ambush,87.0,97.0,6.0,21.0,0.0,Rabbit
41.0,ambush,87.0,96.0,8.0,21.0,1.0,Rabbit
41.0,ambush,87.0,96.0,8.0,21.0,1.0,Rabbit
41.0,ambush,85.0,98.0,8.0,21.0,0.0,Rabbit
41.0,ambush,85.0,98.0,8.0,21.0,1.0,Rabbit
41.0,ambush,87.0,96.0,10.0,19.0,1.0,Rabbit
41.0,ambush,87.0,96.0,8.0,21.0,1.0,Rabbit
41.0,ambush,85.0,98.0,8.0,21.0,1.0,Rabbit
41.0,ambush,87.0,96.0,8.0,21.0,0.0,Rabbit
41.0,ambush,87.0,96.0,8.0,21.0,1.0,Rabbit
41.0,ambush,85.0,98.0,8.0,21.0,0.0,Rabbit
41.0,ambush,87.0,96.0,8.0,21.0,1.0,Rabbit
41.0,ambush,87.0,96.0,8.0,21.0,0.0,Rabbit
41.0,ambush,87.0,96.0,8.0,21.0,1.0,Rabbit
41.0,ambush,85.0,98.0,8.0,21.0,1.0,Rabbit
41.0,ambush,85.0,98.0,8.0,21.0,0.0,Rabbit
41.0,ambush,85.0,98.0,8.0,21.0,1.0,Rabbit
41.0,ambush,85.0,98.0,8.0,21.0,1.0,Rabbit
41.0,ambush,85.0,98.0,8.0,21.0,1.0,Rabbit
41.0,ambush,85.0,98.0,8.0,21.0,1.0,Rabbit
41.0,ambush,85.0,98.0,8.0,21.0,0.0,Rabbit
41.0,ambush,85.0,98.0,8.0,21.0,1.0,Rabbit
41.0,ambush,87.0,91.0,13.0,21.0,1.0,Rabbit
41.0,ambush,85.0,98.0,8.0,21.0,0.0,Rabbit
41.0,ambush,85.0,98.0,8.0,21.0,1.0,Rabbit
41.0,ambush,85.0,98.0,8.0,21.0,1.0,Rabbit
41.0,ambush,87.0,96.0,10.0,19.0,1.0,Rabbit
41.0,ambush,85.0,98.0,8.0,21.0,1.0,Rabbit
41.0,ambush,87.0,96.0,8.0,21.0,0.0,Rabbit
41.0,ambush,87.0,96.0,8.0,21.0,1.0,Rabbit
41.0,ambush,87.0,99.0,7.0,19.0,0.0,Rabbit
41.0,ambush,87.0,96.0,8.0,21.0,0.0,Rabbit
41.0,ambush,85.0,98.0,8.0,21.0,0.0,Rabbit
41.0,ambush,87.0,96.0,8.0,21.0,0.0,Rabbit
41.0,ambush,87.0,96.0,10.0,19.0,1.0,Rabbit
41.0,ambush,87.0,96.0,10.0,19.0,1.0,Rabbit
41.0,ambush,87.0,96.0,10.0,19.0,0.0,Rabbit
41.0,ambush,87.0,92.0,14.0,19.0,1.0,Rabbit
41.0,ambush,89.0,97.0,10.0,19.0,0.0,Rabbit
41.0,ambush,85.0,98.0,8.0,21.0,0.0,Rabbit
41.0,ambush,85.0,98.0,8.0,21.0,0.0,Rabbit
41.0,ambush,87.0,91.0,13.0,21.0,0.0,Rabbit
41.0,ambush,85.0,98.0,8.0,21.0,1.0,Rabbit
41.0,ambush,87.0,91.0,13.0,21.0,0.0,Rabbit
41.0,ambush,85.0,98.0,8.0,21.0,0.0,Rabbit
41.0,ambush,85.0,98.0,8.0,21.0,1.0,Rabbit
41.0,ambush,85.0,98.0,8.0,21.0,1.0,Rabbit
41.0,ambush,87.0,96.0,8.0,21.0,1.0,Rabbit
41.0,ambush,87.0,96.0,8.0,21.0,0.0,Rabbit
41.0,ambush,87.0,96.0,8.0,21.0,0.0,Rabbit
41.0,ambush,87.0,96.0,8.0,21.0,0.0,Rabbit
41.0,ambush,85.0,98.0,8.0,21.0,1.0,Rabbit
41.0,ambush,87.0,96.0,8.0,21.0,1.0,Rabbit
41.0,ambush,85.0,98.0,8.0,21.0,0.0,Rabbit
41.0,ambush,87.0,96.0,8.0,21.0,1.0,Rabbit
41.0,ambush,87.0,96.0,8.0,21.0,0.0,Rabbit
41.0,ambush,85.0,98.0,8.0,21.0,1.0,Rabbit
41.0,ambush,85.0,98.0,8.0,21.0,1.0,Rabbit
41.0,ambush,85.0,98.0,8.0,21.0,1.0,Rabbit
41.0,ambush,85.0,98.0,8.0,21.0,1.0,Rabbit
41.0,ambush,85.0,98.0,8.0,21.0,0.0,Rabbit
41.0,ambush,87.0,99.0,7.0,19.0,0.0,Rabbit
41.0,ambush,85.0,98.0,8.0,21.0,0.0,Rabbit
41.0,ambush,87.0,98.0,8.0,21.0,1.0,Rabbit
41.0,ambush,85.0,98.0,8.0,21.0,0.0,Rabbit
41.0,ambush,87.0,96.0,8.0,21.0,1.0,Rabbit
41.0,ambush,85.0,98.0,8.0,21.0,1.0,Rabbit
41.0,ambush,79.0,97.0,11.0,23.0,0.0,Rabbit
41.0,ambush,87.0,96.0,8.0,21.0,0.0,Rabbit
41.0,ambush,87.0,96.0,8.0,21.0,1.0,Rabbit
41.0,ambush,87.0,93.0,16.0,21.0,1.0,Rabbit
41.0,ambush,87.0,96.0,8.0,21.0,0.0,Rabbit
41.0,ambush,85.0,98.0,8.0,21.0,0.0,Rabbit
41.0,ambush,87.0,96.0,8.0,21.0,0.0,Rabbit
41.0,ambush,87.0,96.0,8.0,21.0,1.0,Rabbit
41.0,ambush,87.0,91.0,13.0,21.0,0.0,Rabbit
41.0,ambush,87.0,91.0,13.0,21.0,1.0,Rabbit
41.0,ambush,85.0,98.0,6.0,21.0,1.0,Rabbit
41.0,ambush,85.0,98.0,8.0,21.0,1.0,Rabbit
41.0,ambush,87.0,96.0,8.0,21.0,1.0,Rabbit
41.0,ambush,85.0,98.0,8.0,21.0,1.0,Rabbit
41.0,ambush,85.0,98.0,8.0,21.0,1.0,Rabbit
41.0,ambush,87.0,96.0,8.0,21.0,1.0,Rabbit
41.0,ambush,85.0,98.0,8.0,21.0,1.0,Rabbit
41.0,ambush,85.0,98.0,8.0,21.0,1.0,Rabbit
41.0,ambush,85.0,98.0,8.0,21.0,1.0,Rabbit
41.0,ambush,87.0,96.0,8.0,21.0,1.0,Rabbit
41.0,ambush,85.0,98.0,8.0,21.0,1.0,Rabbit
41.0,ambush,85.0,98.0,8.0,21.0,1.0,Rabbit
41.0,ambush,87.0,96.0,8.0,21.0,0.0,Rabbit
41.0,ambush,85.0,98.0,8.0,21.0,0.0,Rabbit
41.0,ambush,85.0,98.0,8.0,21.0,1.0,Rabbit
41.0,ambush,85.0,98.0,8.0,21.0,1.0,Rabbit
41.0,ambush,87.0,96.0,8.0,21.0,0.0,Rabbit
41.0,ambush,85.0,98.0,8.0,21.0,1.0,Rabbit
41.0,ambush,85.0,98.0,8.0,21.0,0.0,Rabbit
41.0,ambush,85.0,98.0,8.0,21.0,1.0,Rabbit
41.0,ambush,85.0,98.0,8.0,21.0,1.0,Rabbit
41.0,ambush,87.0,96.0,8.0,21.0,0.0,Rabbit
41.0,ambush,85.0,98.0,8.0,21.0,1.0,Rabbit
41.0,ambush,87.0,91.0,13.0,21.0,1.0,Rabbit
41.0,ambush,87.0,91.0,13.0,21.0,1.0,Rabbit
41.0,ambush,87.0,96.0,8.0,21.0,1.0,Rabbit
41.0,ambush,85.0,98.0,8.0,21.0,1.0,Rabbit
41.0,ambush,87.0,97.0,8.0,21.0,1.0,Rabbit
41.0,ambush,87.0,91.0,13.0,21.0,0.0,Rabbit
41.0,ambush,87.0,96.0,8.0,21.0,1.0,Rabbit
41.0,ambush,85.0,98.0,8.0,21.0,1.0,Rabbit
41.0,ambush,87.0,97.0,8.0,21.0,1.0,Rabbit
41.0,ambush,87.0,91.0,13.0,21.0,1.0,Rabbit
41.0,ambush,87.0,97.0,8.0,21.0,1.0,Rabbit
41.0,ambush,87.0,97.0,8.0,20.0,1.0,Rabbit
41.0,ambush,87.0,97.0,8.0,21.0,1.0,Rabbit
41.0,ambush,87.0,91.0,13.0,21.0,1.0,Rabbit
41.0,ambush,87.0,98.0,11.0,17.0,1.0,Rabbit
41.0,ambush,87.0,99.0,8.0,19.0,1.0,Rabbit
41.0,ambush,87.0,99.0,8.0,19.0,0.0,Rabbit
41.0,ambush,87.0,97.0,8.0,21.0,1.0,Rabbit
41.0,ambush,84.0,99.0,11.0,19.0,0.0,Rabbit
41.0,ambush,84.0,99.0,11.0,19.0,1.0,Rabbit
41.0,ambush,85.0,98.0,8.0,21.0,0.0,Rabbit
41.0,ambush,81.0,99.0,11.0,18.0,0.0,Rabbit
41.0,ambush,84.0,99.0,11.0,19.0,1.0,Rabbit
41.0,ambush,87.0,99.0,8.0,19.0,1.0,Rabbit
41.0,ambush,87.0,99.0,8.0,19.0,1.0,Rabbit
41.0,ambush,87.0,99.0,8.0,19.0,1.0,Rabbit
41.0,ambush,87.0,98.0,11.0,17.0,0.0,Rabbit
41.0,ambush,87.0,98.0,11.0,17.0,0.0,Rabbit
41.0,ambush,87.0,98.0,11.0,17.0,1.0,Rabbit
41.0,ambush,87.0,98.0,11.0,17.0,1.0,Rabbit
41.0,ambush,87.0,98.0,11.0,17.0,1.0,Rabbit
41.0,ambush,87.0,94.0,11.0,14.0,0.0,Rabbit
41.0,ambush,87.0,98.0,11.0,17.0,0.0,Rabbit
41.0,ambush,87.0,98.0,11.0,17.0,0.0,Rabbit
41.0,ambush,87.0,97.0,8.0,21.0,0.0,Rabbit
41.0,ambush,87.0,97.0,8.0,21.0,0.0,Rabbit
41.0,ambush,87.0,99.0,8.0,19.0,0.0,Rabbit
41.0,ambush,87.0,97.0,8.0,21.0,1.0,Rabbit
41.0,ambush,87.0,97.0,8.0,21.0,0.0,Rabbit
41.0,ambush,87.0,99.0,8.0,19.0,0.0,Rabbit
41.0,ambush,84.0,99.0,11.0,19.0,1.0,Rabbit
41.0,ambush,84.0,99.0,11.0,19.0,1.0,Rabbit
41.0,ambush,87.0,98.0,11.0,17.0,0.0,Rabbit
41.0,ambush,84.0,99.0,11.0,19.0,1.0,Rabbit
41.0,ambush,87.0,99.0,8.0,19.0,0.0,Rabbit
41.0,ambush,87.0,100.0,9.0,17.0,1.0,Rabbit
41.0,ambush,87.0,99.0,8.0,19.0,0.0,Rabbit
41.0,ambush,87.0,99.0,8.0,19.0,1.0,Rabbit
41.0,ambush,87.0,99.0,8.0,19.0,0.0,Rabbit
41.0,ambush,87.0,98.0,11.0,17.0,1.0,Rabbit
41.0,ambush,87.0,98.0,11.0,17.0,0.0,Rabbit
41.0,ambush,87.0,98.0,11.0,17.0,1.0,Rabbit
41.0,ambush,87.0,99.0,8.0,19.0,1.0,Rabbit
41.0,ambush,87.0,98.0,11.0,17.0,1.0,Rabbit
41.0,ambush,87.0,98.0,11.0,17.0,1.0,Rabbit
41.0,ambush,87.0,99.0,8.0,19.0,1.0,Rabbit
41.0,ambush,87.0,98.0,11.0,17.0,0.0,Rabbit
41.0,ambush,87.0,98.0,11.0,17.0,0.0,Rabbit
41.0,ambush,87.0,98.0,11.0,17.0,1.0,Rabbit
41.0,ambush,87.0,99.0,8.0,19.0,1.0,Rabbit
41.0,ambush,87.0,98.0,11.0,17.0,1.0,Rabbit
41.0,ambush,87.0,98.0,11.0,17.0,1.0,Rabbit
41.0,ambush,87.0,98.0,11.0,17.0,1.0,Rabbit
41.0,ambush,87.0,98.0,11.0,17.0,1.0,Rabbit
41.0,ambush,92.0,99.0,8.0,18.0,1.0,Rabbit
41.0,ambush,87.0,99.0,8.0,19.0,0.0,Rabbit
41.0,ambush,87.0,99.0,8.0,19.0,1.0,Rabbit
41.0,ambush,87.0,98.0,11.0,17.0,1.0,Rabbit
41.0,ambush,87.0,98.0,11.0,17.0,1.0,Rabbit
41.0,ambush,87.0,99.0,8.0,19.0,0.0,Rabbit
41.0,ambush,87.0,99.0,8.0,19.0,0.0,Rabbit
41.0,ambush,87.0,99.0,8.0,19.0,0.0,Rabbit
41.0,ambush,87.0,98.0,11.0,17.0,0.0,Rabbit
41.0,ambush,84.0,99.0,11.0,19.0,0.0,Rabbit
41.0,ambush,87.0,98.0,11.0,17.0,0.0,Rabbit
41.0,ambush,87.0,99.0,8.0,19.0,0.0,Rabbit
42.0,ambush,87.0,88.0,13.0,17.0,1.0,Rabbit
42.0,ambush,87.0,88.0,13.0,17.0,1.0,Rabbit
42.0,ambush,87.0,88.0,13.0,17.0,1.0,Rabbit
42.0,ambush,87.0,88.0,13.0,17.0,1.0,Rabbit
42.0,ambush,85.0,100.0,7.0,12.0,1.0,Rabbit
42.0,ambush,85.0,100.0,7.0,12.0,1.0,Rabbit
42.0,ambush,87.0,88.0,13.0,17.0,1.0,Rabbit
42.0,ambush,87.0,88.0,13.0,17.0,0.0,Rabbit
42.0,ambush,85.0,98.0,8.0,16.0,0.0,Rabbit
42.0,ambush,85.0,98.0,8.0,16.0,1.0,Rabbit
42.0,ambush,87.0,88.0,13.0,17.0,0.0,Rabbit
42.0,ambush,85.0,98.0,8.0,16.0,0.0,Rabbit
42.0,ambush,85.0,98.0,8.0,16.0,0.0,Rabbit
42.0,ambush,85.0,98.0,8.0,16.0,1.0,Rabbit
42.0,ambush,85.0,100.0,3.0,8.0,0.0,Rabbit
42.0,ambush,85.0,98.0,8.0,16.0,1.0,Rabbit
42.0,ambush,85.0,98.0,8.0,16.0,1.0,Rabbit
42.0,ambush,85.0,98.0,8.0,16.0,0.0,Rabbit
42.0,ambush,85.0,98.0,8.0,16.0,0.0,Rabbit
42.0,ambush,81.0,99.0,11.0,18.0,1.0,Rabbit
42.0,ambush,81.0,99.0,11.0,18.0,1.0,Rabbit
42.0,ambush,79.0,95.0,11.0,23.0,0.0,Rabbit
42.0,ambush,79.0,95.0,11.0,23.0,0.0,Rabbit
42.0,ambush,81.0,99.0,11.0,18.0,1.0,Rabbit
42.0,ambush,85.0,98.0,8.0,16.0,0.0,Rabbit
42.0,ambush,81.0,99.0,11.0,18.0,1.0,Rabbit
42.0,ambush,81.0,99.0,11.0,18.0,1.0,Rabbit
42.0,ambush,86.0,96.0,5.0,21.0,1.0,Rabbit
42.0,ambush,87.0,96.0,5.0,21.0,1.0,Rabbit
42.0,ambush,81.0,99.0,11.0,18.0,1.0,Rabbit
42.0,ambush,87.0,96.0,5.0,21.0,1.0,Rabbit
42.0,ambush,81.0,99.0,11.0,18.0,0.0,Rabbit
42.0,ambush,81.0,99.0,11.0,18.0,1.0,Rabbit
42.0,ambush,76.0,100.0,11.0,18.0,1.0,Rabbit
42.0,ambush,79.0,97.0,11.0,23.0,1.0,Rabbit
42.0,ambush,81.0,99.0,11.0,18.0,1.0,Rabbit
42.0,ambush,81.0,99.0,11.0,18.0,1.0,Rabbit
42.0,ambush,81.0,99.0,11.0,18.0,0.0,Rabbit
42.0,ambush,81.0,99.0,11.0,18.0,1.0,Rabbit
42.0,ambush,81.0,99.0,11.0,18.0,1.0,Rabbit
42.0,ambush,85.0,96.0,8.0,21.0,1.0,Rabbit
42.0,ambush,88.0,99.0,8.0,15.0,1.0,Rabbit
42.0,ambush,79.0,97.0,11.0,23.0,0.0,Rabbit
42.0,ambush,79.0,97.0,11.0,23.0,1.0,Rabbit
42.0,ambush,88.0,99.0,8.0,15.0,1.0,Rabbit
42.0,ambush,91.0,99.0,8.0,15.0,1.0,Rabbit
42.0,ambush,88.0,99.0,8.0,15.0,1.0,Rabbit
42.0,ambush,87.0,99.0,5.0,19.0,1.0,Rabbit
42.0,ambush,85.0,96.0,8.0,21.0,1.0,Rabbit
42.0,ambush,88.0,99.0,5.0,19.0,1.0,Rabbit
42.0,ambush,79.0,97.0,11.0,23.0,1.0,Rabbit
42.0,ambush,85.0,96.0,8.0,21.0,0.0,Rabbit
42.0,ambush,87.0,99.0,5.0,19.0,1.0,Rabbit
42.0,ambush,79.0,97.0,11.0,23.0,1.0,Rabbit
42.0,ambush,88.0,99.0,8.0,15.0,0.0,Rabbit
42.0,ambush,79.0,97.0,11.0,23.0,1.0,Rabbit
42.0,ambush,79.0,97.0,11.0,23.0,0.0,Rabbit
42.0,ambush,85.0,98.0,6.0,21.0,1.0,Rabbit
42.0,ambush,87.0,98.0,9.0,16.0,0.0,Rabbit
42.0,ambush,81.0,97.0,11.0,23.0,0.0,Rabbit
42.0,ambush,85.0,98.0,6.0,21.0,0.0,Rabbit
42.0,ambush,79.0,97.0,11.0,23.0,1.0,Rabbit
42.0,ambush,85.0,98.0,8.0,16.0,0.0,Rabbit
42.0,ambush,88.0,99.0,8.0,15.0,0.0,Rabbit
42.0,ambush,87.0,99.0,5.0,19.0,0.0,Rabbit
42.0,ambush,87.0,97.0,6.0,25.0,1.0,Rabbit
42.0,ambush,79.0,97.0,11.0,23.0,0.0,Rabbit
42.0,ambush,87.0,97.0,6.0,21.0,1.0,Rabbit
42.0,ambush,87.0,99.0,5.0,19.0,0.0,Rabbit
42.0,ambush,85.0,97.0,6.0,19.0,1.0,Rabbit
42.0,ambush,87.0,97.0,6.0,21.0,1.0,Rabbit
42.0,ambush,87.0,95.0,8.0,21.0,1.0,Rabbit
42.0,ambush,87.0,97.0,6.0,21.0,1.0,Rabbit
42.0,ambush,84.0,99.0,9.0,19.0,0.0,Rabbit
42.0,ambush,87.0,97.0,6.0,21.0,1.0,Rabbit
42.0,ambush,87.0,97.0,6.0,21.0,1.0,Rabbit
42.0,ambush,84.0,99.0,9.0,19.0,0.0,Rabbit
42.0,ambush,87.0,95.0,8.0,21.0,1.0,Rabbit
42.0,ambush,84.0,99.0,9.0,19.0,1.0,Rabbit
42.0,ambush,85.0,98.0,8.0,21.0,1.0,Rabbit
42.0,ambush,87.0,95.0,8.0,21.0,0.0,Rabbit
42.0,ambush,87.0,96.0,8.0,21.0,0.0,Rabbit
42.0,ambush,85.0,98.0,8.0,21.0,1.0,Rabbit
42.0,ambush,84.0,99.0,9.0,19.0,0.0,Rabbit
42.0,ambush,85.0,98.0,8.0,21.0,1.0,Rabbit
42.0,ambush,85.0,98.0,8.0,21.0,0.0,Rabbit
42.0,ambush,85.0,98.0,8.0,21.0,1.0,Rabbit
42.0,ambush,85.0,98.0,8.0,21.0,1.0,Rabbit
42.0,ambush,85.0,98.0,8.0,21.0,1.0,Rabbit
42.0,ambush,85.0,98.0,8.0,21.0,1.0,Rabbit
42.0,ambush,87.0,96.0,8.0,21.0,1.0,Rabbit
42.0,ambush,85.0,98.0,4.0,21.0,0.0,Rabbit
42.0,ambush,87.0,96.0,8.0,21.0,1.0,Rabbit
42.0,ambush,85.0,98.0,8.0,21.0,0.0,Rabbit
42.0,ambush,85.0,98.0,8.0,21.0,1.0,Rabbit
42.0,ambush,87.0,96.0,8.0,21.0,1.0,Rabbit
42.0,ambush,87.0,96.0,8.0,21.0,0.0,Rabbit
42.0,ambush,85.0,98.0,8.0,21.0,1.0,Rabbit
42.0,ambush,87.0,96.0,8.0,21.0,1.0,Rabbit
42.0,ambush,87.0,91.0,13.0,21.0,1.0,Rabbit
42.0,ambush,85.0,98.0,8.0,21.0,1.0,Rabbit
42.0,ambush,85.0,98.0,8.0,21.0,0.0,Rabbit
42.0,ambush,86.0,98.0,6.0,21.0,1.0,Rabbit
42.0,ambush,87.0,91.0,13.0,21.0,0.0,Rabbit
42.0,ambush,85.0,98.0,8.0,21.0,1.0,Rabbit
42.0,ambush,87.0,96.0,8.0,21.0,1.0,Rabbit
42.0,ambush,87.0,96.0,8.0,21.0,0.0,Rabbit
42.0,ambush,85.0,98.0,8.0,21.0,0.0,Rabbit
42.0,ambush,85.0,95.0,8.0,21.0,1.0,Rabbit
42.0,ambush,85.0,98.0,8.0,21.0,1.0,Rabbit
42.0,ambush,85.0,98.0,2.0,24.0,1.0,Rabbit
42.0,ambush,87.0,96.0,8.0,21.0,1.0,Rabbit
42.0,ambush,87.0,96.0,8.0,21.0,0.0,Rabbit
42.0,ambush,87.0,96.0,8.0,21.0,0.0,Rabbit
42.0,ambush,87.0,96.0,8.0,21.0,1.0,Rabbit
42.0,ambush,87.0,96.0,8.0,21.0,0.0,Rabbit
42.0,ambush,87.0,96.0,8.0,21.0,0.0,Rabbit
42.0,ambush,87.0,96.0,8.0,21.0,0.0,Rabbit
42.0,ambush,84.0,97.0,8.0,23.0,0.0,Rabbit
42.0,ambush,87.0,96.0,8.0,21.0,1.0,Rabbit
42.0,ambush,87.0,96.0,8.0,21.0,0.0,Rabbit
42.0,ambush,87.0,96.0,8.0,21.0,0.0,Rabbit
42.0,ambush,87.0,96.0,8.0,21.0,0.0,Rabbit
43.0,ambush,85.0,100.0,7.0,12.0,1.0,Rabbit
43.0,ambush,85.0,100.0,7.0,12.0,1.0,Rabbit
43.0,ambush,87.0,88.0,13.0,17.0,1.0,Rabbit
43.0,ambush,85.0,100.0,7.0,12.0,1.0,Rabbit
43.0,ambush,87.0,88.0,13.0,17.0,1.0,Rabbit
43.0,ambush,87.0,88.0,13.0,17.0,1.0,Rabbit
43.0,ambush,76.0,100.0,11.0,18.0,1.0,Rabbit
43.0,ambush,87.0,88.0,13.0,17.0,0.0,Rabbit
43.0,ambush,87.0,88.0,13.0,17.0,1.0,Rabbit
43.0,ambush,87.0,88.0,13.0,17.0,1.0,Rabbit
43.0,ambush,87.0,88.0,13.0,17.0,0.0,Rabbit
43.0,ambush,85.0,98.0,8.0,16.0,1.0,Rabbit
43.0,ambush,87.0,88.0,13.0,17.0,1.0,Rabbit
43.0,ambush,85.0,100.0,7.0,12.0,0.0,Rabbit
43.0,ambush,85.0,100.0,6.0,14.0,1.0,Rabbit
43.0,ambush,85.0,98.0,8.0,16.0,0.0,Rabbit
43.0,ambush,85.0,98.0,8.0,16.0,1.0,Rabbit
43.0,ambush,85.0,97.0,6.0,19.0,1.0,Rabbit
43.0,ambush,85.0,98.0,8.0,16.0,0.0,Rabbit
43.0,ambush,85.0,98.0,8.0,16.0,0.0,Rabbit
43.0,ambush,86.0,96.0,5.0,21.0,1.0,Rabbit
43.0,ambush,81.0,99.0,11.0,18.0,0.0,Rabbit
43.0,ambush,81.0,99.0,11.0,18.0,1.0,Rabbit
43.0,ambush,81.0,99.0,11.0,18.0,0.0,Rabbit
43.0,ambush,81.0,99.0,11.0,18.0,0.0,Rabbit
43.0,ambush,81.0,99.0,11.0,18.0,0.0,Rabbit
43.0,ambush,81.0,99.0,11.0,18.0,0.0,Rabbit
43.0,ambush,76.0,100.0,11.0,18.0,0.0,Rabbit
43.0,ambush,81.0,99.0,11.0,18.0,0.0,Rabbit
43.0,ambush,81.0,99.0,11.0,18.0,1.0,Rabbit
43.0,ambush,81.0,99.0,11.0,18.0,1.0,Rabbit
43.0,ambush,81.0,99.0,11.0,18.0,1.0,Rabbit
43.0,ambush,81.0,99.0,11.0,18.0,0.0,Rabbit
43.0,ambush,87.0,88.0,13.0,17.0,0.0,Rabbit
43.0,ambush,85.0,98.0,2.0,24.0,1.0,Rabbit
43.0,ambush,85.0,95.0,8.0,21.0,1.0,Rabbit
43.0,ambush,85.0,98.0,2.0,24.0,1.0,Rabbit
43.0,ambush,85.0,95.0,8.0,21.0,1.0,Rabbit
43.0,ambush,87.0,88.0,13.0,19.0,0.0,Rabbit
43.0,ambush,81.0,99.0,11.0,18.0,1.0,Rabbit
43.0,ambush,87.0,96.0,5.0,21.0,1.0,Rabbit
43.0,ambush,85.0,95.0,8.0,21.0,1.0,Rabbit
43.0,ambush,81.0,99.0,11.0,18.0,1.0,Rabbit
43.0,ambush,87.0,88.0,13.0,14.0,0.0,Rabbit
43.0,ambush,87.0,96.0,5.0,21.0,0.0,Rabbit
43.0,ambush,87.0,96.0,5.0,21.0,1.0,Rabbit
43.0,ambush,81.0,99.0,11.0,18.0,1.0,Rabbit
43.0,ambush,85.0,98.0,8.0,16.0,0.0,Rabbit
43.0,ambush,87.0,99.0,5.0,19.0,1.0,Rabbit
43.0,ambush,87.0,99.0,5.0,19.0,1.0,Rabbit
43.0,ambush,81.0,99.0,11.0,18.0,0.0,Rabbit
43.0,ambush,87.0,96.0,5.0,21.0,1.0,Rabbit
43.0,ambush,87.0,96.0,5.0,21.0,0.0,Rabbit
43.0,ambush,79.0,97.0,11.0,23.0,1.0,Rabbit
43.0,ambush,79.0,97.0,11.0,23.0,1.0,Rabbit
43.0,ambush,85.0,96.0,8.0,21.0,1.0,Rabbit
43.0,ambush,79.0,97.0,11.0,23.0,1.0,Rabbit
43.0,ambush,79.0,97.0,11.0,23.0,1.0,Rabbit
43.0,ambush,79.0,97.0,11.0,23.0,1.0,Rabbit
43.0,ambush,85.0,96.0,8.0,21.0,1.0,Rabbit
43.0,ambush,79.0,97.0,11.0,23.0,0.0,Rabbit
43.0,ambush,79.0,97.0,11.0,23.0,0.0,Rabbit
43.0,ambush,85.0,98.0,6.0,21.0,1.0,Rabbit
43.0,ambush,85.0,98.0,4.0,21.0,0.0,Rabbit
43.0,ambush,85.0,98.0,6.0,21.0,0.0,Rabbit
43.0,ambush,87.0,99.0,5.0,19.0,0.0,Rabbit
43.0,ambush,88.0,99.0,8.0,15.0,0.0,Rabbit
43.0,ambush,81.0,99.0,11.0,18.0,0.0,Rabbit
43.0,ambush,85.0,98.0,2.0,24.0,0.0,Rabbit
43.0,ambush,85.0,96.0,8.0,21.0,1.0,Rabbit
43.0,ambush,88.0,99.0,8.0,15.0,0.0,Rabbit
43.0,ambush,88.0,99.0,8.0,15.0,0.0,Rabbit
43.0,ambush,79.0,97.0,11.0,23.0,1.0,Rabbit
43.0,ambush,79.0,97.0,11.0,23.0,1.0,Rabbit
43.0,ambush,87.0,99.0,5.0,19.0,0.0,Rabbit
43.0,ambush,88.0,99.0,8.0,15.0,1.0,Rabbit
43.0,ambush,88.0,99.0,8.0,15.0,0.0,Rabbit
43.0,ambush,87.0,97.0,6.0,21.0,1.0,Rabbit
43.0,ambush,87.0,97.0,6.0,21.0,0.0,Rabbit
43.0,ambush,87.0,97.0,6.0,21.0,1.0,Rabbit
43.0,ambush,79.0,97.0,11.0,23.0,0.0,Rabbit
43.0,ambush,87.0,97.0,6.0,21.0,0.0,Rabbit
43.0,ambush,86.0,98.0,6.0,21.0,1.0,Rabbit
43.0,ambush,87.0,97.0,6.0,21.0,1.0,Rabbit
43.0,ambush,87.0,97.0,6.0,21.0,0.0,Rabbit
43.0,ambush,86.0,98.0,6.0,21.0,1.0,Rabbit
43.0,ambush,84.0,99.0,9.0,19.0,0.0,Rabbit
43.0,ambush,87.0,97.0,6.0,21.0,1.0,Rabbit
43.0,ambush,87.0,96.0,5.0,21.0,0.0,Rabbit
43.0,ambush,88.0,99.0,5.0,19.0,1.0,Rabbit
43.0,ambush,88.0,99.0,5.0,19.0,1.0,Rabbit
43.0,ambush,84.0,99.0,9.0,19.0,1.0,Rabbit
43.0,ambush,88.0,99.0,5.0,19.0,0.0,Rabbit
43.0,ambush,87.0,97.0,6.0,21.0,0.0,Rabbit
43.0,ambush,87.0,95.0,8.0,21.0,1.0,Rabbit
43.0,ambush,87.0,95.0,8.0,21.0,1.0,Rabbit
43.0,ambush,87.0,97.0,6.0,21.0,0.0,Rabbit
43.0,ambush,87.0,95.0,8.0,21.0,1.0,Rabbit
43.0,ambush,87.0,95.0,8.0,21.0,1.0,Rabbit
43.0,ambush,88.0,99.0,8.0,15.0,0.0,Rabbit
43.0,ambush,87.0,95.0,8.0,21.0,1.0,Rabbit
43.0,ambush,87.0,97.0,6.0,21.0,1.0,Rabbit
43.0,ambush,87.0,97.0,6.0,21.0,1.0,Rabbit
43.0,ambush,87.0,97.0,6.0,21.0,1.0,Rabbit
43.0,ambush,87.0,96.0,8.0,21.0,1.0,Rabbit
43.0,ambush,85.0,98.0,8.0,21.0,1.0,Rabbit
43.0,ambush,85.0,96.0,8.0,21.0,0.0,Rabbit
43.0,ambush,87.0,97.0,6.0,21.0,0.0,Rabbit
43.0,ambush,87.0,92.0,8.0,21.0,0.0,Rabbit
43.0,ambush,87.0,96.0,8.0,21.0,0.0,Rabbit
43.0,ambush,87.0,96.0,8.0,21.0,0.0,Rabbit
43.0,ambush,85.0,98.0,8.0,21.0,0.0,Rabbit
43.0,ambush,85.0,98.0,8.0,21.0,1.0,Rabbit
43.0,ambush,87.0,96.0,8.0,21.0,1.0,Rabbit
43.0,ambush,87.0,96.0,8.0,21.0,0.0,Rabbit
43.0,ambush,87.0,96.0,8.0,21.0,1.0,Rabbit
43.0,ambush,87.0,96.0,8.0,21.0,1.0,Rabbit
43.0,ambush,85.0,98.0,8.0,21.0,1.0,Rabbit
43.0,ambush,85.0,98.0,8.0,21.0,1.0,Rabbit
43.0,ambush,86.0,98.0,6.0,21.0,0.0,Rabbit
43.0,ambush,87.0,96.0,8.0,21.0,1.0,Rabbit
43.0,ambush,84.0,99.0,9.0,19.0,0.0,Rabbit
43.0,ambush,85.0,98.0,8.0,21.0,0.0,Rabbit
43.0,ambush,87.0,97.0,6.0,21.0,0.0,Rabbit
44.0,ambush,87.0,88.0,13.0,17.0,1.0,Rabbit
44.0,ambush,87.0,88.0,13.0,17.0,1.0,Rabbit
44.0,ambush,85.0,100.0,9.0,12.0,1.0,Rabbit
44.0,ambush,87.0,88.0,13.0,17.0,1.0,Rabbit
44.0,ambush,85.0,100.0,7.0,12.0,0.0,Rabbit
44.0,ambush,85.0,100.0,7.0,12.0,0.0,Rabbit
44.0,ambush,87.0,88.0,14.0,17.0,0.0,Rabbit
44.0,ambush,87.0,88.0,13.0,17.0,1.0,Rabbit
44.0,ambush,87.0,88.0,13.0,17.0,1.0,Rabbit
44.0,ambush,87.0,88.0,13.0,15.0,1.0,Rabbit
44.0,ambush,87.0,88.0,13.0,17.0,0.0,Rabbit
44.0,ambush,76.0,100.0,11.0,18.0,1.0,Rabbit
44.0,ambush,87.0,88.0,13.0,17.0,0.0,Rabbit
44.0,ambush,76.0,100.0,11.0,18.0,1.0,Rabbit
44.0,ambush,87.0,88.0,13.0,17.0,1.0,Rabbit
44.0,ambush,76.0,100.0,11.0,18.0,0.0,Rabbit
44.0,ambush,87.0,88.0,13.0,17.0,1.0,Rabbit
44.0,ambush,85.0,100.0,6.0,14.0,1.0,Rabbit
44.0,ambush,87.0,88.0,13.0,17.0,0.0,Rabbit
44.0,ambush,85.0,100.0,7.0,12.0,0.0,Rabbit
44.0,ambush,85.0,100.0,6.0,14.0,1.0,Rabbit
44.0,ambush,85.0,97.0,6.0,19.0,1.0,Rabbit
44.0,ambush,85.0,100.0,6.0,14.0,1.0,Rabbit
44.0,ambush,85.0,100.0,7.0,12.0,0.0,Rabbit
44.0,ambush,85.0,98.0,8.0,16.0,1.0,Rabbit
44.0,ambush,85.0,98.0,8.0,16.0,0.0,Rabbit
44.0,ambush,85.0,97.0,6.0,19.0,0.0,Rabbit
44.0,ambush,85.0,98.0,8.0,16.0,0.0,Rabbit
44.0,ambush,81.0,99.0,11.0,18.0,1.0,Rabbit
44.0,ambush,87.0,96.0,5.0,21.0,1.0,Rabbit
44.0,ambush,81.0,99.0,11.0,18.0,1.0,Rabbit
44.0,ambush,86.0,96.0,5.0,21.0,0.0,Rabbit
44.0,ambush,81.0,99.0,11.0,18.0,0.0,Rabbit
44.0,ambush,87.0,88.0,13.0,17.0,0.0,Rabbit
44.0,ambush,81.0,99.0,11.0,18.0,0.0,Rabbit
44.0,ambush,87.0,99.0,6.0,21.0,1.0,Rabbit
44.0,ambush,85.0,95.0,8.0,21.0,1.0,Rabbit
44.0,ambush,87.0,96.0,5.0,21.0,0.0,Rabbit
44.0,ambush,81.0,99.0,11.0,18.0,0.0,Rabbit
44.0,ambush,87.0,88.0,13.0,17.0,0.0,Rabbit
44.0,ambush,85.0,98.0,2.0,24.0,0.0,Rabbit
44.0,ambush,85.0,98.0,2.0,24.0,1.0,Rabbit
44.0,ambush,81.0,99.0,11.0,18.0,0.0,Rabbit
44.0,ambush,81.0,99.0,11.0,22.0,0.0,Rabbit
44.0,ambush,81.0,99.0,11.0,18.0,0.0,Rabbit
44.0,ambush,81.0,99.0,11.0,18.0,0.0,Rabbit
44.0,ambush,81.0,99.0,11.0,18.0,0.0,Rabbit
44.0,ambush,81.0,99.0,11.0,18.0,0.0,Rabbit
44.0,ambush,81.0,99.0,11.0,18.0,1.0,Rabbit
44.0,ambush,81.0,99.0,11.0,18.0,1.0,Rabbit
44.0,ambush,81.0,99.0,11.0,18.0,0.0,Rabbit
44.0,ambush,85.0,95.0,8.0,21.0,0.0,Rabbit
44.0,ambush,87.0,96.0,5.0,21.0,0.0,Rabbit
44.0,ambush,85.0,98.0,2.0,24.0,1.0,Rabbit
44.0,ambush,85.0,98.0,2.0,24.0,1.0,Rabbit
44.0,ambush,87.0,100.0,5.0,25.0,1.0,Rabbit
44.0,ambush,85.0,95.0,8.0,21.0,1.0,Rabbit
44.0,ambush,85.0,98.0,2.0,24.0,0.0,Rabbit
44.0,ambush,85.0,98.0,6.0,21.0,1.0,Rabbit
44.0,ambush,85.0,98.0,6.0,21.0,1.0,Rabbit
44.0,ambush,79.0,97.0,11.0,23.0,1.0,Rabbit
44.0,ambush,79.0,97.0,11.0,23.0,1.0,Rabbit
44.0,ambush,85.0,95.0,8.0,17.0,0.0,Rabbit
44.0,ambush,85.0,98.0,6.0,21.0,0.0,Rabbit
44.0,ambush,86.0,96.0,5.0,21.0,0.0,Rabbit
44.0,ambush,81.0,99.0,11.0,18.0,0.0,Rabbit
44.0,ambush,85.0,96.0,8.0,21.0,0.0,Rabbit
44.0,ambush,87.0,99.0,5.0,19.0,1.0,Rabbit
44.0,ambush,85.0,96.0,8.0,21.0,0.0,Rabbit
44.0,ambush,87.0,88.0,13.0,17.0,0.0,Rabbit
44.0,ambush,88.0,99.0,8.0,15.0,1.0,Rabbit
44.0,ambush,85.0,95.0,8.0,21.0,0.0,Rabbit
44.0,ambush,88.0,99.0,8.0,15.0,0.0,Rabbit
44.0,ambush,79.0,97.0,11.0,23.0,0.0,Rabbit
44.0,ambush,79.0,97.0,11.0,23.0,1.0,Rabbit
44.0,ambush,79.0,97.0,11.0,23.0,1.0,Rabbit
44.0,ambush,79.0,97.0,11.0,23.0,1.0,Rabbit
44.0,ambush,79.0,97.0,11.0,23.0,1.0,Rabbit
44.0,ambush,79.0,97.0,11.0,23.0,1.0,Rabbit
44.0,ambush,87.0,99.0,5.0,19.0,1.0,Rabbit
44.0,ambush,87.0,99.0,5.0,19.0,1.0,Rabbit
44.0,ambush,85.0,96.0,8.0,21.0,1.0,Rabbit
44.0,ambush,79.0,97.0,11.0,23.0,0.0,Rabbit
44.0,ambush,87.0,97.0,6.0,21.0,1.0,Rabbit
44.0,ambush,87.0,95.0,8.0,21.0,1.0,Rabbit
44.0,ambush,86.0,98.0,6.0,21.0,1.0,Rabbit
44.0,ambush,86.0,98.0,6.0,21.0,1.0,Rabbit
44.0,ambush,87.0,97.0,6.0,21.0,0.0,Rabbit
44.0,ambush,87.0,99.0,5.0,19.0,0.0,Rabbit
44.0,ambush,87.0,95.0,8.0,21.0,1.0,Rabbit
44.0,ambush,87.0,95.0,8.0,21.0,1.0,Rabbit
44.0,ambush,86.0,98.0,6.0,21.0,0.0,Rabbit
44.0,ambush,87.0,95.0,8.0,21.0,1.0,Rabbit
44.0,ambush,87.0,97.0,6.0,21.0,1.0,Rabbit
44.0,ambush,87.0,97.0,6.0,21.0,1.0,Rabbit
44.0,ambush,87.0,97.0,6.0,21.0,1.0,Rabbit
44.0,ambush,87.0,97.0,6.0,21.0,1.0,Rabbit
44.0,ambush,87.0,97.0,6.0,21.0,1.0,Rabbit
44.0,ambush,87.0,97.0,6.0,21.0,1.0,Rabbit
44.0,ambush,88.0,99.0,5.0,19.0,1.0,Rabbit
44.0,ambush,88.0,99.0,5.0,19.0,1.0,Rabbit
44.0,ambush,79.0,97.0,11.0,23.0,0.0,Rabbit
44.0,ambush,88.0,99.0,5.0,19.0,0.0,Rabbit
44.0,ambush,87.0,97.0,6.0,21.0,1.0,Rabbit
44.0,ambush,87.0,97.0,6.0,21.0,0.0,Rabbit
44.0,ambush,87.0,95.0,8.0,21.0,1.0,Rabbit
44.0,ambush,87.0,95.0,8.0,21.0,1.0,Rabbit
44.0,ambush,87.0,97.0,6.0,21.0,1.0,Rabbit
44.0,ambush,88.0,99.0,5.0,19.0,1.0,Rabbit
44.0,ambush,87.0,95.0,8.0,21.0,1.0,Rabbit
44.0,ambush,79.0,97.0,11.0,23.0,0.0,Rabbit
44.0,ambush,87.0,95.0,8.0,21.0,1.0,Rabbit
44.0,ambush,88.0,99.0,5.0,19.0,1.0,Rabbit
44.0,ambush,79.0,97.0,11.0,23.0,0.0,Rabbit
44.0,ambush,87.0,97.0,6.0,21.0,1.0,Rabbit
44.0,ambush,87.0,95.0,8.0,21.0,0.0,Rabbit
44.0,ambush,87.0,97.0,6.0,21.0,1.0,Rabbit
44.0,ambush,87.0,95.0,8.0,21.0,0.0,Rabbit
44.0,ambush,86.0,98.0,6.0,21.0,1.0,Rabbit
44.0,ambush,86.0,98.0,6.0,21.0,1.0,Rabbit
44.0,ambush,87.0,97.0,6.0,21.0,1.0,Rabbit
44.0,ambush,88.0,99.0,8.0,15.0,0.0,Rabbit
44.0,ambush,84.0,99.0,9.0,19.0,0.0,Rabbit
44.0,ambush,79.0,97.0,11.0,23.0,0.0,Rabbit
45.0,ambush,87.0,88.0,13.0,15.0,1.0,Rabbit
45.0,ambush,87.0,88.0,13.0,17.0,1.0,Rabbit
45.0,ambush,87.0,88.0,13.0,17.0,1.0,Rabbit
45.0,ambush,87.0,88.0,13.0,17.0,1.0,Rabbit
45.0,ambush,87.0,88.0,13.0,15.0,1.0,Rabbit
45.0,ambush,87.0,88.0,13.0,15.0,0.0,Rabbit
45.0,ambush,87.0,88.0,13.0,17.0,0.0,Rabbit
45.0,ambush,87.0,88.0,13.0,17.0,0.0,Rabbit
45.0,ambush,85.0,100.0,6.0,14.0,1.0,Rabbit
45.0,ambush,87.0,88.0,13.0,17.0,1.0,Rabbit
45.0,ambush,85.0,100.0,6.0,14.0,1.0,Rabbit
45.0,ambush,87.0,88.0,13.0,17.0,1.0,Rabbit
45.0,ambush,76.0,100.0,11.0,18.0,1.0,Rabbit
45.0,ambush,76.0,100.0,11.0,18.0,1.0,Rabbit
45.0,ambush,87.0,88.0,13.0,17.0,1.0,Rabbit
45.0,ambush,76.0,100.0,11.0,18.0,1.0,Rabbit
45.0,ambush,87.0,88.0,13.0,17.0,0.0,Rabbit
45.0,ambush,85.0,100.0,6.0,14.0,1.0,Rabbit
45.0,ambush,87.0,88.0,13.0,17.0,0.0,Rabbit
45.0,ambush,85.0,100.0,6.0,14.0,0.0,Rabbit
45.0,ambush,87.0,88.0,13.0,17.0,1.0,Rabbit
45.0,ambush,87.0,88.0,13.0,17.0,0.0,Rabbit
45.0,ambush,76.0,100.0,11.0,18.0,1.0,Rabbit
45.0,ambush,85.0,100.0,9.0,12.0,1.0,Rabbit
45.0,ambush,87.0,88.0,13.0,17.0,1.0,Rabbit
45.0,ambush,85.0,98.0,8.0,16.0,1.0,Rabbit
45.0,ambush,85.0,98.0,2.0,24.0,1.0,Rabbit
45.0,ambush,85.0,97.0,6.0,19.0,1.0,Rabbit
45.0,ambush,85.0,95.0,8.0,21.0,1.0,Rabbit
45.0,ambush,85.0,100.0,6.0,12.0,0.0,Rabbit
45.0,ambush,85.0,97.0,6.0,19.0,0.0,Rabbit
45.0,ambush,85.0,95.0,8.0,21.0,1.0,Rabbit
45.0,ambush,85.0,100.0,6.0,14.0,0.0,Rabbit
45.0,ambush,81.0,99.0,11.0,18.0,1.0,Rabbit
45.0,ambush,85.0,95.0,8.0,21.0,0.0,Rabbit
45.0,ambush,84.0,95.0,6.0,21.0,0.0,Rabbit
45.0,ambush,85.0,95.0,8.0,21.0,1.0,Rabbit
45.0,ambush,85.0,98.0,2.0,24.0,1.0,Rabbit
45.0,ambush,81.0,99.0,11.0,18.0,1.0,Rabbit
45.0,ambush,85.0,95.0,8.0,21.0,1.0,Rabbit
45.0,ambush,81.0,99.0,11.0,18.0,1.0,Rabbit
45.0,ambush,81.0,99.0,11.0,18.0,0.0,Rabbit
45.0,ambush,81.0,99.0,11.0,18.0,1.0,Rabbit
45.0,ambush,81.0,99.0,11.0,18.0,1.0,Rabbit
45.0,ambush,85.0,98.0,2.0,24.0,0.0,Rabbit
45.0,ambush,85.0,98.0,2.0,24.0,0.0,Rabbit
45.0,ambush,81.0,99.0,11.0,18.0,1.0,Rabbit
45.0,ambush,85.0,98.0,2.0,24.0,1.0,Rabbit
45.0,ambush,87.0,88.0,13.0,17.0,0.0,Rabbit
45.0,ambush,85.0,96.0,8.0,21.0,1.0,Rabbit
45.0,ambush,88.0,99.0,8.0,15.0,1.0,Rabbit
45.0,ambush,85.0,98.0,2.0,24.0,1.0,Rabbit
45.0,ambush,87.0,96.0,5.0,21.0,0.0,Rabbit
45.0,ambush,87.0,96.0,5.0,21.0,0.0,Rabbit
45.0,ambush,79.0,97.0,11.0,23.0,1.0,Rabbit
45.0,ambush,79.0,97.0,11.0,23.0,1.0,Rabbit
45.0,ambush,79.0,97.0,11.0,23.0,1.0,Rabbit
45.0,ambush,87.0,88.0,13.0,17.0,0.0,Rabbit
45.0,ambush,79.0,97.0,11.0,23.0,1.0,Rabbit
45.0,ambush,79.0,97.0,11.0,23.0,1.0,Rabbit
45.0,ambush,79.0,97.0,11.0,23.0,1.0,Rabbit
45.0,ambush,85.0,98.0,2.0,24.0,0.0,Rabbit
45.0,ambush,87.0,99.0,5.0,19.0,1.0,Rabbit
45.0,ambush,79.0,97.0,11.0,23.0,1.0,Rabbit
45.0,ambush,79.0,97.0,11.0,23.0,1.0,Rabbit
45.0,ambush,79.0,97.0,11.0,23.0,1.0,Rabbit
45.0,ambush,87.0,99.0,5.0,19.0,0.0,Rabbit
45.0,ambush,87.0,99.0,5.0,19.0,1.0,Rabbit
45.0,ambush,85.0,98.0,6.0,21.0,1.0,Rabbit
45.0,ambush,87.0,96.0,5.0,21.0,1.0,Rabbit
45.0,ambush,87.0,99.0,5.0,19.0,1.0,Rabbit
45.0,ambush,79.0,97.0,11.0,23.0,1.0,Rabbit
45.0,ambush,79.0,97.0,11.0,23.0,1.0,Rabbit
45.0,ambush,79.0,97.0,11.0,23.0,0.0,Rabbit
45.0,ambush,85.0,98.0,6.0,21.0,1.0,Rabbit
45.0,ambush,87.0,99.0,5.0,19.0,0.0,Rabbit
45.0,ambush,79.0,97.0,11.0,23.0,0.0,Rabbit
45.0,ambush,85.0,98.0,6.0,21.0,1.0,Rabbit
45.0,ambush,87.0,99.0,5.0,19.0,1.0,Rabbit
45.0,ambush,85.0,98.0,6.0,21.0,1.0,Rabbit
45.0,ambush,87.0,99.0,5.0,19.0,1.0,Rabbit
45.0,ambush,87.0,97.0,6.0,21.0,1.0,Rabbit
45.0,ambush,86.0,98.0,6.0,21.0,1.0,Rabbit
45.0,ambush,79.0,97.0,11.0,23.0,0.0,Rabbit
45.0,ambush,88.0,99.0,5.0,19.0,1.0,Rabbit
45.0,ambush,87.0,95.0,8.0,21.0,0.0,Rabbit
45.0,ambush,88.0,99.0,5.0,19.0,1.0,Rabbit
45.0,ambush,87.0,95.0,8.0,21.0,0.0,Rabbit
45.0,ambush,87.0,97.0,6.0,21.0,1.0,Rabbit
45.0,ambush,88.0,99.0,5.0,19.0,1.0,Rabbit
45.0,ambush,87.0,97.0,6.0,21.0,1.0,Rabbit
45.0,ambush,87.0,97.0,6.0,21.0,1.0,Rabbit
45.0,ambush,87.0,97.0,6.0,21.0,1.0,Rabbit
45.0,ambush,87.0,97.0,6.0,21.0,1.0,Rabbit
45.0,ambush,88.0,99.0,5.0,19.0,1.0,Rabbit
45.0,ambush,88.0,99.0,5.0,19.0,1.0,Rabbit
45.0,ambush,87.0,97.0,6.0,21.0,1.0,Rabbit
45.0,ambush,87.0,97.0,6.0,21.0,0.0,Rabbit
45.0,ambush,87.0,97.0,6.0,21.0,1.0,Rabbit
45.0,ambush,87.0,97.0,6.0,21.0,1.0,Rabbit
45.0,ambush,87.0,97.0,6.0,21.0,0.0,Rabbit
45.0,ambush,86.0,98.0,6.0,21.0,1.0,Rabbit
45.0,ambush,87.0,97.0,6.0,21.0,1.0,Rabbit
45.0,ambush,87.0,95.0,6.0,21.0,1.0,Rabbit
45.0,ambush,87.0,97.0,6.0,21.0,0.0,Rabbit
45.0,ambush,87.0,97.0,6.0,21.0,0.0,Rabbit
45.0,ambush,87.0,97.0,6.0,21.0,0.0,Rabbit
45.0,ambush,87.0,97.0,6.0,21.0,1.0,Rabbit
45.0,ambush,87.0,95.0,8.0,21.0,1.0,Rabbit
45.0,ambush,79.0,97.0,11.0,23.0,0.0,Rabbit
45.0,ambush,87.0,97.0,6.0,21.0,1.0,Rabbit
45.0,ambush,87.0,97.0,6.0,21.0,1.0,Rabbit
45.0,ambush,86.0,98.0,6.0,21.0,1.0,Rabbit
45.0,ambush,87.0,95.0,8.0,21.0,0.0,Rabbit
45.0,ambush,86.0,98.0,6.0,21.0,1.0,Rabbit
45.0,ambush,86.0,98.0,6.0,21.0,1.0,Rabbit
45.0,ambush,87.0,95.0,8.0,21.0,0.0,Rabbit
45.0,ambush,88.0,99.0,5.0,19.0,1.0,Rabbit
45.0,ambush,87.0,95.0,8.0,21.0,0.0,Rabbit
45.0,ambush,87.0,99.0,5.0,19.0,0.0,Rabbit
45.0,ambush,87.0,97.0,6.0,21.0,1.0,Rabbit
46.0,ambush,87.0,88.0,13.0,17.0,1.0,Rabbit
46.0,ambush,87.0,88.0,13.0,17.0,1.0,Rabbit
46.0,ambush,87.0,88.0,13.0,17.0,1.0,Rabbit
46.0,ambush,87.0,88.0,13.0,17.0,0.0,Rabbit
46.0,ambush,87.0,88.0,13.0,17.0,0.0,Rabbit
46.0,ambush,87.0,88.0,13.0,17.0,0.0,Rabbit
46.0,ambush,76.0,100.0,11.0,18.0,1.0,Rabbit
46.0,ambush,87.0,88.0,13.0,17.0,1.0,Rabbit
46.0,ambush,76.0,100.0,11.0,18.0,1.0,Rabbit
46.0,ambush,87.0,88.0,13.0,15.0,1.0,Rabbit
46.0,ambush,87.0,88.0,13.0,17.0,1.0,Rabbit
46.0,ambush,76.0,100.0,11.0,18.0,1.0,Rabbit
46.0,ambush,76.0,100.0,11.0,18.0,1.0,Rabbit
46.0,ambush,76.0,100.0,11.0,18.0,1.0,Rabbit
46.0,ambush,87.0,88.0,13.0,17.0,1.0,Rabbit
46.0,ambush,76.0,100.0,11.0,18.0,0.0,Rabbit
46.0,ambush,76.0,100.0,11.0,18.0,0.0,Rabbit
46.0,ambush,87.0,88.0,13.0,17.0,1.0,Rabbit
46.0,ambush,76.0,100.0,11.0,18.0,1.0,Rabbit
46.0,ambush,87.0,88.0,13.0,17.0,1.0,Rabbit
46.0,ambush,87.0,88.0,13.0,17.0,1.0,Rabbit
46.0,ambush,87.0,88.0,13.0,17.0,1.0,Rabbit
46.0,ambush,87.0,88.0,13.0,17.0,1.0,Rabbit
46.0,ambush,85.0,100.0,6.0,14.0,1.0,Rabbit
46.0,ambush,87.0,88.0,13.0,17.0,1.0,Rabbit
46.0,ambush,85.0,100.0,6.0,14.0,1.0,Rabbit
46.0,ambush,76.0,100.0,11.0,18.0,1.0,Rabbit
46.0,ambush,87.0,88.0,13.0,17.0,0.0,Rabbit
46.0,ambush,85.0,100.0,6.0,14.0,1.0,Rabbit
46.0,ambush,87.0,88.0,13.0,17.0,0.0,Rabbit
46.0,ambush,85.0,100.0,6.0,14.0,1.0,Rabbit
46.0,ambush,85.0,100.0,6.0,14.0,1.0,Rabbit
46.0,ambush,85.0,100.0,6.0,14.0,0.0,Rabbit
46.0,ambush,87.0,88.0,13.0,17.0,0.0,Rabbit
46.0,ambush,85.0,100.0,9.0,12.0,1.0,Rabbit
46.0,ambush,85.0,97.0,6.0,19.0,1.0,Rabbit
46.0,ambush,83.0,97.0,6.0,19.0,1.0,Rabbit
46.0,ambush,85.0,97.0,6.0,19.0,1.0,Rabbit
46.0,ambush,85.0,100.0,6.0,14.0,1.0,Rabbit
46.0,ambush,85.0,100.0,9.0,12.0,0.0,Rabbit
46.0,ambush,85.0,100.0,9.0,12.0,0.0,Rabbit
46.0,ambush,81.0,99.0,11.0,18.0,1.0,Rabbit
46.0,ambush,85.0,98.0,8.0,16.0,1.0,Rabbit
46.0,ambush,87.0,88.0,13.0,15.0,0.0,Rabbit
46.0,ambush,85.0,98.0,2.0,24.0,1.0,Rabbit
46.0,ambush,85.0,98.0,2.0,24.0,1.0,Rabbit
46.0,ambush,81.0,99.0,11.0,18.0,0.0,Rabbit
46.0,ambush,85.0,98.0,2.0,24.0,1.0,Rabbit
46.0,ambush,81.0,99.0,11.0,18.0,0.0,Rabbit
46.0,ambush,85.0,95.0,8.0,21.0,1.0,Rabbit
46.0,ambush,85.0,95.0,8.0,21.0,1.0,Rabbit
46.0,ambush,81.0,99.0,11.0,18.0,0.0,Rabbit
46.0,ambush,81.0,99.0,9.0,18.0,1.0,Rabbit
46.0,ambush,81.0,99.0,11.0,18.0,1.0,Rabbit
46.0,ambush,81.0,99.0,11.0,18.0,1.0,Rabbit
46.0,ambush,85.0,98.0,2.0,24.0,0.0,Rabbit
46.0,ambush,85.0,98.0,8.0,16.0,0.0,Rabbit
46.0,ambush,87.0,96.0,5.0,21.0,1.0,Rabbit
46.0,ambush,87.0,96.0,5.0,21.0,1.0,Rabbit
46.0,ambush,85.0,95.0,8.0,21.0,0.0,Rabbit
46.0,ambush,83.0,99.0,7.0,18.0,1.0,Rabbit
46.0,ambush,81.0,99.0,11.0,18.0,1.0,Rabbit
46.0,ambush,87.0,96.0,5.0,21.0,1.0,Rabbit
46.0,ambush,87.0,95.0,6.0,21.0,1.0,Rabbit
46.0,ambush,87.0,95.0,6.0,21.0,0.0,Rabbit
46.0,ambush,85.0,95.0,8.0,21.0,1.0,Rabbit
46.0,ambush,85.0,98.0,2.0,24.0,1.0,Rabbit
46.0,ambush,85.0,95.0,8.0,21.0,1.0,Rabbit
46.0,ambush,85.0,98.0,2.0,24.0,0.0,Rabbit
46.0,ambush,87.0,88.0,13.0,17.0,0.0,Rabbit
46.0,ambush,85.0,95.0,8.0,21.0,0.0,Rabbit
46.0,ambush,81.0,99.0,11.0,18.0,1.0,Rabbit
46.0,ambush,85.0,98.0,2.0,24.0,0.0,Rabbit
46.0,ambush,81.0,99.0,11.0,18.0,1.0,Rabbit
46.0,ambush,81.0,99.0,11.0,18.0,1.0,Rabbit
46.0,ambush,85.0,98.0,6.0,21.0,1.0,Rabbit
46.0,ambush,81.0,99.0,11.0,18.0,0.0,Rabbit
46.0,ambush,87.0,99.0,5.0,19.0,1.0,Rabbit
46.0,ambush,87.0,99.0,5.0,19.0,0.0,Rabbit
46.0,ambush,85.0,98.0,2.0,24.0,1.0,Rabbit
46.0,ambush,79.0,97.0,11.0,23.0,1.0,Rabbit
46.0,ambush,85.0,98.0,6.0,21.0,0.0,Rabbit
46.0,ambush,87.0,99.0,5.0,19.0,1.0,Rabbit
46.0,ambush,87.0,88.0,13.0,15.0,0.0,Rabbit
46.0,ambush,79.0,97.0,11.0,23.0,1.0,Rabbit
46.0,ambush,79.0,97.0,11.0,23.0,1.0,Rabbit
46.0,ambush,79.0,97.0,11.0,23.0,1.0,Rabbit
46.0,ambush,79.0,97.0,11.0,23.0,0.0,Rabbit
46.0,ambush,85.0,98.0,6.0,21.0,1.0,Rabbit
46.0,ambush,79.0,97.0,11.0,23.0,1.0,Rabbit
46.0,ambush,79.0,97.0,11.0,23.0,0.0,Rabbit
46.0,ambush,87.0,95.0,6.0,21.0,0.0,Rabbit
46.0,ambush,87.0,99.0,5.0,19.0,1.0,Rabbit
46.0,ambush,85.0,98.0,6.0,21.0,0.0,Rabbit
46.0,ambush,87.0,99.0,5.0,19.0,1.0,Rabbit
46.0,ambush,85.0,98.0,6.0,21.0,0.0,Rabbit
46.0,ambush,79.0,97.0,11.0,23.0,1.0,Rabbit
46.0,ambush,87.0,99.0,5.0,19.0,0.0,Rabbit
46.0,ambush,79.0,97.0,11.0,23.0,0.0,Rabbit
46.0,ambush,85.0,95.0,9.0,21.0,0.0,Rabbit
46.0,ambush,79.0,97.0,11.0,23.0,0.0,Rabbit
46.0,ambush,85.0,98.0,6.0,21.0,0.0,Rabbit
46.0,ambush,85.0,98.0,6.0,21.0,0.0,Rabbit
46.0,ambush,79.0,97.0,11.0,23.0,1.0,Rabbit
46.0,ambush,85.0,96.0,8.0,21.0,1.0,Rabbit
46.0,ambush,79.0,97.0,11.0,23.0,0.0,Rabbit
46.0,ambush,79.0,97.0,11.0,23.0,0.0,Rabbit
46.0,ambush,85.0,96.0,8.0,21.0,1.0,Rabbit
46.0,ambush,81.0,99.0,11.0,18.0,0.0,Rabbit
46.0,ambush,79.0,97.0,11.0,23.0,0.0,Rabbit
46.0,ambush,79.0,97.0,11.0,23.0,1.0,Rabbit
46.0,ambush,88.0,99.0,8.0,15.0,0.0,Rabbit
46.0,ambush,79.0,97.0,11.0,23.0,1.0,Rabbit
46.0,ambush,79.0,97.0,11.0,23.0,1.0,Rabbit
46.0,ambush,79.0,97.0,11.0,23.0,0.0,Rabbit
46.0,ambush,87.0,99.0,5.0,19.0,0.0,Rabbit
46.0,ambush,87.0,98.0,5.0,20.0,0.0,Rabbit
46.0,ambush,85.0,98.0,6.0,21.0,1.0,Rabbit
46.0,ambush,85.0,98.0,6.0,21.0,1.0,Rabbit
46.0,ambush,79.0,97.0,11.0,23.0,1.0,Rabbit
46.0,ambush,87.0,99.0,5.0,19.0,0.0,Rabbit
46.0,ambush,87.0,97.0,6.0,21.0,1.0,Rabbit
46.0,ambush,79.0,97.0,11.0,23.0,1.0,Rabbit
46.0,ambush,79.0,97.0,11.0,23.0,0.0,Rabbit
46.0,ambush,87.0,95.0,8.0,21.0,0.0,Rabbit
46.0,ambush,87.0,95.0,8.0,21.0,1.0,Rabbit
46.0,ambush,79.0,97.0,11.0,23.0,0.0,Rabbit
46.0,ambush,87.0,99.0,5.0,19.0,0.0,Rabbit
46.0,ambush,79.0,97.0,11.0,23.0,0.0,Rabbit
47.0,ambush,87.0,88.0,13.0,17.0,1.0,Rabbit
47.0,ambush,76.0,100.0,11.0,18.0,1.0,Rabbit
47.0,ambush,87.0,88.0,13.0,17.0,0.0,Rabbit
47.0,ambush,85.0,100.0,6.0,14.0,1.0,Rabbit
47.0,ambush,87.0,88.0,13.0,17.0,1.0,Rabbit
47.0,ambush,87.0,88.0,13.0,17.0,0.0,Rabbit
47.0,ambush,87.0,88.0,13.0,17.0,0.0,Rabbit
47.0,ambush,87.0,88.0,13.0,15.0,0.0,Rabbit
47.0,ambush,87.0,88.0,13.0,17.0,1.0,Rabbit
47.0,ambush,85.0,100.0,6.0,14.0,0.0,Rabbit
47.0,ambush,87.0,88.0,13.0,17.0,0.0,Rabbit
47.0,ambush,85.0,100.0,6.0,14.0,1.0,Rabbit
47.0,ambush,87.0,88.0,13.0,17.0,1.0,Rabbit
47.0,ambush,85.0,100.0,6.0,14.0,0.0,Rabbit
47.0,ambush,76.0,100.0,11.0,18.0,1.0,Rabbit
47.0,ambush,87.0,88.0,13.0,17.0,0.0,Rabbit
47.0,ambush,76.0,100.0,11.0,18.0,1.0,Rabbit
47.0,ambush,87.0,88.0,13.0,17.0,0.0,Rabbit
47.0,ambush,87.0,88.0,13.0,17.0,1.0,Rabbit
47.0,ambush,87.0,88.0,13.0,17.0,0.0,Rabbit
47.0,ambush,76.0,100.0,11.0,18.0,1.0,Rabbit
47.0,ambush,76.0,100.0,11.0,18.0,0.0,Rabbit
47.0,ambush,87.0,88.0,13.0,17.0,1.0,Rabbit
47.0,ambush,87.0,88.0,13.0,17.0,1.0,Rabbit
47.0,ambush,76.0,100.0,11.0,18.0,1.0,Rabbit
47.0,ambush,76.0,100.0,11.0,18.0,1.0,Rabbit
47.0,ambush,87.0,88.0,13.0,17.0,1.0,Rabbit
47.0,ambush,87.0,88.0,13.0,17.0,0.0,Rabbit
47.0,ambush,85.0,100.0,6.0,14.0,1.0,Rabbit
47.0,ambush,87.0,88.0,13.0,17.0,1.0,Rabbit
47.0,ambush,83.0,97.0,6.0,19.0,1.0,Rabbit
47.0,ambush,85.0,100.0,6.0,14.0,0.0,Rabbit
47.0,ambush,87.0,88.0,13.0,17.0,0.0,Rabbit
47.0,ambush,75.0,100.0,6.0,18.0,0.0,Rabbit
47.0,ambush,87.0,88.0,13.0,17.0,0.0,Rabbit
47.0,ambush,85.0,100.0,6.0,14.0,1.0,Rabbit
47.0,ambush,76.0,100.0,11.0,18.0,1.0,Rabbit
47.0,ambush,76.0,100.0,11.0,18.0,1.0,Rabbit
47.0,ambush,83.0,99.0,7.0,18.0,1.0,Rabbit
47.0,ambush,80.0,99.0,7.0,18.0,1.0,Rabbit
47.0,ambush,76.0,100.0,11.0,18.0,0.0,Rabbit
47.0,ambush,85.0,100.0,9.0,12.0,0.0,Rabbit
47.0,ambush,85.0,100.0,6.0,14.0,1.0,Rabbit
47.0,ambush,83.0,99.0,7.0,18.0,1.0,Rabbit
47.0,ambush,85.0,97.0,6.0,19.0,1.0,Rabbit
47.0,ambush,85.0,97.0,6.0,19.0,0.0,Rabbit
47.0,ambush,85.0,97.0,6.0,19.0,0.0,Rabbit
47.0,ambush,85.0,97.0,6.0,19.0,1.0,Rabbit
47.0,ambush,85.0,98.0,8.0,16.0,0.0,Rabbit
47.0,ambush,81.0,99.0,9.0,18.0,1.0,Rabbit
47.0,ambush,85.0,97.0,6.0,19.0,0.0,Rabbit
47.0,ambush,85.0,97.0,6.0,19.0,0.0,Rabbit
47.0,ambush,81.0,99.0,9.0,18.0,1.0,Rabbit
47.0,ambush,81.0,99.0,11.0,18.0,1.0,Rabbit
47.0,ambush,81.0,99.0,11.0,18.0,1.0,Rabbit
47.0,ambush,87.0,95.0,6.0,21.0,1.0,Rabbit
47.0,ambush,81.0,99.0,11.0,18.0,0.0,Rabbit
47.0,ambush,85.0,98.0,2.0,24.0,1.0,Rabbit
47.0,ambush,81.0,99.0,11.0,18.0,0.0,Rabbit
47.0,ambush,85.0,98.0,2.0,24.0,1.0,Rabbit
47.0,ambush,87.0,96.0,5.0,21.0,0.0,Rabbit
47.0,ambush,81.0,99.0,11.0,18.0,1.0,Rabbit
47.0,ambush,87.0,96.0,5.0,21.0,0.0,Rabbit
47.0,ambush,81.0,99.0,11.0,18.0,0.0,Rabbit
47.0,ambush,85.0,100.0,6.0,14.0,0.0,Rabbit
47.0,ambush,81.0,99.0,11.0,18.0,0.0,Rabbit
47.0,ambush,85.0,98.0,2.0,24.0,0.0,Rabbit
47.0,ambush,81.0,99.0,11.0,18.0,1.0,Rabbit
47.0,ambush,81.0,99.0,11.0,18.0,1.0,Rabbit
47.0,ambush,85.0,98.0,2.0,24.0,1.0,Rabbit
47.0,ambush,85.0,98.0,2.0,24.0,0.0,Rabbit
47.0,ambush,85.0,98.0,2.0,24.0,1.0,Rabbit
47.0,ambush,81.0,99.0,9.0,18.0,0.0,Rabbit
47.0,ambush,81.0,99.0,11.0,18.0,1.0,Rabbit
47.0,ambush,85.0,98.0,2.0,24.0,1.0,Rabbit
47.0,ambush,85.0,100.0,6.0,14.0,0.0,Rabbit
47.0,ambush,85.0,98.0,2.0,24.0,1.0,Rabbit
47.0,ambush,85.0,98.0,2.0,24.0,1.0,Rabbit
47.0,ambush,85.0,95.0,8.0,21.0,1.0,Rabbit
47.0,ambush,81.0,99.0,11.0,18.0,1.0,Rabbit
47.0,ambush,87.0,96.0,5.0,21.0,0.0,Rabbit
47.0,ambush,85.0,95.0,8.0,21.0,1.0,Rabbit
47.0,ambush,87.0,96.0,5.0,21.0,1.0,Rabbit
47.0,ambush,85.0,95.0,8.0,21.0,1.0,Rabbit
47.0,ambush,87.0,96.0,5.0,21.0,1.0,Rabbit
47.0,ambush,85.0,100.0,6.0,19.0,0.0,Rabbit
47.0,ambush,85.0,95.0,8.0,21.0,1.0,Rabbit
47.0,ambush,81.0,99.0,11.0,18.0,1.0,Rabbit
47.0,ambush,81.0,99.0,11.0,18.0,0.0,Rabbit
47.0,ambush,81.0,99.0,11.0,18.0,0.0,Rabbit
47.0,ambush,85.0,95.0,8.0,21.0,0.0,Rabbit
47.0,ambush,79.0,97.0,11.0,23.0,1.0,Rabbit
47.0,ambush,85.0,95.0,8.0,21.0,0.0,Rabbit
47.0,ambush,85.0,95.0,8.0,21.0,0.0,Rabbit
47.0,ambush,87.0,99.0,5.0,19.0,1.0,Rabbit
47.0,ambush,85.0,98.0,2.0,24.0,1.0,Rabbit
47.0,ambush,87.0,99.0,5.0,19.0,0.0,Rabbit
47.0,ambush,79.0,97.0,11.0,23.0,0.0,Rabbit
47.0,ambush,79.0,97.0,11.0,23.0,0.0,Rabbit
47.0,ambush,85.0,95.0,8.0,21.0,1.0,Rabbit
47.0,ambush,85.0,95.0,8.0,23.0,1.0,Rabbit
47.0,ambush,79.0,97.0,11.0,23.0,1.0,Rabbit
47.0,ambush,79.0,97.0,11.0,23.0,1.0,Rabbit
47.0,ambush,79.0,97.0,11.0,23.0,1.0,Rabbit
47.0,ambush,87.0,99.0,5.0,19.0,1.0,Rabbit
47.0,ambush,79.0,97.0,11.0,23.0,1.0,Rabbit
47.0,ambush,87.0,99.0,5.0,19.0,1.0,Rabbit
47.0,ambush,85.0,96.0,8.0,21.0,1.0,Rabbit
47.0,ambush,79.0,97.0,11.0,23.0,1.0,Rabbit
47.0,ambush,79.0,97.0,11.0,23.0,0.0,Rabbit
47.0,ambush,87.0,99.0,5.0,19.0,1.0,Rabbit
47.0,ambush,79.0,97.0,11.0,23.0,1.0,Rabbit
47.0,ambush,79.0,97.0,11.0,23.0,0.0,Rabbit
47.0,ambush,85.0,98.0,6.0,21.0,1.0,Rabbit
47.0,ambush,80.0,98.0,4.0,21.0,1.0,Rabbit
47.0,ambush,87.0,99.0,5.0,19.0,1.0,Rabbit
47.0,ambush,79.0,97.0,11.0,23.0,0.0,Rabbit
47.0,ambush,79.0,97.0,11.0,23.0,0.0,Rabbit
47.0,ambush,87.0,99.0,5.0,19.0,1.0,Rabbit
47.0,ambush,79.0,97.0,11.0,23.0,1.0,Rabbit
47.0,ambush,85.0,98.0,6.0,21.0,0.0,Rabbit
47.0,ambush,79.0,97.0,11.0,23.0,1.0,Rabbit
47.0,ambush,85.0,98.0,6.0,21.0,0.0,Rabbit
47.0,ambush,85.0,98.0,6.0,21.0,0.0,Rabbit
47.0,ambush,79.0,97.0,11.0,23.0,0.0,Rabbit
47.0,ambush,79.0,97.0,11.0,23.0,1.0,Rabbit
47.0,ambush,79.0,97.0,10.0,22.0,0.0,Rabbit
47.0,ambush,79.0,97.0,11.0,23.0,0.0,Rabbit
47.0,ambush,85.0,98.0,6.0,21.0,1.0,Rabbit
47.0,ambush,79.0,97.0,11.0,23.0,1.0,Rabbit
47.0,ambush,85.0,98.0,6.0,21.0,1.0,Rabbit
47.0,ambush,79.0,97.0,11.0,23.0,0.0,Rabbit
47.0,ambush,87.0,99.0,5.0,19.0,0.0,Rabbit
47.0,ambush,79.0,97.0,11.0,23.0,0.0,Rabbit
47.0,ambush,87.0,97.0,6.0,21.0,1.0,Rabbit
47.0,ambush,85.0,98.0,6.0,21.0,1.0,Rabbit
47.0,ambush,87.0,95.0,8.0,21.0,1.0,Rabbit
47.0,ambush,81.0,99.0,11.0,18.0,0.0,Rabbit
47.0,ambush,85.0,96.0,8.0,21.0,0.0,Rabbit
47.0,ambush,79.0,97.0,11.0,23.0,0.0,Rabbit
48.0,ambush,80.0,99.0,7.0,18.0,1.0,Rabbit
48.0,ambush,76.0,100.0,11.0,18.0,1.0,Rabbit
48.0,ambush,87.0,88.0,13.0,17.0,1.0,Rabbit
48.0,ambush,87.0,88.0,13.0,17.0,1.0,Rabbit
48.0,ambush,80.0,98.0,4.0,21.0,0.0,Rabbit
48.0,ambush,76.0,100.0,12.0,23.0,1.0,Rabbit
48.0,ambush,76.0,100.0,11.0,18.0,1.0,Rabbit
48.0,ambush,76.0,100.0,11.0,18.0,1.0,Rabbit
48.0,ambush,80.0,99.0,7.0,18.0,1.0,Rabbit
48.0,ambush,87.0,88.0,13.0,17.0,1.0,Rabbit
48.0,ambush,76.0,100.0,11.0,18.0,1.0,Rabbit
48.0,ambush,87.0,88.0,13.0,17.0,1.0,Rabbit
48.0,ambush,87.0,88.0,13.0,17.0,1.0,Rabbit
48.0,ambush,85.0,100.0,6.0,14.0,1.0,Rabbit
48.0,ambush,87.0,88.0,13.0,17.0,0.0,Rabbit
48.0,ambush,85.0,100.0,6.0,14.0,0.0,Rabbit
48.0,ambush,84.0,88.0,13.0,19.0,1.0,Rabbit
48.0,ambush,76.0,100.0,11.0,18.0,0.0,Rabbit
48.0,ambush,85.0,100.0,6.0,14.0,0.0,Rabbit
48.0,ambush,76.0,100.0,11.0,18.0,1.0,Rabbit
48.0,ambush,76.0,100.0,11.0,18.0,1.0,Rabbit
48.0,ambush,76.0,100.0,11.0,18.0,1.0,Rabbit
48.0,ambush,85.0,100.0,6.0,14.0,0.0,Rabbit
48.0,ambush,87.0,88.0,13.0,17.0,0.0,Rabbit
48.0,ambush,85.0,100.0,6.0,14.0,1.0,Rabbit
48.0,ambush,85.0,100.0,6.0,14.0,0.0,Rabbit
48.0,ambush,76.0,100.0,11.0,18.0,1.0,Rabbit
48.0,ambush,87.0,88.0,13.0,17.0,1.0,Rabbit
48.0,ambush,85.0,100.0,6.0,14.0,0.0,Rabbit
48.0,ambush,87.0,88.0,13.0,17.0,1.0,Rabbit
48.0,ambush,76.0,100.0,11.0,18.0,0.0,Rabbit
48.0,ambush,87.0,88.0,13.0,17.0,1.0,Rabbit
48.0,ambush,76.0,100.0,11.0,18.0,0.0,Rabbit
48.0,ambush,87.0,88.0,13.0,17.0,0.0,Rabbit
48.0,ambush,87.0,88.0,13.0,17.0,1.0,Rabbit
48.0,ambush,76.0,100.0,11.0,18.0,1.0,Rabbit
48.0,ambush,76.0,97.0,11.0,18.0,1.0,Rabbit
48.0,ambush,76.0,100.0,11.0,18.0,1.0,Rabbit
48.0,ambush,87.0,88.0,13.0,17.0,0.0,Rabbit
48.0,ambush,85.0,100.0,6.0,14.0,0.0,Rabbit
48.0,ambush,87.0,88.0,13.0,17.0,0.0,Rabbit
48.0,ambush,76.0,100.0,11.0,18.0,1.0,Rabbit
48.0,ambush,81.0,99.0,9.0,18.0,1.0,Rabbit
48.0,ambush,81.0,99.0,9.0,18.0,1.0,Rabbit
48.0,ambush,87.0,88.0,13.0,17.0,0.0,Rabbit
48.0,ambush,81.0,99.0,9.0,18.0,1.0,Rabbit
48.0,ambush,81.0,99.0,9.0,18.0,1.0,Rabbit
48.0,ambush,83.0,99.0,7.0,18.0,1.0,Rabbit
48.0,ambush,81.0,99.0,9.0,18.0,1.0,Rabbit
48.0,ambush,83.0,97.0,6.0,19.0,0.0,Rabbit
48.0,ambush,85.0,97.0,6.0,19.0,1.0,Rabbit
48.0,ambush,87.0,88.0,13.0,17.0,1.0,Rabbit
48.0,ambush,85.0,97.0,6.0,19.0,1.0,Rabbit
48.0,ambush,85.0,95.0,8.0,21.0,1.0,Rabbit
48.0,ambush,85.0,95.0,8.0,21.0,1.0,Rabbit
48.0,ambush,81.0,99.0,9.0,18.0,0.0,Rabbit
48.0,ambush,85.0,100.0,6.0,14.0,0.0,Rabbit
48.0,ambush,85.0,95.0,8.0,21.0,1.0,Rabbit
48.0,ambush,85.0,95.0,8.0,21.0,1.0,Rabbit
48.0,ambush,85.0,95.0,8.0,21.0,0.0,Rabbit
48.0,ambush,85.0,98.0,2.0,24.0,1.0,Rabbit
48.0,ambush,81.0,99.0,11.0,18.0,0.0,Rabbit
48.0,ambush,85.0,98.0,2.0,24.0,1.0,Rabbit
48.0,ambush,85.0,98.0,2.0,24.0,0.0,Rabbit
48.0,ambush,85.0,98.0,2.0,24.0,0.0,Rabbit
48.0,ambush,87.0,96.0,5.0,21.0,1.0,Rabbit
48.0,ambush,87.0,96.0,5.0,21.0,1.0,Rabbit
48.0,ambush,87.0,96.0,5.0,21.0,1.0,Rabbit
48.0,ambush,81.0,99.0,11.0,18.0,1.0,Rabbit
48.0,ambush,81.0,99.0,11.0,18.0,1.0,Rabbit
48.0,ambush,81.0,99.0,11.0,18.0,1.0,Rabbit
48.0,ambush,81.0,99.0,11.0,18.0,1.0,Rabbit
48.0,ambush,80.0,98.0,4.0,21.0,0.0,Rabbit
48.0,ambush,81.0,99.0,11.0,18.0,1.0,Rabbit
48.0,ambush,81.0,95.0,11.0,19.0,1.0,Rabbit
48.0,ambush,81.0,99.0,11.0,18.0,1.0,Rabbit
48.0,ambush,81.0,99.0,11.0,18.0,1.0,Rabbit
48.0,ambush,81.0,99.0,11.0,18.0,1.0,Rabbit
48.0,ambush,81.0,99.0,11.0,18.0,0.0,Rabbit
48.0,ambush,85.0,97.0,6.0,19.0,1.0,Rabbit
48.0,ambush,85.0,95.0,8.0,21.0,1.0,Rabbit
48.0,ambush,83.0,99.0,7.0,18.0,0.0,Rabbit
48.0,ambush,85.0,95.0,8.0,21.0,0.0,Rabbit
48.0,ambush,81.0,99.0,11.0,18.0,0.0,Rabbit
48.0,ambush,81.0,99.0,11.0,18.0,0.0,Rabbit
48.0,ambush,81.0,99.0,11.0,18.0,1.0,Rabbit
48.0,ambush,81.0,99.0,11.0,18.0,1.0,Rabbit
48.0,ambush,81.0,99.0,11.0,18.0,0.0,Rabbit
48.0,ambush,85.0,95.0,8.0,21.0,1.0,Rabbit
48.0,ambush,81.0,99.0,11.0,18.0,1.0,Rabbit
48.0,ambush,81.0,99.0,11.0,18.0,1.0,Rabbit
48.0,ambush,85.0,95.0,8.0,21.0,1.0,Rabbit
48.0,ambush,85.0,95.0,8.0,21.0,0.0,Rabbit
48.0,ambush,85.0,95.0,8.0,21.0,0.0,Rabbit
48.0,ambush,85.0,95.0,8.0,21.0,0.0,Rabbit
48.0,ambush,85.0,95.0,8.0,21.0,1.0,Rabbit
48.0,ambush,85.0,97.0,6.0,19.0,0.0,Rabbit
48.0,ambush,87.0,97.0,5.0,21.0,1.0,Rabbit
48.0,ambush,85.0,98.0,2.0,24.0,0.0,Rabbit
48.0,ambush,87.0,96.0,5.0,21.0,1.0,Rabbit
48.0,ambush,85.0,98.0,2.0,24.0,1.0,Rabbit
48.0,ambush,85.0,98.0,2.0,24.0,0.0,Rabbit
48.0,ambush,85.0,98.0,2.0,24.0,1.0,Rabbit
48.0,ambush,87.0,96.0,5.0,21.0,0.0,Rabbit
48.0,ambush,85.0,98.0,2.0,24.0,1.0,Rabbit
48.0,ambush,85.0,98.0,2.0,24.0,0.0,Rabbit
48.0,ambush,85.0,98.0,2.0,24.0,1.0,Rabbit
48.0,ambush,87.0,95.0,6.0,21.0,1.0,Rabbit
48.0,ambush,87.0,95.0,6.0,21.0,0.0,Rabbit
48.0,ambush,85.0,98.0,2.0,24.0,0.0,Rabbit
49.0,ambush,80.0,99.0,7.0,18.0,1.0,Rabbit
49.0,ambush,76.0,97.0,11.0,18.0,1.0,Rabbit
49.0,ambush,80.0,99.0,7.0,18.0,1.0,Rabbit
49.0,ambush,84.0,88.0,13.0,19.0,1.0,Rabbit
49.0,ambush,87.0,88.0,13.0,17.0,1.0,Rabbit
49.0,ambush,80.0,99.0,7.0,18.0,1.0,Rabbit
49.0,ambush,87.0,88.0,13.0,17.0,1.0,Rabbit
49.0,ambush,80.0,99.0,7.0,18.0,0.0,Rabbit
49.0,ambush,87.0,88.0,13.0,17.0,1.0,Rabbit
49.0,ambush,76.0,100.0,11.0,18.0,1.0,Rabbit
49.0,ambush,76.0,97.0,11.0,18.0,0.0,Rabbit
49.0,ambush,87.0,88.0,13.0,17.0,1.0,Rabbit
49.0,ambush,76.0,100.0,11.0,18.0,1.0,Rabbit
49.0,ambush,84.0,88.0,13.0,19.0,0.0,Rabbit
49.0,ambush,87.0,88.0,13.0,17.0,1.0,Rabbit
49.0,ambush,76.0,100.0,11.0,18.0,0.0,Rabbit
49.0,ambush,76.0,100.0,11.0,18.0,1.0,Rabbit
49.0,ambush,87.0,88.0,13.0,17.0,1.0,Rabbit
49.0,ambush,87.0,88.0,13.0,17.0,1.0,Rabbit
49.0,ambush,76.0,100.0,11.0,18.0,1.0,Rabbit
49.0,ambush,90.0,88.0,13.0,17.0,0.0,Rabbit
49.0,ambush,87.0,88.0,13.0,17.0,1.0,Rabbit
49.0,ambush,76.0,100.0,11.0,18.0,0.0,Rabbit
49.0,ambush,76.0,100.0,11.0,18.0,0.0,Rabbit
49.0,ambush,85.0,100.0,6.0,14.0,1.0,Rabbit
49.0,ambush,76.0,100.0,11.0,18.0,0.0,Rabbit
49.0,ambush,87.0,88.0,13.0,17.0,1.0,Rabbit
49.0,ambush,87.0,88.0,13.0,17.0,1.0,Rabbit
49.0,ambush,76.0,100.0,11.0,18.0,1.0,Rabbit
49.0,ambush,87.0,88.0,13.0,21.0,0.0,Rabbit
49.0,ambush,87.0,88.0,13.0,17.0,0.0,Rabbit
49.0,ambush,76.0,100.0,11.0,18.0,1.0,Rabbit
49.0,ambush,76.0,100.0,11.0,18.0,1.0,Rabbit
49.0,ambush,76.0,100.0,11.0,14.0,1.0,Rabbit
49.0,ambush,87.0,88.0,13.0,17.0,0.0,Rabbit
49.0,ambush,76.0,100.0,11.0,18.0,0.0,Rabbit
49.0,ambush,76.0,100.0,11.0,18.0,0.0,Rabbit
49.0,ambush,76.0,100.0,11.0,18.0,0.0,Rabbit
49.0,ambush,85.0,100.0,6.0,14.0,0.0,Rabbit
49.0,ambush,76.0,100.0,11.0,18.0,1.0,Rabbit
49.0,ambush,76.0,100.0,11.0,18.0,0.0,Rabbit
49.0,ambush,76.0,100.0,11.0,18.0,1.0,Rabbit
49.0,ambush,76.0,100.0,11.0,18.0,0.0,Rabbit
49.0,ambush,76.0,100.0,11.0,18.0,1.0,Rabbit
49.0,ambush,76.0,100.0,11.0,18.0,1.0,Rabbit
49.0,ambush,81.0,95.0,11.0,19.0,1.0,Rabbit
49.0,ambush,81.0,95.0,11.0,19.0,1.0,Rabbit
49.0,ambush,77.0,100.0,12.0,13.0,0.0,Rabbit
49.0,ambush,81.0,99.0,9.0,18.0,1.0,Rabbit
49.0,ambush,81.0,95.0,11.0,19.0,0.0,Rabbit
49.0,ambush,76.0,100.0,11.0,18.0,0.0,Rabbit
49.0,ambush,81.0,99.0,9.0,18.0,0.0,Rabbit
49.0,ambush,85.0,97.0,6.0,19.0,1.0,Rabbit
49.0,ambush,81.0,99.0,9.0,18.0,1.0,Rabbit
49.0,ambush,81.0,99.0,9.0,18.0,0.0,Rabbit
49.0,ambush,81.0,99.0,9.0,18.0,1.0,Rabbit
49.0,ambush,85.0,97.0,6.0,19.0,1.0,Rabbit
49.0,ambush,81.0,99.0,9.0,18.0,1.0,Rabbit
49.0,ambush,83.0,99.0,7.0,18.0,1.0,Rabbit
49.0,ambush,81.0,99.0,9.0,18.0,1.0,Rabbit
49.0,ambush,81.0,99.0,9.0,18.0,0.0,Rabbit
49.0,ambush,85.0,97.0,6.0,19.0,1.0,Rabbit
49.0,ambush,85.0,97.0,6.0,19.0,1.0,Rabbit
49.0,ambush,83.0,99.0,7.0,18.0,1.0,Rabbit
49.0,ambush,87.0,96.0,5.0,21.0,1.0,Rabbit
49.0,ambush,81.0,99.0,11.0,18.0,1.0,Rabbit
49.0,ambush,81.0,99.0,11.0,18.0,1.0,Rabbit
49.0,ambush,81.0,99.0,11.0,18.0,1.0,Rabbit
49.0,ambush,84.0,88.0,13.0,19.0,0.0,Rabbit
49.0,ambush,87.0,96.0,5.0,21.0,1.0,Rabbit
49.0,ambush,83.0,99.0,7.0,18.0,1.0,Rabbit
49.0,ambush,81.0,99.0,11.0,18.0,0.0,Rabbit
49.0,ambush,81.0,99.0,11.0,18.0,1.0,Rabbit
49.0,ambush,81.0,99.0,11.0,18.0,0.0,Rabbit
49.0,ambush,85.0,97.0,6.0,19.0,0.0,Rabbit
49.0,ambush,85.0,95.0,8.0,21.0,1.0,Rabbit
49.0,ambush,87.0,96.0,9.0,20.0,0.0,Rabbit
49.0,ambush,81.0,99.0,11.0,18.0,1.0,Rabbit
49.0,ambush,81.0,99.0,11.0,18.0,1.0,Rabbit
49.0,ambush,81.0,99.0,11.0,18.0,1.0,Rabbit
49.0,ambush,85.0,95.0,8.0,21.0,1.0,Rabbit
49.0,ambush,81.0,99.0,11.0,18.0,1.0,Rabbit
49.0,ambush,81.0,99.0,9.0,18.0,0.0,Rabbit
49.0,ambush,85.0,95.0,8.0,21.0,0.0,Rabbit
49.0,ambush,81.0,99.0,11.0,18.0,1.0,Rabbit
49.0,ambush,81.0,99.0,11.0,18.0,1.0,Rabbit
49.0,ambush,81.0,99.0,11.0,18.0,0.0,Rabbit
49.0,ambush,85.0,98.0,2.0,24.0,0.0,Rabbit
49.0,ambush,81.0,99.0,11.0,18.0,1.0,Rabbit
49.0,ambush,87.0,88.0,13.0,17.0,0.0,Rabbit
49.0,ambush,85.0,98.0,2.0,24.0,0.0,Rabbit
49.0,ambush,85.0,98.0,2.0,24.0,1.0,Rabbit
49.0,ambush,85.0,98.0,2.0,24.0,0.0,Rabbit
49.0,ambush,85.0,98.0,2.0,24.0,1.0,Rabbit
49.0,ambush,81.0,99.0,11.0,18.0,1.0,Rabbit
49.0,ambush,81.0,99.0,11.0,18.0,1.0,Rabbit
49.0,ambush,81.0,99.0,11.0,18.0,1.0,Rabbit
49.0,ambush,85.0,98.0,2.0,24.0,1.0,Rabbit
49.0,ambush,81.0,99.0,11.0,18.0,1.0,Rabbit
49.0,ambush,81.0,99.0,11.0,18.0,1.0,Rabbit
49.0,ambush,81.0,99.0,11.0,18.0,1.0,Rabbit
49.0,ambush,85.0,95.0,8.0,21.0,1.0,Rabbit
49.0,ambush,85.0,98.0,2.0,24.0,0.0,Rabbit
49.0,ambush,81.0,99.0,11.0,18.0,1.0,Rabbit
49.0,ambush,81.0,99.0,11.0,18.0,1.0,Rabbit
49.0,ambush,85.0,98.0,2.0,24.0,0.0,Rabbit
50.0,ambush,80.0,99.0,7.0,18.0,1.0,Rabbit
50.0,ambush,76.0,97.0,11.0,18.0,1.0,Rabbit
50.0,ambush,76.0,100.0,11.0,14.0,1.0,Rabbit
50.0,ambush,80.0,99.0,7.0,18.0,1.0,Rabbit
50.0,ambush,80.0,99.0,7.0,18.0,1.0,Rabbit
50.0,ambush,76.0,97.0,11.0,18.0,1.0,Rabbit
50.0,ambush,80.0,99.0,7.0,18.0,1.0,Rabbit
50.0,ambush,76.0,97.0,11.0,18.0,1.0,Rabbit
50.0,ambush,80.0,99.0,7.0,18.0,0.0,Rabbit
50.0,ambush,84.0,88.0,13.0,19.0,1.0,Rabbit
50.0,ambush,80.0,99.0,7.0,18.0,1.0,Rabbit
50.0,ambush,80.0,99.0,7.0,18.0,1.0,Rabbit
50.0,ambush,87.0,88.0,13.0,17.0,1.0,Rabbit
50.0,ambush,80.0,99.0,7.0,18.0,0.0,Rabbit
50.0,ambush,87.0,88.0,13.0,17.0,1.0,Rabbit
50.0,ambush,87.0,88.0,13.0,17.0,0.0,Rabbit
50.0,ambush,76.0,100.0,11.0,18.0,1.0,Rabbit
50.0,ambush,76.0,100.0,11.0,18.0,1.0,Rabbit
50.0,ambush,76.0,100.0,11.0,18.0,1.0,Rabbit
50.0,ambush,87.0,88.0,13.0,17.0,1.0,Rabbit
50.0,ambush,76.0,100.0,11.0,18.0,1.0,Rabbit
50.0,ambush,76.0,100.0,11.0,18.0,1.0,Rabbit
50.0,ambush,87.0,88.0,13.0,17.0,1.0,Rabbit
50.0,ambush,76.0,97.0,11.0,18.0,0.0,Rabbit
50.0,ambush,76.0,100.0,11.0,18.0,1.0,Rabbit
50.0,ambush,76.0,100.0,11.0,18.0,1.0,Rabbit
50.0,ambush,76.0,100.0,11.0,18.0,1.0,Rabbit
50.0,ambush,76.0,100.0,11.0,18.0,1.0,Rabbit
50.0,ambush,76.0,100.0,11.0,18.0,1.0,Rabbit
50.0,ambush,87.0,88.0,13.0,17.0,0.0,Rabbit
50.0,ambush,87.0,88.0,13.0,17.0,1.0,Rabbit
50.0,ambush,87.0,88.0,13.0,17.0,1.0,Rabbit
50.0,ambush,87.0,88.0,13.0,17.0,1.0,Rabbit
50.0,ambush,76.0,100.0,11.0,18.0,1.0,Rabbit
50.0,ambush,76.0,100.0,11.0,18.0,0.0,Rabbit
50.0,ambush,87.0,88.0,13.0,17.0,0.0,Rabbit
50.0,ambush,76.0,100.0,11.0,18.0,1.0,Rabbit
50.0,ambush,87.0,88.0,13.0,17.0,1.0,Rabbit
50.0,ambush,87.0,88.0,13.0,17.0,1.0,Rabbit
50.0,ambush,87.0,88.0,13.0,17.0,1.0,Rabbit
50.0,ambush,87.0,88.0,13.0,17.0,1.0,Rabbit
50.0,ambush,85.0,100.0,6.0,14.0,1.0,Rabbit
50.0,ambush,76.0,100.0,11.0,18.0,0.0,Rabbit
50.0,ambush,76.0,100.0,11.0,18.0,0.0,Rabbit
50.0,ambush,87.0,88.0,13.0,17.0,0.0,Rabbit
50.0,ambush,76.0,100.0,11.0,18.0,0.0,Rabbit
50.0,ambush,76.0,100.0,11.0,18.0,1.0,Rabbit
50.0,ambush,76.0,100.0,11.0,18.0,0.0,Rabbit
50.0,ambush,76.0,100.0,11.0,18.0,1.0,Rabbit
50.0,ambush,76.0,100.0,11.0,17.0,0.0,Rabbit
50.0,ambush,81.0,95.0,11.0,19.0,1.0,Rabbit
50.0,ambush,81.0,95.0,11.0,19.0,0.0,Rabbit
50.0,ambush,81.0,95.0,11.0,19.0,0.0,Rabbit
50.0,ambush,81.0,95.0,11.0,19.0,0.0,Rabbit
50.0,ambush,81.0,99.0,9.0,18.0,0.0,Rabbit
50.0,ambush,81.0,99.0,9.0,18.0,1.0,Rabbit
50.0,ambush,87.0,88.0,13.0,17.0,0.0,Rabbit
50.0,ambush,87.0,88.0,13.0,17.0,0.0,Rabbit
50.0,ambush,83.0,99.0,7.0,18.0,1.0,Rabbit
50.0,ambush,81.0,99.0,9.0,18.0,0.0,Rabbit
50.0,ambush,81.0,99.0,9.0,18.0,1.0,Rabbit
50.0,ambush,83.0,99.0,7.0,18.0,1.0,Rabbit
50.0,ambush,87.0,88.0,13.0,17.0,0.0,Rabbit
50.0,ambush,81.0,99.0,9.0,18.0,0.0,Rabbit
50.0,ambush,85.0,97.0,6.0,19.0,1.0,Rabbit
50.0,ambush,85.0,97.0,6.0,19.0,0.0,Rabbit
50.0,ambush,85.0,97.0,6.0,19.0,1.0,Rabbit
50.0,ambush,81.0,99.0,9.0,18.0,0.0,Rabbit
50.0,ambush,85.0,97.0,6.0,19.0,1.0,Rabbit
50.0,ambush,85.0,97.0,6.0,19.0,1.0,Rabbit
50.0,ambush,85.0,97.0,6.0,19.0,1.0,Rabbit
50.0,ambush,85.0,97.0,6.0,19.0,0.0,Rabbit
50.0,ambush,81.0,99.0,9.0,18.0,1.0,Rabbit
50.0,ambush,81.0,99.0,9.0,18.0,0.0,Rabbit
50.0,ambush,87.0,88.0,13.0,17.0,0.0,Rabbit
50.0,ambush,81.0,99.0,9.0,18.0,0.0,Rabbit
50.0,ambush,83.0,99.0,7.0,18.0,1.0,Rabbit
50.0,ambush,83.0,99.0,7.0,18.0,0.0,Rabbit
50.0,ambush,81.0,99.0,11.0,18.0,1.0,Rabbit
50.0,ambush,83.0,99.0,7.0,18.0,1.0,Rabbit
50.0,ambush,81.0,99.0,7.0,18.0,1.0,Rabbit
50.0,ambush,85.0,95.0,8.0,21.0,1.0,Rabbit
50.0,ambush,85.0,95.0,8.0,21.0,1.0,Rabbit
50.0,ambush,85.0,95.0,8.0,18.0,1.0,Rabbit
50.0,ambush,81.0,99.0,11.0,18.0,0.0,Rabbit
50.0,ambush,81.0,95.0,11.0,19.0,0.0,Rabbit
50.0,ambush,85.0,98.0,2.0,24.0,1.0,Rabbit
50.0,ambush,85.0,98.0,2.0,24.0,1.0,Rabbit
50.0,ambush,81.0,99.0,11.0,18.0,0.0,Rabbit
50.0,ambush,81.0,99.0,11.0,18.0,0.0,Rabbit
50.0,ambush,81.0,99.0,11.0,18.0,1.0,Rabbit
50.0,ambush,81.0,99.0,11.0,18.0,1.0,Rabbit
50.0,ambush,85.0,97.0,6.0,19.0,0.0,Rabbit
50.0,ambush,85.0,98.0,2.0,24.0,1.0,Rabbit
50.0,ambush,85.0,98.0,2.0,24.0,1.0,Rabbit
50.0,ambush,81.0,99.0,11.0,18.0,0.0,Rabbit
50.0,ambush,85.0,98.0,2.0,24.0,0.0,Rabbit
50.0,ambush,81.0,99.0,13.0,18.0,1.0,Rabbit
50.0,ambush,81.0,99.0,11.0,18.0,0.0,Rabbit
50.0,ambush,81.0,99.0,11.0,18.0,1.0,Rabbit
50.0,ambush,85.0,95.0,8.0,21.0,0.0,Rabbit
50.0,ambush,81.0,99.0,11.0,18.0,1.0,Rabbit
50.0,ambush,81.0,99.0,11.0,18.0,1.0,Rabbit
50.0,ambush,85.0,98.0,2.0,24.0,1.0,Rabbit
50.0,ambush,81.0,99.0,11.0,18.0,1.0,Rabbit
50.0,ambush,85.0,98.0,2.0,24.0,1.0,Rabbit
50.0,ambush,81.0,99.0,11.0,18.0,1.0,Rabbit
50.0,ambush,76.0,100.0,11.0,18.0,0.0,Rabbit
50.0,ambush,81.0,99.0,9.0,18.0,0.0,Rabbit
50.0,ambush,85.0,98.0,2.0,24.0,0.0,Rabbit
50.0,ambush,81.0,99.0,14.0,18.0,0.0,Rabbit
50.0,ambush,81.0,99.0,11.0,18.0,0.0,Rabbit
